playerId,season,name,team,position,situation,games_played,icetime,shifts,gameScore,onIce_xGoalsPercentage,offIce_xGoalsPercentage,onIce_corsiPercentage,offIce_corsiPercentage,onIce_fenwickPercentage,offIce_fenwickPercentage,iceTimeRank,I_F_xOnGoal,I_F_xGoals,I_F_xRebounds,I_F_xFreeze,I_F_xPlayStopped,I_F_xPlayContinuedInZone,I_F_xPlayContinuedOutsideZone,I_F_flurryAdjustedxGoals,I_F_scoreVenueAdjustedxGoals,I_F_flurryScoreVenueAdjustedxGoals,I_F_primaryAssists,I_F_secondaryAssists,I_F_shotsOnGoal,I_F_missedShots,I_F_blockedShotAttempts,I_F_shotAttempts,I_F_points,I_F_goals,I_F_rebounds,I_F_reboundGoals,I_F_freeze,I_F_playStopped,I_F_playContinuedInZone,I_F_playContinuedOutsideZone,I_F_savedShotsOnGoal,I_F_savedUnblockedShotAttempts,penalties,I_F_penalityMinutes,I_F_faceOffsWon,I_F_hits,I_F_takeaways,I_F_giveaways,I_F_lowDangerShots,I_F_mediumDangerShots,I_F_highDangerShots,I_F_lowDangerxGoals,I_F_mediumDangerxGoals,I_F_highDangerxGoals,I_F_lowDangerGoals,I_F_mediumDangerGoals,I_F_highDangerGoals,I_F_scoreAdjustedShotsAttempts,I_F_unblockedShotAttempts,I_F_scoreAdjustedUnblockedShotAttempts,I_F_dZoneGiveaways,I_F_xGoalsFromxReboundsOfShots,I_F_xGoalsFromActualReboundsOfShots,I_F_reboundxGoals,I_F_xGoals_with_earned_rebounds,I_F_xGoals_with_earned_rebounds_scoreAdjusted,I_F_xGoals_with_earned_rebounds_scoreFlurryAdjusted,I_F_shifts,I_F_oZoneShiftStarts,I_F_dZoneShiftStarts,I_F_neutralZoneShiftStarts,I_F_flyShiftStarts,I_F_oZoneShiftEnds,I_F_dZoneShiftEnds,I_F_neutralZoneShiftEnds,I_F_flyShiftEnds,faceoffsWon,faceoffsLost,timeOnBench,penalityMinutes,penalityMinutesDrawn,penaltiesDrawn,shotsBlockedByPlayer,OnIce_F_xOnGoal,OnIce_F_xGoals,OnIce_F_flurryAdjustedxGoals,OnIce_F_scoreVenueAdjustedxGoals,OnIce_F_flurryScoreVenueAdjustedxGoals,OnIce_F_shotsOnGoal,OnIce_F_missedShots,OnIce_F_blockedShotAttempts,OnIce_F_shotAttempts,OnIce_F_goals,OnIce_F_rebounds,OnIce_F_reboundGoals,OnIce_F_lowDangerShots,OnIce_F_mediumDangerShots,OnIce_F_highDangerShots,OnIce_F_lowDangerxGoals,OnIce_F_mediumDangerxGoals,OnIce_F_highDangerxGoals,OnIce_F_lowDangerGoals,OnIce_F_mediumDangerGoals,OnIce_F_highDangerGoals,OnIce_F_scoreAdjustedShotsAttempts,OnIce_F_unblockedShotAttempts,OnIce_F_scoreAdjustedUnblockedShotAttempts,OnIce_F_xGoalsFromxReboundsOfShots,OnIce_F_xGoalsFromActualReboundsOfShots,OnIce_F_reboundxGoals,OnIce_F_xGoals_with_earned_rebounds,OnIce_F_xGoals_with_earned_rebounds_scoreAdjusted,OnIce_F_xGoals_with_earned_rebounds_scoreFlurryAdjusted,OnIce_A_xOnGoal,OnIce_A_xGoals,OnIce_A_flurryAdjustedxGoals,OnIce_A_scoreVenueAdjustedxGoals,OnIce_A_flurryScoreVenueAdjustedxGoals,OnIce_A_shotsOnGoal,OnIce_A_missedShots,OnIce_A_blockedShotAttempts,OnIce_A_shotAttempts,OnIce_A_goals,OnIce_A_rebounds,OnIce_A_reboundGoals,OnIce_A_lowDangerShots,OnIce_A_mediumDangerShots,OnIce_A_highDangerShots,OnIce_A_lowDangerxGoals,OnIce_A_mediumDangerxGoals,OnIce_A_highDangerxGoals,OnIce_A_lowDangerGoals,OnIce_A_mediumDangerGoals,OnIce_A_highDangerGoals,OnIce_A_scoreAdjustedShotsAttempts,OnIce_A_unblockedShotAttempts,OnIce_A_scoreAdjustedUnblockedShotAttempts,OnIce_A_xGoalsFromxReboundsOfShots,OnIce_A_xGoalsFromActualReboundsOfShots,OnIce_A_reboundxGoals,OnIce_A_xGoals_with_earned_rebounds,OnIce_A_xGoals_with_earned_rebounds_scoreAdjusted,OnIce_A_xGoals_with_earned_rebounds_scoreFlurryAdjusted,OffIce_F_xGoals,OffIce_A_xGoals,OffIce_F_shotAttempts,OffIce_A_shotAttempts,xGoalsForAfterShifts,xGoalsAgainstAfterShifts,corsiForAfterShifts,corsiAgainstAfterShifts,fenwickForAfterShifts,fenwickAgainstAfterShifts
8478047,2024,Michael Bunting,NSH,L,all,76,70819,1474,43.7,0.55,0.46,0.58,0.48,0.58,0.47,442,177,25.19,13.12,39.4,6.19,91.25,61.85,22.85,25.01,22.68,12,7,155,82,76,313,38,19,24,4,37,0,69,88,136,218,26,58,5,70,13,58,137,69,31,4.1,8.95,12.13,3,8,8,311.22,237,235.42,11,3.04,5.09,8.28,19.95,19.85,19.21,1474,231,82,216,945,232,204,215,823,5,8,206470,58,50,25,19,720.83,73.36,68.43,73.39,68.47,625,358,408,1391,67,89,10,702,199,82,19.41,25.5,28.45,21,25,21,1386.61,983,980.93,11.77,19.02,19.02,66.1,66.23,63.74,522.98,58.97,56.18,59.82,56.92,506,220,287,1013,60,63,4,519,133,74,14.68,17.1,27.19,19,22,19,1025.13,726,735.86,7.1,11.43,11.43,54.65,55.28,54.07,161.54,187.75,3221,3522,0,0,0,0,0,0
8480950,2024,Ilya Lyubushkin,DAL,D,all,80,83457,1763,10.38,0.42,0.55,0.41,0.54,0.41,0.52,338,65.75,2.33,3.35,18.4,2.23,39.13,29.56,2.28,2.36,2.3,4,9,51,44,51,146,14,1,6,0,13,0,26,49,50,94,16,32,0,84,20,109,93,1,1,1.82,0.11,0.4,1,0,0,148.55,95,96.32,72,0.68,1.28,0.03,2.98,3.02,2.94,1763,114,361,305,983,210,226,199,1128,0,0,206701,32,16,8,136,581.15,58.71,56.75,58.71,56.78,530,267,300,1097,53,60,3,559,168,70,16.66,20.62,21.42,21,17,15,1105.49,797,801.99,7.65,11.67,12.14,54.21,54.45,53.39,835.97,80.07,75.84,79.91,75.68,761,380,437,1578,74,76,8,835,217,89,23.44,25.47,31.16,22,27,25,1567.42,1141,1134.2,12.99,17.39,17.39,75.67,75.39,73.31,203.99,166.76,3688,3128,0,0,0,0,0,0
8477369,2024,Carson Soucy,NYR,D,all,75,80618,1872,8.07,0.37,0.51,0.42,0.53,0.41,0.52,303,87.27,3.13,4.8,23.46,2.79,53.64,39.18,3.07,3.15,3.08,3,6,81,46,69,196,13,4,7,0,21,0,39,56,77,123,18,36,0,115,17,78,123,3,1,2.35,0.43,0.35,4,0,0,195.73,127,127.79,52,0.96,1.12,0.09,4,4.02,3.93,1872,126,273,240,1233,194,232,221,1225,0,0,192377,36,8,4,106,538.63,46.34,44.59,47.17,45.37,480,270,299,1049,42,52,8,584,115,51,14.99,14.73,16.61,20,12,10,1062.47,750,761.67,6.85,10.21,10.29,42.89,43.55,42.73,768.99,77.43,73.71,77.42,73.7,687,375,391,1453,77,79,12,781,197,84,20.93,25.13,31.37,25,24,28,1454.16,1062,1063.32,11.61,18.94,18.94,70.1,70.13,68.14,159.15,151.54,3199,2871,0,0,0,0,0,0
8481518,2024,Nolan Foote,NJD,L,all,7,4126,102,1.92,0.57,0.55,0.58,0.55,0.58,0.54,72,8.64,0.51,0.53,2.4,0.32,4.67,3.58,0.51,0.48,0.48,0,1,5,7,3,15,1,0,0,0,0,0,4,8,5,12,0,0,1,11,1,2,9,3,0,0.25,0.26,0,0,0,0,13.89,12,11.31,0,0.11,0,0,0.62,0.58,0.58,102,9,8,6,79,15,13,10,64,1,1,21464,0,0,0,1,36.49,2.71,2.55,2.58,2.42,33,17,18,68,3,5,2,41,5,4,1.05,0.49,1.17,2,0,1,63.59,50,47.29,0.45,1.12,1.12,2.05,1.94,1.89,25.26,2.08,2.06,2.1,2.09,23,13,14,50,3,0,0,27,8,1,0.9,0.97,0.21,2,1,0,51.58,36,36.64,0.33,0,0,2.41,2.44,2.42,20.9,17.22,383,309,0,0,0,0,0,0
8477964,2024,Ivan Barbashev,VGK,C,all,70,70553,1338,49.58,0.54,0.54,0.51,0.5,0.51,0.51,324,132.87,18.33,9.58,29.15,4.56,67.99,50.4,16.91,18.46,17.04,20,8,111,69,51,231,51,23,12,1,18,0,57,70,88,157,5,10,12,104,18,78,97,63,20,3.92,7.83,6.58,8,12,3,233.38,180,181.54,24,2.08,2.97,4,16.41,16.54,15.56,1338,207,136,208,787,220,187,215,716,12,21,184264,10,26,12,33,639.76,63.81,60.2,64.44,60.79,588,291,339,1218,74,68,9,630,177,72,19.72,21.72,22.37,28,28,18,1232.19,879,887.39,9.11,13.42,13.25,59.67,60.27,57.74,610.98,53.46,50.85,53.32,50.7,533,309,331,1173,43,58,6,638,142,62,17.48,17.89,18.09,22,13,8,1166.09,842,838.67,8.33,12.47,12.47,49.31,49.2,47.82,167.75,145.3,2965,2942,0,0,0,0,0,0
8481178,2024,Egor Zamula,PHI,D,all,63,62455,1396,15.28,0.53,0.51,0.5,0.48,0.52,0.49,309,38.87,1.52,2.07,11.29,1.35,23.73,17.04,1.51,1.52,1.5,5,7,37,20,56,113,15,3,2,0,12,0,12,28,34,54,3,6,0,24,15,52,55,1,1,1.05,0.11,0.36,3,0,0,111.22,57,56.82,35,0.43,0.03,0,1.95,1.94,1.93,1396,105,114,169,1008,171,168,184,873,0,0,168044,6,4,2,91,500.43,44.48,42.84,44.85,43.19,452,234,257,943,41,57,9,527,112,47,15.44,14.52,14.51,20,13,8,942.11,686,687.85,6.98,11.37,11.92,39.53,39.65,39.27,453.62,38.71,37.21,39.05,37.56,420,205,317,942,58,38,3,473,116,36,13.24,14.83,10.63,27,19,12,958.6,625,634.87,6.17,7.83,7.83,37.05,37.45,36.73,150.43,145.02,2573,2833,0,0,0,0,0,0
8484153,2024,Leo Carlsson,ANA,C,all,76,74056,1474,35.19,0.51,0.43,0.53,0.43,0.53,0.43,417,125.28,17.18,8.84,27.81,4.41,68.71,48.05,16.45,17.14,16.41,11,13,114,61,52,227,44,20,11,2,18,1,55,70,94,155,7,14,302,24,18,51,113,44,18,4.31,5.52,7.35,6,9,5,227.06,175,175.21,19,1.99,1.87,4.32,14.86,14.84,14.33,1474,287,153,218,816,195,261,193,825,302,428,203100,14,28,15,36,689.25,67.36,64.34,67.11,64.1,635,326,345,1306,64,71,7,720,171,70,22.33,21.05,23.98,29,21,14,1297.45,961,956.72,10.67,15.09,15.09,62.94,62.83,61.02,619.81,64.81,61.8,65.09,62.09,561,296,322,1179,47,51,6,632,145,80,19.18,18.26,27.37,21,11,15,1188.25,857,863.44,8.58,12.34,12.34,61.05,61.32,59.42,155.56,207.92,3070,3987,0,0,0,0,0,0
8479353,2024,Brett Howden,VGK,C,all,80,71342,1531,39.75,0.49,0.56,0.47,0.52,0.48,0.53,542,135.88,19.84,9.17,28.63,4.4,65.81,53.15,19.35,19.86,19.38,9,8,125,56,36,217,40,23,10,2,17,1,58,72,102,158,19,46,272,121,22,42,105,48,28,3.7,6.22,9.91,8,7,8,218.76,181,181.85,8,1.96,2.23,3.17,18.63,18.65,18.45,1531,181,211,228,911,228,193,230,880,272,244,219475,46,40,17,56,582.74,59.63,56.78,60.07,57.21,535,265,264,1064,63,58,10,590,137,73,16.39,17.03,26.22,26,15,22,1077.08,800,807.64,7.71,11.77,11.81,55.54,55.94,54.09,628.78,62.13,58.29,62.13,58.28,539,324,359,1222,61,70,12,642,153,68,18.82,18.67,24.64,26,13,22,1212.06,863,860.03,9.24,16.46,16.39,54.98,54.93,52.36,209.39,164.66,3772,3463,0,0,0,0,0,0
8474641,2024,Adam Henrique,EDM,C,all,81,71170,1583,23.44,0.46,0.57,0.44,0.57,0.45,0.56,493,108.04,12.78,7.79,24.77,3.54,55.17,42.95,11.84,12.78,11.85,5,10,104,43,34,181,27,12,17,1,18,0,45,55,92,135,8,16,562,58,19,57,93,40,14,3.53,5.03,4.22,6,4,2,181.78,147,147.85,19,1.71,3.32,3.39,11.11,11.15,10.93,1583,174,360,248,801,215,164,218,986,562,448,222601,16,8,4,85,520.67,51.82,48.51,51.95,48.66,508,204,296,1008,49,55,11,530,127,55,15.62,15.86,20.33,18,14,17,1012.59,712,715.45,7.57,11.94,11.86,47.52,47.7,45.93,631.87,60.52,57.79,60.83,58.07,583,287,427,1297,54,60,6,672,130,68,19.48,15.97,25.08,21,17,16,1293.5,870,871.93,9.47,13.71,13.71,56.28,56.45,54.8,220.82,165.56,4103,3142,0,0,0,0,0,0
8478904,2024,Steven Lorentz,TOR,C,all,80,50654,1265,17.46,0.42,0.5,0.42,0.48,0.44,0.49,817,84.18,8.42,5.25,19.9,2.89,41.35,34.18,7.99,8.44,8.01,5,6,76,36,28,140,19,8,5,0,11,0,40,48,68,104,3,9,12,199,12,25,78,21,13,2.02,2.63,3.77,4,2,2,139.59,112,111.47,14,1.11,1.06,2.5,7.02,7.02,6.87,1265,39,183,199,844,172,173,158,762,12,21,239421,9,17,7,55,327.53,26.82,25.89,26.99,26.06,294,157,167,618,27,33,0,344,77,30,8.45,9.84,8.54,15,7,5,620.66,451,451.76,4.21,5.72,5.91,25.11,25.19,24.74,408.84,36.59,34.85,36.61,34.86,372,199,279,850,31,36,4,442,90,39,12.28,11.27,13.03,13,9,9,838.12,571,566.52,5.92,7.84,7.84,34.66,34.61,33.73,228.27,224.21,3901,4223,0,0,0,0,0,0
8479772,2024,Zack MacEwen,OTT,R,all,21,9779,271,5.13,0.54,0.5,0.53,0.55,0.53,0.55,242,24.99,1.91,1.54,6.16,0.82,14.23,10.34,1.86,1.89,1.84,0,1,26,9,12,47,3,2,2,0,2,0,9,20,24,33,6,21,6,49,3,7,29,4,2,0.81,0.5,0.61,2,0,0,46.88,35,34.88,2,0.32,0.62,0.22,2.01,2,1.99,271,44,12,33,182,50,42,25,154,6,8,66143,21,21,6,7,85.24,6.91,6.51,6.89,6.49,85,31,58,174,5,5,0,93,12,11,2.44,1.45,3.02,3,0,2,173.67,116,115.26,1.05,1.36,1.36,6.6,6.58,6.34,76.06,5.83,5.77,5.75,5.69,72,32,49,153,5,4,0,80,20,4,2.11,2.79,0.93,4,1,0,152.19,104,103.88,0.96,0.58,0.58,6.21,6.18,6.13,54.33,53.99,1178,968,0,0,0,0,0,0
8484210,2024,Gabe Perreault,NYR,R,all,5,4331,96,-0.89,0.52,0.51,0.43,0.57,0.45,0.6,34,4.75,0.35,0.3,1.21,0.16,2.85,2.12,0.35,0.35,0.35,0,0,5,2,3,10,0,0,1,0,1,0,2,3,5,7,0,0,0,1,1,6,6,1,0,0.25,0.1,0,0,0,0,9.89,7,6.86,1,0.06,0.25,0,0.41,0.41,0.41,96,11,5,12,68,15,18,8,55,0,1,13693,0,2,1,1,28.65,3.16,2.74,3.08,2.66,28,12,15,55,0,1,0,29,6,5,0.78,0.7,1.69,0,0,0,53.74,40,38.76,0.41,0.25,0.25,3.31,3.25,2.81,34.42,2.88,2.83,2.9,2.85,33,16,23,72,1,4,0,34,13,2,0.81,1.62,0.45,1,0,0,73.62,49,49.81,0.5,0.63,0.63,2.75,2.75,2.72,12.99,12.27,249,185,0,0,0,0,0,0
8474715,2024,Cam Atkinson,TBL,R,all,39,21043,493,6.51,0.41,0.53,0.47,0.51,0.47,0.5,422,44.43,3.93,2.85,11.35,1.46,22.77,16.63,3.78,3.94,3.79,5,0,47,12,9,68,9,4,5,0,9,0,16,25,43,55,4,11,1,15,3,12,43,15,1,1.36,2.31,0.26,1,3,0,68.36,59,58.99,4,0.63,0.61,0.52,4.04,4.05,3.95,493,67,26,75,325,88,78,64,263,1,2,120697,11,11,4,10,160.74,12.74,12.4,12.87,12.53,156,63,85,304,16,10,2,170,42,7,4.72,5.85,2.17,5,8,3,309.18,219,221.13,2.2,1.59,1.72,13.23,13.34,13.08,182.69,18.59,17.85,18.37,17.63,170,80,92,342,18,27,1,176,50,24,4.7,6.85,7.04,6,7,5,335.82,250,246.94,2.57,5.61,5.61,15.55,15.4,15.18,112.01,99.31,2022,1976,0,0,0,0,0,0
8480068,2024,Ryan Poehling,PHI,C,all,68,56630,1319,24.93,0.45,0.54,0.42,0.51,0.45,0.52,533,78.82,9.86,6.03,16.17,2.56,39.62,30.76,9.13,10,9.26,11,8,72,33,37,142,31,12,9,1,7,0,37,40,60,93,8,16,375,26,11,43,61,34,10,2.05,4.52,3.28,2,9,1,141.7,105,105.48,14,1.34,2.39,1.79,9.4,9.45,9.17,1319,89,213,226,791,180,155,184,800,375,362,191512,16,14,7,79,413.29,39.13,36.76,39.15,36.78,378,185,198,761,44,44,6,420,105,38,11.95,13.46,13.73,16,18,10,756.12,563,561.27,5.96,8.19,8,37.09,36.92,35.56,490.52,48.38,46.32,48.71,46.65,424,254,358,1036,57,43,9,502,127,49,13.92,15.62,18.85,17,22,18,1052,678,686.18,7.5,10.56,10.96,44.93,45.32,44.39,169.37,146.46,3062,2979,0,0,0,0,0,0
8474013,2024,Ian Cole,UTA,D,all,82,99788,2212,28.2,0.45,0.56,0.45,0.55,0.46,0.55,257,82.51,5.22,4.41,24.23,2.97,47.39,34.79,4.6,5.23,4.61,8,8,66,53,70,189,17,1,4,0,12,0,46,56,65,118,35,77,0,106,25,118,108,7,4,2.23,0.84,2.15,1,0,0,191.31,119,120.38,84,0.9,0.94,0.39,5.72,5.74,5.18,2212,179,338,282,1413,281,293,304,1334,0,0,199865,77,21,9,211,814.18,79.22,75.86,79.33,75.97,701,405,413,1519,60,87,7,817,202,87,23.27,24.73,31.22,23,22,15,1528.4,1106,1113.4,10.11,15.58,15.35,73.97,74.1,72.52,945.47,95.89,90.7,95.54,90.37,874,406,574,1854,91,99,21,926,243,111,27.23,30.31,38.35,29,28,34,1846.42,1280,1275.44,14.89,22.13,22.13,88.66,88.48,85.28,193.47,154.37,3563,2898,0,0,0,0,0,0
8476624,2024,Barclay Goodrow,SJS,C,all,77,63680,1376,-4.93,0.31,0.46,0.38,0.48,0.38,0.48,607,80.44,8.9,5.53,17.73,2.73,41.41,33.7,8.49,8.89,8.48,2,1,73,37,31,141,8,5,11,0,10,0,34,50,68,105,26,75,108,150,26,54,72,28,10,2.34,3.53,3.02,3,1,1,138.32,110,108.58,16,1.17,2.08,1.65,8.42,8.39,8.22,1376,134,240,214,788,167,202,186,821,108,144,216676,75,53,16,60,404.76,31.4,30.26,31.23,30.09,363,197,251,811,20,30,2,441,86,33,11.61,10.66,9.13,9,6,5,792.66,560,551.84,5.24,6.06,6.19,30.46,30.19,29.75,675.11,69.98,65.15,70.98,66.06,616,313,373,1302,75,89,11,671,173,85,19.02,21.53,29.43,29,23,23,1331.95,929,946.7,11.06,18.34,18.34,62.7,63.54,61.43,177.05,207.16,3520,3796,0,0,0,0,0,0
8476917,2024,Adam Pelech,NYI,D,all,60,76010,1748,36.08,0.47,0.5,0.51,0.51,0.52,0.52,184,127.88,5.15,7.01,38.67,4.55,72.62,53.99,4.96,5.11,4.92,4,17,109,73,96,278,21,0,9,0,27,0,77,69,109,182,15,32,0,73,36,58,175,3,4,3.49,0.41,1.25,0,0,0,275.51,182,180.54,41,1.45,1.89,1.92,4.68,4.66,4.59,1748,179,314,297,958,233,170,227,1118,0,0,142366,32,14,7,87,668.38,53.85,52.07,53.72,51.97,599,330,368,1297,51,63,5,736,148,45,21.25,18.79,13.82,25,19,7,1289.86,929,925.87,9.01,12.01,11.64,51.22,51.17,50.16,640.71,59.79,56.5,60.17,56.85,572,302,363,1237,65,71,5,649,159,66,18.03,19.62,22.14,25,23,17,1242.34,874,878.56,10.32,13.72,13.72,56.4,56.67,54.98,128.29,130.62,2568,2435,0,0,0,0,0,0
8481607,2024,Albert Johansson,DET,D,all,61,59881,1310,9,0.45,0.5,0.47,0.49,0.47,0.5,295,51.03,1.82,2.8,15.48,1.76,29.37,21.76,1.8,1.83,1.81,2,4,48,25,57,130,9,3,3,0,12,0,28,27,45,70,10,20,0,70,15,54,71,2,0,1.64,0.18,0,2,1,0,129.01,73,73.04,37,0.57,0.57,0.08,2.31,2.32,2.29,1310,126,148,187,849,149,171,153,837,0,0,162145,20,20,10,83,439.27,37.55,35.77,37.66,35.87,387,220,255,862,30,46,4,464,106,37,12.65,13.22,11.67,11,12,7,863.81,607,610.32,5.77,9.93,9.93,33.39,33.51,32.99,494.11,46.57,44.32,46.61,44.37,445,239,293,977,45,54,9,496,139,49,14.6,17.43,14.55,19,14,12,979.07,684,683.55,7.11,10.73,10.74,42.94,43.13,41.79,153.14,155.52,2647,2701,0,0,0,0,0,0
8477244,2024,Chad Ruhwedel,NYR,D,all,5,4231,101,0.22,0.27,0.44,0.36,0.49,0.34,0.47,28,2.86,0.07,0.15,1.26,0.1,1.48,0.95,0.07,0.07,0.07,1,0,1,3,3,7,1,0,0,0,1,0,2,1,1,4,0,0,0,8,1,4,4,0,0,0.07,0,0,0,0,0,6.53,4,3.79,2,0.03,0,0,0.1,0.1,0.1,101,5,12,13,71,18,16,10,57,0,0,13769,0,0,0,5,27.41,2.04,2.02,2.1,2.08,25,12,16,53,4,0,0,27,9,1,0.72,1.08,0.24,1,2,1,52.57,37,37.41,0.35,0,0,2.38,2.45,2.43,52.33,5.55,5.34,5.48,5.26,47,25,21,93,3,3,0,51,15,6,1.73,1.54,2.28,1,1,1,91.19,72,70.83,0.84,1,1,5.4,5.3,5.21,12.81,16.35,228,238,0,0,0,0,0,0
8476931,2024,Jake McCabe,TOR,D,all,66,85190,1978,27.05,0.45,0.53,0.43,0.51,0.44,0.51,147,69.95,2.98,3.83,20.87,2.44,39.54,29.33,2.86,2.97,2.85,10,11,74,25,71,170,23,2,4,0,12,0,34,47,72,97,17,40,0,118,9,83,93,5,1,1.98,0.54,0.46,2,0,0,169.2,99,98.82,57,0.79,1.01,0.58,3.2,3.18,3.11,1978,132,360,320,1166,241,194,252,1291,0,0,154406,40,40,16,135,639.13,67.12,64.36,67.5,64.72,605,276,340,1221,76,47,5,650,161,70,18.77,20.37,27.98,29,29,18,1229.01,881,887.65,8.53,10.81,10.81,64.84,65.13,63.5,819.85,81.58,74.41,81.85,74.66,740,388,496,1624,75,88,9,850,180,98,23.46,22.93,35.19,27,29,19,1619.05,1128,1128.88,12.86,18.45,18.75,75.7,75.87,71.99,149.23,132.49,2604,2530,0,0,0,0,0,0
8479671,2024,Mathieu Olivier,CBJ,R,all,82,71139,1525,19.45,0.46,0.48,0.43,0.5,0.44,0.5,596,116.37,13.35,8.78,26.27,4.09,56.55,43.95,12.21,13.36,12.24,6,8,111,42,47,200,32,18,16,2,20,0,45,54,93,135,42,129,14,306,22,49,91,46,16,2.82,5.97,4.56,5,10,3,200.45,153,154.22,19,1.91,3.49,3.22,12.04,12.06,11.73,1525,172,205,290,858,209,205,237,874,14,22,227676,129,97,26,80,514.05,51.47,48,51.39,47.97,483,209,291,983,48,70,6,476,152,64,12.52,18.9,20.04,13,24,11,982.42,692,693.16,7.27,16.02,16.02,42.72,42.65,41.61,646.82,59.99,56.87,60.13,56.99,582,315,415,1312,61,61,3,685,143,69,20.55,17.63,21.82,26,23,12,1311.94,897,899.63,9.32,13.7,13.31,55.99,56.14,54.48,193.69,206.74,3886,3851,0,0,0,0,0,0
8478046,2024,Danton Heinen,PIT,L,all,79,63719,1470,26.73,0.44,0.49,0.49,0.49,0.48,0.49,636,89.12,11.1,6.25,20.96,3.04,44.7,33.95,10.62,11.24,10.75,9,11,81,39,45,165,29,9,10,4,12,2,38,49,72,111,9,21,18,81,19,48,75,32,13,2.32,4.4,4.38,0,3,6,166.27,120,120.95,14,1.37,2.6,3.98,8.48,8.57,8.51,1470,139,99,211,1021,199,211,196,864,18,28,224130,21,17,7,37,483.78,41.7,39.91,41.9,40.07,434,232,283,949,44,43,5,520,100,46,14.65,12.7,14.36,20,11,13,946.73,666,666.54,6.61,9.69,9.69,38.63,38.75,37.9,524.13,52.19,49.47,52.7,49.98,476,246,281,1003,47,55,12,517,141,64,14.07,18.06,20.06,21,11,15,1008.93,722,727.36,7.66,13.17,13.52,46.33,46.69,45.54,184.51,188.69,3496,3570,0,0,0,0,0,0
8475790,2024,Erik Gudbranson,CBJ,D,all,16,17060,330,2.85,0.4,0.52,0.42,0.55,0.41,0.53,69,11.75,0.32,0.66,3.57,0.54,6.87,5.05,0.29,0.31,0.28,1,3,12,5,23,40,4,0,0,0,7,0,3,7,12,17,3,6,0,26,3,16,17,0,0,0.32,0,0,0,0,0,40.59,17,16.86,8,0.13,0,0.13,0.32,0.31,0.3,330,17,59,58,196,48,41,49,192,0,0,41140,6,2,1,19,127.4,12.29,11.69,12.5,11.89,117,56,74,247,17,16,3,121,39,13,3.09,5.18,4.03,6,8,3,253.82,173,175.8,1.69,3.74,3.74,10.24,10.4,10.05,183.32,18.5,16.86,18.38,16.74,156,97,95,348,18,28,5,184,45,24,5.09,5.6,7.81,7,6,5,345.37,253,252.49,2.99,6.21,6.21,15.29,15.2,14.21,36.38,33.04,764,635,0,0,0,0,0,0
8478975,2024,Mason Marchment,DAL,L,all,62,57064,1186,44.24,0.56,0.49,0.55,0.49,0.55,0.47,380,148.61,19.18,10.59,32.47,5.01,77.94,56.81,18.88,19.37,19.07,18,7,134,68,55,257,47,22,11,0,27,2,68,72,112,180,24,53,12,79,22,58,125,54,23,4.46,6.6,8.12,9,4,9,261.27,202,204.36,22,2.41,1.73,2.24,19.35,19.56,19.34,1186,186,111,171,718,199,180,186,621,12,13,167956,53,31,14,21,566.9,60.55,58.6,60.87,58.92,516,268,294,1078,68,52,3,555,165,64,17.09,20.23,23.23,27,16,25,1087.74,784,790.82,8.64,9.19,9.19,60,60.41,59.24,480.39,48.38,46.41,47.79,45.88,430,224,220,874,37,49,5,477,116,61,14.36,14.12,19.88,14,13,10,865.6,654,647.3,6.36,10.12,10.12,44.62,44.2,43.41,140.32,145.51,2655,2804,0,0,0,0,0,0
8477947,2024,Sonny Milano,WSH,L,all,3,1298,34,-0.5,0.49,0.52,0.39,0.45,0.4,0.44,36,2.82,0.38,0.25,0.74,0.11,1.55,0.97,0.35,0.37,0.34,0,0,4,0,0,4,0,0,1,0,0,0,1,2,4,4,0,0,0,1,0,1,1,3,0,0.05,0.33,0,0,0,0,3.89,4,3.89,0,0.05,0.46,0.13,0.3,0.29,0.28,34,4,2,7,21,3,7,8,16,0,0,9502,0,2,1,0,11.8,1.76,1.62,1.72,1.58,13,3,2,18,0,2,0,7,6,3,0.17,0.68,0.92,0,0,0,17.54,16,15.55,0.19,0.59,0.59,1.37,1.35,1.32,17.71,1.85,1.77,1.96,1.88,16,8,4,28,3,3,1,16,7,1,0.5,1.12,0.23,1,2,0,29.17,24,25.13,0.24,0.57,0.57,1.52,1.61,1.61,9.82,8.91,154,185,0,0,0,0,0,0
8480434,2024,Sean Durzi,UTA,D,all,30,37166,808,16.27,0.56,0.55,0.52,0.52,0.53,0.52,81,47.68,3.41,2.68,12.67,1.59,27.11,20.54,3.31,3.43,3.33,3,4,39,29,63,131,11,4,6,0,10,1,16,31,35,64,8,19,0,15,11,46,59,6,3,1.47,0.63,1.31,2,1,1,131.07,68,68.15,26,0.58,1.03,0.43,3.55,3.56,3.46,808,89,82,122,515,113,114,117,464,0,0,72265,19,13,5,52,331.75,37.41,35.82,37.59,36,285,166,184,635,34,32,2,310,98,43,9.36,12.26,15.78,13,13,8,641.12,451,456.12,4.47,6.34,6.34,35.54,35.73,34.68,292.92,28.97,27.44,29.07,27.51,259,141,178,578,30,27,5,285,83,32,7.89,9.75,11.33,12,9,9,575.62,400,397.52,3.94,6.26,6.26,26.66,26.62,25.94,74.69,62.09,1240,1130,0,0,0,0,0,0
8478460,2024,Zach Werenski,CBJ,D,all,81,129982,2080,96.05,0.54,0.42,0.54,0.43,0.54,0.44,109,313.69,19.45,18.85,85.68,10.44,175.08,124.49,18.73,19.42,18.7,32,27,298,136,204,638,82,23,29,0,90,2,142,148,275,411,14,31,0,19,49,120,383,38,13,9.84,4.94,4.68,13,8,2,638.41,434,432.95,62,4.13,7.36,3.37,20.22,20.22,19.68,2080,352,277,425,1026,184,271,368,1257,0,0,165233,31,31,15,131,1327.84,132.98,124.01,132.89,123.96,1240,561,706,2507,134,153,17,1338,293,170,37.39,36.56,59.03,57,40,37,2505.66,1801,1800.1,20.17,35.77,35.77,117.37,117.33,113.24,1100.72,113.92,109.3,114.44,109.77,1029,483,610,2122,108,122,11,1094,281,137,32.4,35.23,46.29,45,35,28,2132.13,1512,1522.25,16.34,26.78,26.85,103.41,103.93,101.74,109.69,150.29,2298,2986,0,0,0,0,0,0
8482153,2024,Brendan Brisson,VGK,C,all,9,5328,122,-1.13,0.38,0.5,0.43,0.44,0.41,0.46,98,8.44,0.55,0.48,2.29,0.31,4.56,3.82,0.55,0.56,0.56,0,0,7,5,6,18,0,0,1,0,3,0,4,4,7,12,0,0,0,9,1,1,10,2,0,0.26,0.29,0,0,0,0,18.35,12,12.19,0,0.1,0.19,0,0.65,0.66,0.66,122,4,9,33,76,18,18,15,71,0,0,27355,0,0,0,0,36.24,2.7,2.53,2.77,2.59,32,19,19,70,3,4,0,39,10,2,0.82,1.25,0.63,2,1,0,72.53,51,52.14,0.42,0.92,0.92,2.2,2.24,2.21,52.57,4.4,4.19,4.35,4.15,54,18,22,94,6,8,2,55,10,7,1.35,1.13,1.91,4,1,1,91.66,72,71.41,0.69,1.97,1.97,3.12,3.09,3.04,25.18,24.7,408,509,0,0,0,0,0,0
8477407,2024,Anthony Duclair,NYI,L,all,44,39710,861,11.54,0.5,0.48,0.53,0.51,0.53,0.51,302,68.06,6.61,5.01,14.96,2.09,35.19,25.15,6.47,6.63,6.49,4,0,60,29,32,121,11,7,5,0,16,0,26,35,53,82,5,10,0,26,9,43,59,24,6,1.88,3.12,1.61,0,5,2,120.38,89,88.5,13,1.1,0.69,0.8,6.91,6.92,6.81,861,136,85,145,495,128,111,116,506,0,1,120548,10,18,9,21,382.48,32.13,30.6,32.18,30.65,349,176,199,724,24,45,1,403,88,34,11.42,11.04,9.67,4,16,4,723.05,525,525.84,6.13,7.3,7.38,30.89,30.93,29.88,335.54,32.06,31.14,32.25,31.31,313,152,188,653,34,28,1,342,90,33,10.27,11.21,10.58,13,13,8,657.98,465,466.84,4.64,5.82,5.82,30.87,31.06,30.57,99.37,106.24,2121,2066,0,0,0,0,0,0
8476872,2024,Scott Laughton,TOR,C,all,80,70082,1610,19.1,0.44,0.52,0.41,0.48,0.44,0.5,565,143.13,17.85,9.45,32.28,4.7,70.24,58.47,16.8,18,16.94,12,6,125,68,44,237,31,13,12,2,27,0,47,94,112,180,13,32,253,178,19,59,134,38,21,3.62,5.11,9.11,4,4,5,237.12,193,193.92,24,2.03,2.03,4.21,15.67,15.75,15.58,1610,162,221,248,979,188,233,243,946,253,245,222318,32,28,11,54,498.37,49.71,47.06,49.96,47.29,468,217,237,922,42,64,7,505,128,52,14,16.94,18.77,17,17,8,925.43,685,687.02,7.24,12.41,12.41,44.55,44.58,43.77,639.08,62.79,59.71,62.68,59.62,545,342,433,1320,76,61,5,669,154,64,18.69,19.49,24.61,33,23,20,1318.49,887,888.4,9.25,14.25,14.25,57.78,57.82,56.47,193.7,178.08,3457,3685,0,0,0,0,0,0
8477989,2024,Christian Dvorak,MTL,C,all,82,74999,1641,25.92,0.43,0.47,0.4,0.49,0.4,0.49,503,124.17,15.97,8.22,27.2,4.03,61.87,49.71,14.74,16.05,14.77,15,6,104,63,54,221,33,12,18,2,14,0,54,69,92,155,8,16,591,44,18,66,109,35,23,3.34,4.6,8.04,5,4,3,219.76,167,166.34,24,1.74,4.23,4.5,13.22,13.15,12.42,1641,151,337,288,865,234,217,249,941,591,469,223914,16,22,11,74,505.39,57.91,55.05,57.66,54.8,449,246,323,1018,48,56,7,467,155,73,13.59,19.14,25.19,14,14,20,1007.77,695,689.9,6.96,12,12,52.87,52.52,50.82,763.76,77.19,71.98,77.64,72.42,672,373,482,1527,71,72,5,780,172,93,22.98,21.29,32.92,27,24,20,1535.32,1045,1052.51,12.01,15.55,15.55,73.66,74.09,71.09,183.31,207.6,3554,3710,0,0,0,0,0,0
8473422,2024,Nick Foligno,CHI,L,all,78,74528,1588,23.63,0.41,0.43,0.42,0.45,0.42,0.44,426,104.92,16.26,7.9,21.92,3.35,46.53,38.04,14.49,16.11,14.38,11,9,104,30,29,163,35,15,18,4,18,0,31,52,89,119,18,48,341,200,16,50,69,34,31,1.92,4.35,10,5,2,8,161.12,134,132.95,22,1.83,4.78,6.12,11.98,11.94,11.54,1588,136,324,273,855,167,152,247,1022,341,363,208896,48,42,15,34,525.52,56.58,53.02,56.42,52.91,501,214,271,986,57,58,6,515,124,76,14.28,15.83,26.46,21,18,18,972.84,715,709.44,8.09,13.04,13.04,51.63,51.52,50.1,727.18,79.95,76.89,80.4,77.3,668,328,338,1334,97,74,8,708,194,94,20.31,24.42,35.22,30,36,31,1345.84,996,1004.63,11.99,13.99,13.91,77.97,78.34,76.1,137.36,185.39,2875,3551,0,0,0,0,0,0
8480840,2024,Oskar Bck,DAL,C,all,73,51262,1171,17.92,0.41,0.53,0.46,0.51,0.43,0.5,751,53.48,8.24,4.01,12.48,2.28,28.48,21.52,7.83,8.37,7.94,9,3,44,33,20,97,16,4,8,0,4,0,31,30,40,73,5,8,90,28,12,54,44,20,13,2,2.47,3.78,2,0,2,98.67,77,77.72,14,0.85,1.19,3.08,6.01,6.07,5.97,1171,80,153,183,755,191,168,123,689,90,83,213772,8,16,7,35,327.23,27.07,26.16,27.3,26.4,290,158,244,692,20,36,0,346,78,24,10.16,9.8,7.12,6,11,3,703.84,448,453.72,4.07,5.84,5.84,25.31,25.51,25.16,425.88,39.08,37.34,38.88,37.14,405,179,237,821,31,28,2,439,102,43,12.12,12.17,14.79,11,12,8,811.77,584,579.17,6.3,7.35,7.22,38.17,37.92,37.09,210.97,183.73,3650,3525,0,0,0,0,0,0
8482671,2024,Owen Power,BUF,D,all,79,101018,2100,44.43,0.48,0.48,0.52,0.49,0.51,0.49,225,140.39,7.71,9.08,38.39,4.61,81.02,57.18,7.2,7.63,7.12,16,17,139,59,101,299,40,7,17,2,38,0,67,69,132,191,8,16,0,26,26,73,176,18,4,4.54,2.12,1.06,4,2,1,295.89,198,196.47,48,2.02,4.09,0.87,8.87,8.77,8.26,2100,278,281,317,1224,284,329,335,1152,0,0,186509,16,12,6,109,902.47,85.88,80.07,85.98,80.15,801,437,490,1728,84,102,14,948,198,92,27.5,24.74,33.64,42,21,21,1720.37,1238,1235.35,13.5,22.3,22.07,77.31,77.24,75.24,866.24,91.23,87.14,91.17,87.11,804,389,431,1624,99,84,15,851,237,105,24.74,29.62,36.86,35,34,30,1624.71,1193,1195.62,12.84,17.12,17.12,86.94,86.89,84.55,158.51,174.94,2945,3098,0,0,0,0,0,0
8482077,2024,Dylan Holloway,STL,L,all,77,77729,1570,66.64,0.58,0.46,0.55,0.47,0.55,0.46,309,177.99,20.34,11.78,41.52,5.67,94.17,66.51,19.78,20.47,19.9,21,16,178,62,96,336,63,26,15,2,33,0,73,93,152,214,5,10,61,165,34,69,168,44,28,5.32,5.32,9.7,10,7,9,338.81,240,241.37,12,2.63,3.7,3.3,19.67,19.82,19.43,1570,236,150,225,959,229,219,252,870,61,82,202854,10,26,13,50,690.87,68.64,65.64,69.13,66.11,666,279,398,1343,86,63,13,703,158,84,20.36,19.95,28.33,34,22,30,1353.06,945,949.69,10.2,14.86,15.31,63.52,63.88,62.64,550.75,48.75,46.36,48.93,46.53,506,258,337,1101,47,45,5,585,126,53,16.08,15.43,17.24,21,14,12,1100.9,764,767.3,7.28,8.89,9.09,46.93,47.18,45.7,143.2,167.18,2921,3343,0,0,0,0,0,0
8474600,2024,Roman Josi,NSH,D,all,53,79603,1441,49,0.54,0.47,0.58,0.47,0.57,0.46,65,163.55,13.44,10.69,41.93,5.44,96.4,66.11,12.51,13.37,12.45,19,10,150,84,134,368,38,9,15,0,47,0,72,91,141,225,9,18,0,42,23,75,198,21,15,5.46,2.24,5.74,6,2,1,363.97,234,231.52,34,2.51,2.8,1.33,14.61,14.53,13.72,1441,283,132,192,834,83,200,251,907,0,0,112458,18,16,8,95,849.82,89.47,82.92,89.26,82.72,771,412,483,1666,74,78,5,853,226,104,24.9,27.45,37.13,26,29,19,1651.57,1183,1176.58,14.11,16.4,16.4,87.17,86.91,82.54,654.17,75.02,69.86,75.64,70.47,615,284,297,1196,80,53,6,619,199,81,18.24,24.32,32.47,34,24,22,1213.46,899,910.77,9.71,12.44,12.67,72.07,72.7,69.4,81.98,93.88,1635,1867,0,0,0,0,0,0
8475750,2024,Jon Merrill,MIN,D,all,70,59199,1220,1.62,0.39,0.52,0.42,0.49,0.43,0.5,375,55.76,1.93,2.89,16.18,1.91,31.03,25.05,1.9,1.88,1.85,2,2,47,32,32,111,6,2,3,0,18,0,22,34,45,77,10,20,0,41,14,64,77,1,1,1.53,0.18,0.22,2,0,0,110.21,79,78.36,48,0.59,0.57,0.36,2.16,2.13,2.1,1220,66,114,133,907,162,205,164,689,0,0,196027,20,8,4,85,407.94,28.78,27.85,28.76,27.83,375,195,204,774,30,27,2,462,86,22,12.45,10.35,5.97,14,9,7,772.59,570,569.41,5.25,4.39,4.39,29.63,29.6,28.99,547.5,45.19,43.07,45.78,43.64,502,250,295,1047,52,51,7,586,117,49,16.14,14.35,14.7,24,17,11,1059.47,752,760.64,7.71,10.53,10.53,42.36,42.84,41.75,169.46,158.64,3191,3299,0,0,0,0,0,0
8482201,2024,Gage Goncalves,TBL,C,all,60,46057,1041,19.68,0.53,0.54,0.5,0.51,0.51,0.51,499,66.3,7.77,4.48,15.23,2.14,33.78,25.61,7.53,7.94,7.69,8,4,61,28,25,114,20,8,6,0,11,0,27,37,53,81,7,14,3,71,18,35,56,25,8,1.77,3.1,2.91,4,3,1,118.99,89,91.51,11,0.96,1.15,1.58,7.15,7.31,7.24,1041,157,100,175,609,174,175,146,546,3,3,172138,14,16,8,20,354.45,33.95,33.02,34.55,33.59,320,168,199,687,36,29,3,360,96,32,10.1,11.95,11.9,17,13,6,707.98,488,497.92,4.82,7.15,7.39,31.39,31.92,31.49,346.33,30.1,28.2,29.62,27.79,333,144,200,677,26,36,3,356,91,30,10.49,11.24,8.37,12,11,3,659.81,477,469,4.84,7.61,7.61,27.33,26.99,26.56,164.31,140.82,2916,2764,0,0,0,0,0,0
8482684,2024,Luke Hughes,NJD,D,all,71,90133,1709,46.37,0.55,0.52,0.55,0.5,0.53,0.49,209,128.39,7.92,8.02,33.81,4.18,73.35,51.72,7.44,7.9,7.41,21,16,121,58,149,328,44,7,13,1,33,0,54,72,114,172,9,16,0,19,33,86,155,18,6,4.11,2.11,1.7,5,1,1,329.25,179,178.92,48,1.76,3.01,1.25,8.44,8.38,8.18,1709,241,207,269,992,224,223,228,1034,0,1,167835,16,10,5,60,814.29,85.22,80.22,86,80.9,740,363,508,1611,67,90,13,775,227,101,23.64,28.35,33.23,22,23,22,1620.57,1103,1108.65,12.36,21.24,21.45,76.14,76.51,74.52,694.03,69.79,67.49,69.78,67.48,605,354,341,1300,60,81,8,675,209,75,19.36,26.23,24.2,21,22,17,1290.78,959,953.82,9.76,15.68,15.68,63.87,63.64,62.62,155.25,142.52,2714,2734,0,0,0,0,0,0
8481006,2024,Tyler Tucker,STL,D,all,38,33235,726,8.73,0.47,0.52,0.47,0.51,0.47,0.51,211,36.16,1.15,1.86,11.5,1.21,21.07,15.21,1.12,1.16,1.13,1,3,33,19,46,98,7,3,2,0,13,0,12,22,30,49,17,55,0,81,13,28,51,1,0,1.06,0.08,0,3,0,0,99.98,52,52.44,15,0.38,0.38,0,1.52,1.53,1.5,726,47,75,123,481,98,131,86,411,0,0,105053,55,41,10,39,240,19.83,19.41,20.16,19.72,211,118,144,473,20,16,2,252,59,18,7.21,7.18,5.45,9,6,5,483.18,329,333.18,3.15,2.93,2.84,20.08,20.38,20.19,263.06,22.27,21.12,22.18,21.05,236,130,165,531,20,21,2,286,56,24,8.17,7.16,6.93,6,8,6,525.13,366,364.02,3.93,3.62,3.62,22.57,22.5,21.55,85.3,79.41,1671,1582,0,0,0,0,0,0
8477015,2024,Connor Brown,EDM,R,all,82,68928,1458,29.26,0.48,0.57,0.46,0.56,0.47,0.56,568,128.97,15.01,8.1,29.45,4.25,62.46,51.72,13.98,15.3,14.24,7,10,123,48,41,212,30,13,11,2,20,0,52,75,110,158,5,10,16,19,26,55,112,40,19,3.94,4.92,6.16,4,7,2,216.56,171,173.06,16,1.73,2.4,4.09,12.65,12.79,12.15,1458,129,178,265,886,232,218,197,811,16,28,228596,10,8,4,37,523.25,52.37,49.34,52.88,49.84,491,221,255,967,46,56,6,514,138,60,15.24,16.97,20.16,22,15,9,980.15,712,719.72,7.01,12.54,12.54,46.84,47.27,45.7,589.01,57.25,54.33,57.29,54.38,549,260,321,1130,55,48,7,623,116,70,17.83,13.96,25.46,20,18,17,1127.88,809,808.03,8.19,12.31,12.31,53.12,53.13,51.4,224.51,171.55,4217,3357,0,0,0,0,0,0
8480891,2024,Michael Kesselring,UTA,D,all,82,87018,2047,44.5,0.52,0.52,0.54,0.51,0.54,0.51,363,161,6.8,8.59,45.4,5.3,92.33,67.6,6.65,6.79,6.65,16,6,150,76,124,350,29,7,18,0,35,0,72,94,143,219,27,69,0,87,22,84,215,9,2,5.07,1.1,0.62,5,2,0,348.85,226,226.14,53,1.81,3.42,0.12,8.48,8.48,8.3,2047,216,205,285,1341,278,302,229,1238,0,0,212635,69,47,16,67,810.17,69.33,66.59,69.54,66.79,718,392,446,1556,55,82,4,840,209,61,25.15,25.03,19.15,24,21,10,1561.31,1110,1114.16,10.76,14.29,13.89,66.2,66.34,65.07,685.88,65.22,62.94,65.32,63.03,633,306,385,1324,57,60,9,692,181,66,20.84,22.23,22.15,23,17,17,1325.15,939,938.93,9.09,12.94,12.94,61.37,61.53,60.16,203.37,185.04,3526,3428,0,0,0,0,0,0
8478366,2024,Frank Vatrano,ANA,R,all,81,85270,1773,45.63,0.53,0.41,0.52,0.44,0.52,0.44,335,242.98,28.9,15.81,56.01,8.21,131.06,95.01,26.92,28.8,26.82,8,16,234,101,80,415,45,21,33,1,52,3,110,116,213,314,35,70,16,169,13,52,227,76,32,7.44,9.3,12.16,8,8,5,411.73,335,332.51,18,3.49,7.78,6.1,26.3,26.19,25.39,1773,368,236,279,890,237,284,246,1006,16,18,210227,70,52,25,69,867.89,94.44,87.09,93.83,86.53,787,399,405,1591,68,109,13,842,224,120,24.89,26.97,42.58,25,20,23,1573.32,1186,1178.27,13.42,24.41,24.7,83.16,82.7,79.11,786.12,82.43,78.59,83.12,79.25,730,350,383,1463,72,79,9,783,199,98,24.44,25.16,32.82,13,32,27,1483.13,1080,1089.87,11.6,14.46,14.81,79.21,79.81,77.44,144.25,208.24,3106,3987,0,0,0,0,0,0
8477944,2024,Jakub Vrana,NSH,L,all,39,24220,526,9.87,0.44,0.51,0.48,0.5,0.48,0.51,432,52.97,4.99,3.26,13.3,1.73,27.92,20.8,4.93,5.07,5,3,2,47,25,19,91,14,9,4,0,9,0,23,27,38,63,5,10,7,19,6,21,54,13,5,1.78,1.48,1.73,3,2,4,94.39,72,74.33,7,0.73,1.03,0.32,5.41,5.48,5.42,526,77,18,78,353,91,88,64,283,7,13,117748,10,10,5,8,190.32,16.63,16.1,16.94,16.4,173,89,104,366,19,15,1,202,42,18,5.88,5.26,5.5,8,5,6,375.17,262,268.26,2.71,3.34,3.34,16.01,16.32,16.12,208.55,21.5,19.46,21.43,19.42,179,100,110,389,19,29,4,191,59,29,5.87,7.82,7.81,7,7,5,383.34,279,276.74,2.8,5.79,5.79,18.51,18.39,17.6,103.84,101.27,1888,1903,0,0,0,0,0,0
8482122,2024,Brock Faber,MIN,D,all,78,119457,2126,22.5,0.48,0.52,0.46,0.49,0.46,0.5,96,133.1,6.39,7.63,35.7,4.17,77.82,56.28,6.2,6.38,6.19,6,13,124,64,110,298,29,10,18,0,24,0,60,76,114,178,12,23,0,36,29,109,170,14,4,3.5,1.66,1.23,7,1,2,297.27,188,188.15,61,1.65,3.18,0.95,7.1,7.07,6.9,2126,245,286,374,1221,191,229,275,1431,0,0,164727,23,19,8,115,968.69,100,94.66,100.59,95.19,909,428,519,1856,87,112,9,994,235,108,27.41,29.44,43.15,34,20,33,1856.39,1337,1340.52,14.58,24.38,24.26,90.32,90.56,87.56,1109.22,108.06,102.61,108.72,103.22,1013,528,613,2154,95,105,15,1142,283,116,32.6,35.34,40.12,25,36,34,2159.59,1541,1547.27,17.08,23.02,23.08,102.05,102.34,98.74,128.35,117.37,2577,2685,0,0,0,0,0,0
8478864,2024,Kirill Kaprizov,MIN,L,all,41,55269,846,57.65,0.62,0.44,0.59,0.45,0.59,0.45,64,143.3,20.38,10.82,32.58,5.33,80.92,52.98,19.24,20.47,19.33,22,9,145,58,108,311,56,25,18,4,22,2,64,72,120,178,8,16,0,16,12,59,139,39,25,4.73,4.73,10.92,7,8,10,313.07,203,204.76,14,2.55,4.75,5.43,17.49,17.6,17.31,846,185,75,165,421,93,123,194,436,0,2,94072,16,22,11,17,569.43,63.94,60.38,64.38,60.77,528,257,287,1072,71,68,9,571,137,77,16.49,16.28,31.17,22,22,27,1078.53,785,789.69,9.32,15.06,15.06,58.2,58.49,57.16,393.74,38.89,37.26,39.29,37.63,376,171,209,756,36,34,7,405,95,47,11.28,11.83,15.78,9,13,14,759.67,547,550.12,5.44,8.84,8.84,35.48,35.73,35.08,55.64,71.63,1322,1634,0,0,0,0,0,0
8481563,2024,Drew Helleson,ANA,D,all,56,54940,1166,5.12,0.38,0.47,0.41,0.48,0.4,0.48,282,62.87,2.37,3.27,18.64,2.21,37.86,27.66,2.25,2.34,2.22,6,3,63,29,60,152,13,4,6,0,17,0,24,41,59,88,17,37,0,99,17,47,85,6,1,1.49,0.66,0.22,4,0,0,149.12,92,90.36,32,0.66,1.5,0.49,2.53,2.51,2.4,1166,98,146,189,733,118,218,131,699,0,0,149233,37,12,6,73,387,29.31,28.11,29.13,27.93,342,194,222,758,39,33,6,432,77,27,11.7,9.58,8.04,20,13,6,747.51,536,531.63,4.78,7.34,7.39,26.7,26.5,25.88,579.75,48.69,46.93,49.11,47.32,507,299,268,1074,38,66,11,609,153,44,17.33,19.29,12.07,14,15,9,1086.87,806,812.48,8.36,11.57,11.57,45.49,45.78,45.18,134.24,152.31,2444,2669,0,0,0,0,0,0
8476461,2024,Sean Couturier,PHI,C,all,79,81972,1654,44.22,0.55,0.5,0.52,0.47,0.53,0.49,368,155.08,20.57,12.29,34.34,5.35,78.24,55.21,18.25,20.61,18.29,19,11,155,51,52,258,45,15,18,4,22,1,69,81,140,191,18,41,670,54,28,78,121,54,31,3.47,6.79,10.3,3,5,7,256.21,206,205.97,26,2.81,4.72,6.93,16.45,16.49,15.46,1654,266,182,226,980,206,201,247,1000,670,525,206488,41,33,15,45,753.79,79.71,74.31,79.72,74.34,698,335,407,1440,76,84,7,742,193,98,20.72,24.4,34.59,31,23,22,1431.29,1033,1030.42,11.66,19.12,19.12,72.25,72.32,70.01,657.01,64.6,62.69,65.39,63.43,576,330,414,1320,68,61,5,681,164,61,21.33,20.34,22.93,29,25,14,1341.97,906,919.37,8.74,13.47,13.67,59.67,60.38,59.57,163.59,164.14,2988,3420,0,0,0,0,0,0
8471685,2024,Anze Kopitar,LAK,C,all,81,92125,1769,65.61,0.55,0.53,0.55,0.52,0.54,0.53,256,107.09,15.44,8.28,25.02,3.74,55.58,37.93,14.29,15.47,14.3,29,17,98,48,51,197,67,21,10,6,21,1,45,48,77,125,2,4,879,31,30,65,85,35,26,2.73,4.27,8.44,5,8,8,198.12,146,147.04,21,1.91,1.49,5.56,11.79,11.78,11.36,1769,286,291,273,919,191,211,293,1074,879,658,202076,4,24,12,67,859.62,92.51,87.53,92.93,87.94,769,416,509,1694,102,85,9,866,205,114,24.66,25.44,42.4,33,31,38,1701.68,1185,1191.38,14.07,18.09,18.09,88.49,88.88,86.13,739.61,75.37,72.17,75.23,72.03,655,357,394,1406,74,75,8,740,197,75,20.48,24.75,30.14,32,21,21,1394.59,1012,1005.54,11.15,14.23,14.23,72.31,72.15,70.21,154.94,135.77,3309,3029,0,0,0,0,0,0
8482142,2024,Jamie Drysdale,PHI,D,all,70,83651,1763,11.23,0.53,0.51,0.51,0.47,0.52,0.49,235,76.59,3.58,4.77,20.52,2.38,46.94,30.81,3.49,3.54,3.45,5,8,63,46,77,186,20,7,5,0,16,0,29,52,56,102,11,22,0,18,20,73,100,8,1,2.38,0.88,0.32,3,3,1,184.15,109,107.73,53,1.05,0.66,0.2,4.44,4.39,4.25,1763,236,126,236,1165,131,242,240,1150,0,0,171605,22,12,6,102,740.5,74.87,69.34,75.31,69.71,654,355,382,1391,70,81,10,734,179,96,20.92,22.79,31.16,24,28,18,1378.71,1009,1004.35,12,19.03,19.56,67.31,67.35,64.58,665.62,67.01,64.79,68.1,65.83,609,313,438,1360,90,59,10,690,162,70,21.04,19.67,26.3,34,26,30,1389.83,922,941.15,8.75,14.66,14.82,60.94,61.93,61.16,135.55,132.54,2516,2805,0,0,0,0,0,0
8476906,2024,Shayne Gostisbehere,CAR,D,all,70,77788,1422,63.2,0.65,0.51,0.68,0.55,0.67,0.54,278,144.2,9.39,8.99,40.06,4.62,87.35,55.59,8.33,9.39,8.34,12,26,122,84,124,330,45,7,24,0,28,0,85,62,115,199,22,52,0,41,36,76,183,14,9,4.42,1.37,3.61,3,1,3,331.89,206,206.54,34,2.12,5.57,1.17,10.34,10.35,9.36,1422,298,82,235,807,194,176,231,821,0,0,175342,52,20,10,66,922.92,95.11,88,95.75,88.63,794,462,480,1736,90,111,14,892,259,105,26.9,32.16,36.05,31,34,25,1753.4,1256,1266.19,15.08,22.75,22.87,87.33,87.81,83.72,457.5,51.01,49.43,50.82,49.28,418,200,204,822,50,44,3,420,128,70,12.57,15.86,22.58,19,15,16,815.74,618,615.58,6.29,9.78,9.78,47.51,47.46,46.65,156.21,152.82,3182,2616,0,0,0,0,0,0
8483495,2024,Simon Nemec,NJD,D,all,27,24269,516,-0.15,0.42,0.52,0.46,0.52,0.44,0.51,140,29.38,1.25,1.55,8.79,1.08,16.24,12.09,1.24,1.26,1.25,0,2,26,15,22,63,4,2,1,0,9,0,15,14,24,39,7,14,0,2,5,24,39,1,1,0.88,0.17,0.21,2,0,0,63.39,41,41.1,12,0.34,0.29,0.03,1.56,1.58,1.56,516,64,27,77,348,81,77,57,301,0,0,73561,14,6,3,26,175.76,14.83,14.56,15.06,14.78,156,83,105,344,12,13,1,179,47,13,5.24,5.74,3.85,7,2,3,346.57,239,241.18,2.41,1.94,1.94,15.3,15.47,15.3,223.18,20.46,19.81,20.47,19.84,208,102,102,412,19,33,6,233,59,18,6.68,7.77,6.01,6,8,5,411.74,310,309.47,3.04,6.63,6.63,16.87,16.88,16.65,65.27,60.42,1251,1156,0,0,0,0,0,0
8483482,2024,Tristan Luneau,ANA,D,all,6,5960,116,-2.25,0.34,0.41,0.38,0.44,0.37,0.43,31,6.87,0.21,0.37,1.99,0.22,4.3,2.91,0.2,0.2,0.2,0,0,6,4,6,16,0,0,0,0,2,0,4,4,6,10,1,2,0,5,1,6,10,0,0,0.21,0,0,0,0,0,15.95,10,10.03,4,0.07,0,0,0.28,0.28,0.27,116,19,17,15,65,15,22,16,63,0,0,15953,2,0,0,9,38.96,3.74,3.49,3.81,3.55,29,25,21,75,2,6,0,42,8,4,1.33,1.09,1.33,1,1,0,74.99,54,54.52,0.57,1.54,1.54,2.78,2.82,2.77,68.26,7.31,6.89,7.23,6.83,60,33,28,121,7,7,1,64,19,10,2.11,2.74,2.45,1,3,3,121.71,93,93.49,0.97,1.37,1.37,6.91,6.89,6.63,12.37,17.66,249,317,0,0,0,0,0,0
8476391,2024,T.J. Tynan,COL,C,all,9,4243,111,1.76,0.51,0.54,0.62,0.53,0.61,0.53,98,5.96,0.29,0.57,1.6,0.26,3.06,2.23,0.28,0.28,0.27,0,1,5,3,2,10,1,0,1,0,2,0,0,5,5,8,2,4,7,5,0,5,8,0,0,0.29,0,0,0,0,0,9.61,8,7.78,2,0.15,0.05,0.05,0.38,0.38,0.36,111,11,6,15,79,12,10,10,79,7,14,28324,4,0,0,4,36.09,3.03,2.87,2.97,2.8,35,15,27,77,1,8,0,37,10,3,1.05,1.19,0.79,1,0,0,74.11,50,48.27,0.6,1.3,1.24,2.4,2.34,2.29,23.09,2.86,2.8,2.97,2.9,18,14,16,48,2,2,0,21,8,3,0.5,0.98,1.38,1,1,0,50.28,32,33.54,0.29,0.6,0.6,2.55,2.62,2.6,28.81,24.08,500,443,0,0,0,0,0,0
8481605,2024,Jackson LaCombe,ANA,D,all,75,100353,1961,43.54,0.48,0.44,0.49,0.45,0.5,0.44,153,136.05,10.27,9.12,35.24,4.35,76.53,51.48,9.72,10.25,9.71,18,11,134,53,81,268,43,14,13,4,36,0,63,61,120,173,15,28,0,69,35,78,153,23,11,3.89,2.73,3.65,7,3,4,266.2,187,186.75,48,2.07,2.83,2.87,9.47,9.48,9.27,1961,239,367,306,1049,212,259,277,1213,0,1,173490,28,22,11,129,899.23,92.27,86.44,91.96,86.16,825,408,435,1668,75,103,12,901,225,107,27.84,27.19,37.24,29,24,22,1657.65,1233,1228.69,13.39,22.47,22.38,83.27,83.07,79.98,891.66,100.29,94.7,100.84,95.21,809,412,495,1716,91,90,9,876,218,127,25.72,26.7,47.87,33,25,33,1731.17,1221,1229.85,13.76,20.66,20.66,93.39,93.86,90.33,131.48,167.91,2706,3331,0,0,0,0,0,0
8481601,2024,Simon Holmstrom,NYI,R,all,75,75892,1622,42.42,0.45,0.5,0.48,0.5,0.5,0.51,399,120.02,14.72,8.34,25.87,3.97,64.31,47.78,13.54,14.74,13.56,17,8,96,69,43,208,45,20,16,0,15,0,40,74,76,145,4,8,1,27,13,48,112,36,17,3.85,4.39,6.47,8,8,4,208.84,165,165.85,14,1.87,2.49,2.56,14.02,14.04,13.12,1622,230,226,238,928,203,172,215,1032,1,4,197400,8,26,13,55,682.55,60.38,57.32,60.69,57.62,598,343,328,1269,65,81,9,724,153,64,20.42,18.85,21.11,26,24,15,1269.34,941,941.66,10.72,14.22,13.85,57.25,57.28,55.41,695.06,73.04,67.53,73.4,67.86,609,350,396,1355,67,80,3,697,173,89,20.16,20.83,32.04,25,24,18,1364.8,959,966.81,10.99,17.03,17.03,67.01,67.27,64.38,165.58,166.54,3305,3276,0,0,0,0,0,0
8482691,2024,Aatu Raty,VAN,C,all,33,21101,544,11.34,0.47,0.5,0.52,0.49,0.49,0.48,342,33.43,3.7,2.43,8.02,1.21,18.18,13.45,3.47,3.71,3.47,2,2,34,13,13,60,11,7,6,1,6,0,13,15,27,40,7,14,191,80,2,8,31,11,5,0.97,1.4,1.33,3,2,2,60.74,47,47.12,3,0.52,1.47,0.99,3.22,3.23,3.13,544,77,72,89,306,64,61,75,344,191,142,100220,14,10,5,7,153.74,12.61,12.13,12.68,12.18,137,78,109,324,16,14,4,163,38,14,4.23,4.53,3.85,7,4,5,325.7,215,215.02,2.11,2.73,2.73,11.99,11.97,11.67,166.95,14.27,13.68,14.45,13.86,135,92,74,301,16,18,2,173,37,17,3.98,4.9,5.38,8,5,3,302.65,227,228.06,2.15,4.47,4.47,11.94,12.09,11.87,84.22,85.71,1548,1616,0,0,0,0,0,0
8482169,2024,Helge Grans,PHI,D,all,6,5205,128,0.03,0.52,0.53,0.43,0.47,0.46,0.5,33,5.84,0.33,0.33,1.93,0.19,3.09,2.15,0.33,0.3,0.3,0,1,5,3,5,13,1,0,0,0,1,0,2,5,5,8,1,2,0,4,2,8,7,1,0,0.13,0.19,0,0,0,0,12.88,8,7.81,6,0.07,0,0,0.4,0.37,0.37,128,7,11,19,91,7,20,13,88,0,0,16912,2,0,0,5,37.87,3.64,3.55,3.5,3.41,37,12,25,74,3,2,0,31,16,2,0.89,2.3,0.46,1,2,0,72.16,49,47.63,0.55,0.46,0.46,3.73,3.59,3.54,40.97,3.35,3.28,3.47,3.39,37,20,42,99,3,2,0,42,12,3,1.29,1.38,0.69,2,1,0,102.26,57,58.7,0.57,0.31,0.31,3.62,3.75,3.69,16.22,14.3,263,294,0,0,0,0,0,0
8475798,2024,Mikael Granlund,DAL,C,all,83,96860,1813,47.21,0.46,0.42,0.49,0.44,0.48,0.43,213,175.54,18.6,12.42,39.32,6.02,99.78,66.84,18.07,18.55,18.02,31,13,169,74,83,326,66,22,20,2,28,0,78,95,147,221,14,28,359,57,19,79,182,38,23,6.03,4.28,8.29,7,6,9,324.39,243,242.38,26,2.97,4.63,2.67,18.91,18.82,18.45,1813,280,256,289,988,183,272,305,1053,359,365,204899,28,32,16,60,881.27,94.47,87.26,94.37,87.15,827,393,458,1678,95,94,10,878,227,115,25.65,26.07,42.75,34,28,33,1665.76,1220,1215.95,14.83,21.47,21.47,87.83,87.67,83.68,955.01,110.53,104.97,110.88,105.32,884,428,460,1772,91,112,12,926,241,145,26.96,29.61,53.95,24,28,39,1791.12,1312,1319.94,14.59,24,24,101.12,101.47,98.3,139.92,191.76,2982,3774,0,0,0,0,0,0
8471817,2024,Ryan Reaves,TOR,R,all,35,16381,396,-0.81,0.45,0.51,0.44,0.5,0.44,0.51,406,17.24,1.51,1.26,3.89,0.61,10.41,7.31,1.5,1.49,1.47,1,1,14,11,6,31,2,0,1,0,3,0,10,11,14,25,6,18,0,103,4,10,17,8,0,0.48,1.04,0,0,0,0,30.07,25,24.43,4,0.26,0.01,0,1.78,1.75,1.73,396,8,45,68,275,62,62,47,225,0,1,110423,18,13,5,8,101.11,8.32,7.95,8.14,7.78,90,51,62,203,4,11,0,106,23,12,2.07,2.88,3.37,1,2,1,198.49,141,138,1.27,2.02,2.02,7.57,7.4,7.29,129.02,10.07,9.72,10.06,9.7,124,58,80,262,6,15,1,144,27,11,3.59,3.25,3.23,4,1,1,262.54,182,183.3,1.67,2.81,2.81,8.92,8.94,8.85,105.11,99.59,1882,1857,0,0,0,0,0,0
8475848,2024,Brendan Gallagher,MTL,R,all,82,68459,1476,36.19,0.55,0.43,0.51,0.45,0.51,0.46,683,163.99,24.94,11.88,37.14,5.52,82.85,60.68,24.16,24.88,24.11,10,7,148,75,80,303,38,21,20,2,17,1,68,96,127,202,18,39,0,92,16,62,126,62,35,4.23,7.49,13.22,6,7,8,301.2,223,221.99,23,2.66,3.86,4.9,22.69,22.57,22.2,1476,160,153,283,880,242,207,203,824,0,6,230454,39,41,19,38,588.11,67.26,64.36,66.95,64.05,515,287,352,1154,53,65,10,529,189,84,15.65,23.38,28.22,15,18,20,1143.52,802,795.98,8.82,15.37,15.14,60.93,60.46,59.1,566.02,54.05,52.39,54.63,52.94,480,297,313,1090,49,51,3,606,108,63,18.29,13.53,22.24,24,16,9,1101.1,777,785.79,7.29,11.07,11.07,50.27,50.84,50.02,173.97,230.73,3418,4147,0,0,0,0,0,0
8481042,2024,Nikolai Kovalenko,SJS,R,all,57,42204,952,15.33,0.49,0.47,0.5,0.49,0.5,0.48,484,55.72,6.22,4.17,12.52,1.83,31.48,20.78,5.95,6.05,5.79,8,5,45,32,20,97,20,7,3,0,10,0,31,26,38,70,8,16,2,84,16,40,44,29,4,1.22,3.61,1.4,0,6,1,94.12,77,75.11,6,0.9,0.51,1.51,5.61,5.47,5.33,952,105,99,143,605,142,138,134,538,2,7,164083,16,26,13,24,338.7,30.58,29.62,30.15,29.21,317,145,177,639,35,34,2,335,94,33,8.93,11.62,10.03,12,16,7,626.36,462,455.22,4.93,6.86,6.86,28.65,28.35,27.83,330.28,31.56,30.02,32.19,30.59,312,142,187,641,38,37,5,331,89,34,9.4,11.42,10.73,16,14,8,658.45,454,463.96,4.54,8.59,8.59,27.5,27.98,27.4,143,160.74,2723,2819,0,0,0,0,0,0
8479398,2024,Samuel Girard,COL,D,all,73,91320,1957,36.27,0.49,0.54,0.51,0.55,0.51,0.55,212,99.03,3.88,5.25,29.33,3.39,56.16,43,3.83,3.9,3.84,10,11,95,46,86,227,24,3,7,0,21,1,43,66,92,138,7,14,0,62,24,86,132,8,1,2.69,0.89,0.3,1,1,1,227.55,141,141.95,47,1.09,1.6,0.06,4.91,4.93,4.86,1957,191,222,294,1250,238,265,248,1206,0,0,173205,14,18,9,111,751.11,68.93,67.09,68.98,67.15,682,367,425,1474,74,57,12,780,200,69,22.64,24.27,22.01,24,26,24,1475.14,1049,1047.53,10.06,12.82,12.88,66.11,66.22,65.42,744.97,71.29,67.94,71.3,67.98,693,319,420,1432,78,85,13,737,194,81,19.63,25.36,26.29,27,31,20,1432.45,1012,1014.62,10.93,19.25,19.25,62.96,63.16,62.17,162.4,136.17,3156,2571,0,0,0,0,0,0
8478099,2024,Kevin Labanc,CBJ,R,all,34,21409,455,11.74,0.57,0.49,0.54,0.49,0.55,0.49,367,42.95,2.54,2.43,11.04,1.43,24.15,18.41,2.19,2.58,2.25,2,8,35,25,33,93,12,2,3,0,10,0,20,25,33,58,6,12,0,29,6,14,55,2,3,1.46,0.21,0.87,0,1,1,93.31,60,60.57,3,0.5,0.72,0.48,2.56,2.59,2.25,455,47,41,74,293,90,68,73,224,0,3,102776,12,4,2,14,186.89,15.67,14.26,15.76,14.37,168,90,126,384,15,23,1,208,22,28,5.18,2.73,7.76,6,5,4,387.78,258,260.53,2.51,4.71,4.71,13.48,13.63,13.05,149.17,11.83,11.43,11.75,11.34,139,70,114,323,13,16,2,161,43,5,4.65,5.42,1.76,5,8,0,319.61,209,207.6,1.94,2.52,2.52,11.26,11.16,11.02,83.97,87.18,1640,1730,0,0,0,0,0,0
8474870,2024,Tyler Johnson,BOS,C,all,9,7062,167,0.78,0.41,0.51,0.48,0.53,0.48,0.53,74,7.27,0.36,0.42,1.97,0.23,3.93,3.09,0.35,0.34,0.33,1,1,6,4,6,16,2,0,1,0,0,0,2,7,6,10,5,10,7,5,0,2,9,1,0,0.23,0.14,0,0,0,0,15.32,10,9.45,0,0.08,0.08,0,0.45,0.42,0.4,167,12,14,22,119,30,22,28,87,7,4,25639,10,6,3,2,50.44,3.9,3.74,3.87,3.71,41,30,28,99,5,4,0,62,5,4,1.66,0.58,1.66,2,1,2,97.34,71,70.22,0.71,0.8,0.8,3.8,3.77,3.71,56.59,5.71,5.59,5.79,5.66,50,27,30,107,5,2,0,58,13,6,1.79,1.72,2.19,2,1,2,109.41,77,78.18,0.73,0.65,0.65,5.78,5.8,5.75,20.05,19.57,423,381,0,0,0,0,0,0
8480015,2024,Owen Tippett,PHI,R,all,77,73882,1611,46.66,0.56,0.5,0.54,0.46,0.56,0.48,454,213.68,15.91,13.7,50.7,7,120.05,87.63,15.55,16.02,15.65,16,7,188,107,129,424,43,20,22,0,37,2,85,129,168,275,7,16,7,115,32,58,238,51,6,7.03,6.7,2.19,11,8,1,422.6,295,295.97,21,2.98,4.49,0.91,18,18.07,17.71,1611,283,129,241,958,197,204,235,975,7,11,207534,16,20,10,63,687.5,67.62,63.57,67.96,63.86,620,328,366,1314,73,66,7,704,163,81,19.81,20.31,27.5,22,31,20,1307.61,948,945.96,10.77,14.66,14.9,63.48,63.53,61.11,545.38,52.74,50.74,53.76,51.68,502,255,364,1121,69,42,5,586,110,61,16.76,13.7,22.27,26,19,24,1147.68,757,773.2,7.19,10.07,10.07,49.86,50.69,50,171.24,170.21,3003,3489,0,0,0,0,0,0
8481609,2024,Vladislav Kolyachonok,PIT,D,all,35,27336,671,5.6,0.52,0.45,0.49,0.48,0.48,0.48,201,24.21,1.14,1.24,6.59,0.77,13.33,9.94,1.1,1.14,1.1,3,2,20,13,24,57,7,2,2,0,3,0,11,15,18,31,4,10,0,27,6,32,30,2,1,0.54,0.26,0.34,1,1,0,57.4,33,33.28,21,0.25,0.56,0.34,1.06,1.06,1.05,671,65,50,76,480,76,93,91,411,0,0,100306,10,0,0,31,228.52,21.46,20.26,21.63,20.43,196,112,141,449,13,25,3,229,47,32,6.41,5.85,9.2,4,5,4,452.72,308,310.61,2.9,6.53,6.54,17.81,17.99,17.6,238.77,19.52,19.06,19.63,19.17,220,108,139,467,28,20,3,253,55,20,7.14,6.77,5.59,13,9,6,467.22,328,328.65,3.12,3.4,3.4,19.24,19.33,19.06,81.99,98.9,1581,1718,0,0,0,0,0,0
8482762,2024,Simon Edvinsson,DET,D,all,78,98850,1970,30.1,0.47,0.51,0.46,0.5,0.46,0.51,209,92.17,5.89,5.03,26.01,3.15,51.86,39.06,5.78,5.87,5.76,14,10,86,45,84,215,31,7,12,0,19,0,39,54,79,124,22,47,0,86,26,91,117,7,7,2.46,0.82,2.62,4,1,2,213.49,131,130.66,57,1.07,2.39,1.13,5.84,5.83,5.76,1970,189,288,285,1208,256,256,284,1174,0,0,185187,47,27,12,144,766.35,77.71,74.19,77.77,74.28,676,378,405,1459,72,83,8,767,203,84,21.67,25.38,30.66,21,27,24,1458.14,1054,1055.04,10.31,18.28,17.33,70.69,70.88,69.85,885.5,88.57,83.73,89.11,84.23,788,433,489,1710,82,93,9,878,244,99,25.7,29.87,32.99,29,28,25,1714.87,1221,1224.06,13.52,20,20,82.08,82.47,79.95,172.49,164.35,3021,3009,0,0,0,0,0,0
8477934,2024,Leon Draisaitl,EDM,C,all,71,91664,1552,119.47,0.66,0.45,0.63,0.47,0.63,0.48,139,252.68,31.42,17.29,51.96,8.01,137.15,94.17,29.72,31.59,29.87,30,24,241,99,77,417,106,52,26,4,31,0,107,124,189,288,17,34,650,23,35,88,221,92,27,8.38,10.73,12.3,16,22,14,418.16,340,341.39,22,4.02,6.82,3.88,31.56,31.68,30.55,1552,332,175,272,773,170,185,300,897,650,546,166187,34,60,29,27,1108.53,127.9,119.88,128.63,120.49,1060,443,501,2004,130,128,16,1052,305,146,32.73,37.9,57.26,38,46,46,2012.74,1503,1511.95,17.78,30.04,30.12,115.56,116.06,112.36,645.86,65.88,63.23,65.77,63.11,590,291,288,1169,57,63,8,644,168,69,19.54,21.14,25.2,28,15,14,1165.85,881,880.11,8.56,13.19,13.19,61.24,61.04,59.3,108.89,131.44,2446,2719,0,0,0,0,0,0
8474565,2024,Alex Pietrangelo,VGK,D,all,71,95433,1833,41.23,0.48,0.58,0.48,0.53,0.49,0.54,128,141.94,7.33,7.87,38.7,4.79,81.18,62.14,6.94,7.29,6.91,14,15,123,79,89,291,33,4,15,0,31,0,58,94,119,198,8,16,0,41,25,106,185,12,5,4.11,1.28,1.93,3,0,1,292.08,202,201.85,69,1.67,3.47,0.14,8.86,8.82,8.42,1833,235,300,284,1014,247,212,296,1078,0,0,162133,16,16,8,139,859.68,86.88,82.39,87.23,82.75,778,405,408,1591,79,83,8,868,211,104,26.05,25.69,35.15,28,28,23,1606.71,1183,1191.14,12.19,16.67,16.28,82.79,83.21,80.54,894.04,92.61,85.61,92.91,85.92,757,476,502,1735,86,96,17,910,216,107,26.22,26.58,39.82,28,26,32,1733.29,1233,1235.04,13.78,22.67,22.67,83.71,84.08,80.39,153.72,110.64,2761,2418,0,0,0,0,0,0
8478109,2024,Victor Olofsson,VGK,L,all,56,48711,995,36.93,0.63,0.52,0.57,0.51,0.57,0.52,409,112.2,11.78,6.96,26.38,3.75,62.58,43.56,11.4,11.93,11.56,10,4,109,46,56,211,29,15,13,0,29,1,47,50,94,140,8,16,1,26,8,25,112,33,10,3.84,3.76,4.17,7,4,4,214.34,155,157.93,8,1.56,2.97,1.5,11.84,12.02,11.82,995,155,104,161,575,141,123,127,604,1,6,154708,16,10,4,19,460.93,47.9,45.62,48.58,46.27,423,203,246,872,50,49,7,465,96,65,14.05,11.87,21.98,18,15,17,882.56,626,635.85,6.9,10.75,10.94,43.86,44.41,43.11,340.15,27.59,26.56,27.53,26.5,284,182,188,654,19,39,5,358,82,26,9.71,10.39,7.49,8,6,5,650.41,466,463.02,4.32,7.6,7.6,24.3,24.22,23.8,141.04,128.35,2580,2485,0,0,0,0,0,0
8480306,2024,Grant Hutton,NYI,D,all,13,10500,271,0.35,0.38,0.5,0.4,0.49,0.4,0.48,68,10.02,0.45,0.7,2.51,0.35,6.7,4.29,0.45,0.44,0.44,1,1,10,5,5,20,2,0,1,0,1,0,5,8,10,15,2,4,0,13,2,8,14,1,0,0.35,0.1,0,0,0,0,20.04,15,14.7,5,0.15,0.02,0,0.6,0.59,0.59,271,9,24,22,216,28,37,33,173,0,0,37026,4,0,0,12,63.75,6,5.9,6.04,5.94,62,27,30,119,5,7,1,69,14,6,2.28,1.61,2.12,1,2,2,119.27,89,88.7,0.95,1.35,1.35,5.59,5.61,5.58,99.21,9.84,9.39,10.08,9.62,90,46,45,181,7,10,0,101,22,13,3.2,2.62,4.03,4,2,1,185.86,136,139.45,1.65,2.11,2.11,9.38,9.58,9.38,30.25,30.59,588,622,0,0,0,0,0,0
8475170,2024,Brayden Schenn,STL,C,all,82,86400,1818,42.62,0.52,0.47,0.51,0.48,0.51,0.48,324,159.76,22.33,11.08,35.17,5.34,83.34,58.72,21,22.45,21.1,20,12,145,71,63,279,50,18,15,4,27,2,74,80,127,198,23,61,618,194,13,56,140,45,31,4.66,6.05,11.63,5,6,7,279.66,216,216.16,19,2.55,3.74,7.48,17.4,17.44,16.79,1818,304,259,235,1020,234,235,292,1057,618,564,212483,61,43,14,55,727.79,75.7,72.23,76.08,72.59,696,300,442,1438,85,75,14,729,181,86,20.99,22.69,32.02,33,26,26,1444.22,996,999.39,11.12,17.77,17.77,69.04,69.29,67.69,697.07,68.91,64.89,68.91,64.9,651,313,415,1379,74,69,5,711,173,80,20.58,20.72,27.61,28,27,19,1375.1,964,965.46,9.94,13.17,13.17,65.67,65.72,63.24,146.56,162.35,3063,3364,0,0,0,0,0,0
8483398,2024,Declan Carlile,TBL,D,all,3,2341,57,1.68,0.5,0.6,0.54,0.56,0.54,0.56,18,4.01,0.13,0.23,1.09,0.13,2.65,1.77,0.13,0.14,0.14,0,0,3,3,2,8,1,1,0,0,0,0,3,2,2,5,0,0,0,1,0,3,6,0,0,0.13,0,0,1,0,0,8.41,6,6.48,2,0.05,0,0,0.18,0.19,0.19,57,10,2,8,37,7,12,5,33,0,0,8459,0,0,0,2,20.73,1.48,1.41,1.47,1.4,18,13,6,37,2,4,0,27,3,1,0.84,0.37,0.26,2,0,0,37.58,31,31.64,0.3,0.42,0.42,1.35,1.35,1.34,18.9,1.46,1.43,1.46,1.44,16,10,6,32,0,0,0,19,6,1,0.43,0.74,0.29,0,0,0,31.58,26,25.72,0.26,0,0,1.71,1.72,1.69,11.14,7.38,155,123,0,0,0,0,0,0
8471709,2024,Marc-Edouard Vlasic,SJS,D,all,27,23693,516,-1.2,0.39,0.42,0.4,0.46,0.42,0.47,144,22.06,0.69,1.12,6.8,0.8,13.04,9.54,0.67,0.69,0.66,1,1,20,12,20,52,3,1,2,0,6,0,7,16,19,31,1,2,0,4,4,26,31,1,0,0.6,0.1,0,0,1,0,51.41,32,31.23,19,0.23,0.57,0.03,0.89,0.88,0.86,516,40,51,69,356,47,77,71,321,0,0,74744,2,2,1,40,159.29,13.2,12.66,13.18,12.65,153,68,77,298,9,17,2,170,34,17,4.52,4.04,4.64,6,2,1,294.25,221,218.89,2.13,3.5,3.5,11.83,11.8,11.59,219.69,20.94,19.63,21.28,19.92,199,102,150,451,25,26,3,216,61,24,6.6,7.45,6.89,8,11,6,463.8,301,306.62,3.16,5.39,5.39,18.7,18.92,18.21,55.26,76.19,1148,1327,0,0,0,0,0,0
8480813,2024,Joe Veleno,CHI,C,all,74,53805,1175,8.15,0.42,0.47,0.43,0.48,0.43,0.48,724,76.48,8.24,5.37,18.78,2.64,40.81,30.15,7.96,8.13,7.86,3,6,75,31,35,141,17,8,16,1,11,0,34,37,67,98,7,17,201,139,13,44,73,23,10,2.22,2.94,3.08,2,5,1,140.17,106,105.23,16,1.13,3.58,3.08,6.29,6.24,6.19,1175,112,137,183,743,186,174,151,664,201,228,216200,17,17,7,44,353.74,32.74,31.55,32.6,31.41,318,171,212,701,22,37,2,374,82,33,10,10.63,12.11,6,11,5,696.17,489,487.01,4.59,8.27,8.27,29.06,28.9,28.54,467.89,44.83,43.42,45.04,43.64,434,210,287,931,51,40,3,465,134,45,13.01,16.68,15.13,22,20,9,937.23,644,646.16,6.84,8.97,9.19,42.48,42.77,42.13,190.01,210.38,3357,3595,0,0,0,0,0,0
8479977,2024,Kailer Yamamoto,UTA,R,all,12,8721,201,6.34,0.71,0.55,0.62,0.52,0.6,0.53,123,16.56,3.09,1.16,3.72,0.57,7.92,5.53,2.7,3.13,2.73,1,0,13,9,4,26,3,2,3,0,5,0,7,5,11,20,1,2,2,9,1,8,10,8,4,0.54,1.13,1.42,1,1,0,26.71,22,22.43,2,0.25,1.03,1.6,1.74,1.77,1.72,201,22,21,21,137,37,31,35,98,2,0,35203,2,8,3,4,98.93,12.95,11.61,12.9,11.55,83,50,51,184,6,14,0,86,29,18,2.39,3.92,6.65,3,1,2,185.47,133,133.42,1.33,3.72,3.72,10.57,10.54,9.81,65.1,5.31,4.95,5.32,4.96,61,28,22,111,3,7,2,67,18,4,1.81,2.4,1.11,1,1,1,112.19,89,89.94,0.81,1.57,1.57,4.56,4.56,4.3,33.92,27.88,565,528,0,0,0,0,0,0
8478147,2024,Bokondji Imama,PIT,L,all,16,5439,138,0.65,0.33,0.46,0.45,0.47,0.47,0.47,188,8.46,0.35,0.45,2.11,0.28,5.06,3.75,0.35,0.34,0.34,0,0,10,2,1,13,1,1,1,0,4,0,3,3,9,11,7,20,0,45,0,3,12,0,0,0.35,0,0,1,0,0,12.9,12,11.86,1,0.1,0.17,0,0.44,0.43,0.43,138,10,5,23,100,25,25,13,75,0,0,53107,20,10,2,7,43.35,2.15,2.13,2.15,2.13,35,25,20,80,4,1,0,56,4,0,1.58,0.57,0,3,1,0,80.2,60,60.43,0.51,0.17,0.17,2.48,2.5,2.49,49.68,4.33,3.87,4.27,3.82,46,22,30,98,2,5,0,54,8,6,1.44,1.07,1.82,2,0,0,96.1,68,67.34,0.65,1.59,1.59,3.39,3.34,3.26,43.62,50.77,826,942,0,0,0,0,0,0
8482655,2024,J.J. Moser,TBL,D,all,54,61083,1307,16.8,0.49,0.54,0.48,0.53,0.48,0.53,181,57.32,2.61,3.27,16.78,1.88,32.18,24.28,2.55,2.67,2.6,4,8,48,33,65,146,14,2,5,0,17,0,33,24,46,79,11,22,0,34,23,45,73,6,2,1.39,0.76,0.46,1,1,0,149.78,81,82.64,26,0.67,0.98,0.63,2.65,2.71,2.64,1307,116,160,153,878,191,182,169,765,0,0,135482,22,8,4,70,483.11,49.52,47.84,50.15,48.44,445,217,276,938,59,47,4,482,130,50,14.68,16.27,18.57,25,18,16,960.63,662,672.39,6.6,9.54,9.67,46.44,47.03,46.27,520.91,51.4,48.06,50.81,47.54,511,193,312,1016,44,58,3,506,131,67,14.48,16.03,20.89,19,13,12,997.78,704,697.23,7.93,12.52,12.52,46.82,46.52,45.2,124.77,106.98,2290,1998,0,0,0,0,0,0
8484779,2024,Jett Luchanko,PHI,C,all,4,3373,76,-1.21,0.5,0.51,0.44,0.47,0.43,0.51,32,4.56,1.04,0.34,1.08,0.17,1.98,1.38,0.98,1.11,1.04,0,0,3,3,4,10,0,0,1,0,0,0,2,3,3,6,1,2,17,6,1,1,2,1,3,0.05,0.1,0.89,0,0,0,10.37,6,6.32,0,0.07,0.24,0.62,0.49,0.53,0.52,76,12,4,12,48,8,13,13,42,17,20,11383,2,2,1,0,22.06,1.9,1.83,1.97,1.9,19,12,10,41,1,2,0,26,2,3,0.82,0.19,0.89,1,0,0,41.16,31,31.37,0.36,0.62,0.62,1.64,1.67,1.66,29.81,1.9,1.88,1.85,1.82,28,13,11,52,4,2,1,36,4,1,0.97,0.56,0.37,3,0,1,52.2,41,40.93,0.34,0.57,0.57,1.68,1.63,1.62,8.81,8.55,182,206,0,0,0,0,0,0
8484241,2024,Matthew Wood,NSH,R,all,6,4169,103,1.24,0.56,0.45,0.54,0.51,0.49,0.51,65,10.18,1.08,0.63,2.04,0.33,5.85,4.06,1.05,1.08,1.05,1,0,8,6,3,17,1,0,2,0,5,0,4,3,8,14,1,2,1,2,2,5,8,5,1,0.29,0.55,0.25,0,0,0,17.08,14,14.08,1,0.15,1.23,0,1.23,1.23,1.19,103,16,16,20,51,21,13,8,61,1,2,17847,2,0,0,2,34.64,4.15,3.82,4.08,3.75,29,18,25,72,2,2,1,31,13,3,1.06,1.61,1.49,0,1,1,71.81,47,46.84,0.54,1.23,1.25,3.43,3.39,3.3,35.54,3.2,3.12,3.25,3.17,36,13,12,61,2,4,1,34,11,4,0.97,1.16,1.07,0,1,1,61.45,49,49.4,0.47,0.42,0.42,3.26,3.31,3.24,15.56,18.71,300,290,0,0,0,0,0,0
8483450,2024,Ryan Greene,CHI,C,all,2,1584,36,0.06,0.22,0.56,0.4,0.48,0.39,0.45,17,2.96,0.29,0.2,0.64,0.09,1.6,1.17,0.29,0.3,0.3,0,0,1,3,4,8,0,0,0,0,0,0,2,2,1,4,0,0,6,0,0,3,2,2,0,0.05,0.25,0,0,0,0,8.1,4,4.04,1,0.04,0,0,0.33,0.35,0.34,36,1,5,9,21,5,3,3,25,6,12,5964,0,0,0,3,8.01,0.47,0.46,0.49,0.49,5,6,7,18,0,0,0,9,2,0,0.23,0.25,0,0,0,0,18.58,11,11.33,0.1,0,0,0.57,0.6,0.59,11.8,1.67,1.61,1.61,1.56,7,10,10,27,0,1,0,10,3,4,0.39,0.39,0.89,0,0,0,26.44,17,16.74,0.17,0.25,0.25,1.58,1.52,1.49,7.15,5.7,91,100,0,0,0,0,0,0
8481533,2024,Trevor Zegras,ANA,C,all,57,58274,1099,21.95,0.51,0.44,0.52,0.44,0.51,0.44,235,112.5,11.63,7.71,25.49,3.66,60.78,43.79,11.24,11.6,11.19,13,7,98,56,43,197,32,12,13,3,22,1,44,62,86,142,10,23,68,50,13,51,114,26,14,4,3.19,4.45,4,5,3,195.79,154,153.19,16,1.71,3.11,2.95,10.32,10.28,10.08,1099,196,108,143,652,190,208,173,528,68,118,149628,23,13,6,27,561.76,54.3,51.84,54.22,51.78,484,293,294,1071,46,56,6,564,157,56,17.22,19.69,17.39,19,19,8,1069.88,777,777.16,8.88,12.76,12.76,50.36,50.38,49.16,537.57,51.97,50.23,52.34,50.59,497,242,233,972,45,45,10,536,142,61,16.06,18.27,17.63,11,19,15,979.23,739,744.3,7.27,8.05,8.05,51.19,51.5,50.49,117.11,148.82,2293,2961,0,0,0,0,0,0
8471724,2024,Kris Letang,PIT,D,all,74,104453,2014,31.35,0.46,0.49,0.48,0.51,0.48,0.51,122,167.69,9.1,9.57,46.92,5.76,94.9,69.74,8.38,9.09,8.36,8,13,164,72,125,361,30,9,25,1,24,0,81,97,155,227,25,52,0,120,37,100,213,15,8,4.67,1.61,2.83,5,2,2,356.19,236,233.92,64,2.08,4.92,1.63,9.56,9.54,8.96,2014,214,282,344,1174,201,258,300,1255,0,0,164862,52,32,16,100,858.9,87.33,83.13,87.22,83.01,789,396,478,1663,84,98,12,877,207,101,24.96,25.78,36.59,27,22,35,1651.14,1185,1179.82,12.95,20.75,19.78,80.5,80.44,78.11,944.78,101.25,97.09,102.05,97.86,870,429,487,1786,102,111,13,937,243,119,27.09,30.56,43.6,28,37,37,1801.62,1299,1308.02,14.3,23.33,23.33,92.22,93.02,91,144.35,148.03,2799,2662,0,0,0,0,0,0
8482146,2024,Luke Evangelista,NSH,R,all,68,56596,1182,39.17,0.58,0.49,0.58,0.5,0.59,0.49,528,129.83,13.98,8.84,30.75,4.31,66.61,47.51,13.17,14.04,13.23,10,12,134,38,39,211,32,10,8,3,30,0,57,67,124,162,11,22,0,28,16,37,120,36,16,3.3,5.05,5.64,0,5,5,209.93,172,171.21,7,1.93,1.98,4.33,11.59,11.66,11.45,1182,150,76,166,790,197,163,172,650,0,3,189807,22,32,16,13,550.69,51.77,48.8,51.74,48.78,526,226,278,1030,42,68,8,549,145,58,14.82,18.18,18.77,9,20,13,1023.36,752,749.11,8.14,15.11,15.07,44.85,44.91,43.77,382.27,37.33,35.88,37.31,35.89,373,152,217,742,36,43,5,373,105,47,10.25,12.83,14.25,11,12,13,749.18,525,528.58,5.33,8.55,8.55,34.11,34.24,33.93,166.07,173.16,3080,3124,0,0,0,0,0,0
8481719,2024,Maxwell Crozier,TBL,D,all,5,5007,101,1.25,0.58,0.54,0.52,0.51,0.5,0.54,23,8.8,0.4,0.47,2.98,0.28,4.6,3.28,0.37,0.4,0.38,0,0,8,4,7,19,0,0,1,0,1,0,4,6,8,12,0,0,0,11,0,6,11,0,1,0.16,0,0.24,0,0,0,19.26,12,12.07,4,0.1,0.14,0.24,0.26,0.26,0.24,101,10,11,17,63,11,14,12,64,0,0,13051,0,0,0,6,44.74,4.31,4.25,4.44,4.38,38,23,23,84,3,3,0,42,12,7,1.04,1.56,1.72,0,2,1,86.48,61,61.82,0.64,0.53,0.53,4.42,4.55,4.49,43.96,3.12,3.01,3.01,2.92,40,22,15,77,3,4,0,54,7,1,1.8,0.96,0.36,2,1,0,75.59,62,61.28,0.55,0.67,0.67,3,2.93,2.9,15.1,13.1,211,202,0,0,0,0,0,0
8484152,2024,Luca Cagnoni,SJS,D,all,6,6351,118,0.17,0.43,0.4,0.49,0.41,0.46,0.42,26,8.62,0.5,0.57,2.15,0.28,5.04,3.45,0.49,0.5,0.49,0,2,7,5,11,23,2,0,0,0,4,0,4,4,7,12,3,8,0,1,2,5,10,2,0,0.26,0.24,0,0,0,0,22.13,12,11.62,3,0.12,0,0,0.63,0.62,0.6,118,22,7,18,71,7,20,21,70,0,0,15831,8,4,2,9,45.53,3.66,3.47,3.63,3.45,38,25,36,99,3,3,0,52,8,3,1.86,0.91,0.89,2,0,1,96.05,63,61.92,0.71,0.25,0.25,4.12,4.09,3.95,52.71,4.9,4.75,5.04,4.87,45,30,27,102,5,5,0,55,15,5,1.58,1.87,1.45,2,3,0,106.03,75,76.55,0.73,0.7,0.7,4.94,5.07,4.97,12.54,18.91,226,326,0,0,0,0,0,0
8483930,2024,Ivan Ivan,COL,C,all,40,24090,560,8.55,0.53,0.53,0.55,0.52,0.54,0.52,379,35.74,5.48,2.73,8.47,1.28,18.63,13.42,5.13,5.39,5.06,1,2,34,16,15,65,8,5,7,1,3,0,20,15,29,45,4,8,56,12,2,22,28,15,7,1.07,1.97,2.43,3,0,2,63.51,50,49.16,5,0.65,1.73,2.37,3.76,3.73,3.65,560,45,55,82,378,97,88,64,311,56,81,120653,8,2,1,9,183.34,18.58,16.43,18.57,16.42,167,89,122,378,17,27,3,190,49,17,5.49,6.17,6.94,10,4,3,374.23,256,255.08,2.67,5.87,5.72,15.53,15.55,14.54,157.24,16.18,15.55,16.23,15.61,149,71,95,315,22,14,3,164,37,19,4.38,4.28,7.51,5,7,10,318.25,220,221.5,2.09,3.04,3.04,15.22,15.25,15.07,114.95,101.21,2130,1935,0,0,0,0,0,0
8478519,2024,Anthony Cirelli,TBL,C,all,80,89714,1846,71.34,0.56,0.51,0.53,0.5,0.52,0.5,332,173.08,28.34,12.67,36.35,6.01,84.18,66.44,26.78,28.65,27.05,16,16,161,73,58,292,59,27,17,4,30,0,84,76,134,207,13,28,647,25,21,66,126,72,36,4.72,9.14,14.48,4,11,12,295.44,234,235.98,21,2.85,4.49,6.07,25.12,25.24,24.5,1846,257,351,354,884,318,224,298,1006,647,645,201041,28,44,22,72,833.79,102.29,97.76,103.44,98.84,741,400,484,1625,104,84,11,775,246,120,24.29,31.22,46.78,29,36,39,1653.38,1141,1156.67,12.85,19.73,19.73,95.41,96.32,94.01,757.79,80.92,74.11,80.52,73.75,698,345,398,1441,74,66,9,780,175,88,22.92,21.36,36.64,28,19,27,1425.19,1043,1036.67,11.83,13.46,13.46,79.29,79.04,74.28,164.65,157.67,3166,3141,0,0,0,0,0,0
8482116,2024,Tim Sttzle,OTT,C,all,82,97480,1987,80.87,0.6,0.44,0.61,0.45,0.62,0.45,196,170.35,20.2,12.68,35.77,5.36,96.05,59.94,19.55,20.25,19.61,27,28,162,68,96,326,79,24,23,1,21,1,88,73,138,206,18,36,195,130,23,69,148,61,21,5.33,6.85,8.02,8,8,8,326.35,230,229.79,16,2.92,5.4,2.99,20.14,20.19,19.7,1987,467,106,271,1143,287,297,343,1060,195,213,199855,36,68,34,45,1048.87,102.95,97.92,103.14,98.08,983,461,527,1971,117,101,16,1056,276,112,31.13,32.81,39.01,42,44,31,1972.82,1444,1445.11,17.88,19.03,19.03,101.81,101.85,98.52,635.69,68.17,65.45,68.39,65.68,607,272,358,1237,67,59,7,655,137,87,18.84,17.96,31.38,21,19,27,1239.46,879,880.65,8.34,12.71,12.71,63.81,63.97,62.6,149.07,187.52,2969,3583,0,0,0,0,0,0
8482102,2024,Vasily Ponomarev,PIT,C,all,7,4212,92,-0.09,0.29,0.51,0.42,0.52,0.39,0.5,77,7.25,0.34,0.37,1.68,0.21,4.03,3.38,0.34,0.33,0.33,0,0,8,2,3,13,0,0,0,0,3,0,4,3,8,10,1,2,14,5,3,4,9,1,0,0.2,0.14,0,0,0,0,13.18,10,9.93,1,0.07,0,0,0.41,0.4,0.4,92,2,11,13,66,14,16,10,52,14,13,21526,2,0,0,2,23.64,1.39,1.39,1.38,1.38,25,8,16,49,1,0,0,28,4,1,0.65,0.52,0.22,0,1,0,49.62,33,32.57,0.26,0,0,1.65,1.64,1.64,36.84,3.34,3.13,3.44,3.22,36,15,18,69,3,4,0,39,8,4,0.98,1.02,1.35,1,1,1,71.29,51,52.73,0.59,0.79,0.79,3.14,3.23,3.15,20.49,19.45,375,347,0,0,0,0,0,0
8481655,2024,Cole Schwindt,VGK,R,all,42,23326,564,5.77,0.52,0.53,0.44,0.51,0.45,0.51,475,37.46,4.67,2.72,8.68,1.27,19.3,14.37,4.48,4.63,4.44,2,5,32,19,17,68,8,1,7,0,9,0,13,21,31,50,0,0,110,41,6,21,34,9,8,1.26,1.19,2.22,0,0,1,68.78,51,51.15,7,0.58,1.4,1.57,3.69,3.71,3.64,564,49,41,104,370,85,79,55,345,110,108,129270,0,16,8,17,164.12,16.33,15.58,16.45,15.71,153,71,81,305,15,23,2,153,49,22,4.55,5.88,5.9,4,8,3,311.32,224,228.05,2.25,4.83,4.83,13.74,13.87,13.67,196.1,14.89,14.55,15.03,14.69,166,109,116,391,12,13,1,219,44,12,6.09,5.44,3.35,5,6,1,391.81,275,276.43,2.51,1.79,1.79,15.6,15.77,15.58,125.86,109.52,2213,2167,0,0,0,0,0,0
8474149,2024,Evgenii Dadonov,DAL,R,all,80,64960,1440,35.37,0.54,0.51,0.51,0.5,0.5,0.49,692,139.46,18.84,10.06,32.38,5.02,71.63,50.07,18.04,18.97,18.18,12,8,123,65,46,234,40,20,16,2,22,1,55,74,103,168,5,10,0,44,9,66,112,54,22,3.39,6.84,8.61,6,8,6,237.36,188,190.65,15,2.22,3.73,4.64,16.42,16.62,16.28,1440,221,155,223,841,207,229,214,790,0,0,225046,10,14,7,39,568.03,57.65,55.1,58.08,55.52,505,270,317,1092,63,71,10,545,172,58,15.82,22.39,19.44,19,26,18,1102.83,775,782.56,8.48,12.71,12.71,53.41,53.81,52.58,560.47,48.44,47.21,48.01,46.8,489,284,289,1062,53,45,6,588,134,51,17.03,15.71,15.71,21,19,13,1043.54,773,762.53,7.24,8.71,8.64,47.04,46.6,45.87,206.8,198.14,3721,3672,0,0,0,0,0,0
8481711,2024,Matias Maccelli,UTA,L,all,55,45304,997,25.45,0.52,0.5,0.58,0.49,0.57,0.5,446,105,8.77,6.47,26.05,3.54,56.65,40.52,8.22,8.73,8.19,7,3,86,56,58,200,18,8,12,3,13,1,46,62,78,134,4,8,6,6,11,46,107,29,6,3.42,3.4,1.96,3,3,2,201.2,142,142.3,14,1.39,2.61,2.67,7.5,7.46,7.23,997,145,81,168,603,190,144,124,539,6,6,155300,8,12,6,10,442.71,36.63,34.92,36.79,35.08,377,232,251,860,25,43,4,467,106,36,13.06,12.27,11.3,5,13,7,863.95,609,611.66,5.92,8.54,8.54,34,34.12,33.32,347.03,34.14,33.4,34.24,33.5,318,150,164,632,34,27,3,343,93,32,10.07,11.62,12.45,12,13,9,631.56,468,468.69,4.22,6.02,6.02,32.34,32.6,32.27,137,136.11,2505,2602,0,0,0,0,0,0
8482213,2024,Riley Duran,BOS,C,all,2,1527,37,1.07,0.6,0.65,0.74,0.56,0.71,0.57,20,3.83,0.12,0.24,1.06,0.17,2.52,1.87,0.12,0.12,0.12,0,0,5,1,2,8,0,0,0,0,2,0,2,2,5,6,1,2,1,6,0,1,6,0,0,0.12,0,0,0,0,0,8.32,6,6.29,0,0.05,0,0.01,0.16,0.16,0.16,37,2,3,12,20,10,4,5,18,1,1,5673,2,2,1,0,13.06,0.67,0.66,0.67,0.65,14,6,6,26,0,1,0,18,2,0,0.48,0.19,0,0,0,0,27.13,20,20.68,0.17,0.01,0.01,0.83,0.83,0.81,6.11,0.45,0.45,0.45,0.45,7,1,1,9,1,0,0,6,2,0,0.11,0.33,0,0,1,0,8.54,8,7.73,0.08,0,0,0.52,0.53,0.53,7.56,4.02,93,74,0,0,0,0,0,0
8483485,2024,Denton Mateychuk,CBJ,D,all,45,48695,956,8.95,0.44,0.51,0.45,0.5,0.46,0.5,188,50.72,2.25,2.99,13.95,1.76,29.6,21.45,2.2,2.24,2.19,7,2,44,28,39,111,13,4,2,1,7,0,20,39,40,68,9,20,0,26,19,35,68,4,0,1.67,0.58,0,3,1,0,111.44,72,71.93,23,0.65,0.14,0.32,2.58,2.56,2.53,956,96,121,153,586,116,126,145,569,0,0,115739,20,12,5,63,356.88,30.16,29.22,30.13,29.18,331,164,195,690,39,35,5,373,96,26,10.19,11.96,8.02,12,20,7,691.06,495,493.98,5.05,5.74,5.74,29.47,29.37,28.85,430.75,38.48,36.87,38.61,37.01,407,184,240,831,36,43,5,441,107,43,12.11,13.18,13.19,14,16,6,833.59,591,593.5,6.11,10.71,10.71,33.88,34.06,33.42,109.28,105.51,1999,2019,0,0,0,0,0,0
8480796,2024,Martin Fehrvry,WSH,D,all,81,92363,1743,31.25,0.42,0.57,0.42,0.54,0.43,0.54,323,85.32,3.95,4.39,24.93,2.81,48.68,36.24,3.86,3.92,3.84,10,10,76,45,78,199,25,5,11,1,22,0,34,49,71,116,11,25,0,139,11,61,113,6,2,2.28,0.77,0.91,4,0,1,199.42,121,121.17,43,0.88,1.84,1.13,3.71,3.7,3.66,1743,90,334,288,1031,217,188,230,1108,0,0,202571,25,21,8,150,668.23,70.11,67.47,70.96,68.3,588,340,370,1298,71,65,8,662,191,75,19.36,24.47,26.29,25,24,22,1319.26,928,942.53,8.8,13.55,13.46,65.44,66.21,64.67,894.19,95.02,88.2,94.88,88.09,784,436,538,1758,85,105,11,858,243,119,23.54,30.63,40.86,21,29,35,1749.66,1220,1216.41,14.88,22.43,22.43,87.46,87.4,83.2,201.46,151.59,3542,3077,0,0,0,0,0,0
8481618,2024,Alex Newhook,MTL,C,all,82,74450,1442,15.85,0.51,0.44,0.49,0.46,0.49,0.46,522,147.04,17.93,10.19,33.05,4.98,75.7,55.15,17.26,17.99,17.3,6,5,118,79,67,264,26,15,11,2,24,2,65,80,103,182,12,24,239,89,15,38,109,71,17,4.42,8.68,4.83,8,2,5,261.62,197,196.63,7,2.23,2.59,3.26,16.9,16.9,16.51,1442,271,107,222,842,213,251,232,746,239,319,224463,24,18,9,32,610.01,61.74,59.49,61.46,59.2,530,304,350,1184,52,62,8,584,186,64,17.94,22.82,20.97,23,14,15,1174.93,834,829.61,8.96,15.22,15.22,55.48,55.11,54.03,624.59,60.03,58.18,60.85,58.98,557,296,367,1220,61,66,5,618,169,66,18.02,21.15,20.86,28,23,10,1230.4,853,860.73,8.29,13.31,13.31,55.01,55.72,55.14,179.48,224.76,3388,4017,0,0,0,0,0,0
8484135,2024,Parker Ford,WPG,C,all,3,1410,36,0.7,0.34,0.6,0.39,0.46,0.44,0.49,36,3.12,0.19,0.21,0.72,0.1,1.73,1.06,0.18,0.2,0.19,0,0,2,2,0,4,1,1,1,0,0,0,2,0,1,3,1,2,0,5,2,2,3,1,0,0.09,0.1,0,1,0,0,4.39,4,4.29,2,0.04,0.17,0.1,0.13,0.14,0.13,36,3,3,4,26,4,10,4,18,0,0,9507,2,0,0,1,8.45,0.67,0.66,0.72,0.7,6,6,3,15,2,2,0,9,3,0,0.24,0.42,0,2,0,0,16.36,12,12.98,0.11,0.28,0.28,0.5,0.55,0.54,10.91,1.28,1.1,1.24,1.07,9,6,8,23,1,1,0,9,4,2,0.17,0.43,0.68,1,0,0,21.28,15,14.23,0.17,0.47,0.47,0.98,0.94,0.9,11.23,7.48,147,171,0,0,0,0,0,0
8474568,2024,Luke Schenn,WPG,D,all,76,72747,1680,10.52,0.48,0.53,0.46,0.54,0.47,0.53,394,78.13,4.08,4.01,23.29,2.86,42.88,32.87,3.4,4.08,3.39,2,4,77,33,87,197,7,1,11,0,29,0,23,46,76,109,15,45,0,300,16,63,99,4,7,1.72,0.42,1.95,1,0,0,196.82,110,110.92,49,0.81,2.65,2.18,2.72,2.73,2.63,1680,69,179,254,1178,212,200,185,1083,0,0,202820,45,31,8,104,559.62,52.14,49.61,52.1,49.58,513,257,296,1066,38,64,8,559,154,57,15.42,19.78,16.94,12,14,12,1061.08,770,769.33,7.64,13.51,13.54,46.23,46.24,45.51,625.54,57.12,54.83,57.18,54.89,577,285,377,1239,53,53,6,642,166,54,18.82,20.81,17.49,25,15,13,1243.89,862,864.56,9.14,10.66,10.66,55.59,55.7,54.24,198.39,173.19,3627,3116,0,0,0,0,0,0
8477018,2024,Ben Hutton,VGK,D,all,11,8734,178,1.52,0.48,0.55,0.45,0.51,0.47,0.52,62,13.54,0.39,0.73,3.56,0.42,8.71,6.19,0.38,0.4,0.4,1,1,11,9,8,28,2,0,1,0,1,0,10,8,11,20,0,0,0,10,0,4,20,0,0,0.39,0,0,0,0,0,29.17,20,20.63,3,0.14,0.29,0,0.53,0.55,0.54,178,20,13,32,113,30,32,18,98,0,0,31495,0,0,0,19,69.43,5,4.84,5.24,5.08,61,34,35,130,4,7,1,77,13,5,2.02,1.6,1.39,1,2,1,135.86,95,98.39,0.85,1.53,1.55,4.29,4.49,4.41,77.92,5.32,5.05,5.1,4.85,68,40,51,159,4,5,0,95,8,5,2.97,1.07,1.28,3,1,0,153.24,108,104.09,0.95,0.89,0.89,5.38,5.18,5.05,32.41,26.57,544,524,0,0,0,0,0,0
8477810,2024,Joel Hanley,CGY,D,all,53,59086,1484,18.95,0.49,0.48,0.5,0.53,0.5,0.52,213,56.72,1.82,2.78,18.75,1.95,31.12,22.57,1.76,1.8,1.73,2,5,42,37,50,129,9,2,2,0,6,0,24,45,40,77,11,21,0,55,7,67,76,3,0,1.34,0.48,0,1,1,0,127.88,79,78.49,43,0.57,0.23,0.21,2.18,2.15,2.09,1484,119,196,204,965,137,154,145,1048,0,0,134982,21,17,7,90,471.33,39.66,38.04,39.74,38.12,438,217,296,951,40,40,8,513,99,43,13.35,12.94,13.38,19,8,13,947.88,655,655.69,6.04,7.49,7.49,38.21,38.29,37.66,471.95,40.65,38.81,40.91,39.04,423,229,305,957,33,48,2,503,113,36,14.32,14.24,12.09,16,11,6,959.3,652,654.6,6.91,10.29,10.31,37.26,37.31,36.51,112.25,121.23,2448,2197,0,0,0,0,0,0
8480817,2024,K'Andre Miller,NYR,D,all,74,97443,1943,29.05,0.48,0.5,0.48,0.51,0.48,0.51,148,118.23,5.77,6.19,32.53,3.83,66.57,52.1,5.39,5.76,5.38,11,9,110,57,94,261,27,7,16,0,25,1,55,63,103,160,11,22,0,107,47,97,154,9,4,3.18,1.12,1.47,7,0,0,260.82,167,167.94,70,1.31,4.85,0.71,6.37,6.37,5.96,1943,177,295,327,1144,235,216,281,1211,0,0,170744,22,14,7,110,795.66,82.18,78.1,82.96,78.78,712,382,422,1516,83,80,15,798,195,101,22.54,24.56,35.08,31,25,27,1522.89,1094,1101.5,10.92,19.45,19.99,73.11,73.5,71.83,881.74,89.25,85.2,89.37,85.34,789,407,446,1642,94,96,9,837,269,90,24.32,34.12,30.8,31,42,21,1638.61,1196,1194.87,13.44,17.17,17.17,85.53,85.63,83.26,152.88,153.85,2957,2889,0,0,0,0,0,0
8479369,2024,Andrew Peeke,BOS,D,all,76,84847,1821,11.25,0.43,0.49,0.43,0.51,0.42,0.5,298,91.4,3.34,4.43,27.96,2.99,50.29,37.98,3.26,3.29,3.21,9,7,80,47,78,205,17,1,5,0,22,0,53,46,79,126,6,15,0,105,15,98,124,2,1,2.46,0.35,0.53,0,0,1,201.8,127,125.75,68,0.9,1.28,0.21,4.03,3.98,3.89,1821,172,256,266,1127,213,270,218,1120,0,0,191516,15,9,3,126,585.45,53.59,50.67,53.69,50.71,544,256,364,1164,49,55,6,602,136,62,16.29,16.89,20.41,13,24,12,1153.99,800,797.46,7.57,12.98,12.64,48.52,48.5,47.63,789.66,70.29,67.49,70.66,67.86,722,365,447,1534,73,72,9,837,172,78,22.34,21.37,26.58,32,23,18,1549.22,1087,1097.64,11.35,14.86,14.87,66.78,67.09,65.17,165.72,173.09,3120,3054,0,0,0,0,0,0
8481527,2024,Kaedan Korczak,VGK,D,all,40,36176,760,12.35,0.57,0.52,0.49,0.5,0.5,0.5,225,34.11,1,1.63,9.81,1.07,19.18,15.31,0.99,1,0.99,5,5,34,14,39,87,10,0,5,0,3,0,20,20,34,48,1,2,0,59,7,36,48,0,0,1,0,0,0,0,0,87.76,48,48.03,21,0.33,0.64,0,1.32,1.33,1.31,760,84,70,139,467,118,99,86,457,0,0,109373,2,0,0,40,287.24,27.15,25.27,27.43,25.54,272,123,149,544,31,38,7,292,67,36,8.25,8.31,10.6,18,8,5,555.16,395,400.41,3.86,7.69,7.69,23.32,23.65,22.72,281.95,20.38,20.04,20.19,19.86,239,153,174,566,17,25,2,319,54,19,8.83,6.41,5.14,8,8,1,559.84,392,389.73,3.69,4.11,4.11,19.97,19.84,19.67,98.74,89.41,1798,1814,0,0,0,0,0,0
8484180,2024,Samuel Honzek,CGY,L,all,5,3718,83,-0.66,0.54,0.55,0.44,0.48,0.45,0.49,45,6.43,1.28,0.67,1.38,0.2,2.69,1.79,1.07,1.31,1.1,0,0,6,2,0,8,0,0,1,0,2,0,2,3,6,8,1,2,0,6,1,4,2,4,2,0.07,0.57,0.64,0,0,0,8.2,8,8.18,0,0.15,0.29,0.31,1.12,1.15,0.98,83,12,5,13,53,13,13,10,47,0,1,14375,2,2,1,2,30.83,3.22,3,3.25,3.03,28,14,18,60,2,2,0,32,6,4,0.97,0.83,1.41,1,0,1,60.51,42,42.47,0.46,0.6,0.6,3.07,3.11,2.93,37.43,2.77,2.77,2.75,2.74,35,17,24,76,3,1,0,42,8,2,1.24,1.08,0.46,1,1,1,76.05,52,51.97,0.49,0.05,0.05,3.21,3.19,3.18,13.24,10.84,228,243,0,0,0,0,0,0
8477450,2024,Jason Dickinson,CHI,C,all,59,55575,1229,8.85,0.32,0.47,0.38,0.47,0.36,0.47,317,68.09,8.18,4.36,15.37,2.22,35.4,28.46,7.75,8.18,7.76,4,5,56,38,56,150,16,7,4,0,14,1,21,47,49,87,11,28,453,102,13,26,65,20,9,2.21,2.33,3.64,2,4,1,149.57,94,93.69,8,0.93,0.83,1.88,7.24,7.28,6.94,1229,86,276,233,634,136,92,147,854,453,463,157852,28,34,14,53,298.86,27.46,26.16,27.29,26.02,287,127,209,623,30,30,1,316,65,33,8.35,8.23,10.87,13,9,8,613.45,414,409.22,3.96,5.57,5.57,25.86,25.79,24.89,538.22,58.61,54.26,58.99,54.59,500,242,272,1014,62,68,10,527,145,70,14.05,18.56,26,17,24,21,1022.15,742,747,9.39,13.97,13.97,54.02,54.26,52.2,118.02,133.82,2316,2653,0,0,0,0,0,0
8478013,2024,Jake Walman,EDM,D,all,65,88808,1697,45.7,0.5,0.45,0.51,0.47,0.52,0.47,128,166.62,9.76,9.81,45.49,5.75,96.93,72.27,8.75,9.77,8.75,16,17,164,76,142,382,40,7,16,0,33,2,78,104,157,233,20,42,0,57,27,80,219,15,6,4.9,1.74,3.12,4,2,1,376.54,240,238.09,51,2.21,3.33,1.73,10.23,10.23,9.89,1697,195,295,263,944,152,219,269,1057,0,0,147404,42,20,10,145,847.57,88.22,81.28,88.3,81.36,786,375,447,1608,85,98,12,840,222,99,24.34,27,36.88,35,26,24,1596.95,1161,1158.11,13.65,22.24,22.54,79.34,79.41,76.08,792.64,89,84.35,89.28,84.64,734,358,465,1557,95,82,12,767,221,104,23.94,26.85,38.21,34,32,29,1570.99,1092,1098.77,12.56,19.35,19.35,82.21,82.46,79.82,107.44,128.99,2273,2584,0,0,0,0,0,0
8477493,2024,Aleksander Barkov,FLA,C,all,67,81437,1651,83.76,0.61,0.53,0.63,0.53,0.62,0.52,159,171.55,21.84,12.12,38.59,5.7,94.96,61.78,20.17,21.89,20.22,27,24,149,86,67,302,71,20,16,3,28,0,92,79,129,215,8,16,580,87,34,52,151,56,28,4.96,6.51,10.37,5,7,8,304.52,235,236.48,25,2.9,3.79,4.89,19.86,19.88,18.96,1651,351,270,274,756,221,155,273,1002,580,446,162251,16,26,12,54,930.46,110.17,99.44,110.33,99.59,837,455,510,1802,93,114,13,905,251,136,25.59,30.14,54.44,25,31,37,1812.45,1292,1297.83,16.06,28.44,28.43,97.8,97.92,92.14,576.84,70.05,65.48,69.78,65.25,528,266,277,1071,67,51,5,577,131,86,16.18,16.09,37.78,16,19,32,1063.8,794,788.27,8.83,12.06,12.14,66.73,66.67,63.11,132.36,118.76,2747,2461,0,0,0,0,0,0
8482209,2024,Rory Kerins,CGY,C,all,5,3668,78,2.76,0.42,0.49,0.51,0.47,0.49,0.47,45,4.91,0.34,0.53,1.73,0.3,3.01,2.08,0.33,0.38,0.37,1,3,3,5,5,13,4,0,1,0,2,0,0,5,3,8,0,0,2,4,0,5,7,0,1,0.11,0,0.23,0,0,0,13.28,8,8.36,2,0.12,0.02,0.02,0.44,0.48,0.47,78,12,2,10,54,12,8,8,50,2,4,14332,0,2,1,2,31.46,2.14,2.11,2.27,2.24,27,18,19,64,5,2,1,38,4,3,0.73,0.58,0.83,2,1,2,65.28,45,46.13,0.5,0.25,0.25,2.38,2.5,2.48,33.36,2.96,2.8,2.84,2.69,26,21,15,62,1,4,0,35,9,3,0.86,1.06,1.04,1,0,0,59.53,47,45.04,0.44,1.21,1.21,2.19,2.1,2.07,12.6,13.13,238,271,0,0,0,0,0,0
8483569,2024,Wyatt Aamodt,COL,D,all,2,2054,44,0.83,0.35,0.49,0.37,0.51,0.42,0.55,9,2.88,0.13,0.16,0.74,0.1,1.62,1.25,0.13,0.13,0.13,0,0,3,1,2,6,1,1,0,0,0,0,2,1,2,3,0,0,0,6,1,3,4,0,0,0.13,0,0,1,0,0,5.77,4,3.86,2,0.03,0,0,0.16,0.16,0.16,44,1,4,9,30,3,6,3,32,0,0,5146,0,0,0,9,12.92,0.95,0.95,0.97,0.96,10,8,6,24,1,1,0,13,5,0,0.33,0.62,0,1,0,0,23.44,18,17.63,0.17,0.18,0.18,0.95,0.97,0.96,16.81,1.81,1.71,1.79,1.69,17,8,16,41,0,1,0,19,5,1,0.49,0.67,0.65,0,0,0,41.39,25,24.88,0.24,0.65,0.65,1.4,1.38,1.35,5.28,5.6,90,85,0,0,0,0,0,0
8478502,2024,Dennis Gilbert,OTT,D,all,29,18231,457,3.27,0.4,0.49,0.46,0.53,0.44,0.52,180,11.28,0.35,0.66,3.39,0.44,7.06,5.11,0.33,0.34,0.32,2,4,9,8,13,30,6,0,0,0,2,0,6,9,9,17,14,40,0,63,6,13,17,0,0,0.35,0,0,0,0,0,29.16,17,16.76,10,0.13,0,0,0.48,0.47,0.45,457,38,45,84,290,67,66,55,269,0,0,87063,40,32,10,36,120.73,9.42,9.29,9.28,9.15,104,66,91,261,14,7,0,130,36,4,3.76,4.6,1.06,7,7,0,257.35,170,168.3,1.7,1.53,1.15,9.96,9.85,9.76,156.79,13.93,13.5,13.91,13.49,141,75,93,309,19,14,2,164,40,12,5.05,5.18,3.7,9,8,2,311.51,216,216.53,2.18,2.86,2.86,13.25,13.28,13.16,82,84.53,1545,1347,0,0,0,0,0,0
8481568,2024,Alex Vlasic,CHI,D,all,82,114453,2175,9.53,0.41,0.44,0.41,0.46,0.41,0.45,139,103.8,3.7,5.78,29,3.56,61.86,45.1,3.5,3.69,3.48,12,14,103,46,62,211,30,4,11,0,24,0,45,65,99,145,6,12,0,59,53,97,141,7,1,2.62,0.82,0.27,4,0,0,206.86,149,147.48,66,1.22,1.93,0.48,4.45,4.43,4.32,2175,216,409,401,1149,172,234,314,1455,0,0,183417,12,14,7,157,781.64,79.07,75.36,79.37,75.62,724,348,345,1417,88,74,10,785,197,90,21.34,24.87,32.87,32,29,27,1409.32,1072,1070.07,11.33,15.53,15.76,74.64,74.8,72.48,1091.49,114.21,107.42,115.01,108.22,1023,488,550,2061,130,132,17,1096,281,134,32.64,35.27,46.29,50,47,33,2081.77,1511,1524,17.84,28.62,28.62,103.37,103.89,100.4,126.97,164.42,2626,3087,0,0,0,0,0,0
8483476,2024,Jonathan Lekkerimki,VAN,R,all,24,18008,427,7.04,0.58,0.47,0.57,0.49,0.57,0.49,225,32.46,3.06,2.05,8.06,1.05,17.31,12.46,2.93,3.03,2.9,1,2,30,14,13,57,6,3,4,0,5,0,10,22,27,41,1,2,0,16,4,8,33,6,5,1,0.66,1.4,2,1,0,56.53,44,44.06,4,0.45,1.04,0.71,2.81,2.8,2.78,427,72,22,59,274,48,58,51,270,0,1,69299,2,4,2,6,165.22,17.53,16.55,17.43,16.45,147,85,81,313,15,24,3,170,40,22,4.93,5.06,7.54,5,7,3,309.26,232,230.73,2.71,6.36,6.36,13.87,13.81,13.45,130.44,12.58,12,12.76,12.17,110,68,59,237,14,13,2,125,37,16,3.16,4.77,4.65,5,5,4,242.94,178,181.66,1.69,3.06,3.06,11.21,11.32,11.14,52.86,59.41,1066,1102,0,0,0,0,0,0
8482111,2024,Justin Barron,NSH,D,all,62,64845,1351,19.23,0.5,0.5,0.51,0.49,0.51,0.49,258,74.96,3.82,4.44,18.79,2.34,44.2,33.41,3.77,3.8,3.75,3,4,73,34,65,172,13,6,5,0,19,0,27,50,67,101,10,23,0,80,14,54,97,10,0,2.57,1.26,0,5,1,0,169.94,107,105.96,37,0.91,0.76,0.18,4.56,4.5,4.46,1351,137,133,211,870,121,209,183,838,0,0,160347,23,19,7,83,511.16,47.64,45.89,47.42,45.68,479,227,322,1028,38,50,4,527,130,49,15.58,16.55,15.51,17,12,9,1015.07,706,700.9,7.13,10.71,10.71,44.05,43.89,43.18,505.01,48.11,46.07,48.72,46.7,472,218,311,1001,60,53,5,507,131,52,15.39,15.83,16.89,30,19,11,1016.59,690,699.9,7.35,10.69,10.69,44.77,45.48,44.63,152.15,154.54,2547,2702,0,0,0,0,0,0
8482105,2024,Jake Sanderson,OTT,D,all,80,117322,2323,58.67,0.51,0.49,0.51,0.5,0.52,0.5,126,193.07,9.3,11.44,50.09,6.28,118.03,79.87,8.76,9.3,8.76,20,26,195,80,146,421,57,11,11,1,46,0,99,108,184,264,7,12,0,38,53,98,256,15,4,5.94,1.61,1.76,9,1,1,421.52,275,275.23,65,2.64,2.39,1.19,10.75,10.74,10.21,2323,312,409,353,1249,198,244,353,1528,0,0,172765,12,18,8,163,1097.1,113.74,107.53,113.93,107.72,1024,481,522,2027,105,101,12,1088,282,135,30.73,33.93,49.08,37,39,29,2032.89,1505,1509.42,17.92,19.41,19.41,112.25,112.33,107.86,1002.22,111.34,104.41,111.22,104.31,937,442,563,1942,106,97,15,999,244,136,28.16,30.32,52.85,34,27,45,1939.99,1379,1378.59,16.09,17.31,17.31,110.13,110.08,104.94,133.04,137.74,2775,2761,0,0,0,0,0,0
8479992,2024,Michael Rasmussen,DET,C,all,77,61961,1460,18.51,0.48,0.51,0.47,0.49,0.46,0.5,645,114.72,16.97,8.65,24.75,3.67,55.14,39.8,15.9,16.95,15.88,7,3,100,49,43,192,21,11,13,2,21,0,37,67,89,138,9,24,91,141,10,42,80,42,27,2.42,5.38,9.17,3,2,6,193.16,149,150.21,9,1.95,2.8,5.38,13.55,13.58,13.26,1460,197,212,238,813,198,175,202,885,91,105,218476,24,28,11,59,470.44,50.52,47.83,50.51,47.82,407,228,289,924,41,53,6,443,129,63,12.43,16.34,21.76,14,11,16,927.12,635,637.39,7.02,11.81,12.3,45.25,45.29,44.36,542.78,54.65,51.69,54.92,51.88,475,273,309,1057,57,52,10,549,141,58,15.28,17.41,21.96,25,14,18,1057.55,748,748.12,8.06,10.37,10.15,52.57,52.64,51.13,194.74,189.81,3468,3580,0,0,0,0,0,0
8475906,2024,John Klingberg,EDM,D,all,11,11381,216,3.42,0.49,0.49,0.48,0.55,0.49,0.54,50,18.39,0.88,0.92,5.12,0.63,10.27,8.18,0.79,0.87,0.78,1,2,19,7,13,39,4,1,3,1,9,0,6,7,18,25,4,8,0,5,1,14,23,2,1,0.44,0.23,0.21,0,0,1,37.54,26,25.52,7,0.18,0.77,0.46,0.6,0.59,0.55,216,21,15,34,146,30,37,24,125,0,0,28768,8,0,0,13,102.9,8.69,8.27,8.82,8.38,96,45,49,190,9,14,2,106,24,11,2.69,3.03,2.96,4,2,3,187.63,141,140.35,1.3,2.85,2.85,7.14,7.21,7.04,109.65,9.22,9,9.23,9.01,106,41,58,205,9,10,1,108,32,7,3.42,3.95,1.84,3,5,1,208.35,147,148.25,1.4,2.03,2.03,8.58,8.58,8.47,28.33,29.42,531,441,0,0,0,0,0,0
8477401,2024,John Hayden,SEA,C,all,20,10210,241,4.09,0.56,0.47,0.5,0.47,0.51,0.48,233,22.26,3.05,1.7,5.14,0.77,11.36,7.98,2.76,3.09,2.8,1,0,20,10,8,38,2,1,4,1,7,0,9,9,19,29,4,11,31,44,3,5,18,6,6,0.54,0.81,1.7,0,0,1,39.11,30,30.58,3,0.36,0.95,1.41,2,2.07,2.05,241,17,6,40,178,42,44,25,130,31,27,62028,11,13,5,19,91.98,9.54,8.73,9.83,8.99,82,43,47,172,5,17,3,92,17,16,2.54,2.21,4.79,1,1,3,176.05,125,127.29,1.32,4.62,4.62,6.23,6.45,6.36,87.39,7.35,6.93,7.29,6.88,79,39,55,173,6,11,1,90,17,11,2.4,2.27,2.68,3,3,0,169.09,118,116.16,1.14,2.42,2.42,6.08,5.97,5.83,52.81,58.92,986,1116,0,0,0,0,0,0
8476878,2024,Zemgus Girgensons,TBL,C,all,82,57390,1361,12.86,0.39,0.55,0.44,0.53,0.44,0.52,732,90.25,8.92,6.3,19.15,2.93,47.26,38.43,8.63,9.01,8.73,4,0,83,40,34,157,6,2,10,0,11,0,45,55,81,121,11,37,61,174,10,30,84,31,8,2.85,3.93,2.13,0,1,1,160.96,123,125.11,9,1.33,1.27,1.69,8.57,8.71,8.63,1361,157,234,237,733,189,194,165,813,61,68,240565,37,57,20,50,373.01,28.92,28.05,29.24,28.38,337,180,206,723,15,35,0,405,83,29,10.96,10.41,7.56,12,2,1,740.04,517,525.01,4.95,5.77,5.71,28.15,28.57,28.13,475.72,45.69,43.29,45.34,42.97,434,214,270,918,38,46,5,471,124,53,12.41,14.99,18.29,12,14,12,904.05,648,642.05,7.47,11.11,11.11,42.05,41.81,40.56,242.81,197.2,4187,3774,0,0,0,0,0,0
8482705,2024,Cole Sillinger,CBJ,C,all,66,66978,1357,22.28,0.43,0.51,0.45,0.5,0.46,0.5,289,130.16,13.49,9.19,29.54,4.57,69.08,55.14,12.8,13.59,12.91,14,8,129,52,50,231,33,11,13,1,17,0,49,91,118,170,11,25,300,74,21,50,131,35,15,3.84,4.24,5.4,3,3,5,233.45,181,182.76,18,2.08,2.63,3.46,12.11,12.17,11.89,1357,205,223,215,714,166,180,219,792,300,350,173639,25,20,10,36,541.65,49.74,47.66,49.93,47.86,519,228,268,1015,57,51,5,574,118,55,15.54,14.8,19.4,25,15,17,1020.68,747,751.22,8.11,11.03,11.03,46.82,47.04,46.09,637.58,66.11,63.09,66.27,63.25,586,284,350,1220,74,69,8,622,171,77,18.73,21.29,26.09,28,29,17,1218.05,870,872.26,9.87,17.22,17.22,58.76,59,57.59,146.78,143.07,2919,2896,0,0,0,0,0,0
8475324,2024,Nick Jensen,OTT,D,all,71,86139,1860,27.98,0.44,0.52,0.47,0.53,0.47,0.53,236,85.72,3.26,4.34,24.5,2.89,50.09,36.95,3.19,3.27,3.2,7,11,77,45,85,207,21,3,7,0,21,0,38,53,74,119,3,6,0,55,19,81,114,6,2,2.05,0.75,0.46,3,0,0,205.87,122,121.79,54,0.9,1.37,0.22,3.94,3.95,3.89,1860,162,254,278,1166,205,266,260,1129,0,0,171342,6,20,10,95,695.63,64.56,62.67,65.1,63.19,645,319,395,1359,66,54,12,733,158,73,19.97,19.81,24.78,26,19,21,1368.78,964,970.71,9.17,11.62,11.4,62.34,62.69,61.77,803.24,83.74,76.56,83.71,76.56,780,317,418,1515,65,96,12,794,191,112,22.24,24.09,37.4,15,23,27,1509.56,1097,1093.86,12.37,22.87,22.87,73.24,73.17,69.28,154.27,140.04,2974,2690,0,0,0,0,0,0
8479325,2024,Charlie McAvoy,BOS,D,all,50,71011,1386,26.1,0.53,0.46,0.54,0.47,0.54,0.46,69,99.5,5.77,6.14,27.66,3.19,58.32,38.9,5.59,5.73,5.55,7,9,98,42,64,204,23,7,7,1,31,0,49,46,91,133,22,46,0,89,26,72,128,9,3,3.46,1.03,1.27,3,3,1,203.66,140,139.47,42,1.43,1.21,0.55,6.65,6.62,6.39,1386,270,172,220,724,96,197,188,905,0,0,111080,46,26,13,81,655.91,70.5,66.43,70.48,66.4,579,313,339,1231,57,73,7,633,174,85,18.74,21.07,30.68,21,20,16,1229.65,892,891.54,10.98,16.42,16.46,65.02,65.03,62.84,563.18,62.33,59.99,62.58,60.22,501,269,290,1060,60,51,4,559,134,77,15.7,17.11,29.52,22,13,25,1069.73,770,775.87,8.04,11.68,11.75,58.62,58.88,58.17,77.08,91.49,1650,1875,0,0,0,0,0,0
8478424,2024,Jansen Harkins,ANA,C,all,62,40650,938,1.07,0.36,0.47,0.39,0.48,0.38,0.48,652,48.54,4.45,3.19,12.22,1.99,24.05,20.12,3.94,4.41,3.9,1,3,49,17,27,93,6,2,9,1,9,1,11,34,47,64,9,21,117,136,15,38,50,12,4,1.59,1.55,1.3,0,1,1,91.98,66,65.33,15,0.66,2.21,1.92,3.19,3.16,3.11,938,60,189,150,539,143,143,117,535,117,102,185667,21,31,15,41,236.88,18.63,17.7,18.43,17.5,213,116,155,484,13,27,3,261,50,18,6.74,6.11,5.79,3,6,4,475.79,329,324.41,2.94,5.8,5.8,15.78,15.6,15.39,389.29,32.49,30.78,32.88,31.14,339,206,228,773,34,33,3,411,107,27,10.65,13.17,8.67,11,16,7,782.47,545,550.59,6.15,5.18,5.18,33.46,33.76,32.43,160.43,183.85,3083,3319,0,0,0,0,0,0
8480860,2024,Kevin Bahl,CGY,D,all,73,93676,2179,20.7,0.43,0.52,0.44,0.56,0.44,0.55,219,94.35,3.39,4.91,28.76,3.32,55.39,39.22,3.33,3.38,3.32,9,8,82,53,84,219,20,3,9,0,27,0,41,55,79,132,11,25,0,109,24,85,128,7,0,2.41,0.98,0,3,0,0,219.14,135,134.99,56,1.02,1.97,0.32,4.1,4.09,4.03,2179,162,374,328,1315,207,233,278,1461,0,0,173865,25,15,6,116,745.35,67.66,65.7,67.83,65.84,680,359,400,1439,59,67,6,805,157,77,21.45,19.66,26.55,27,14,18,1437.2,1039,1039.02,9.5,12.33,12.33,64.83,64.85,63.6,943.95,89.99,84.63,90.19,84.77,875,428,517,1820,93,80,13,953,260,90,27.47,31.53,31,27,43,23,1827.88,1303,1307.64,14.92,18.99,18.99,85.94,86.02,83.26,147.19,134.39,3194,2560,0,0,0,0,0,0
8479985,2024,Cale Fleury,SEA,D,all,14,10808,236,3.95,0.59,0.43,0.51,0.47,0.54,0.47,82,16.42,0.61,0.91,5.04,0.57,9.93,6.93,0.6,0.61,0.59,0,1,16,8,10,34,1,0,3,0,5,0,5,11,16,24,0,0,0,30,5,10,23,1,0,0.5,0.12,0,0,0,0,32.87,24,23.41,8,0.19,0.76,0,0.81,0.79,0.77,236,29,22,26,159,31,39,22,144,0,0,40312,0,2,1,28,102.68,9.46,8.89,9.38,8.81,92,51,50,193,6,11,0,114,18,11,3.15,2.12,4.19,4,2,0,187.85,143,139.88,1.36,2.53,2.53,8.29,8.17,7.8,86.79,6.53,6.26,6.64,6.37,80,42,67,189,6,7,0,97,20,5,2.57,2.46,1.5,2,3,1,192.89,122,125.22,1.2,1.13,1.13,6.61,6.68,6.45,31.86,41.45,647,725,0,0,0,0,0,0
8482896,2024,Tyson Kozak,BUF,C,all,21,13217,350,2.96,0.45,0.47,0.41,0.48,0.43,0.48,223,20.06,3.84,1.51,4.84,0.67,9.54,6.59,3.73,3.87,3.76,1,1,11,16,8,35,5,3,3,1,3,1,4,13,8,24,1,2,67,26,2,10,10,11,6,0.39,1.41,2.04,0,1,2,35.62,27,27.51,5,0.34,0.48,1.48,2.7,2.72,2.71,350,29,44,75,202,42,55,41,212,67,78,63511,2,8,3,23,90.04,8.6,8.39,8.71,8.51,80,45,40,165,7,13,2,95,18,12,2.52,2.31,3.77,3,1,3,166.22,125,126.53,1.17,2.87,2.86,6.91,6.99,6.93,120.22,10.3,9.71,10.27,9.68,105,61,68,234,9,15,3,133,20,13,3.56,2.78,3.96,3,3,3,230.85,166,164.21,1.66,3.28,3.28,8.69,8.63,8.33,55.33,63.02,1006,1070,0,0,0,0,0,0
8477956,2024,David Pastrnak,BOS,R,all,82,99316,1884,106.05,0.58,0.41,0.58,0.43,0.57,0.43,141,323.89,30.39,21.63,76.54,10.97,181.42,123.03,29.28,30.43,29.31,45,18,319,125,180,624,106,43,29,0,52,3,156,161,276,401,20,42,3,58,40,118,333,79,32,9.86,9.34,11.19,12,18,13,620.38,444,443.1,26,5.03,8.86,3.28,32.14,32.17,31.35,1884,456,91,263,1074,210,295,380,999,3,5,199121,42,66,33,24,1036.93,112.23,105.06,112.41,105.23,949,462,507,1918,120,95,11,1008,266,137,29.69,31.9,50.64,36,46,38,1907.98,1411,1407.98,17.32,22.58,22.58,106.97,107.1,103.52,754.61,81.9,78.56,82.41,79.02,710,337,343,1390,91,63,4,760,193,94,21.76,23.38,36.76,32,29,30,1400.52,1047,1055.88,9.99,13.37,13.46,78.43,78.88,77.32,124.55,176.65,2685,3533,0,0,0,0,0,0
8481703,2024,Valtteri Puustinen,PIT,R,all,13,7716,173,0.85,0.55,0.5,0.48,0.52,0.5,0.51,142,8.29,1.83,0.67,1.38,0.25,4.44,2.44,1.75,1.81,1.73,1,0,8,3,5,16,3,2,1,1,1,0,2,5,6,9,2,4,0,10,3,4,6,3,2,0.25,0.36,1.22,1,0,1,16.13,11,10.79,1,0.17,0.24,1.22,0.78,0.76,0.71,173,20,11,18,124,24,22,23,104,0,0,39329,4,2,1,5,59.23,6.14,5.9,6,5.77,55,24,28,107,4,10,1,55,16,8,1.53,1.89,2.73,1,1,2,105.74,79,78.19,0.93,2.23,2.49,4.58,4.54,4.42,56.07,5.08,4.95,5.17,5.04,58,22,35,115,6,8,1,56,18,6,1.23,2.18,1.66,4,1,1,119.51,80,82.51,0.79,1.64,1.64,4.22,4.33,4.28,37.49,37.68,732,668,0,0,0,0,0,0
8477506,2024,Ryan Pulock,NYI,D,all,74,93594,2165,19.83,0.41,0.53,0.43,0.54,0.43,0.54,224,99.03,4.41,5.34,26.74,3.19,57.48,43.83,4.27,4.36,4.22,11,7,97,44,85,226,23,5,8,0,21,0,43,64,92,136,8,16,0,100,32,78,134,6,1,3.17,0.78,0.46,4,0,1,224.09,141,140.33,56,1.16,1.15,0.18,5.39,5.33,5.23,2165,230,354,379,1202,202,188,249,1526,0,0,176255,16,18,9,155,709.63,61.27,58.44,60.97,58.17,651,325,391,1367,63,65,7,752,155,69,20.97,19.33,20.98,17,29,17,1356.96,976,969.79,10,12.62,12.72,58.55,58.26,56.69,936.28,88.12,83.1,88.5,83.44,818,461,506,1785,84,92,7,959,229,91,26.71,28.56,32.84,33,24,27,1791.88,1279,1283.23,14.68,19.13,19.13,83.67,83.85,81.24,159.48,144.05,3189,2727,0,0,0,0,0,0
8481056,2024,Spencer Stastney,NSH,D,all,23,22323,493,3.12,0.48,0.57,0.5,0.56,0.49,0.55,110,19.52,1.02,1.1,4.9,0.62,11.02,8.35,0.99,1,0.98,1,2,15,12,16,43,3,0,1,0,3,0,8,15,15,27,2,4,0,8,5,20,24,2,1,0.54,0.24,0.24,0,0,0,41.98,27,26.47,15,0.22,0.1,0.1,1.14,1.13,1.1,493,34,39,66,354,60,64,47,322,0,0,60936,4,2,1,24,183.76,17.28,16.74,17.26,16.73,166,82,101,349,9,13,1,181,50,17,5.07,6.21,5.99,3,3,3,343.78,248,245.7,2.51,3.1,3.1,16.69,16.7,16.47,186.36,18.42,17.77,18.61,17.94,174,83,96,353,18,21,1,188,48,21,6.31,5.71,6.4,11,4,3,356.06,257,258.41,2.57,4.86,4.86,16.13,16.2,15.93,61.35,46.97,1087,856,0,0,0,0,0,0
8477426,2024,Nick Paul,TBL,L,all,76,74979,1594,41.63,0.52,0.53,0.51,0.51,0.5,0.51,435,144.84,18.84,10.31,31.7,4.76,74.41,55.98,18.05,19.05,18.26,11,8,141,55,59,255,41,22,8,1,35,0,53,78,119,174,5,10,393,66,19,48,120,53,23,3.7,6.79,8.35,6,10,6,260.27,196,198.27,19,2.28,1.44,2.92,18.19,18.35,18.07,1594,227,240,266,861,253,219,236,886,393,393,201229,10,12,6,31,577.65,59.89,57.78,60.51,58.37,517,282,354,1153,61,44,6,570,171,58,16.62,21.47,21.79,22,22,17,1175.83,799,809.83,8.61,9.07,9.07,59.42,59.98,58.81,581.43,54.51,51.27,53.99,50.81,546,253,317,1116,43,62,3,601,140,58,17.35,17.35,19.83,17,15,11,1091.08,799,786.67,8.23,14.16,13.68,49.06,48.63,47.87,192.13,169.97,3388,3216,0,0,0,0,0,0
8485511,2024,Quinn Hutson,EDM,R,all,2,1611,36,-0.57,0.49,0.47,0.38,0.43,0.39,0.45,18,2.31,0.05,0.07,0.58,0.06,0.98,1.25,0.05,0.05,0.05,0,0,1,2,0,3,0,0,0,0,0,0,0,3,1,3,1,2,0,0,0,4,3,0,0,0.05,0,0,0,0,0,3.22,3,3.19,2,0.01,0,0,0.07,0.07,0.06,36,9,5,5,17,2,6,3,25,0,0,5589,2,0,0,0,9.04,0.53,0.52,0.56,0.56,7,5,4,16,1,0,0,10,1,1,0.22,0.08,0.22,0,1,0,16.36,12,12.29,0.1,0,0,0.63,0.66,0.66,13.62,0.55,0.54,0.6,0.6,10,9,7,26,1,1,0,18,1,0,0.44,0.11,0,1,0,0,27.95,19,20.48,0.13,0.03,0.03,0.65,0.71,0.71,3.48,3.91,77,104,0,0,0,0,0,0
8484166,2024,Adam Fantilli,CBJ,C,all,82,85991,1610,49.09,0.49,0.48,0.51,0.48,0.5,0.48,359,206.47,18.59,13.13,45.93,6.45,112.95,82.94,17.33,18.82,17.54,14,9,191,89,114,394,54,31,14,2,42,1,86,106,160,249,9,18,420,113,23,89,212,55,13,6.19,6.75,5.65,7,18,6,396.81,280,282.5,26,2.88,4.08,1.82,19.65,19.86,18.77,1610,286,105,285,934,249,278,270,813,420,599,212824,18,42,20,56,758.07,70.24,66.54,70.61,66.86,690,344,428,1462,80,64,7,790,171,73,22.04,21.5,26.7,30,32,18,1464.82,1034,1037,11.23,14.72,14.72,66.75,66.97,64.88,749.37,74.35,71.16,74.86,71.6,670,357,385,1412,69,84,12,739,207,81,21.26,26.48,26.62,24,25,20,1422.72,1027,1034.52,10.34,17.8,17.8,66.89,67.26,65.67,174.93,192.37,3407,3751,0,0,0,0,0,0
8476463,2024,Jonas Brodin,MIN,D,all,50,68847,1306,19.62,0.46,0.53,0.45,0.5,0.46,0.5,116,71.81,2.23,3.3,20.3,2.39,38.28,32.51,2.15,2.25,2.16,3,13,71,28,79,178,20,4,3,0,16,0,34,42,67,95,9,18,0,27,21,53,94,5,0,1.74,0.5,0,4,0,0,177.69,99,99.42,36,0.67,0.44,0.19,2.73,2.74,2.69,1306,98,191,212,805,124,122,171,889,0,0,113490,18,6,3,104,510.57,49.2,46.76,49.42,46.96,480,228,288,996,54,49,2,530,125,53,14.75,15.88,18.56,23,15,16,995.8,708,710,6.75,10.6,10.6,45.35,45.48,44.58,593.54,56.63,52.66,56.84,52.87,551,269,384,1204,61,62,10,606,154,60,16.64,19,21,19,23,19,1208.22,820,821.73,9.01,14.52,14.52,51.12,51.26,49.31,99.15,87.08,1879,1882,0,0,0,0,0,0
8480448,2024,Parker Kelly,COL,C,all,80,61170,1509,26.65,0.44,0.55,0.46,0.56,0.46,0.56,660,114.78,10.18,6.77,28.14,3.97,58.93,51.01,10.03,10.28,10.12,8,3,99,60,51,210,19,8,8,0,15,0,51,77,91,151,13,29,302,161,17,41,113,39,7,3.27,4.75,2.15,5,2,1,213.32,159,160.83,17,1.42,1.22,1.07,10.53,10.6,10.55,1509,85,268,267,889,246,177,188,898,302,400,229418,29,29,13,72,438.11,37.08,36.18,37.17,36.28,384,225,283,892,29,36,2,473,96,40,12.49,11.91,12.67,13,7,9,897.12,609,611.13,5.51,6.72,6.79,35.8,35.92,35.67,526.9,47.69,45.46,47.69,45.47,501,225,330,1056,52,43,6,552,121,53,14.52,15.12,18.05,16,16,20,1051.7,726,724.72,9,8.63,8.63,48.05,48.12,46.97,215.12,178.73,4219,3341,0,0,0,0,0,0
8479705,2024,Jeffrey Viel,BOS,L,all,5,2307,61,0.04,0.51,0.43,0.48,0.49,0.51,0.49,59,3.99,0.92,0.37,0.96,0.16,1.54,1.05,0.88,1,0.97,0,0,3,2,1,6,0,0,1,0,0,0,2,2,3,5,4,14,1,12,2,4,2,2,1,0.09,0.34,0.48,0,0,0,6.44,5,5.43,3,0.08,0.29,0.51,0.49,0.52,0.52,61,5,9,11,36,12,8,9,32,1,0,15693,14,14,4,2,18.43,1.75,1.66,1.85,1.76,17,7,10,34,0,3,0,20,2,2,0.63,0.34,0.78,0,0,0,34.54,24,24.2,0.23,0.8,0.8,1.18,1.21,1.21,17.08,1.67,1.61,1.8,1.74,15,8,14,37,1,1,0,17,4,2,0.53,0.53,0.61,0,1,0,39.64,23,24.44,0.24,0.34,0.34,1.57,1.67,1.65,10.34,13.91,233,244,0,0,0,0,0,0
8484958,2024,Maxim Tsyplakov,NYI,R,all,77,69148,1429,36.47,0.57,0.46,0.55,0.48,0.56,0.49,534,140.4,16.3,10.67,33.86,5.11,72.89,52.19,15.62,16.17,15.5,14,11,116,75,71,262,35,10,15,1,30,0,64,72,106,181,18,39,10,140,28,78,128,41,22,4.21,5.19,6.89,2,4,4,260,191,189.4,27,2.36,3.76,6,12.65,12.5,12.35,1429,208,129,209,883,208,178,210,833,10,13,211411,39,19,8,40,648.13,59.22,57.29,59.09,57.17,584,313,351,1248,56,67,6,685,142,70,19.91,17.62,21.7,20,23,13,1242.39,897,893.91,10.04,13.82,13.83,55.43,55.33,54.49,519.46,45.49,43.87,45.62,44.01,457,256,302,1015,44,51,2,535,132,46,15.13,16.4,13.96,25,15,4,1019.43,713,715.81,7.03,11.81,11.81,40.73,40.89,40.26,168.23,199.68,3458,3735,0,0,0,0,0,0
8481594,2024,Nathan Lgar,NJD,R,all,3,1922,41,-0.68,0.51,0.59,0.32,0.53,0.33,0.52,33,2.33,0.62,0.22,0.58,0.13,0.86,0.58,0.54,0.71,0.62,0,0,3,0,1,4,0,0,1,0,0,0,1,1,3,3,0,0,0,12,0,0,1,0,2,0.04,0,0.58,0,0,0,4.31,3,3.24,0,0.05,0.36,0.36,0.31,0.34,0.34,41,5,2,5,29,4,7,2,28,0,0,8878,0,0,0,1,6.99,0.9,0.81,0.98,0.89,8,1,6,15,0,1,0,6,1,2,0.13,0.18,0.58,0,0,0,15.53,9,9.3,0.1,0.36,0.36,0.63,0.67,0.66,12.7,0.85,0.84,0.9,0.88,9,9,14,32,1,0,0,16,1,1,0.47,0.14,0.24,1,0,0,32.55,18,19.02,0.17,0,0,1.02,1.08,1.06,11.39,7.91,176,157,0,0,0,0,0,0
8481598,2024,Philip Broberg,STL,D,all,68,83639,1718,30.37,0.48,0.51,0.46,0.51,0.46,0.51,222,109.73,4.87,5.94,28.57,3.54,63.16,47.92,4.82,4.91,4.86,10,11,97,57,84,238,29,8,10,0,20,0,52,64,89,146,7,16,0,43,22,103,145,8,1,3.49,1.05,0.32,6,2,0,239.77,154,154.61,72,1.23,2,0.49,5.6,5.63,5.59,1718,176,249,262,1031,202,278,249,989,0,0,163978,16,18,9,103,631.37,62.57,60.14,63.04,60.6,576,289,349,1214,61,66,12,631,155,79,18.04,19.82,24.7,22,21,18,1222.31,865,868.35,8.57,13.77,13.76,57.31,57.64,56.35,738.22,68.17,63.03,68.21,63.07,688,330,411,1429,52,70,5,765,180,73,21.66,22.25,24.27,20,17,15,1424.64,1018,1021.16,10.62,15.75,15.75,63.05,63.09,61.47,126.27,122.56,2549,2492,0,0,0,0,0,0
8480851,2024,Akil Thomas,LAK,C,all,25,14871,335,2.75,0.5,0.51,0.48,0.53,0.5,0.53,272,21.41,2.69,1.41,5.36,0.68,9.75,7.11,2.54,2.75,2.6,1,1,20,7,9,36,3,1,3,1,2,0,8,13,19,26,2,7,18,42,1,5,17,3,7,0.4,0.43,1.86,0,0,1,37.3,27,27.84,2,0.3,0.55,1.61,1.38,1.42,1.41,335,29,28,49,229,48,48,35,204,18,23,76095,7,9,3,12,108.98,7.8,7.53,8.01,7.73,94,58,61,213,5,14,3,122,21,9,2.55,2.79,2.46,1,3,1,218.27,152,155.01,1.42,2.42,2.42,6.8,6.95,6.86,106.49,7.84,7.61,7.77,7.54,99,51,77,227,9,10,2,120,22,8,2.86,2.81,2.17,5,1,3,223.47,150,148.87,1.43,1.88,1.88,7.38,7.31,7.19,64.98,61.75,1294,1137,0,0,0,0,0,0
8479994,2024,Jaret Anderson-Dolan,WPG,C,all,7,4173,100,2.35,0.66,0.53,0.55,0.52,0.59,0.52,78,7.2,0.62,0.5,1.53,0.29,4.48,3.58,0.59,0.64,0.61,1,0,8,3,1,12,1,0,1,0,2,0,3,5,8,11,2,4,1,23,1,2,9,1,1,0.33,0.08,0.21,0,0,0,11.89,11,11,0,0.1,0.23,0,0.72,0.74,0.71,100,8,10,16,66,19,14,15,52,1,1,21398,4,0,0,6,36.66,3.35,3.22,3.43,3.29,34,17,14,65,3,3,0,36,9,6,0.99,1,1.35,0,3,0,65.31,51,51.68,0.47,0.68,0.68,3.14,3.23,3.12,24.97,1.71,1.69,1.75,1.74,20,15,19,54,0,1,0,30,2,3,0.7,0.25,0.76,0,0,0,54.98,35,35.11,0.29,0.21,0.21,1.79,1.84,1.83,21.25,19,381,350,0,0,0,0,0,0
8479998,2024,Mikey Anderson,LAK,D,all,77,104829,1939,33.05,0.48,0.57,0.46,0.57,0.46,0.57,164,99.55,5.65,5.57,28.31,3.56,57.89,44.02,5.44,5.65,5.44,6,12,84,61,103,248,24,6,9,0,23,0,47,60,78,139,14,28,0,119,22,57,133,7,5,2.58,0.8,2.27,2,1,3,248.45,145,144.72,40,1.13,2.08,0.78,6,5.99,5.8,1939,136,321,300,1182,252,193,277,1217,0,0,174372,28,22,11,124,751.98,77.46,74.67,78.15,75.35,646,394,421,1461,62,73,9,759,195,86,21.76,24.77,30.93,25,14,23,1475.69,1040,1050.14,10.17,16.16,16.16,71.47,72.07,70.6,893.9,84.84,81.34,84.52,81.02,816,411,509,1736,72,91,13,930,207,90,25.8,26.17,32.88,30,21,21,1717.13,1227,1216.21,14.61,19.28,19.28,80.18,79.82,78.03,153.85,115.44,3248,2445,0,0,0,0,0,0
8476278,2024,Colin Blackwell,DAL,C,all,63,43707,1043,20.42,0.4,0.54,0.45,0.53,0.44,0.52,670,66.14,6.69,4.17,15.06,2.25,30.6,27.23,6.43,6.75,6.49,7,4,63,23,43,129,17,6,10,0,18,0,23,29,57,80,8,16,151,84,15,34,55,23,8,1.52,3.18,1.99,1,4,1,131.23,86,87.47,15,0.88,1.79,2.27,5.3,5.4,5.33,1043,82,196,155,610,164,128,133,618,151,157,184902,16,26,13,23,295.78,25.49,24.54,25.76,24.79,278,128,195,601,26,39,1,307,76,23,8.49,9.9,7.1,8,13,5,612.46,406,412.12,3.75,6.67,6.52,22.73,22.95,22.61,391.88,38.11,35.14,38,35.03,368,158,207,733,36,33,1,380,96,50,10.31,11.21,16.59,16,10,10,727.3,526,522.84,6.16,9.19,9.19,35.08,34.93,33.82,185.16,156.52,3231,2885,0,0,0,0,0,0
8482624,2024,Daniil Miromanov,CGY,D,all,44,46674,1145,15.05,0.46,0.5,0.52,0.5,0.51,0.5,188,52.1,1.97,2.81,14.29,1.76,31.25,22.91,1.92,1.95,1.9,3,4,52,23,68,143,9,2,8,0,11,0,19,35,50,73,6,12,0,19,11,42,72,2,1,1.47,0.3,0.2,2,0,0,140.78,75,74.27,28,0.57,2.43,0.2,2.34,2.32,2.29,1145,106,135,175,729,119,138,130,758,0,0,114511,12,4,2,55,367.94,29.96,29.3,29.95,29.3,352,163,277,792,30,20,1,413,76,26,11.07,9.21,9.68,13,9,8,782.97,515,511.31,4.63,4.27,4.33,30.26,30.22,29.9,364.33,35.74,34.78,36.22,35.25,355,143,237,735,27,45,7,362,95,41,10.96,12.54,12.24,9,10,8,745.69,498,503.4,5.18,9.56,9.56,31.36,31.68,31.29,102.7,102.62,2007,1970,0,0,0,0,0,0
8481546,2024,Cam York,PHI,D,all,66,82301,1834,15.78,0.46,0.56,0.44,0.52,0.46,0.53,184,82.01,4.94,4.96,22.57,2.64,45.55,32.33,4.85,4.91,4.84,6,7,65,48,56,169,17,4,5,0,25,0,31,48,61,109,14,26,0,60,25,90,97,12,4,2.57,1.49,0.87,4,0,0,167.19,113,112.08,57,1.02,1.03,0.75,5.2,5.18,5.1,1834,123,281,322,1108,182,182,228,1242,0,0,158669,26,10,5,126,626,58.53,55.95,58.42,55.85,578,279,277,1134,53,58,5,620,173,64,18.05,21.31,19.17,25,18,10,1122.23,857,852.5,9,12.97,12.82,54.7,54.51,53.61,722.34,68.34,65.37,68.8,65.81,626,369,446,1441,75,72,8,733,193,69,21.13,24.04,23.17,32,28,15,1459.02,995,1005.45,10.95,17.03,17.19,62.09,62.59,60.79,146.08,115.09,2608,2422,0,0,0,0,0,0
8483515,2024,Juraj Slafkovsk,MTL,L,all,79,82234,1482,47.84,0.53,0.44,0.56,0.43,0.57,0.43,329,159.63,20.49,13.17,36.42,5.98,87.88,60.06,19.91,20.5,19.92,16,17,133,91,62,286,51,18,13,2,33,0,77,83,115,206,21,45,5,194,16,71,132,71,21,4.92,9.19,6.39,8,8,2,286.01,224,224.27,17,3.06,1.4,4.74,18.81,18.83,18.51,1482,347,143,236,756,219,206,273,784,5,14,205879,45,39,18,62,819.79,77.33,74.76,77.26,74.71,732,401,407,1540,97,79,12,833,230,70,25.24,28.12,23.96,44,31,22,1533.41,1133,1129.53,13.13,13.46,13.94,76.51,76.39,74.47,627.46,69.39,66.94,70.28,67.79,556,288,369,1213,60,81,12,578,189,77,17.73,23.98,27.68,14,25,21,1224.85,844,853.92,8.3,18.18,18.34,59.34,59.98,59.19,156.34,202.54,2874,3806,0,0,0,0,0,0
8482733,2024,Logan Mailloux,MTL,D,all,7,6806,134,1.75,0.4,0.45,0.47,0.45,0.45,0.46,36,10.93,0.79,0.63,2.61,0.33,5.21,4.43,0.7,0.74,0.66,1,1,10,4,8,22,4,2,2,0,3,0,2,5,8,12,4,6,0,9,0,4,11,3,0,0.31,0.49,0,2,0,0,20.12,14,13.17,3,0.13,0.69,0.14,0.79,0.74,0.72,134,13,11,24,86,7,23,20,84,0,0,18694,6,0,0,8,63.44,5.96,5.78,5.62,5.45,54,32,30,116,7,5,0,61,22,3,2.08,2.85,1.03,5,2,0,109.08,86,81.53,0.87,1.07,1.07,5.76,5.47,5.39,78.96,9.09,8.33,9.61,8.8,68,36,29,133,12,14,3,68,24,12,2.06,3.29,3.74,4,4,4,141.61,104,108.6,1.15,3.32,3.32,6.92,7.2,6.87,15.09,18.74,272,337,0,0,0,0,0,0
8479576,2024,Vincent Desharnais,SJS,D,all,51,48712,1134,1.45,0.47,0.51,0.44,0.51,0.44,0.51,254,39.86,0.99,1.8,11.57,1.27,24.16,18.2,0.98,0.98,0.96,0,3,28,30,34,92,3,0,0,0,11,0,19,28,28,58,18,45,0,87,3,40,56,2,0,0.8,0.19,0,0,0,0,91.39,58,57.7,33,0.35,0,0,1.34,1.33,1.31,1134,83,110,141,800,131,153,128,722,0,0,137780,45,33,12,83,315.79,28.58,27.17,28.62,27.22,276,159,196,631,22,28,3,338,60,37,8.69,7.47,12.42,9,6,7,629.95,435,433.95,3.9,7,7,25.47,25.52,24.93,401.57,32.81,31.56,33.25,32,359,199,253,811,37,35,4,439,87,32,11.51,10.93,10.38,19,12,6,821.43,558,565.83,5.77,6.47,6.47,32.1,32.51,31.93,121.41,117,2281,2152,0,0,0,0,0,0
8477940,2024,Nikolaj Ehlers,WPG,L,all,69,65391,1309,67.46,0.6,0.51,0.58,0.46,0.59,0.47,387,205.91,19.82,14.04,48.18,6.83,112.16,78.96,18.53,20.06,18.76,27,12,174,106,85,365,63,24,24,0,40,0,85,107,150,256,7,17,5,38,16,52,212,46,22,6.26,5.74,7.82,12,6,6,373.02,280,284.17,17,3.22,6.05,4,19.04,19.27,18.56,1309,326,107,184,692,147,184,213,765,5,14,184867,17,47,22,33,706.66,75.52,71.59,76.21,72.24,633,336,320,1289,87,81,12,693,185,91,19.32,23.19,33,32,22,33,1308.17,969,980.06,11.66,17.09,17.09,70.08,70.69,68.56,481.78,50.27,48.13,49.95,47.81,427,242,255,924,40,47,5,488,125,56,13.43,15.49,21.35,14,9,17,910.19,669,662.23,6.31,10.23,10.23,46.35,46.02,44.93,142.4,137.94,2725,3139,0,0,0,0,0,0
8478542,2024,Evan Rodrigues,FLA,C,all,82,74878,1630,50.65,0.57,0.54,0.6,0.54,0.59,0.53,558,181.66,17.13,12.06,44.92,6.15,98.51,71.23,16.45,17.15,16.48,6,11,161,89,81,331,32,15,22,4,42,0,91,80,146,235,19,38,127,128,21,62,175,57,18,5.08,6.95,5.1,6,6,3,331.5,250,250.2,16,2.64,3.54,4.42,15.35,15.36,14.97,1630,295,172,225,938,282,227,252,869,127,155,223522,38,36,18,23,779.06,68.23,64.94,68.41,65.11,703,380,406,1489,58,85,7,828,184,71,22.83,23.16,22.25,23,18,17,1497.13,1083,1088.15,11.22,17.05,17.05,62.4,62.49,60.61,544.83,52.24,50.14,51.94,49.87,491,258,230,979,51,45,5,558,132,59,15.94,16.92,19.37,21,16,14,974.28,749,745.92,7.39,9.62,9.72,49.91,49.67,48.93,218.08,183.49,3970,3357,0,0,0,0,0,0
8479365,2024,Trent Frederic,EDM,C,all,58,47751,1097,11.93,0.46,0.5,0.48,0.49,0.46,0.49,449,86.08,9.71,6.38,20.99,3.12,44.33,33.47,9.31,9.58,9.2,4,3,78,40,49,167,15,8,9,1,13,0,37,51,70,110,16,44,93,157,12,32,76,28,14,1.88,3.57,4.26,1,5,2,165.92,118,117.64,8,1.39,1.32,3.41,7.68,7.68,7.51,1097,123,109,166,699,175,180,124,618,93,120,163907,44,32,10,29,370.32,33.19,31.63,33.06,31.52,341,166,257,764,24,49,2,371,95,41,9.16,11.92,12.11,4,16,4,760.21,507,505.44,5.45,10.09,10.09,28.56,28.51,28.01,423.07,38.94,37.64,39.04,37.73,357,228,231,816,38,40,3,446,96,43,11.95,12.17,14.82,17,10,11,819.97,585,588.01,5.6,9.04,9.04,35.51,35.52,34.89,141.34,140.26,2581,2670,0,0,0,0,0,0
8481525,2024,Matthew Robertson,NYR,D,all,2,2116,49,0.55,0.39,0.46,0.52,0.44,0.47,0.43,9,2.19,0.1,0.12,0.71,0.08,1.17,0.82,0.1,0.11,0.11,0,0,2,1,1,4,0,0,0,0,2,0,1,0,2,3,0,0,0,2,1,2,3,0,0,0.1,0,0,0,0,0,4.24,3,3.1,0,0.03,0,0,0.13,0.14,0.14,49,5,5,11,28,3,10,3,33,0,0,5084,0,0,0,1,13.93,0.99,0.98,1.03,1.03,13,5,10,28,4,0,0,14,3,1,0.34,0.45,0.2,1,2,1,28.96,18,18.54,0.17,0,0,1.15,1.2,1.2,15.18,1.57,1.47,1.58,1.48,15,5,6,26,1,1,0,13,5,2,0.37,0.73,0.47,0,0,1,25.85,20,19.92,0.23,0.18,0.18,1.62,1.63,1.55,2.97,3.48,69,89,0,0,0,0,0,0
8477404,2024,Jake Guentzel,TBL,C,all,80,95965,1801,81.43,0.59,0.49,0.58,0.47,0.58,0.47,259,227.66,34.75,19.16,47.57,7.51,112.93,76.09,32.68,35.17,33.07,21,18,217,81,57,355,80,41,35,7,30,0,94,98,176,257,12,24,177,28,25,79,168,83,47,6.27,10.37,18.11,8,15,18,363.72,298,303.52,20,4.51,7.38,9.78,29.48,29.81,29,1801,407,159,266,969,277,303,319,902,177,207,194614,24,40,19,52,1037.47,114.95,109.75,115.83,110.59,959,452,516,1927,134,106,16,1008,279,124,29.92,35.18,49.86,44,44,46,1960.37,1411,1429.03,18.25,23.3,23.45,109.74,110.56,107.56,743.77,78.38,73.77,77.39,72.84,709,314,388,1411,69,74,2,741,190,92,21.96,22.28,34.14,35,15,19,1382.96,1023,1009.5,10.11,14.43,14.43,74.08,73.24,70.65,150.77,155.81,2841,3154,0,0,0,0,0,0
8482095,2024,Tyler Kleven,OTT,D,all,79,68567,1647,9.2,0.44,0.51,0.47,0.52,0.47,0.52,392,80.87,2.82,4.01,24.06,2.72,46.45,33.94,2.77,2.8,2.75,3,3,78,36,75,189,10,4,3,0,24,0,42,41,74,110,12,27,0,105,30,64,111,3,0,2.42,0.4,0,4,0,0,191.47,114,114.62,48,0.82,0.63,0.52,3.12,3.11,3.08,1647,153,125,263,1106,200,246,168,1033,0,0,217622,27,27,12,97,476.24,37.66,36.48,37.86,36.67,420,240,279,939,33,53,5,516,109,35,13.67,13.99,10,16,10,7,942.17,660,661.27,6.01,10.18,10.29,33.38,33.46,32.84,534.88,47.71,45.78,47.65,45.73,500,244,322,1066,46,61,11,552,141,51,15.62,17.85,14.24,16,18,12,1060.27,744,740.01,7.25,12.41,12.69,42.27,42.19,41.38,203.29,197.86,3792,3565,0,0,0,0,0,0
8479395,2024,Dennis Cholowski,NJD,D,all,39,30585,698,5.15,0.49,0.47,0.49,0.49,0.5,0.5,215,30.83,1.02,1.79,9.1,0.95,18.27,12.87,1.01,0.99,0.99,2,5,30,14,31,75,10,3,3,0,8,0,14,16,27,41,5,10,0,5,8,38,41,3,0,0.74,0.28,0,3,0,0,74.51,44,43.62,23,0.39,0.13,0,1.41,1.37,1.36,698,78,28,76,516,91,98,84,425,0,0,111252,10,0,0,33,237.81,20.3,19.84,20.41,19.94,220,108,130,458,21,22,4,247,61,20,6.56,7.77,5.97,9,6,6,457.59,328,328.79,3.6,4.41,4.41,19.49,19.53,19.29,238.22,20.98,20.59,21.17,20.78,213,118,142,473,21,15,1,254,57,20,7.03,7.12,6.82,7,10,4,477.52,331,334.01,3.03,2.67,2.67,21.34,21.51,21.37,85.3,94.56,1769,1852,0,0,0,0,0,0
8477497,2024,Sean Monahan,CBJ,C,all,54,61608,1245,60.81,0.55,0.44,0.56,0.47,0.56,0.46,143,128.39,18.81,9.14,28.12,4.4,63.74,49.78,17.61,18.75,17.55,24,14,128,46,40,214,57,19,17,9,19,1,51,67,109,155,10,20,616,30,13,52,100,43,31,2.76,5.31,10.74,5,4,10,214.52,174,174.16,21,2.06,3.99,6.47,14.41,14.35,13.89,1245,253,235,231,526,148,123,225,749,616,555,135173,20,12,6,34,655.3,69.17,64.28,69.03,64.17,642,256,331,1229,88,72,15,648,159,91,17.76,19.4,32.01,34,28,26,1233.32,898,897.86,10.3,16.15,16.15,63.32,63.25,60.36,513.57,56.15,52.77,56.28,52.91,488,219,264,971,57,62,7,510,127,70,14.46,15.96,25.73,21,16,20,973.6,707,709.49,8.04,13.15,13.23,50.97,51.16,48.96,91.66,117.53,2060,2355,0,0,0,0,0,0
8481592,2024,Jakob Pelletier,PHI,L,all,49,33975,778,19.89,0.5,0.51,0.49,0.51,0.5,0.51,462,53.84,6.83,3.68,12.76,1.79,27.42,19.52,6.71,6.87,6.76,5,7,54,18,20,92,19,7,8,2,7,0,24,26,47,65,5,10,13,47,11,25,45,15,12,1.27,1.83,3.72,1,4,2,91.61,72,72.24,10,0.79,1.61,3.1,4.52,4.49,4.47,778,79,63,121,515,120,118,76,464,13,19,144084,10,10,5,19,269.93,23.81,23.29,23.85,23.33,232,142,143,517,24,31,5,292,55,27,7.82,7.41,8.58,8,11,5,513.55,374,373.13,3.66,6.71,6.71,20.76,20.7,20.53,269.38,24.05,23.27,24.18,23.41,257,117,156,530,20,29,2,284,65,25,8,7.79,8.25,4,12,4,534.17,374,375.18,3.78,5.37,5.37,22.46,22.65,22.39,125.29,120.74,2378,2314,0,0,0,0,0,0
8478403,2024,Jack Eichel,VGK,C,all,77,94865,1667,89.47,0.58,0.51,0.53,0.49,0.54,0.5,113,231.23,26.32,15.38,50.26,7.47,118.72,86.84,24.57,26.54,24.79,27,39,233,72,98,403,94,28,14,3,39,0,117,107,205,277,4,8,572,22,28,90,210,62,33,7.21,7.85,11.25,11,8,9,407.31,305,307.83,23,3.52,3.59,3.52,26.33,26.52,25.4,1667,322,262,254,829,209,180,319,959,572,682,184601,8,30,15,55,966.14,119.48,111.02,120.15,111.68,921,393,449,1763,135,86,12,889,270,155,27.72,33.79,57.97,36,45,54,1779.03,1314,1324.51,16.17,19.21,19.21,116.45,117.08,111.13,799.69,84.75,78.81,84.64,78.7,697,407,449,1553,75,88,9,793,209,102,23.03,26.46,35.26,25,23,27,1544.2,1104,1099.64,12.46,19.4,19.4,77.82,77.69,73.97,138.87,135.01,2874,2951,0,0,0,0,0,0
8483490,2024,Pavel Mintyukov,ANA,D,all,68,71796,1517,6.33,0.43,0.46,0.43,0.47,0.43,0.47,288,79.71,5.76,4.72,22.37,2.72,45.39,32.04,5.51,5.71,5.46,9,5,69,44,67,180,19,5,13,1,20,0,33,42,64,108,10,20,0,81,13,62,100,7,6,2.59,0.94,2.24,4,1,0,177.55,113,111.78,31,1,2.68,1.79,4.98,4.92,4.85,1517,151,207,235,924,210,249,189,869,0,0,176119,20,10,5,92,575.48,51.38,49.18,51.12,48.97,536,261,290,1087,56,75,9,610,136,51,17.19,17.35,16.84,21,25,10,1076.02,797,792.03,7.96,15.16,15.14,44.2,43.97,43.13,749.53,67.9,64.32,68.45,64.82,654,383,387,1424,62,73,11,780,191,66,23.29,23.88,20.73,22,24,16,1438.83,1037,1045.07,10.87,13.88,13.88,64.89,65.19,62.84,150.81,175.92,2871,3215,0,0,0,0,0,0
8478430,2024,Oliver Kylington,ANA,D,all,19,14016,343,5.75,0.53,0.52,0.53,0.52,0.53,0.51,110,8.99,0.41,0.51,2.75,0.29,5.2,3.84,0.41,0.43,0.42,4,0,6,7,18,31,5,1,0,0,3,0,5,4,5,12,4,8,0,3,5,15,11,2,0,0.22,0.2,0,0,1,0,31.2,13,13.05,7,0.1,0,0,0.52,0.53,0.52,343,27,34,48,234,51,51,32,209,0,0,54755,8,0,0,18,128.57,10.24,9.9,10.11,9.79,112,65,77,254,7,12,0,137,34,6,4.24,4.37,1.63,4,3,0,251.57,177,175.6,1.71,2.13,2.42,9.52,9.45,9.37,114.15,8.93,8.68,9.11,8.85,104,53,70,227,9,5,0,117,33,7,2.85,4.29,1.78,5,4,0,230.12,157,159.25,1.6,0.73,0.73,9.8,9.98,9.81,50.75,47.76,952,895,0,0,0,0,0,0
8481596,2024,Shane Pinto,OTT,C,all,70,73739,1797,38.34,0.49,0.51,0.47,0.52,0.47,0.52,307,148.11,24.53,10.02,31.89,5.24,72.65,57.66,23.23,24.56,23.27,11,5,127,75,66,268,37,21,18,2,21,3,58,81,106,181,13,26,444,73,27,44,114,52,36,3.91,6.77,13.87,6,8,7,270.95,202,203.6,22,2.22,4.26,4.32,22.44,22.46,21.47,1797,181,333,272,1011,252,202,263,1080,444,442,180375,26,36,19,56,589.74,68.24,64.85,68.53,65.15,549,258,340,1147,59,66,9,564,150,93,15.95,19.31,32.98,18,19,22,1154.65,807,812.76,8.39,14.34,14.34,62.29,62.54,60.6,667.9,70.62,64.86,70.64,64.89,628,285,378,1291,65,75,10,663,160,90,17.81,20.06,32.74,21,19,25,1282.65,913,908.63,10.79,15.74,15.46,65.95,65.86,62.23,151.18,147.88,3031,2831,0,0,0,0,0,0
8471215,2024,Evgeni Malkin,PIT,C,all,68,72565,1451,44.82,0.53,0.46,0.55,0.46,0.55,0.46,256,131.38,18.81,10.19,29.66,4.57,68.9,43.88,17.25,18.8,17.26,22,12,126,50,78,254,50,16,24,4,25,0,56,55,110,160,19,42,290,32,30,79,109,41,26,4.09,5.26,9.44,5,2,9,254.3,176,176.09,19,2.37,6.76,7.28,13.9,13.96,13.26,1451,251,67,228,905,193,208,221,829,290,343,174946,42,50,25,48,719.53,76.83,71.31,76.9,71.4,666,315,390,1371,73,93,9,708,181,92,20.87,22.84,33.12,23,25,25,1370.25,981,979.52,12.06,23.44,23.68,65.22,65.36,62.97,590.7,69.4,66.24,70.3,66.96,551,257,304,1112,69,73,4,571,163,74,16.96,21.52,30.92,19,27,23,1122.21,808,816.6,7.84,13.99,13.99,63.25,63.78,62.64,138.21,165.03,2683,3101,0,0,0,0,0,0
8479249,2024,Andrew Poturalski,SJS,C,all,3,2602,50,-0.09,0.49,0.53,0.41,0.52,0.45,0.52,24,3.99,0.3,0.25,1.04,0.11,2.02,1.28,0.29,0.28,0.27,0,1,5,0,1,6,1,0,1,0,1,0,3,0,5,5,1,2,21,0,0,1,4,1,0,0.14,0.15,0,0,0,0,5.8,5,4.84,0,0.05,0.07,0,0.34,0.33,0.32,50,5,6,9,30,10,5,7,28,21,22,8231,2,0,0,4,20.31,2.5,2.37,2.36,2.24,22,5,11,38,1,5,1,20,4,3,0.63,0.53,1.33,1,0,0,35.96,27,25.9,0.33,1.29,1.17,1.66,1.58,1.56,23.76,2.56,2.45,2.76,2.65,14,19,22,55,2,1,0,22,10,1,0.81,1.21,0.55,1,1,0,59.2,33,35.17,0.35,0.55,0.55,2.36,2.54,2.45,8.66,7.53,151,137,0,0,0,0,0,0
8480027,2024,Jason Robertson,DAL,L,all,82,87544,1700,75.87,0.6,0.47,0.57,0.47,0.56,0.46,283,216.99,23.29,15.67,51.25,7.4,117.45,77.94,22.11,23.58,22.37,22,23,211,82,114,407,80,35,22,7,38,1,101,96,176,258,9,18,7,60,24,92,211,52,30,6.53,6.4,10.37,11,7,17,410.5,293,295.1,22,3.6,3.77,5.18,21.71,21.91,21.16,1700,329,179,278,914,247,238,280,935,7,12,210114,18,40,20,45,891.93,103.4,96.98,104.29,97.82,812,401,497,1710,106,103,15,819,273,121,24.49,35.73,43.17,27,39,40,1723.94,1213,1223.07,14.93,23.85,24.05,94.28,94.96,91.53,690.04,68.94,65.86,68.7,65.62,624,324,320,1268,62,64,11,708,166,74,20.63,20.14,28.16,23,14,25,1251.05,948,937.58,8.98,13.46,13.59,64.33,63.99,62.46,166.44,184.51,3211,3583,0,0,0,0,0,0
8474564,2024,Steven Stamkos,NSH,C,all,82,88559,1710,44.33,0.58,0.47,0.58,0.49,0.57,0.48,287,186.9,22.66,13.52,39.17,6.37,109.53,66.76,21.36,22.71,21.4,18,8,174,84,98,356,53,27,16,3,33,0,93,89,147,231,24,48,396,66,18,57,161,73,24,5.85,8.75,8.05,11,8,8,354.03,258,257.85,18,3.32,3.6,4.11,21.86,21.85,20.83,1710,413,92,229,976,154,237,290,1029,396,398,208744,48,26,12,46,944.5,103.15,93.79,102.98,93.61,875,420,525,1820,88,89,6,908,272,115,27.05,33.8,42.3,26,38,24,1810.14,1295,1292.28,16.24,21.08,21.11,98.29,98.11,92.28,692.74,75.47,72.66,75.93,73.11,652,305,348,1305,87,56,2,695,183,79,21.33,22.76,31.37,41,21,25,1318.41,957,964.74,9.36,10.8,10.96,73.86,74.41,72.54,160.97,180.83,3184,3369,0,0,0,0,0,0
8480879,2024,Jacob Bernard-Docker,BUF,D,all,40,32676,780,9.75,0.5,0.49,0.5,0.49,0.51,0.49,232,38.22,1.11,1.89,11.59,1.31,24.09,16,1.07,1.11,1.06,3,3,32,24,38,94,8,2,2,0,10,0,12,30,30,54,7,17,0,30,3,22,56,0,0,1.11,0,0,2,0,0,95.37,56,56.26,21,0.37,0.59,0.03,1.46,1.45,1.39,780,72,58,114,536,99,116,91,474,0,0,112400,17,9,3,50,257.19,21.22,20.56,21.71,21.03,240,119,144,503,27,24,3,280,58,21,7.53,7.08,6.6,13,9,5,514.71,359,365.74,3.31,5.23,5.45,19.09,19.45,19.2,249.26,20.96,20.27,20.54,19.86,210,133,163,506,22,28,4,257,64,22,6.96,8.25,5.75,9,8,5,491.91,343,335.67,3.26,5.7,5.7,18.53,18.11,17.86,104.45,109.08,1832,1912,0,0,0,0,0,0
8482623,2024,Josh Dunne,BUF,C,all,2,851,25,-1,0.09,0.47,0.25,0.48,0.27,0.51,24,2.98,0.12,0.17,0.85,0.1,1.56,1.19,0.12,0.13,0.13,0,0,1,3,0,4,0,0,0,0,1,0,1,2,1,4,1,5,2,5,0,0,4,0,0,0.12,0,0,0,0,0,3.96,4,3.92,0,0.04,0,0,0.16,0.16,0.16,25,3,2,2,18,3,3,6,13,2,5,6349,5,5,1,2,4.44,0.15,0.15,0.15,0.15,2,4,1,7,0,0,0,6,0,0,0.15,0,0,0,0,0,7.02,6,5.93,0.05,0,0,0.19,0.19,0.19,12.11,1.5,1.37,1.51,1.38,12,4,5,21,3,3,2,12,1,3,0.31,0.1,1.1,1,0,2,21.14,16,16.13,0.16,1.1,1.1,0.57,0.56,0.56,5.21,5.86,87,96,0,0,0,0,0,0
8483406,2024,Taylor Ward,LAK,R,all,1,892,19,1.26,0.79,0.49,0.67,0.53,0.68,0.52,7,3.33,0.72,0.36,0.49,0.08,1.49,0.86,0.67,0.7,0.65,0,0,4,0,1,5,1,1,1,1,1,0,1,0,3,3,0,0,1,3,0,1,0,2,2,0,0.25,0.47,0,0,1,4.8,4,3.89,0,0.08,0.23,0.23,0.57,0.55,0.55,19,2,3,4,10,2,2,2,13,1,0,2708,0,0,0,0,9.84,0.91,0.85,0.88,0.82,9,4,3,16,1,1,1,9,2,2,0.19,0.25,0.47,0,0,1,15.13,13,12.36,0.15,0.23,0.23,0.82,0.79,0.78,4.29,0.25,0.25,0.27,0.27,4,2,2,8,0,0,0,4,2,0,0.05,0.2,0,0,0,0,8.96,6,6.7,0.05,0,0,0.3,0.32,0.32,2.32,2.38,44,39,0,0,0,0,0,0
8482730,2024,Brandt Clarke,LAK,D,all,78,76186,1568,46.72,0.58,0.53,0.57,0.51,0.58,0.51,344,129.09,6.69,7.2,36.13,4.11,73.17,52.71,5.99,6.77,6.08,15,13,131,49,89,269,33,5,19,0,38,0,58,60,126,175,24,46,0,23,24,63,165,9,6,3.3,1.16,2.23,3,1,1,273.96,180,182.78,39,1.59,4.05,1,7.28,7.38,6.83,1568,268,116,246,938,171,203,213,981,0,0,207215,46,30,15,121,793.77,71.41,66.83,72.15,67.54,700,383,407,1490,76,93,15,817,179,87,22.01,22.27,27.12,33,21,22,1515.92,1083,1098.33,12.12,19.68,19.66,63.87,64.49,62.41,573.48,51.91,50.03,52.12,50.22,493,294,329,1116,48,67,10,599,135,53,16.03,17.1,18.78,20,15,13,1107.56,787,783.51,7.33,13.27,13.27,45.97,46.01,45.35,168.83,146.97,3300,3165,0,0,0,0,0,0
8477541,2024,Dakota Mermis,TOR,D,all,4,3649,89,0.75,0.55,0.42,0.51,0.42,0.51,0.43,20,6.16,0.42,0.39,1.63,0.21,3.63,2.73,0.41,0.42,0.42,1,0,6,3,4,13,1,0,1,0,0,0,4,4,6,9,1,2,0,3,0,5,8,0,1,0.2,0,0.21,0,0,0,13.73,9,9.39,2,0.08,0.33,0,0.49,0.51,0.5,89,6,6,11,66,9,13,14,53,0,0,11107,2,0,0,4,35.19,3.5,3.41,3.67,3.56,29,19,15,63,3,6,1,37,5,6,1.34,0.54,1.62,1,1,1,65.83,48,50.13,0.51,0.96,0.96,3.05,3.16,3.13,33.21,2.9,2.83,2.89,2.83,31,15,15,61,5,2,0,33,11,2,0.99,1.47,0.43,2,2,1,60.18,46,45.82,0.44,0.32,0.32,3.02,3.04,3,7.79,10.91,143,199,0,0,0,0,0,0
8476905,2024,Chandler Stephenson,SEA,C,all,78,91304,1749,31.26,0.44,0.48,0.46,0.49,0.46,0.5,158,76.49,8.49,5.25,16.27,2.62,40.6,30.79,7.45,8.47,7.43,18,20,73,31,26,130,51,13,4,0,8,1,36,42,60,91,11,24,761,33,30,58,68,26,10,2.13,3.09,3.27,7,6,0,129.57,104,104.39,25,1.16,0.68,2.27,7.38,7.38,7.24,1749,308,328,264,849,170,212,291,1076,761,713,191583,24,28,15,50,742.9,77.83,73.23,77.57,72.99,683,354,408,1445,88,60,4,765,192,80,20.84,23.4,33.6,33,31,24,1432.25,1037,1031.31,11.88,15.42,15.16,74.56,74.28,71.4,879.89,99.36,93.15,99.98,93.76,762,460,454,1676,89,95,12,865,224,133,24.97,27.28,47.12,23,32,34,1699.59,1222,1235.77,14.23,20.79,20.79,92.8,93.42,88.71,143.97,156.27,3084,3195,0,0,0,0,0,0
8482067,2024,Connor Mackey,NYR,D,all,2,1935,38,0.08,0.4,0.51,0.49,0.55,0.45,0.55,10,1.29,0.02,0.07,0.37,0.04,0.88,0.61,0.02,0.02,0.02,0,0,1,1,2,4,0,0,0,0,0,0,0,2,1,2,1,5,0,4,0,1,2,0,0,0.02,0,0,0,0,0,3.67,2,1.91,1,0.01,0,0,0.04,0.04,0.04,38,4,4,6,24,3,5,5,25,0,0,5265,5,5,1,1,13.82,0.6,0.59,0.58,0.58,11,8,8,27,1,0,0,18,1,0,0.41,0.19,0,1,0,0,25.07,19,18.09,0.16,0,0,0.76,0.74,0.73,16.55,0.89,0.89,0.96,0.96,13,10,5,28,1,0,0,22,0,1,0.6,0,0.3,1,0,0,30.58,23,24.57,0.21,0,0,1.1,1.18,1.18,3.66,3.46,91,73,0,0,0,0,0,0
8481591,2024,Sam Poulin,PIT,R,all,7,4231,95,2.23,0.53,0.49,0.58,0.5,0.51,0.48,78,6.82,0.51,0.38,1.76,0.23,3.45,2.68,0.48,0.51,0.48,0,1,3,6,2,11,1,0,0,0,1,0,2,6,3,9,1,2,0,10,2,7,7,1,1,0.14,0.15,0.21,0,0,0,10.69,9,8.63,3,0.08,0,0.21,0.37,0.37,0.37,95,6,9,18,62,15,20,7,53,0,0,21597,2,2,1,0,43.04,4.22,4.01,4.13,3.93,33,25,28,86,2,7,1,40,14,4,1.09,1.87,1.25,0,1,1,84.76,58,56.5,0.57,1.7,1.7,3.08,3,2.98,39.47,3.74,3.58,3.84,3.68,41,14,8,63,2,6,0,38,13,4,1.03,1.36,1.35,1,0,1,65.99,55,56.96,0.57,1.26,1.26,3.06,3.16,3.13,17.56,18.47,369,369,0,0,0,0,0,0
8476453,2024,Nikita Kucherov,TBL,R,all,78,99167,1776,116.62,0.62,0.46,0.59,0.46,0.59,0.46,184,277.9,27.03,19.08,62.26,9.07,155.65,105.91,26.31,27.25,26.53,56,28,265,114,171,550,121,37,25,1,62,3,124,128,228,342,16,35,1,23,30,122,279,76,24,9.38,9.26,8.39,14,13,10,556.47,379,382.86,27,4.32,4.54,2.86,28.5,28.76,28.22,1776,415,161,254,946,259,270,356,891,1,1,184088,35,56,28,33,1114.36,129.92,124.23,130.73,125.02,1018,496,561,2075,153,110,18,1058,307,149,33.02,38.52,58.37,47,49,57,2099.06,1514,1527.71,19.4,23.93,24.2,125.12,125.82,122.47,752.74,81.01,76.34,80.63,75.99,729,310,379,1418,80,73,4,754,190,95,22.99,22.49,35.54,38,22,20,1399.75,1039,1033.17,10.02,14.53,14.53,76.51,76.19,73.44,128.82,149.99,2601,3031,0,0,0,0,0,0
8483768,2024,Victor Mancini,VAN,D,all,31,28468,596,-1.22,0.41,0.56,0.41,0.52,0.42,0.52,165,30.53,1.39,1.88,8.26,0.96,18.98,13.53,1.36,1.42,1.38,2,4,27,18,27,72,8,2,2,0,7,0,14,20,25,43,5,10,0,38,3,29,43,1,1,0.93,0.1,0.36,1,0,1,73.48,45,45.93,18,0.39,0.73,0.07,1.72,1.74,1.7,596,56,39,86,415,65,116,69,346,0,0,84650,10,4,2,41,198.74,16.54,15.27,16.9,15.55,177,97,103,377,14,22,2,215,41,18,5.88,5.57,5.1,6,7,1,382.66,274,276.72,2.77,4.26,4.26,15.05,15.19,14.83,278.6,23.58,22.84,23.63,22.89,265,116,166,547,23,26,1,289,66,26,7.76,8.06,7.75,11,9,3,545.47,381,380.36,3.77,5.7,5.7,21.65,21.68,21.5,92.09,73.41,1465,1334,0,0,0,0,0,0
8479525,2024,Ross Colton,COL,C,all,61,52780,1175,37.43,0.59,0.51,0.56,0.54,0.56,0.53,441,144.28,18.24,10.92,32.49,5.31,78.35,53.69,17.37,18.46,17.58,8,5,125,74,54,253,29,16,18,2,21,0,63,81,109,183,9,18,39,145,15,47,121,55,23,4.27,6.82,7.15,1,7,8,256.07,199,200.95,14,2.52,3.76,3.81,16.95,17.11,16.81,1175,190,126,173,686,161,136,156,722,39,58,168941,18,22,11,42,500.69,49.53,46.99,50.07,47.51,458,234,294,986,48,51,6,511,124,57,14.31,15.76,19.46,16,16,16,999.66,692,699.49,7.7,11.93,11.93,45.29,45.77,44.76,394.3,34.25,33.33,34.08,33.18,363,175,233,771,32,39,4,403,101,34,10.45,12.72,11.07,12,11,9,759.42,538,531.94,5.2,7.96,7.96,31.48,31.36,30.92,140.12,132.48,2938,2549,0,0,0,0,0,0
8477495,2024,Seth Jones,FLA,D,all,63,93145,1706,33.13,0.48,0.45,0.5,0.46,0.49,0.46,90,134.76,8.29,7.67,35.9,4.46,78.66,56.03,7.98,8.28,7.96,17,10,129,62,114,305,36,9,14,0,35,1,55,77,120,182,11,22,0,96,26,82,173,9,9,3.76,1.13,3.4,5,1,3,301.97,191,189.38,58,1.77,2.06,0.49,9.57,9.56,9.24,1706,270,253,233,950,134,192,268,1112,0,0,135774,22,10,5,109,837.3,88.59,80.23,88.53,80.19,778,368,429,1575,83,95,6,849,177,120,23.72,21.51,43.36,27,26,30,1565.75,1146,1141.17,13.35,20.8,20.8,81.14,81.14,77.07,858.23,95.43,90.19,95.93,90.67,798,384,376,1558,99,90,13,852,220,110,25.88,27.61,41.95,29,35,35,1569.93,1182,1188.42,13.25,18.62,18.62,90.06,90.49,87.09,90.44,111.79,1956,2283,0,0,0,0,0,0
8475179,2024,Dmitry Kulikov,FLA,D,all,70,80927,1863,23.9,0.47,0.58,0.49,0.58,0.48,0.57,245,70.92,3.04,4.05,19.77,2.32,40.61,31.21,2.98,3.07,3.02,2,7,64,37,72,173,13,4,7,0,18,0,32,40,60,97,14,28,0,114,32,78,95,5,1,2.32,0.52,0.2,2,2,0,174.54,101,101.54,51,0.83,1.76,0.36,3.51,3.53,3.47,1863,212,238,295,1118,218,250,235,1160,0,0,173357,28,22,11,71,637.66,59.39,56.64,59.59,56.84,587,293,350,1230,57,69,10,666,139,75,18.82,16.68,23.89,19,21,17,1244.07,880,886.51,8.51,16.79,16.79,51.1,51.36,50.36,707.89,66.44,63.3,66.46,63.35,626,341,313,1280,58,65,3,720,173,74,19.58,20.93,25.94,20,22,16,1279,967,966.69,10.63,14.91,14.91,62.16,62.27,60.31,187.62,136.3,3374,2444,0,0,0,0,0,0
8482737,2024,Zack Bolduc,STL,R,all,72,55323,1225,39.31,0.57,0.49,0.55,0.48,0.55,0.48,636,131.43,12.69,9.07,31.59,4.46,74.58,51.61,12.24,12.9,12.45,7,10,120,64,61,245,36,19,11,3,20,1,43,90,101,165,12,27,5,108,17,59,143,28,13,4.65,3.51,4.53,5,7,7,249.27,184,185.93,18,2.03,2.48,2.62,12.1,12.29,11.97,1225,166,73,182,804,180,184,163,698,5,9,207167,27,24,12,36,446.01,39.46,38.03,39.71,38.27,429,192,268,889,57,40,9,486,93,42,14.7,11.68,13.08,24,16,17,896.18,621,623.62,6.77,7.88,7.78,38.45,38.72,37.91,361.85,29.67,28.52,29.74,28.6,315,190,225,730,22,21,1,391,85,29,10.08,10.56,9.04,7,8,7,729.59,505,507.37,4.64,3.15,3.15,31.15,31.31,30.35,157.63,167.16,3079,3346,0,0,0,0,0,0
8484783,2024,Artyom Levshunov,CHI,D,all,18,21941,407,1.33,0.39,0.46,0.47,0.45,0.45,0.45,55,24.52,0.84,1.38,6.81,0.81,14.97,10.21,0.83,0.84,0.83,3,3,21,14,31,66,6,0,1,0,10,0,11,13,21,35,4,8,0,19,4,26,34,1,0,0.68,0.15,0,0,0,0,65.27,35,34.47,13,0.31,0.21,0,1.14,1.14,1.13,407,66,30,44,267,35,64,54,254,0,0,43807,8,0,0,20,160.77,15.45,14.91,15.43,14.9,151,71,84,306,16,12,3,161,43,18,4.56,5.15,5.73,2,9,5,301.97,222,220.26,2.39,2.83,2.83,15.01,14.99,14.67,191.89,23.72,22.97,24.09,23.31,173,94,85,352,23,21,1,187,46,34,5.77,5.47,12.48,12,3,8,361.63,267,273.35,2.55,5.24,5.24,21.03,21.31,20.98,32.31,37.59,586,705,0,0,0,0,0,0
8482088,2024,Justin Sourdif,FLA,R,all,1,567,15,1.25,0.88,0.55,0.7,0.61,0.67,0.58,11,1.7,0.22,0.14,0.29,0.05,0.74,0.56,0.22,0.24,0.24,0,0,2,0,0,2,1,1,0,0,0,0,0,1,1,1,0,0,0,0,0,0,1,1,0,0.03,0.19,0,0,1,0,2.31,2,2.29,0,0.03,0,0,0.25,0.28,0.28,15,2,2,3,8,3,1,3,8,0,0,3033,0,0,0,0,3.07,0.39,0.39,0.43,0.43,4,0,3,7,1,0,0,2,2,0,0.05,0.34,0,0,1,0,8.04,4,4.54,0.05,0,0,0.44,0.48,0.48,1.02,0.05,0.05,0.05,0.05,0,2,1,3,0,0,0,2,0,0,0.05,0,0,0,0,0,2.75,2,1.83,0.02,0,0,0.07,0.07,0.07,2.64,2.16,58,37,0,0,0,0,0,0
8480829,2024,Jesperi Kotkaniemi,CAR,C,all,78,65797,1374,48.13,0.59,0.54,0.61,0.58,0.59,0.57,571,122.39,14.01,8.44,27.99,4.07,61.01,46.49,13.42,14.25,13.64,10,11,115,47,57,219,33,12,15,3,21,0,51,63,103,150,19,50,367,66,18,64,100,43,19,3.08,5.47,5.46,6,3,3,223.07,162,164.71,27,1.82,2.71,3.98,11.85,12,11.72,1374,232,101,230,811,301,172,222,679,367,342,216523,50,34,13,28,671.27,62.6,56.7,63.15,57.25,594,319,405,1318,54,75,8,673,170,70,18.98,21.01,22.61,26,18,10,1333.66,913,923.91,9.59,13.82,13.82,58.37,58.99,55.07,460.37,43.52,41.99,43.39,41.87,420,210,211,841,43,43,4,461,116,53,13.2,15.01,15.32,15,19,9,832.81,630,625.77,6.16,9.29,9.29,40.38,40.27,39.8,216.86,181.88,4165,3038,0,0,0,0,0,0
8476875,2024,Mike Matheson,MTL,D,all,80,120387,2041,28.37,0.42,0.49,0.43,0.49,0.43,0.5,112,154.56,9.14,9.15,41.65,5,86.37,65.69,8.85,9.11,8.81,16,9,149,68,149,366,31,6,10,0,39,1,60,101,143,211,19,41,0,60,43,107,196,14,7,4.76,1.85,2.53,4,1,1,363.39,217,216.12,73,2.04,3.06,0.47,10.72,10.68,10.38,2041,250,407,312,1072,206,179,346,1310,0,0,171009,41,29,14,168,913.06,99.07,94.82,98.73,94.5,846,407,516,1769,98,76,15,891,247,115,27.55,29.52,41.99,36,23,39,1758.87,1253,1248.14,13.27,16.96,17.89,94.44,94.17,91.25,1209.69,138.47,126.68,139.18,127.36,1079,558,663,2300,124,130,12,1134,342,161,34.54,43.1,60.83,48,45,31,2309.26,1637,1642.53,19.68,31.48,31.74,126.4,126.98,121.45,136.64,140.95,2696,2812,0,0,0,0,0,0
8476441,2024,Joel Edmundson,LAK,D,all,73,90183,1916,29.37,0.49,0.56,0.47,0.55,0.48,0.56,230,107.73,4.07,5.68,32.64,3.79,63.76,46.05,3.99,4.1,4.02,6,8,91,65,85,241,20,6,8,0,22,0,50,70,85,150,11,22,0,100,23,62,150,4,2,2.71,0.43,0.93,4,1,1,242.87,156,157.58,42,1.16,1.86,0.38,4.86,4.9,4.81,1916,230,242,275,1169,183,241,249,1243,0,0,175144,22,10,5,108,744.56,68.3,65.29,69.13,66.08,654,365,380,1399,76,85,9,774,166,79,20.22,21.53,26.56,34,22,20,1418.37,1019,1032.31,9.9,16.86,16.86,61.34,62.06,61.02,822.76,72.21,69.06,72.53,69.36,716,408,441,1565,62,93,10,838,215,71,23.12,26.1,23,26,22,14,1560.78,1124,1123.31,12.3,17.47,17.47,67.04,67.23,65.97,154.12,121.77,3079,2487,0,0,0,0,0,0
8476854,2024,Hampus Lindholm,BOS,D,all,17,21273,447,10.28,0.45,0.51,0.48,0.49,0.48,0.5,40,33.54,2.02,2.06,8.93,1.19,18.22,14.58,1.76,2,1.74,2,2,35,12,34,81,7,3,4,0,4,0,15,21,32,44,2,4,0,5,14,30,42,1,4,0.76,0.08,1.18,1,1,1,80.63,47,46.8,19,0.45,1.14,0.45,2.02,2,1.83,447,51,89,64,243,51,51,69,276,0,0,40727,4,6,3,17,171.76,16.7,16.04,16.63,15.97,163,73,92,328,15,18,4,177,38,21,4.7,4.91,7.09,5,6,4,327.69,236,236.03,2.59,4.59,4.59,14.7,14.69,14.4,184.99,20.32,19.67,20.37,19.73,171,84,104,359,29,19,2,181,52,22,5.05,6.27,8.99,9,10,10,361.42,255,255.98,3.05,3.93,3.93,19.44,19.48,19.07,34.68,32.79,625,638,0,0,0,0,0,0
8477950,2024,Tony DeAngelo,NYI,D,all,35,49022,955,21.75,0.49,0.47,0.55,0.46,0.55,0.47,75,71.36,3.28,4.04,19.74,2.41,41.72,30.81,3.2,3.25,3.17,8,7,76,26,65,167,19,4,9,1,20,0,36,33,72,98,5,10,0,17,6,44,92,8,2,1.73,0.97,0.58,2,2,0,165.6,102,100.83,29,0.89,2,0.5,3.67,3.62,3.56,955,133,91,149,582,121,116,142,576,0,0,78533,10,6,3,42,509.16,48.64,46.1,48.22,45.71,487,212,272,971,39,74,6,506,137,56,13.86,17.23,17.56,16,15,8,962.83,699,693.9,8.33,14.3,14.3,42.67,42.37,41.14,415.91,51.33,46.65,51.53,46.85,379,195,235,809,46,55,3,387,126,61,12.08,16.32,22.92,21,15,10,820.68,574,579.67,6.13,13.29,13.29,44.17,44.43,42.43,58.91,67.38,1233,1461,0,0,0,0,0,0
8483553,2024,Marc Gatcomb,NYI,C,all,39,22902,529,8.86,0.42,0.49,0.48,0.5,0.48,0.5,422,40.59,4.6,3.04,9.64,1.33,21.55,14.85,4.33,4.44,4.2,0,1,41,14,19,74,9,8,4,1,7,0,18,18,33,47,4,11,5,149,7,12,36,13,6,1.12,1.87,1.61,4,4,0,72.31,55,53.92,4,0.65,0.7,1.27,3.97,3.89,3.79,529,76,38,87,328,67,62,70,330,5,7,119053,11,9,3,23,155.72,12.45,12,12.18,11.76,148,67,94,309,14,13,3,168,34,13,4.32,4.75,3.38,6,6,2,301.51,215,211.01,2.05,2.47,2.3,12.21,12.01,11.74,167.93,17.08,16.19,17.38,16.48,152,79,101,332,18,27,3,164,48,19,4.77,6.43,5.87,8,8,2,338.87,231,235.27,2.4,5.37,5.37,14.1,14.38,14.05,105.33,111.25,2157,2167,0,0,0,0,0,0
8475279,2024,Ben Chiarot,DET,D,all,81,103189,2107,3.33,0.4,0.54,0.41,0.53,0.41,0.53,219,114.99,4.21,5.57,31.67,3.77,65.08,51.7,4.15,4.16,4.1,7,2,109,53,99,261,13,4,12,1,29,0,52,65,105,158,27,59,0,127,26,86,157,4,1,3.24,0.52,0.46,4,0,0,256.07,162,159.79,60,1.16,2.01,0.2,5.17,5.09,5.03,2107,222,331,358,1196,293,280,266,1268,0,0,191648,59,39,18,142,734.35,71.33,69.16,71.27,69.09,677,329,407,1413,63,69,7,757,173,76,21.49,21.92,27.93,24,20,19,1405.59,1006,1003.59,9.43,13.58,13.82,66.95,66.87,65.91,1070,107.33,100.25,107.91,100.76,956,509,592,2057,105,109,14,1056,283,126,28.69,34.12,44.52,40,31,34,2063.61,1465,1469.66,16.07,25.75,25.75,97.66,98.07,94.69,184.55,156.51,3227,2863,0,0,0,0,0,0
8479343,2024,Clayton Keller,UTA,R,all,81,92914,1845,89.6,0.61,0.47,0.6,0.48,0.6,0.48,186,246.72,29.87,16.23,55.19,7.89,132.11,91.71,29.06,29.87,29.06,26,34,218,115,112,445,90,30,26,1,34,0,119,124,188,303,13,28,10,11,27,79,219,82,32,7.12,10.34,12.4,4,11,15,445.55,333,333.92,13,3.72,4.7,3.34,30.25,30.23,29.67,1845,382,149,322,992,225,241,350,1029,10,20,203139,28,54,27,30,949.45,111.95,107.03,112.12,107.21,872,425,498,1795,112,98,14,872,304,121,27.77,37.29,46.89,24,43,45,1800.53,1297,1301.87,15.23,21.4,21.48,105.7,105.95,103.25,627.45,70.47,68.18,70.32,68.05,588,272,331,1191,74,57,11,613,170,77,19.22,20.73,30.52,27,20,27,1189.56,860,859.21,8.05,13.01,13.01,65.51,65.48,64.22,158.52,175.66,3230,3496,0,0,0,0,0,0
8482749,2024,Joshua Roy,MTL,R,all,12,7933,182,-0.84,0.41,0.48,0.4,0.49,0.38,0.5,134,18.94,2.24,1.3,5.05,0.7,9.81,6.89,2.15,2.22,2.12,0,0,14,12,4,30,2,2,2,2,3,0,7,12,12,24,1,2,1,6,3,5,20,3,3,0.68,0.47,1.1,0,0,2,29.87,26,25.92,3,0.27,0.51,1.4,1.12,1.11,1.09,182,32,6,24,120,23,37,28,94,1,0,36105,2,0,0,8,55.07,5.12,4.95,5.16,4.97,44,32,35,111,3,8,2,55,17,4,1.7,2,1.42,1,0,2,111.75,76,76.55,0.78,1.98,1.98,3.92,3.93,3.88,93.6,7.46,7.22,7.41,7.19,77,49,39,165,9,10,0,101,16,9,2.64,2.05,2.76,6,3,0,167.79,126,126.95,1.13,2.24,2.24,6.34,6.37,6.32,31.89,33.96,600,616,0,0,0,0,0,0
8476460,2024,Mark Scheifele,WPG,C,all,82,100564,1724,73.58,0.57,0.5,0.53,0.48,0.53,0.49,130,199.49,28.83,15.58,42.82,7.09,110.48,70.19,27.42,29.16,27.71,32,16,181,94,65,340,87,39,19,10,35,1,94,87,142,236,19,41,627,73,25,105,151,92,32,5.52,11.12,12.19,10,14,15,344.3,275,278.6,28,3.66,3.97,8.09,24.39,24.66,24.16,1724,384,151,237,952,214,300,322,888,627,641,197031,41,55,26,60,973.09,108.21,102.72,109.31,103.79,899,440,478,1817,131,100,18,924,298,117,27.69,36.72,43.8,39,44,48,1838.14,1339,1353.53,16.3,22.67,22.67,101.84,102.91,99.82,854.57,83.02,79.6,82.72,79.3,811,380,429,1620,77,80,13,924,179,88,26.97,22.58,33.48,26,19,32,1600.7,1191,1182.21,11.37,16.63,16.63,77.76,77.48,75.36,149.53,147.87,2973,3220,0,0,0,0,0,0
8476393,2024,Nick Cousins,OTT,C,all,50,35708,908,17.75,0.51,0.49,0.52,0.53,0.51,0.53,458,71.41,7.67,4.55,17.46,2.36,35.82,27.14,7.49,7.73,7.53,6,3,68,27,29,124,15,6,8,1,12,0,23,46,62,89,19,41,1,85,5,23,62,21,12,1.8,2.73,3.14,1,3,2,126.03,95,96.27,7,0.97,1.51,2.05,6.59,6.63,6.61,908,95,99,138,576,158,119,119,512,1,6,145866,41,35,15,26,286.11,25.11,24.22,25.39,24.48,279,116,185,580,24,27,3,303,59,33,8.1,7.7,9.31,11,5,8,584.43,395,397.71,3.65,5.89,5.89,22.88,23.12,22.78,271.69,24.06,23.03,23.92,22.9,257,119,169,545,25,24,3,278,75,23,7.4,9.69,6.97,11,7,7,542.15,376,374.33,3.62,5.06,5.22,22.46,22.37,21.83,120.26,126.11,2518,2272,0,0,0,0,0,0
8481606,2024,Jordan Spence,LAK,D,all,79,79578,1611,46.05,0.58,0.53,0.58,0.51,0.59,0.51,352,105.05,3.76,6.08,29.27,3.56,64.07,47.26,3.65,3.81,3.69,11,13,86,68,107,261,28,4,11,0,24,0,56,59,82,150,8,16,0,80,15,72,151,1,2,3.09,0.09,0.59,4,0,0,264.02,154,155.76,37,1.26,1.89,0.46,4.56,4.58,4.5,1611,150,141,237,1083,217,211,170,1013,0,0,207123,16,6,3,77,751.57,63.17,60.7,63.88,61.37,649,395,425,1469,64,75,11,818,159,67,22.9,19.66,20.62,24,21,19,1492.13,1044,1058.96,10.75,15.15,15.26,58.66,59.3,58.29,524.92,45.93,44.9,45.93,44.89,476,245,324,1045,40,39,7,536,147,38,14.85,18.28,12.8,16,15,9,1036.34,721,717.57,7.38,7.83,7.83,45.42,45.35,44.72,179.16,160,3405,3288,0,0,0,0,0,0
8478454,2024,Noah Juulsen,VAN,D,all,35,34210,861,-2.1,0.32,0.51,0.38,0.51,0.37,0.51,170,24.77,0.93,1.29,6.67,0.8,14.44,11.88,0.9,0.93,0.91,0,0,26,10,34,70,0,0,2,0,4,0,14,16,26,36,8,21,0,101,12,40,35,1,0,0.84,0.09,0,0,0,0,69.02,36,35.63,27,0.26,0.38,0,1.19,1.19,1.16,861,41,151,101,568,88,93,100,580,0,0,94248,21,15,6,60,192.23,16.43,15.8,16.56,15.92,188,82,121,391,15,18,3,212,37,21,5.63,4.68,6.12,6,5,4,388.81,270,269.38,2.44,4.13,4.13,14.74,14.73,14.52,339,34.59,32.84,34.52,32.77,303,165,182,650,36,32,8,338,92,38,8.77,12.29,13.52,15,10,11,651.26,468,469.63,5.28,8.22,8.22,31.65,31.64,30.55,73.83,70.97,1451,1389,0,0,0,0,0,0
8482093,2024,Seth Jarvis,CAR,C,all,73,84779,1590,85.07,0.59,0.53,0.61,0.57,0.62,0.55,177,235.74,30.81,16.55,48.72,7.53,119.17,90.22,29.48,30.8,29.47,22,13,204,109,79,392,67,32,22,0,33,1,117,108,172,281,8,16,52,93,32,58,180,101,32,6.47,12.91,11.43,8,13,11,393.96,313,313.53,16,3.81,3.3,4.04,30.6,30.6,29.68,1590,356,171,258,805,253,200,294,843,52,100,179541,16,46,21,51,951.92,100.99,96.14,100.9,96.07,812,489,472,1773,102,94,5,908,291,102,26.66,36.29,38.04,27,44,31,1774.38,1301,1300.03,15.27,16.98,17.19,99.08,99.05,95.73,590.94,69.48,65.78,69.46,65.77,562,244,307,1113,65,64,8,557,161,88,15.21,19.4,34.87,25,15,25,1111.2,806,807.11,8.97,14.83,14.83,63.61,63.68,62.01,159.75,142.87,3339,2513,0,0,0,0,0,0
8479983,2024,Mario Ferraro,SJS,D,all,78,100159,1902,10.03,0.39,0.46,0.41,0.49,0.41,0.49,190,88.62,4.28,4.8,26.54,3.32,50.37,38.69,3.95,4.23,3.91,7,5,79,49,77,205,17,5,9,0,20,0,37,57,74,123,22,53,0,150,37,77,118,7,3,2.44,0.87,0.97,4,0,1,201.03,128,125.83,50,0.98,1.97,1.3,3.96,3.91,3.81,1902,111,342,326,1123,250,254,259,1139,0,0,183554,53,29,10,125,734.29,67.75,64.93,66.85,64.05,675,336,387,1398,58,81,13,757,176,78,22.12,21.69,23.94,27,15,16,1366.88,1011,995.12,9.98,18.66,18.66,59.08,58.26,57.24,1052.02,104.47,98.01,105.85,99.29,969,476,539,1984,117,124,17,1043,281,121,29.68,34.6,40.19,50,29,38,2030.31,1445,1468.08,16.96,25.35,25.35,96.09,97.17,93.92,148.2,173.54,3028,3210,0,0,0,0,0,0
8482133,2024,Thomas Bordeleau,SJS,C,all,1,638,18,-0.12,0.84,0.3,0.4,0.45,0.4,0.45,10,0.68,0.02,0.04,0.14,0.02,0.43,0.33,0.02,0.03,0.02,0,0,1,0,0,1,0,0,0,0,0,0,0,1,1,1,0,0,1,0,0,1,1,0,0,0.02,0,0,0,0,0,1.03,1,1.03,0,0.01,0,0,0.03,0.03,0.02,18,2,4,3,9,1,4,1,12,1,0,2962,0,0,0,0,3.24,0.56,0.53,0.6,0.57,4,0,2,6,0,1,0,2,0,2,0.04,0,0.52,0,0,0,6.3,4,4.26,0.06,0.28,0.28,0.34,0.36,0.33,4.16,0.11,0.11,0.1,0.1,5,1,3,9,0,0,0,6,0,0,0.11,0,0,0,0,0,8.79,6,6.04,0.05,0,0,0.16,0.15,0.15,1.49,3.44,47,58,0,0,0,0,0,0
8480803,2024,Evan Bouchard,EDM,D,all,82,115415,1918,94.83,0.64,0.47,0.64,0.47,0.63,0.48,157,226.3,13.04,13.84,61.34,7.35,136.1,93.32,12.31,13.18,12.44,14,39,235,90,219,544,67,14,14,1,54,1,115,127,221,311,16,32,0,31,55,128,295,21,9,7.5,2.4,3.14,10,2,2,541.8,325,326.4,72,3.09,3.57,1.07,15.07,15.18,14.58,1918,308,175,317,1118,202,234,322,1160,0,0,182109,32,45,21,108,1331.88,144.55,134.74,145,135.15,1258,549,671,2478,135,143,18,1293,348,166,39.65,43.02,61.89,36,51,48,2478.01,1807,1812,21.15,33.11,33.54,132.16,132.53,127.39,779.39,80.19,76.85,80.46,77.08,710,352,350,1412,78,74,14,759,218,85,22.67,27.19,30.33,31,27,20,1416,1062,1065.51,10.29,15.78,15.78,74.7,74.75,72.59,132.32,148.61,2706,3075,0,0,0,0,0,0
8482641,2024,Matt Kiersted,FLA,D,all,2,1521,35,0.75,0.52,0.37,0.48,0.45,0.5,0.47,13,0.7,0.01,0.03,0.21,0.02,0.43,0.3,0.01,0.01,0.01,0,1,0,1,1,2,1,0,0,0,0,0,1,0,0,1,1,2,0,3,0,1,1,0,0,0.01,0,0,0,0,0,1.97,1,0.95,0,0.01,0,0,0.01,0.01,0.01,35,0,1,5,29,3,8,4,20,0,0,5679,2,2,1,1,11.98,1.23,1.19,1.22,1.18,11,5,4,20,1,1,0,10,4,2,0.26,0.44,0.54,1,0,0,19.12,16,15.56,0.15,0.28,0.28,1.1,1.1,1.09,12.11,1.15,1.13,1.17,1.16,11,5,6,22,0,2,0,13,2,1,0.43,0.36,0.37,0,0,0,23.42,16,16.55,0.17,0.39,0.39,0.93,0.94,0.94,4.33,7.45,78,94,0,0,0,0,0,0
8482476,2024,Emil Heineman,MTL,L,all,62,42379,934,15.6,0.53,0.46,0.52,0.45,0.52,0.46,666,81.07,7.83,5.17,19.28,2.87,45.57,33.28,7.61,7.88,7.67,5,3,64,50,48,162,18,10,4,2,12,0,34,54,54,104,10,20,1,173,8,33,86,20,8,2.64,2.36,2.83,5,2,3,163.92,114,114.47,6,1.1,1.72,2.62,6.3,6.33,6.21,934,102,98,169,565,152,117,126,539,1,6,183752,20,4,2,24,311.65,26.65,26,26.69,26.04,259,178,212,649,26,25,5,339,76,22,10.14,9.2,7.31,13,8,5,650.21,437,436.58,4.42,5.41,5.41,25.66,25.66,25.29,295.89,23.2,22.7,23.45,22.94,244,162,194,600,27,15,3,319,66,21,9.41,8.35,5.45,15,9,3,599.14,406,406.79,3.83,3.18,3.18,23.86,24.05,23.77,153.65,179.67,2764,3328,0,0,0,0,0,0
8479318,2024,Auston Matthews,TOR,C,all,67,82298,1640,86.3,0.55,0.44,0.54,0.43,0.55,0.44,158,288.08,41.05,21.46,61.98,9.25,151.23,103.03,38,41.14,38.08,27,18,261,127,92,480,78,33,35,5,47,0,129,144,228,355,9,20,695,45,29,62,246,91,51,8.95,11.16,20.95,9,10,14,483.45,388,390.62,25,4.98,8.12,9.25,36.78,36.85,34.76,1640,285,267,277,811,154,178,260,1048,695,528,161044,20,30,15,89,849.82,109.18,101.14,109.77,101.7,780,375,400,1555,105,94,16,778,238,139,24.11,29.56,55.51,26,35,44,1566.89,1155,1164.69,14.5,21.75,22.03,101.65,102.03,96.52,703.29,89.38,82.5,89.21,82.36,655,308,376,1339,78,88,7,668,173,122,18.83,21.81,48.74,26,22,30,1331.51,963,961.63,11.06,18.81,18.81,81.62,81.54,78.1,105.52,132.1,2255,2931,0,0,0,0,0,0
8480172,2024,Jan Rutta,SJS,D,all,54,55910,1190,3.02,0.35,0.45,0.41,0.48,0.39,0.47,238,58.44,1.94,2.8,16.85,2.02,33.48,25.92,1.91,1.93,1.89,2,4,55,28,69,152,9,3,8,0,12,0,24,36,52,80,14,28,0,40,11,55,79,3,1,1.37,0.35,0.22,2,1,0,148.28,83,81.73,43,0.58,1.21,0.26,2.26,2.25,2.21,1190,79,165,165,781,126,187,137,740,0,0,140115,28,10,5,81,366.62,28.54,27.51,28.24,27.22,343,158,255,756,34,46,4,397,74,30,9.97,9.45,9.12,18,8,8,738.1,501,493.52,4.5,8.85,8.62,24.41,24.22,23.95,567.83,53.7,50.29,54.34,50.89,528,256,315,1099,51,87,6,594,127,63,17.25,16.12,20.33,25,13,13,1121.4,784,796.42,8.8,17.54,17.54,44.97,45.45,44.04,114.24,142.33,2282,2499,0,0,0,0,0,0
8478399,2024,Jonas Siegenthaler,NJD,D,all,55,64685,1312,15.8,0.53,0.56,0.48,0.55,0.48,0.54,183,60.39,2.52,2.96,18.98,2.35,30.92,24.29,2.42,2.51,2.41,1,6,52,30,51,133,9,2,5,0,19,0,24,32,50,80,17,34,0,75,14,59,77,3,2,1.7,0.35,0.47,2,0,0,133.49,82,82.14,44,0.61,0.88,0.54,2.59,2.6,2.55,1312,83,189,226,814,174,159,169,810,0,0,135233,34,24,12,92,480.54,49.71,47.76,49.82,47.9,410,244,269,923,35,56,2,479,108,67,13.19,13.25,23.27,12,12,11,932.24,654,659.27,6.39,11.49,12.07,44.04,44.36,43.66,512.45,43.3,40.32,42.99,40.03,439,271,303,1013,33,50,2,560,104,46,15.86,12.36,15.07,20,10,3,1000.72,710,702.97,7.49,9.68,9.68,41.1,40.78,39.44,151.32,117.07,2555,2119,0,0,0,0,0,0
8479942,2024,Dominik Shine,DET,R,all,9,4668,115,0.07,0.51,0.51,0.41,0.49,0.46,0.51,107,4.52,0.48,0.25,0.95,0.15,2.17,1.99,0.48,0.52,0.52,0,1,5,1,2,8,1,0,0,0,3,0,1,2,5,6,1,5,0,16,3,5,4,1,1,0.1,0.13,0.25,0,0,0,8.55,6,6.51,1,0.05,0,0.25,0.28,0.3,0.3,115,10,11,20,74,14,19,15,67,0,0,28332,5,9,3,3,32.25,3.14,2.88,3.16,2.9,36,7,12,55,3,6,1,31,7,5,0.81,0.95,1.38,0,2,1,55.88,43,43.91,0.41,1.64,1.38,2.18,2.19,2.17,38.41,3.06,2.94,3.04,2.92,37,14,27,78,4,2,0,37,11,3,0.74,1.41,0.91,1,3,0,77.11,51,50.18,0.46,0.64,0.64,2.87,2.83,2.8,28.74,27.76,500,519,0,0,0,0,0,0
8476918,2024,Jimmy Vesey,COL,L,all,43,27471,632,8.51,0.44,0.48,0.48,0.51,0.48,0.51,437,41.73,3.48,2.75,9.88,1.39,22.83,16.69,3.41,3.48,3.42,3,0,36,21,18,75,8,5,1,1,2,0,23,26,31,52,0,0,3,32,7,23,43,11,3,1.28,1.5,0.69,2,2,1,75.94,57,57.71,12,0.58,0.34,0.41,3.65,3.69,3.65,632,35,99,110,388,95,95,80,362,3,12,128366,0,8,4,12,215.6,17.96,17.21,17.94,17.21,189,107,119,415,13,21,1,227,49,20,5.73,6.17,6.07,7,4,2,415.16,296,296.69,2.74,4.17,4.17,16.53,16.6,16.43,239.3,23.21,21.97,23.08,21.84,222,98,123,443,22,23,4,234,58,28,6.57,7.34,9.3,8,6,8,440.45,320,318,3.35,5.14,5.14,21.42,21.31,20.93,108.96,120.06,2199,2142,0,0,0,0,0,0
8475690,2024,Chris Tanev,TOR,D,all,75,88872,2207,21.67,0.46,0.52,0.41,0.5,0.43,0.51,253,46.23,1.66,2.31,12.88,1.56,26.47,21.13,1.65,1.65,1.65,7,8,43,23,54,120,18,3,3,0,8,0,13,39,40,63,12,24,0,20,10,80,63,3,0,1.21,0.45,0,3,0,0,119.16,66,65.78,55,0.47,0.62,0,2.13,2.13,2.11,2207,119,471,376,1241,242,193,241,1531,0,0,182903,24,20,9,189,618.06,66.86,64.58,66.96,64.67,586,263,323,1172,72,54,3,609,173,67,17.11,22.23,27.53,20,31,21,1179.55,849,854.06,8.21,10.77,11.14,63.92,64.02,62.91,821.01,78.2,71.26,78.09,71.17,727,407,521,1655,64,82,7,853,191,90,22.9,23.44,31.86,24,21,19,1646.79,1134,1131.18,13.05,17.15,17.15,74.1,74.08,70.16,174.21,162.61,3081,3086,0,0,0,0,0,0
8479746,2024,Tye Felhaber,COL,L,all,5,1655,39,0.3,0.48,0.43,0.56,0.52,0.55,0.51,58,1.43,0.07,0.11,0.25,0.04,0.94,0.59,0.07,0.08,0.08,0,0,2,0,2,4,0,0,0,0,2,0,0,0,2,2,0,0,0,7,1,0,2,0,0,0.07,0,0,0,0,0,4.07,2,2.08,0,0.02,0,0,0.1,0.1,0.1,39,1,3,2,33,11,6,3,19,0,0,16345,0,0,0,0,15.25,1.18,1.14,1.24,1.2,17,5,8,30,0,2,0,17,4,1,0.43,0.53,0.22,0,0,0,31.01,22,22.78,0.2,0.35,0.35,1.03,1.1,1.09,13.16,1.28,1.28,1.26,1.25,7,11,6,24,1,1,0,12,5,1,0.36,0.72,0.21,0,1,0,23.18,18,17.42,0.2,0.06,0.06,1.42,1.39,1.39,11.5,15.02,263,241,0,0,0,0,0,0
8477456,2024,J.T. Compher,DET,L,all,76,76066,1644,19.96,0.43,0.52,0.43,0.51,0.43,0.51,361,103.19,15.58,7.97,22.23,3.53,51.25,37.44,14.43,15.54,14.38,12,9,98,40,29,167,32,11,12,2,9,0,43,63,87,127,7,14,457,29,17,49,75,42,21,2.83,5.37,7.38,2,4,5,166.65,138,137.36,24,1.79,1.94,4.54,12.83,12.8,12.58,1644,233,287,232,892,207,239,249,949,457,556,199913,14,18,9,64,551.13,58.49,55.9,58.37,55.76,489,275,295,1059,53,57,7,562,136,66,15.73,16.8,25.95,13,14,26,1050.69,764,759.03,8.44,11.23,11.24,55.69,55.53,54.47,723.19,77.63,72.24,78.05,72.63,635,358,409,1402,75,77,6,708,191,94,19.19,23.17,35.28,21,26,28,1410.5,993,998.9,11.32,18.18,18.19,70.77,71.09,68.25,180.63,166.11,3274,3136,0,0,0,0,0,0
8479400,2024,Pierre-Luc Dubois,WSH,L,all,82,85115,1760,67.28,0.59,0.49,0.56,0.47,0.57,0.48,329,169.86,22.91,13.84,36.86,5.62,85.49,62.29,21.63,23.01,21.72,29,17,142,85,61,288,66,20,18,4,21,0,71,97,122,207,32,66,577,65,15,65,125,72,30,4.07,8.92,9.92,3,9,8,288.8,227,227.71,16,3.14,3.59,5.32,20.73,20.84,20.09,1760,279,241,297,943,240,237,313,970,577,584,213419,66,52,26,62,859.46,96.08,90.71,96.63,91.24,742,436,438,1616,110,85,14,825,248,105,24.97,31.62,39.5,33,37,40,1625.71,1178,1185.57,13.25,18.49,18.32,91.02,91.52,88.18,645.3,66.92,63.07,66.85,63.01,557,321,375,1253,59,54,6,639,160,79,18.37,19.86,28.69,25,16,18,1247.29,878,875.46,8.61,13.04,13.04,62.49,62.47,60.18,178.13,183.46,3268,3656,0,0,0,0,0,0
8481522,2024,Peyton Krebs,BUF,C,all,81,67709,1612,26.62,0.43,0.49,0.48,0.5,0.47,0.5,649,99.66,10.46,6.6,23.08,3.32,54.58,40.96,10.24,10.67,10.43,8,10,80,59,60,199,28,10,9,1,18,0,35,67,70,129,19,50,326,136,10,46,102,26,11,3.32,3.29,3.85,1,5,4,201.04,139,140.15,20,1.39,1.81,1.86,9.99,10.13,10.08,1612,179,245,269,919,258,226,261,867,326,339,227018,50,70,28,32,505.17,47.3,45.95,47.69,46.32,434,268,295,997,52,41,7,527,127,48,14.94,15.83,16.54,20,17,15,999.45,702,703.82,7.02,8.78,9.17,45.15,45.44,44.66,578.45,62.18,59.8,61.89,59.55,498,294,304,1096,59,60,11,549,171,72,14.95,21.71,25.51,12,25,22,1091.03,792,789.74,8.3,13.55,13.55,56.93,56.75,55.51,204.42,212.53,3790,3761,0,0,0,0,0,0
8482516,2024,Matthew Kessel,STL,D,all,29,22864,507,4.03,0.46,0.45,0.49,0.47,0.46,0.46,159,20.46,0.67,1.06,6.12,0.74,12.28,9.13,0.67,0.66,0.66,2,1,17,13,25,55,3,0,1,0,4,0,7,18,17,30,5,10,0,22,6,31,28,2,0,0.49,0.18,0,0,0,0,53.76,30,29.48,19,0.21,0.23,0,0.88,0.87,0.86,507,42,42,66,357,63,90,62,292,0,0,82271,10,6,3,23,155.54,13.19,12.83,13.21,12.83,134,81,112,327,14,8,2,162,42,11,4.74,5.33,3.12,4,9,1,323.31,215,214.05,2.02,2.39,2.39,12.82,12.76,12.63,179.81,15.74,15.17,15.83,15.26,176,72,91,339,20,18,3,184,48,16,5.3,5.77,4.67,8,9,3,344.41,248,250.99,2.57,3.4,3.4,14.92,15.06,14.81,62.66,75.2,1234,1417,0,0,0,0,0,0
8475287,2024,Erik Haula,NJD,L,all,69,60875,1422,22.37,0.49,0.55,0.48,0.53,0.47,0.52,468,121.84,14.02,8.46,28.68,4.09,60.84,45.92,13.59,14.15,13.73,7,3,110,52,33,195,21,11,12,1,27,0,50,62,99,151,18,39,378,101,14,44,101,43,18,2.75,5.58,5.69,2,7,2,196.95,162,163.43,15,1.83,2.26,3.58,12.27,12.39,12.23,1422,161,171,205,885,172,180,183,887,378,341,189150,39,19,8,35,470,46.74,44.79,47.02,45.05,406,231,256,893,42,56,5,463,115,59,12.66,14.33,19.75,16,16,10,897.26,637,638.89,6.73,11.17,11.21,42.27,42.48,41.7,527.58,49.62,47.32,49.54,47.22,456,274,243,973,44,50,4,541,136,53,15.48,16.46,17.68,20,16,8,965.28,730,725.31,7.94,11.86,11.86,45.71,45.51,44.12,186.63,151.85,3274,2942,0,0,0,0,0,0
8479335,2024,Rasmus Asplund,FLA,C,all,6,2855,81,0.48,0.58,0.48,0.57,0.51,0.63,0.52,70,2.25,0.2,0.13,0.57,0.07,1.17,0.86,0.2,0.18,0.18,0,0,2,1,0,3,0,0,0,0,0,0,1,2,2,3,1,2,9,3,4,2,3,0,0,0.2,0,0,0,0,0,2.73,3,2.79,2,0.03,0,0,0.22,0.21,0.21,81,11,6,14,50,12,12,10,47,9,6,19045,2,0,0,2,29.06,2.09,1.91,1.92,1.76,22,17,8,47,0,4,0,34,1,4,1,0.1,0.98,0,0,0,44.45,39,37.34,0.39,0.81,0.81,1.67,1.57,1.54,17.13,1.53,1.52,1.53,1.52,19,4,12,35,2,1,1,18,4,1,0.5,0.52,0.51,0,1,1,36.02,23,22.9,0.22,0.51,0.51,1.23,1.22,1.22,17.01,18.49,311,298,0,0,0,0,0,0
8483565,2024,Nick Blankenburg,NSH,D,all,60,70388,1527,19.35,0.48,0.53,0.49,0.53,0.47,0.53,183,87.77,6.63,5.27,22.46,3.05,50.15,36.44,6.44,6.59,6.41,6,6,84,40,69,193,16,4,14,1,16,1,35,54,80,120,12,24,0,53,21,50,107,11,6,2.58,1.45,2.61,1,2,1,190.34,124,122.63,36,1.14,3.13,2.19,5.58,5.55,5.49,1527,150,240,245,892,131,145,206,1045,0,0,147089,24,24,12,74,557.55,61.08,58.73,60.83,58.48,515,258,321,1094,52,59,8,546,160,67,15.97,20.09,25.03,14,20,18,1082.05,773,768.12,8.06,11.68,11.65,57.51,57.31,55.94,635.84,66.67,63.3,66.92,63.55,585,281,291,1157,65,72,5,608,180,78,18.23,21.63,26.82,27,15,23,1162.33,866,869.46,10.12,15.02,15.02,61.78,62.01,60.38,135.41,118.82,2546,2216,0,0,0,0,0,0
8482079,2024,Marco Rossi,MIN,C,all,82,89769,1510,56.26,0.6,0.45,0.55,0.44,0.56,0.44,318,155.71,21.24,12.93,33.77,5.33,80.62,55.11,19.77,21.48,19.97,22,14,136,73,56,265,60,24,25,3,19,0,55,86,112,185,13,26,464,62,18,60,115,66,28,4.26,8.16,8.82,5,11,8,266.17,209,210.32,27,3.01,5.59,5.77,18.47,18.58,17.93,1510,266,141,244,859,211,212,256,831,464,528,208815,26,44,22,41,872.64,94.21,86.67,94.84,87.23,812,396,455,1663,90,105,13,866,235,107,25.36,29.2,39.65,28,35,27,1671.67,1208,1215.45,14.44,25.52,25.52,83.13,83.52,80.32,669.1,63.65,61.05,63.96,61.35,624,308,403,1335,65,60,9,706,150,76,19.59,18.72,25.34,23,20,22,1345.15,932,938.54,9.03,12.45,12.45,60.23,60.44,58.84,143.22,174.49,2985,3768,0,0,0,0,0,0
8478859,2024,Niko Mikkola,FLA,D,all,76,92086,2170,37.5,0.51,0.57,0.52,0.58,0.51,0.57,240,126.51,5.74,6.8,36.86,4.19,70.2,52.2,5.61,5.76,5.63,3,13,116,60,88,264,22,6,15,0,36,0,55,64,110,170,30,60,0,137,15,99,166,6,4,3.58,0.85,1.31,6,0,0,265.73,176,176.66,57,1.4,2.02,0.84,6.31,6.33,6.23,2170,241,268,328,1333,252,268,268,1382,0,0,184414,60,34,17,88,792.47,71.04,68.04,71.53,68.52,704,388,410,1502,68,86,10,836,178,78,23.29,21.86,25.9,22,28,18,1521.12,1092,1102.44,10.49,17.16,17.35,64.17,64.69,63.64,755.09,68.41,65.44,68.07,65.16,675,359,369,1403,73,69,5,786,178,70,22.11,21.31,24.99,26,30,17,1397.29,1034,1029.78,11.04,15.36,15.36,64.1,63.84,61.98,195.16,148.89,3569,2574,0,0,0,0,0,0
8475167,2024,Victor Hedman,TBL,D,all,79,109398,2053,71.78,0.56,0.5,0.56,0.48,0.55,0.48,108,211.37,12.17,13.67,57.9,6.97,128.92,84.35,11.62,12.27,11.71,26,25,181,123,171,475,66,15,17,1,43,0,104,125,166,289,16,30,0,39,25,119,278,20,6,7.02,2.43,2.73,11,4,0,477.92,304,305.69,66,3.16,3.35,1.15,14.19,14.3,13.73,2053,353,206,275,1219,221,287,342,1203,0,0,177757,30,14,7,133,1103.09,118.69,112.92,119.49,113.7,1013,492,586,2091,130,117,14,1082,297,126,32.74,37.59,48.36,41,46,43,2119.83,1505,1520.16,18.78,23.84,23.71,113.76,114.5,110.87,898.76,94.75,88.48,94.14,87.92,863,370,429,1662,81,95,9,916,204,113,27.01,24.93,42.8,37,22,22,1637.1,1233,1222.3,13.15,20.33,20.33,87.58,87.08,83.78,142.16,141.27,2631,2868,0,0,0,0,0,0
8478420,2024,Mikko Rantanen,DAL,R,all,82,104546,1882,89.3,0.6,0.44,0.6,0.48,0.59,0.46,185,242.99,36.26,17.55,51,8.1,133.04,89.05,33.84,36.24,33.82,34,22,212,123,109,444,88,32,28,1,33,2,123,117,180,303,25,50,135,48,40,82,195,92,48,6.89,10.81,18.56,11,6,15,441.86,335,334.37,19,4.05,7.31,6.34,33.96,33.98,32.59,1882,444,155,324,959,231,252,350,1049,135,120,193104,50,40,20,44,1097.46,129.44,120.98,129.33,120.85,988,526,623,2137,130,115,14,1055,308,151,33.25,38.09,58.09,41,35,54,2127.27,1514,1510.62,18.27,25.98,26.13,121.58,121.47,115.78,757.21,87.31,83.11,87.87,83.64,687,347,396,1430,80,90,10,714,216,104,20.92,27.15,39.24,19,26,35,1446.77,1034,1042.35,10.48,17.69,17.8,79.98,80.54,78.26,129.25,164.59,2921,3225,0,0,0,0,0,0
8481481,2024,Blake Lizotte,PIT,C,all,59,45038,1098,13.82,0.39,0.51,0.43,0.52,0.43,0.51,530,58.71,7.19,3.61,13.44,1.96,28.89,23.93,6.79,7.06,6.68,6,3,52,27,24,103,20,11,5,2,6,0,16,41,41,68,13,26,177,60,10,36,53,15,11,1.68,1.97,3.54,4,4,3,102.98,79,78.84,8,0.77,1.16,2.88,5.08,5.05,4.89,1098,49,234,124,691,168,127,147,656,177,170,170179,26,8,4,29,285.55,23.35,22.59,23.19,22.45,252,148,177,577,26,27,4,317,62,21,8.68,7.86,6.8,10,10,6,574.06,400,398.79,3.66,5.27,5.27,21.75,21.71,21.35,386.98,35.89,34.1,35.84,34.05,346,189,241,776,36,36,5,388,111,36,11.19,13.63,11.07,13,13,10,775.13,535,534.77,5.91,7.77,7.77,34.03,34.01,33.1,161.35,152.68,2965,2776,0,0,0,0,0,0
8476934,2024,Brock McGinn,ANA,L,all,26,18265,434,5.39,0.39,0.45,0.37,0.49,0.38,0.48,266,28.48,4.56,1.93,6.87,1.03,12.94,10.67,4.28,4.5,4.22,2,2,30,8,10,48,8,4,5,1,7,0,9,13,26,34,0,0,1,61,7,8,16,12,10,0.58,1.41,2.57,1,2,1,46.42,38,37.33,3,0.42,1.22,2.27,2.71,2.64,2.62,434,45,77,65,247,60,73,49,252,1,7,76506,0,14,7,28,117.19,12.79,12.23,12.5,11.97,115,48,75,238,12,17,2,112,37,14,3.16,4.47,5.16,3,7,2,232.26,163,159.47,1.52,3.58,3.58,10.73,10.48,10.35,192,20.23,19.13,20.22,19.13,171,94,137,402,20,20,5,194,50,21,5.33,6.02,8.88,4,7,9,409.01,265,267.97,3.01,5.15,5.15,18.09,18.15,17.77,67.51,81.86,1333,1387,0,0,0,0,0,0
8475462,2024,Radko Gudas,ANA,D,all,81,96547,1936,13.52,0.4,0.47,0.41,0.48,0.42,0.48,274,103.48,3.41,4.86,29.5,3.66,56.65,49.91,3.32,3.41,3.32,11,4,89,59,104,252,16,1,12,0,22,0,45,68,88,147,35,76,0,261,15,104,145,2,1,2.62,0.18,0.6,1,0,0,250.18,148,147.66,76,1,2.04,0.2,4.2,4.19,4.09,1936,141,379,277,1139,248,285,290,1113,0,0,198909,76,42,18,178,733.85,68.27,65.61,67.88,65.25,662,349,371,1382,59,88,10,771,161,79,22.21,19.56,26.52,21,21,17,1367.06,1011,1003.09,9.34,17.96,18.22,59.41,59.05,58.15,1011.58,103.02,95.77,103.82,96.55,915,467,567,1949,93,90,10,1016,243,123,29.56,29.68,43.78,31,31,31,1969.84,1382,1393.68,16.13,20.99,20.99,98.16,98.88,93.75,170.43,189,3306,3517,0,0,0,0,0,0
8477505,2024,Alexander Wennberg,SJS,C,all,77,87120,1647,27.62,0.48,0.4,0.51,0.43,0.5,0.43,275,90.59,12.73,7.16,19.8,3.06,47.3,32.95,10.94,12.7,10.91,13,12,82,41,59,182,35,10,12,2,18,0,45,38,72,113,7,14,508,30,38,41,75,35,13,2.33,4.76,5.64,2,6,2,179.5,123,122.63,6,1.83,3.72,3.15,11.41,11.4,10.49,1647,263,236,268,880,170,201,280,996,508,561,193242,14,40,20,80,769.46,81.22,74.93,81.07,74.78,699,361,462,1522,77,74,10,789,176,95,22.58,21.99,36.65,29,20,28,1505.49,1060,1054.96,13.18,17.99,17.54,76.87,76.75,73.37,763.1,89.1,83.87,89.46,84.22,671,384,410,1465,90,101,12,755,180,120,22.48,22.21,44.42,38,21,31,1484.64,1055,1063.89,11.82,21.6,21.6,79.32,79.66,76.99,125.31,191.03,2781,3702,0,0,0,0,0,0
8484984,2024,Ivan Demidov,MTL,R,all,2,1645,33,1.77,0.67,0.36,0.56,0.41,0.57,0.41,18,6.9,0.6,0.41,1.73,0.21,3.51,2.54,0.59,0.6,0.59,1,0,5,4,1,10,2,1,0,0,1,0,3,4,4,8,0,0,0,2,0,1,7,2,0,0.32,0.28,0,0,1,0,10.03,9,9.04,0,0.09,0,0,0.69,0.69,0.68,33,10,1,4,18,5,6,6,16,0,1,5855,0,0,0,0,20.76,2.88,2.68,2.87,2.67,12,15,8,35,2,2,0,14,9,4,0.62,1.21,1.05,0,2,0,35.1,27,27.14,0.32,0.54,0.54,2.67,2.66,2.55,14.56,1.4,1.38,1.45,1.43,13,7,7,27,1,3,0,15,4,1,0.59,0.57,0.23,0,1,0,27.76,20,20.38,0.2,0.48,0.48,1.12,1.16,1.15,4.04,7.31,74,106,0,0,0,0,0,0
8476483,2024,Rickard Rakell,PIT,R,all,81,93786,1912,73.85,0.56,0.44,0.57,0.46,0.56,0.46,232,240.61,31.72,19.22,53.78,8.54,124.41,83.32,30.16,31.71,30.15,19,16,203,118,88,409,70,35,24,2,41,0,111,110,168,286,7,14,19,116,20,77,188,96,37,6.08,12.41,13.23,6,19,10,406.96,321,319.44,29,4.48,5.24,5.75,30.45,30.42,29.65,1912,424,137,378,973,176,251,342,1143,19,26,201567,14,24,10,77,992.98,109.03,102.13,108.84,101.95,876,482,544,1902,111,129,8,943,277,138,26.63,35.14,47.26,34,43,34,1892.02,1358,1350.95,17.08,26.5,26.95,99.16,98.93,95.65,777.64,84.69,80.73,85.67,81.62,733,344,368,1445,101,83,11,796,186,95,24.08,23.91,36.69,38,27,36,1467.02,1077,1090.87,10.56,16.48,16.48,78.79,79.6,77.55,147.71,187.66,3003,3479,0,0,0,0,0,0
8475220,2024,Marcus Foligno,MIN,L,all,77,66907,1339,33.47,0.51,0.5,0.49,0.47,0.49,0.48,540,103.41,17.86,7.68,23.3,3.65,50.56,36.94,16.77,17.88,16.78,9,6,91,49,20,160,29,14,15,2,20,0,32,59,77,126,23,75,7,253,20,48,72,41,27,2.38,5.45,10.03,2,4,8,158.44,140,139.07,22,1.79,3.62,3.5,16.15,16.13,15.42,1339,140,188,219,792,192,174,213,760,7,12,213677,75,63,18,49,517.64,52.29,48.8,52.59,49.04,465,255,306,1026,50,55,7,537,124,59,14.14,15.92,22.23,18,13,19,1024.74,720,722,7.37,12.49,12.49,47.17,47.18,45.25,548.03,50.58,48.6,50.75,48.77,510,252,285,1047,55,37,8,577,136,49,15.73,16.38,18.46,18,21,16,1048.11,762,763.21,8.22,8.26,8.26,50.55,50.77,49.34,170.08,171.28,3361,3740,0,0,0,0,0,0
8482659,2024,Josh Doan,UTA,R,all,51,41367,970,29.9,0.64,0.51,0.6,0.51,0.6,0.51,414,107.16,14.28,6.79,26.75,3.62,52.28,37.27,13.76,14.25,13.73,8,4,88,53,42,183,19,7,13,2,16,0,46,59,81,134,4,8,35,45,10,25,88,31,22,2.48,3.88,7.92,1,0,6,182.66,141,141.24,6,1.53,3.02,3.44,12.38,12.33,12.26,970,142,84,170,574,160,120,133,557,35,50,145045,8,10,5,14,408.25,42.89,40.9,42.66,40.68,362,192,220,774,35,48,4,388,112,54,11.35,13.81,17.72,14,11,10,769.32,554,552.54,5.68,11.05,11.05,37.52,37.27,36.57,275.06,24.04,23.43,24.18,23.57,245,129,145,519,25,23,1,289,54,31,7.94,6.15,9.95,11,9,5,521.08,374,374.56,3.32,5.01,5.01,22.35,22.59,22.27,135.9,128.01,2447,2364,0,0,0,0,0,0
8480245,2024,Olle Lycksell,PHI,R,all,19,13556,286,4.65,0.59,0.55,0.54,0.5,0.55,0.52,184,16.29,1.65,1.23,3.56,0.65,9.82,7.1,1.61,1.6,1.57,3,2,10,14,10,34,5,0,1,0,1,0,8,14,10,24,1,2,2,9,4,17,18,4,2,0.7,0.49,0.46,0,0,0,33.01,24,23.61,7,0.26,0.21,0.23,1.67,1.63,1.59,286,37,18,44,187,49,45,39,153,2,2,55937,2,6,2,5,108.79,9.94,9.61,9.75,9.43,88,61,65,214,6,12,0,107,29,13,3.09,3.37,3.48,3,3,0,209.09,149,145.99,1.61,2.01,2.01,9.53,9.35,9.16,88.34,6.83,6.68,7,6.84,86,38,58,182,7,7,1,98,21,5,2.92,2.61,1.3,4,3,0,187.88,124,127.19,1.18,1.24,1.24,6.76,6.97,6.91,48.9,40.37,866,866,0,0,0,0,0,0
8477494,2024,Jonathan Drouin,COL,L,all,43,46911,870,40.46,0.57,0.51,0.65,0.51,0.64,0.5,181,63.31,7.23,4.71,13.08,2.08,36.54,23.35,6.97,7.28,7.02,15,11,56,31,26,113,37,11,8,1,5,0,34,29,45,76,3,6,9,14,15,35,51,30,6,1.91,3.57,1.76,4,6,1,114.33,87,87.41,6,1.05,2,1.5,6.78,6.82,6.67,870,193,62,116,499,121,97,150,502,9,13,109751,6,4,2,12,525.33,47.64,45.52,47.85,45.73,480,252,318,1050,68,42,9,557,133,42,16.92,15.7,15.03,30,23,15,1060.91,732,736.28,8.42,8.68,8.68,47.39,47.6,46.44,302.94,35.87,33.98,35.62,33.73,269,143,150,562,39,36,8,277,91,44,7.79,12.19,15.88,13,15,11,554.64,412,409.19,4.18,8.46,8.46,31.58,31.37,30.62,80.31,77.12,1750,1714,0,0,0,0,0,0
8481617,2024,Vasily Podkolzin,EDM,R,all,82,65021,1376,39.66,0.56,0.54,0.55,0.53,0.57,0.53,650,128.01,14.3,8.57,28.86,4.09,64.32,49.85,13.56,14.37,13.6,6,10,114,56,36,206,24,8,13,0,21,0,71,57,106,162,15,38,14,211,20,55,113,41,16,3.97,5.42,4.9,5,3,0,206.42,170,170.29,14,1.83,3.88,3.96,12.16,12.13,11.89,1376,152,135,234,855,227,194,161,794,14,43,232503,38,32,13,53,618.89,52.84,50.85,53.05,51.04,586,266,303,1155,43,57,3,669,133,50,19.03,16.97,16.84,20,16,7,1160.03,852,858.34,7.86,12.27,12.27,48.44,48.55,47.86,477.89,41.15,39.53,41.24,39.61,449,205,294,948,47,48,11,503,107,44,14.53,13.12,13.49,20,16,11,948.68,654,654.26,6.35,10.18,10.18,37.31,37.29,36.74,224.03,187.65,4029,3539,0,0,0,0,0,0
8480797,2024,Joel Farabee,CGY,L,all,81,72479,1599,28.24,0.54,0.49,0.52,0.49,0.53,0.5,556,151.62,21.49,10.66,33.98,5.2,74.45,55.21,20.82,21.8,21.12,9,5,151,50,52,253,25,11,19,2,28,0,43,100,140,190,14,34,18,94,19,64,122,47,32,4.22,6.14,11.13,1,6,4,253.88,201,201.76,15,2.32,3.53,5.28,18.53,18.71,18.51,1599,210,167,210,1012,215,211,233,940,18,31,224221,34,38,16,50,616.15,62.75,60.23,63.17,60.63,584,261,366,1211,43,72,4,616,154,75,17.66,19.9,25.19,15,12,16,1209.35,845,844.72,9.14,14.26,13.96,57.94,58.17,57.14,552.7,52.67,50.89,52.5,50.76,515,247,375,1137,58,54,6,562,153,47,16.67,19.32,16.67,25,20,13,1141.89,762,765.51,7.53,12.1,12.1,48.09,48.14,47.25,183.92,188.58,3603,3792,0,0,0,0,0,0
8480018,2024,Nick Suzuki,MTL,C,all,82,98698,1727,86.07,0.53,0.42,0.56,0.42,0.57,0.42,112,184.05,19.51,13.19,39.85,6.22,104,73.23,18.88,19.5,18.86,33,26,172,84,91,347,89,30,20,3,28,2,94,82,142,226,4,8,680,63,31,86,174,65,17,6.04,7.86,5.61,12,11,7,345.7,256,255.01,19,2.99,3.56,3.01,19.5,19.43,19.01,1727,359,216,293,859,212,208,344,963,680,638,200215,8,26,12,71,978.82,101.95,97.86,101.91,97.82,891,461,482,1834,127,90,14,968,283,101,30.16,34.66,37.13,51,41,35,1825.27,1352,1347.99,15.85,16.62,17.51,100.28,100.14,97.23,750.82,91.91,85.97,92.87,86.89,666,346,422,1434,78,92,13,676,225,111,20.55,28.69,42.66,24,28,26,1447.95,1012,1022.08,10.68,23.47,23.47,79.12,79.85,78.11,139.28,192.88,2738,3803,0,0,0,0,0,0
8471214,2024,Alex Ovechkin,WSH,L,all,65,69125,1274,69.7,0.59,0.48,0.58,0.45,0.58,0.47,234,259.22,31.07,15.64,63.43,9.46,140.06,95.35,29.72,31.04,29.69,19,10,237,118,153,508,73,44,15,0,53,0,103,140,193,311,7,14,0,110,12,47,260,58,37,8.23,6.9,15.94,16,9,19,510.36,355,357.28,13,3.67,3.59,2.59,32.14,32.16,31.14,1274,347,29,195,703,117,231,242,684,0,2,167947,14,6,3,13,744.15,87.66,83.06,87.74,83.13,665,354,375,1394,102,72,6,714,198,107,20.5,24.75,42.41,35,26,41,1400.64,1019,1024.29,12.16,15.75,15.13,84.7,84.86,81.84,547.66,61.86,58.17,62.11,58.4,496,245,270,1011,49,57,4,504,162,75,14.86,21.31,25.7,9,19,21,1008.82,741,741.75,7.54,13,13,56.39,56.6,54.37,129.62,139.03,2453,2945,0,0,0,0,0,0
8479523,2024,Lucas Carlsson,SJS,D,all,13,15103,326,0.57,0.36,0.39,0.42,0.45,0.41,0.45,47,17.46,0.8,1.07,4.93,0.64,10.13,7.43,0.78,0.77,0.75,2,1,15,10,15,40,4,1,1,0,3,0,12,8,14,24,6,14,0,4,6,6,23,2,0,0.55,0.25,0,0,1,0,38.71,25,24.12,5,0.22,0.46,0.06,0.97,0.94,0.91,326,23,37,48,218,23,49,42,212,0,0,32640,14,0,0,14,114.52,9.83,9.56,9.75,9.48,105,53,72,230,11,9,2,127,23,8,3.49,2.85,3.49,3,5,3,223.5,158,154.66,1.56,1.92,1.92,9.47,9.37,9.23,163.07,17.46,16.34,17.74,16.61,144,79,94,317,14,26,3,159,43,21,4.74,5.4,7.33,3,5,6,327.43,223,229.1,2.44,6.34,6.34,13.57,13.78,13.32,21.88,34.26,484,591,0,0,0,0,0,0
8471675,2024,Sidney Crosby,PIT,C,all,80,97798,1958,90.37,0.56,0.43,0.57,0.46,0.56,0.45,138,243.66,30.2,19.5,55.51,8.89,132.25,92.66,28.54,30.1,28.46,33,25,227,112,76,415,91,33,34,1,37,2,103,130,194,306,14,31,1016,67,29,86,216,89,34,6.77,11.22,12.21,10,15,8,415.6,339,338.99,24,4.45,6.98,7.04,27.6,27.51,26.67,1958,441,152,399,966,167,240,364,1187,1016,766,193955,31,37,17,39,1074.43,121.41,114.02,121.25,113.88,972,496,539,2007,125,151,12,1014,298,156,28.96,37.45,55,39,45,41,2000.09,1468,1462.98,18.75,31.21,31.21,108.96,108.71,105.13,829.87,95.01,91.01,95.86,91.85,771,372,369,1512,107,88,11,810,223,110,24.23,28.84,41.93,34,34,39,1534.6,1143,1156.06,11.63,18.2,17.81,88.83,89.71,87.32,131.38,176.04,2810,3364,0,0,0,0,0,0
8477446,2024,Michael McCarron,NSH,C,all,74,61086,1422,11.16,0.41,0.54,0.42,0.54,0.41,0.54,592,93.26,10.6,5.97,21.74,3.01,44.68,37.99,10.22,10.54,10.16,4,5,80,44,42,166,14,5,7,2,13,0,45,54,75,119,26,82,502,149,15,29,81,32,11,2.4,4.02,4.19,2,2,1,164,124,122.36,6,1.26,1.48,3.15,8.71,8.69,8.56,1422,47,301,265,809,236,150,190,846,502,421,207145,82,73,23,61,390.12,39.21,38.08,39.25,38.11,357,180,248,785,24,40,5,385,110,42,10.59,13.48,15.14,8,9,7,775.84,537,533.09,5.15,8.2,8.17,36.19,36.24,35.69,570.62,56.1,53.47,56.22,53.61,541,243,305,1089,64,54,5,571,158,55,17.76,19.16,19.18,27,23,14,1093.61,784,788.15,9.28,9.58,9.94,55.43,55.63,54.09,204.13,174.86,3732,3124,0,0,0,0,0,0
8479661,2024,Tanner Jeannot,LAK,L,all,67,44287,926,13.98,0.54,0.54,0.5,0.53,0.5,0.54,665,71.94,8.76,5.38,16.46,2.41,37.8,27.19,8.51,8.92,8.65,2,4,56,42,31,129,13,7,11,2,5,0,34,41,49,91,25,79,8,211,3,36,62,23,13,2.22,2.72,3.81,2,1,4,131.88,98,99.67,12,1.14,2.52,2.41,7.49,7.6,7.55,926,101,58,143,624,134,164,114,514,8,10,199514,79,62,19,37,342.56,28.42,27.53,28.78,27.88,278,193,196,667,25,38,7,367,72,32,9.5,8.95,9.98,8,9,8,679.77,471,478.95,4.53,8.06,8.06,24.91,25.24,25.02,331.48,24.45,23.86,24.2,23.62,296,170,194,660,25,28,5,373,80,13,10.64,9.81,3.99,14,8,3,651.07,466,461.12,4.35,5.22,5.22,23.51,23.24,22.98,175.61,150.86,3455,3031,0,0,0,0,0,0
8475188,2024,Brayden McNabb,VGK,D,all,82,98955,2007,35.27,0.48,0.57,0.46,0.53,0.47,0.54,275,104.02,3.73,5.36,30.94,3.6,60.36,46.01,3.67,3.79,3.73,7,8,97,53,92,242,20,5,6,0,32,0,50,57,92,145,16,32,0,131,21,79,144,5,1,2.88,0.55,0.3,3,2,0,245.47,150,151.78,59,1.08,1.52,0.58,4.23,4.28,4.21,2007,216,329,320,1142,281,216,308,1202,0,0,199111,32,12,6,167,751.58,75.43,73.12,76.3,73.96,702,332,441,1475,87,80,11,756,190,88,22.87,24.15,28.4,33,30,24,1497.66,1034,1049.3,10.07,15.44,15.53,69.96,70.68,69.64,862.38,80.69,74.99,80.41,74.73,759,426,532,1717,67,94,11,892,197,96,24.74,24.76,31.19,23,20,24,1703.15,1185,1178.53,13.14,20.92,20.92,72.92,72.6,69,200.34,151.4,3488,3072,0,0,0,0,0,0
8478056,2024,Clark Bishop,CGY,C,all,6,2610,68,0.31,0.29,0.56,0.38,0.53,0.36,0.53,67,2.64,0.22,0.29,0.53,0.11,1.67,1.18,0.22,0.22,0.22,0,0,4,0,0,4,1,1,0,0,1,0,1,1,3,3,0,0,7,8,1,2,3,1,0,0.13,0.09,0,1,0,0,4.07,4,4.03,0,0.06,0,0,0.28,0.28,0.28,68,5,7,7,49,9,12,8,39,7,11,18990,0,2,1,2,15.76,0.71,0.71,0.68,0.68,17,5,8,30,1,0,0,20,2,0,0.48,0.23,0,1,0,0,28.48,22,21.11,0.2,0,0,0.91,0.87,0.87,27.99,1.74,1.72,1.83,1.8,24,15,11,50,4,3,0,33,5,1,0.77,0.72,0.25,2,2,0,52.25,39,40.86,0.38,0.39,0.39,1.73,1.81,1.78,19.09,15.07,345,308,0,0,0,0,0,0
8481237,2024,Kyle MacLean,NYI,C,all,81,48417,1133,4.72,0.4,0.5,0.44,0.51,0.45,0.51,841,68.35,5.65,4.23,15.72,2.29,34.55,29.55,5.43,5.72,5.49,4,3,61,31,28,120,11,4,6,1,13,0,30,39,57,88,7,14,273,108,12,26,69,18,5,2,2.35,1.31,0,3,1,120.32,92,93,10,0.88,1.01,0.69,5.84,5.91,5.75,1133,134,115,188,696,153,143,153,684,273,293,246665,14,18,9,29,324.02,24.9,23.75,24.65,23.53,311,133,172,616,20,27,3,353,69,22,9.32,9.35,6.22,7,10,3,608.28,444,440.21,4.16,4.7,4.7,24.36,24.14,23.34,394.92,37.9,36.33,38.1,36.51,365,178,231,774,46,50,10,399,102,42,11.07,12.99,13.84,15,17,14,776.64,543,544.81,5.6,10.65,10.65,32.85,33.04,32.5,215.49,217.6,4347,4206,0,0,0,0,0,0
8477942,2024,Kevin Fiala,LAK,L,all,81,89976,1597,76.88,0.63,0.5,0.62,0.49,0.63,0.49,295,280.83,28.48,19.05,64.95,9.22,158.27,107.04,27.58,28.75,27.85,14,11,244,143,130,517,60,35,19,3,48,1,131,153,209,352,18,38,15,63,30,88,297,58,32,9.53,7.12,11.83,14,6,15,522.16,387,391.57,28,4.32,2.93,3.65,29.15,29.36,28.62,1597,270,158,203,966,190,200,252,955,15,22,204225,38,28,15,22,969.04,91.74,87.35,92.68,88.25,862,476,506,1844,86,96,12,1011,225,102,29.25,27.7,34.79,33,20,33,1865.46,1338,1353.42,15.71,19.42,19.47,87.98,88.61,86.34,577.02,54.7,53.08,54.8,53.16,530,260,339,1129,62,58,11,598,136,56,16.63,16.86,21.22,28,18,16,1121.93,790,787.36,7.52,11.66,11.66,50.56,50.56,49.91,156.46,155.7,3137,3326,0,0,0,0,0,0
8480074,2024,Alexandre Texier,STL,C,all,31,23227,500,8.83,0.45,0.48,0.48,0.47,0.46,0.47,280,50.2,3.79,3.37,12.98,1.71,28.72,20.43,3.73,3.9,3.83,4,1,50,21,18,89,11,6,6,2,13,0,24,22,44,65,5,10,0,20,5,13,60,9,2,1.96,1.22,0.61,3,3,0,89.86,71,72.01,5,0.73,1.33,0.74,3.78,3.87,3.82,500,63,37,80,320,74,80,67,279,0,2,88988,10,8,4,11,168.51,14.12,13.87,14.31,14.06,151,84,114,349,18,15,3,183,44,8,5.45,5.64,3.03,8,8,2,350.98,235,237.54,2.62,2.31,2.31,14.43,14.61,14.42,198.24,17.04,16.56,17.17,16.68,185,88,101,374,16,12,2,202,54,17,5.79,6.56,4.69,9,5,2,377.72,273,274.89,2.71,2.93,2.93,16.82,16.88,16.68,65.54,70.65,1312,1454,0,0,0,0,0,0
8479533,2024,Joona Koppanen,PIT,L,all,11,8833,206,0.45,0.32,0.48,0.4,0.49,0.4,0.49,87,8.47,0.59,0.63,2.14,0.37,4.99,4.28,0.59,0.59,0.59,0,0,10,3,3,16,1,1,1,0,2,1,0,8,9,12,0,0,18,40,0,11,11,2,0,0.36,0.23,0,1,0,0,16.1,13,13.06,3,0.13,0.32,0,0.72,0.72,0.72,206,6,52,26,122,26,21,22,137,18,28,31199,0,0,0,3,48.01,3.17,3.02,3.15,3.01,41,26,28,95,4,3,1,56,8,3,1.35,0.89,0.92,2,1,1,95.28,67,67.36,0.55,0.92,0.92,2.79,2.8,2.75,75.09,6.65,6.07,6.62,6.04,73,29,40,142,9,11,1,76,17,9,1.95,1.92,2.78,3,5,1,141.1,102,101.59,1.13,2.62,2.62,5.17,5.16,5.03,30.41,33.29,499,521,0,0,0,0,0,0
8480855,2024,Jack McBain,UTA,C,all,82,66779,1638,29.68,0.47,0.53,0.47,0.53,0.47,0.53,670,108.45,12.3,7.7,25.45,3.6,55.9,40.07,11.67,12.26,11.64,8,6,90,55,44,189,27,13,15,1,13,0,52,52,77,132,22,68,229,291,16,63,86,47,12,3.1,5.57,3.63,3,8,2,189.65,145,144.79,23,1.67,3.36,2.51,11.47,11.51,11.24,1638,174,190,241,1033,235,242,206,955,229,231,232874,68,58,17,50,526.84,48.93,47.15,49.05,47.26,456,260,302,1018,45,52,5,518,143,55,14.85,17.13,16.95,21,14,10,1023.41,716,720.2,6.92,10.19,10.19,45.66,45.75,44.99,591.19,55.36,53.91,55.64,54.16,547,260,358,1165,49,45,5,597,155,55,16.58,18.83,19.95,17,12,20,1166.58,807,808.83,8.5,8.98,8.98,54.89,55.09,54.11,223.77,194.9,4064,3587,0,0,0,0,0,0
8481014,2024,Alexander Romanov,NYI,D,all,64,85659,1763,26.3,0.44,0.52,0.45,0.53,0.47,0.53,158,101.7,3.82,5.53,31.11,3.4,58.22,42.91,3.77,3.79,3.74,8,8,100,45,107,252,20,4,9,0,26,0,43,63,96,141,10,20,0,147,24,81,137,8,0,2.87,0.95,0,4,0,0,252.03,145,144.64,54,1.13,2.37,0.47,4.47,4.47,4.42,1763,143,233,264,1123,221,235,251,1056,0,0,147439,20,20,9,165,729.1,67.92,64.6,68.13,64.8,681,323,365,1369,65,78,11,760,176,68,22.36,22.22,23.33,22,29,14,1378.82,1004,1008.51,9.77,15.98,15.92,61.77,61.99,59.81,840.54,85.82,78.68,85.75,78.61,757,394,509,1660,78,103,9,833,216,102,25.26,27.69,32.87,36,25,17,1662.71,1151,1152.45,13.27,25.43,25.43,73.66,73.67,70.87,125.04,116.39,2537,2271,0,0,0,0,0,0
8485483,2024,Karsen Dorwart,PHI,L,all,5,3294,71,-1.02,0.38,0.51,0.35,0.46,0.36,0.49,55,4.01,0.24,0.32,0.81,0.1,2.01,1.52,0.24,0.25,0.25,0,0,4,1,2,7,0,0,0,0,0,0,0,5,4,5,1,2,14,9,0,5,5,0,0,0.24,0,0,0,0,0,7.22,5,5.17,3,0.07,0,0,0.3,0.32,0.32,71,8,3,13,47,9,8,8,46,14,21,15106,2,0,0,2,17.92,1.38,1.35,1.4,1.36,18,6,8,32,2,1,1,19,3,2,0.55,0.36,0.47,1,0,1,32.06,24,24.32,0.27,0.22,0.22,1.43,1.43,1.43,30.27,2.29,2.24,2.25,2.2,30,13,16,59,3,1,0,35,6,2,0.97,0.76,0.55,2,1,0,58.93,43,43.1,0.4,0.34,0.34,2.34,2.33,2.31,14.48,14.05,229,264,0,0,0,0,0,0
8480220,2024,Noah Cates,PHI,L,all,78,74306,1746,35.01,0.49,0.52,0.47,0.49,0.48,0.51,465,122.61,18.15,10,26.65,3.95,61.32,42.92,17.39,18.22,17.46,14,7,110,53,51,214,37,16,12,4,23,0,39,73,94,147,7,14,493,87,21,32,85,53,25,3,6.92,8.22,6,4,6,211.72,163,161.77,11,2.2,2.67,6.1,14.25,14.23,13.94,1746,156,326,303,961,235,157,242,1112,493,612,210653,14,26,13,54,559.62,60.77,58.11,60.83,58.14,481,283,295,1059,52,59,9,536,154,74,15.96,19.54,25.27,20,16,16,1049.37,764,759.9,8.4,13.34,13.18,55.99,55.81,54.54,598.24,63.06,59.89,63.45,60.27,536,289,366,1191,63,69,8,580,177,68,17.01,21.97,24.08,23,18,22,1201.99,825,832.9,9.33,16.07,16.22,56.17,56.55,54.89,178.64,163.69,3298,3489,0,0,0,0,0,0
8477979,2024,Nicolas Aube-Kubel,NYR,R,all,22,12436,294,1.57,0.49,0.46,0.49,0.52,0.48,0.5,247,22.96,2.54,1.65,5.79,0.9,12.31,8.82,2.5,2.55,2.5,1,0,18,14,10,42,2,1,2,1,6,0,8,15,17,31,8,19,5,40,9,12,21,7,4,0.66,0.8,1.08,0,0,1,41.79,32,32.11,3,0.34,0.28,0.65,2.23,2.26,2.24,294,19,28,56,191,54,46,36,158,5,3,67995,19,13,5,3,84.47,7.87,7.62,7.82,7.56,68,50,63,181,4,10,1,84,25,9,2.29,3.23,2.36,1,2,1,181.57,118,118.3,1.21,1.91,1.91,7.17,7.14,7.07,95.07,8.26,7.85,8.13,7.74,81,49,55,185,9,17,3,101,20,9,2.84,2.69,2.74,3,3,3,183.86,130,129.65,1.2,3.38,3.38,6.08,6.04,5.87,56.74,66.66,1198,1105,0,0,0,0,0,0
8476925,2024,Colton Sissons,NSH,C,all,72,62031,1508,18.65,0.42,0.54,0.44,0.54,0.44,0.53,499,90.62,10.86,6.38,19.34,2.88,45.51,37.03,10.56,10.78,10.48,11,3,80,42,28,150,21,7,5,0,14,0,37,59,73,115,11,22,342,100,20,32,72,36,14,2.21,4.46,4.18,0,4,3,147.4,122,120.18,10,1.37,1.08,1.95,10.28,10.22,10.1,1508,117,327,248,816,202,135,210,961,342,282,198856,22,14,7,67,433.37,44.22,43.16,44.05,42.99,410,189,239,838,33,39,2,442,105,52,11.83,13.36,19.03,10,11,12,828.66,599,593.94,5.89,7.09,7.09,43.02,42.87,42.34,570.31,59.9,56,60.3,56.38,554,222,302,1078,63,54,5,565,144,67,16.43,17.93,25.54,28,15,20,1082.98,776,779.88,9.44,13.24,13.9,55.44,55.82,53.85,190.65,161.14,3572,3018,0,0,0,0,0,0
8477931,2024,Tomas Nosek,FLA,L,all,59,34752,862,17.29,0.52,0.57,0.53,0.57,0.51,0.57,609,58.49,7.55,4.41,14.51,2.12,29.87,21.55,7.19,7.56,7.19,6,2,47,33,34,114,9,1,11,0,14,0,28,26,46,79,5,10,236,83,5,20,44,24,12,1.27,3.11,3.17,0,1,0,115.82,80,80.44,6,0.94,2.46,2.1,6.39,6.41,6.28,862,94,86,149,533,149,124,92,497,236,220,179520,10,14,7,24,279.36,25.4,24,25.44,24.03,246,138,167,551,18,38,3,277,73,34,7.64,8.93,8.84,9,7,2,561.84,384,387.01,3.94,6.75,6.75,22.61,22.71,22.12,272.58,23.77,22.98,23.46,22.69,244,131,123,498,18,28,3,287,65,23,7.32,8.14,8.31,6,6,6,492.56,375,371.09,4.13,5.01,5.01,22.88,22.67,22.23,187.31,139.85,3450,2568,0,0,0,0,0,0
8474574,2024,Tyler Myers,VAN,D,all,71,88573,1962,19.08,0.46,0.5,0.44,0.52,0.45,0.51,189,105,4.9,5.94,27.39,3.5,62.58,49.68,4.83,4.97,4.89,9,9,87,67,79,233,24,6,13,0,21,0,61,53,81,148,28,64,0,87,31,61,145,7,2,3.11,0.78,1.01,4,1,1,235.09,154,155.42,42,1.23,1.95,0.14,6,6.07,5.98,1962,144,296,282,1240,206,251,250,1255,0,0,170875,64,17,7,125,643.17,63.07,60.3,63.37,60.59,555,336,350,1241,65,65,6,687,125,79,18.98,16.11,27.99,22,23,20,1248.37,891,897.31,8.66,13.22,13.22,58.52,58.88,57.4,776.51,72.66,68.69,72.96,69,666,408,477,1551,78,72,13,811,180,83,22.88,22.29,27.48,34,18,26,1550.93,1074,1074.57,11.87,15.51,15.85,68.67,68.95,66.77,133.24,132.76,2724,2512,0,0,0,0,0,0
8485469,2024,Jack Williams,CBJ,R,all,1,669,14,0.14,0.37,0.51,0.48,0.46,0.5,0.43,12,0.63,0.01,0.04,0.19,0.02,0.47,0.28,0.01,0.01,0.01,0,0,0,1,0,1,0,0,0,0,0,0,0,1,0,1,0,0,5,0,1,1,1,0,0,0.01,0,0,0,0,0,1.13,1,1.05,1,0.01,0,0,0.02,0.02,0.01,14,1,3,3,7,2,2,1,9,5,6,2931,0,0,0,1,6.3,0.36,0.35,0.36,0.35,4,5,3,12,1,1,0,7,2,0,0.18,0.18,0,1,0,0,13.05,9,9.29,0.08,0.02,0.02,0.42,0.42,0.41,6.99,0.62,0.61,0.6,0.59,6,3,4,13,0,1,0,6,2,1,0.15,0.26,0.21,0,0,0,11.85,9,8.66,0.11,0.21,0.21,0.52,0.51,0.5,2.47,2.37,51,59,0,0,0,0,0,0
8474578,2024,Erik Karlsson,PIT,D,all,82,114320,2146,56.82,0.51,0.46,0.54,0.47,0.53,0.47,161,208.13,9.13,11.91,56.45,6.82,123.64,87.06,8.69,9.14,8.71,17,25,191,104,212,507,53,11,19,0,49,0,103,113,180,284,11,20,0,29,44,140,276,15,4,6.03,1.7,1.4,9,1,1,506.08,295,294.41,71,2.64,3.26,1.01,10.76,10.78,10.28,2146,321,215,343,1267,189,270,326,1361,0,0,184633,20,18,9,94,1153.74,119.11,111.02,118.97,110.92,1051,528,612,2191,117,151,12,1118,318,143,32.29,40,46.82,44,46,27,2182.54,1579,1573.08,18.77,34.49,35.05,102.82,102.68,99.38,1011.81,112.8,107.09,113.86,108.02,938,452,478,1868,116,105,7,985,280,125,29.18,35.72,47.91,45,34,37,1885.9,1390,1405.19,14.43,21.04,21.04,106.2,107.01,104.17,140.45,161.99,2774,3117,0,0,0,0,0,0
8479370,2024,Tyson Jost,CAR,C,all,39,24272,511,17.33,0.55,0.56,0.61,0.58,0.59,0.57,415,45.09,4.21,3.17,11.05,1.51,23.87,17.18,3.99,4.23,4,1,4,44,17,16,77,9,4,6,2,4,1,14,32,40,57,10,23,57,46,6,9,44,16,1,1.62,2.05,0.54,1,2,1,77.84,61,61.22,2,0.67,0.75,1.24,3.64,3.67,3.61,511,88,37,70,316,87,85,70,269,57,69,117224,23,19,8,17,245.95,21.33,20.52,21.51,20.69,232,108,147,487,17,27,3,266,57,17,8.04,7.1,6.18,6,7,4,492.12,340,342.2,3.38,5.26,5.33,19.37,19.55,19.19,171.35,17.44,16.97,17.52,17.05,159,73,85,317,13,24,2,165,45,22,5.11,5.43,6.89,5,4,4,316.61,232,232.66,2.33,5.22,5.22,14.54,14.6,14.49,121.11,96.09,2289,1625,0,0,0,0,0,0
8481556,2024,John Beecher,BOS,C,all,78,52807,1366,4.27,0.39,0.49,0.39,0.51,0.41,0.49,759,57.17,7.4,3.67,13.26,2.11,28.82,23.74,7.04,7.42,7.07,7,1,44,35,19,98,11,3,6,0,12,0,25,33,41,76,13,26,282,85,14,49,56,13,10,1.5,1.63,4.27,2,0,1,98.19,79,79,22,0.79,1.5,2.31,5.87,5.92,5.88,1366,55,379,190,742,168,166,166,866,282,260,230967,26,24,12,71,331.41,30.34,29.16,30.55,29.37,295,160,169,624,24,37,4,356,61,38,9.08,7.97,13.28,12,6,6,622.16,455,454.64,4.2,8.22,8.22,26.31,26.5,26.14,478.29,46.56,44.57,46.83,44.84,438,219,328,985,49,51,6,489,114,54,13.67,15.31,17.57,22,15,12,991.62,657,662.54,7.57,10.45,10.45,43.69,43.92,42.72,193.55,199.98,3792,3717,0,0,0,0,0,0
8477946,2024,Dylan Larkin,DET,C,all,82,98748,1926,74.38,0.57,0.44,0.56,0.45,0.56,0.45,148,258.54,33.97,19.05,55.82,8.59,133.62,95.96,31.8,34.17,32,27,13,234,113,109,456,70,30,23,4,46,1,100,147,204,317,20,40,871,44,39,94,221,83,43,6.21,10.09,17.68,4,13,13,458.17,347,349.13,29,4.51,5.24,6.79,31.7,31.85,30.29,1926,338,307,316,965,273,227,344,1082,871,728,199689,40,52,26,33,998.21,118.7,110.66,118.92,110.86,903,461,486,1850,116,101,13,928,301,135,27.76,36.75,54.19,35,37,44,1849.54,1364,1367.01,16.7,22.41,22.39,113.01,113.15,108.08,787.06,89.88,84.44,90.6,85.13,731,350,388,1469,95,81,13,765,208,108,21.18,25.17,43.52,30,26,39,1480.07,1081,1087.94,11.59,17.56,17.56,83.91,84.54,81.13,138.57,177.3,2830,3500,0,0,0,0,0,0
8480058,2024,P.O Joseph,PIT,D,all,47,43037,962,3.75,0.43,0.49,0.47,0.49,0.46,0.48,224,43.28,1.63,2.39,12.47,1.45,25.78,18.27,1.61,1.64,1.62,2,1,42,20,60,122,3,0,4,0,7,0,21,30,42,62,15,35,0,36,20,53,58,4,0,1.13,0.5,0,0,0,0,121.23,62,62.46,36,0.49,0.91,0.07,2.05,2.07,2.05,962,62,104,138,658,130,144,119,569,0,0,128328,35,15,6,36,318.57,27.08,26.07,27.15,26.11,302,135,187,624,19,24,1,330,79,28,8.61,10.3,8.17,4,10,5,621.41,437,436.49,4.23,4.66,4.66,26.66,26.68,26.07,377.31,35.43,34.43,35.64,34.65,357,165,179,701,46,38,5,387,90,45,11.25,10.83,13.35,21,12,13,702.49,522,524.24,5.59,7.25,7.25,33.77,34.14,33.63,112.03,116.34,2049,2166,0,0,0,0,0,0
8475764,2024,Cam Fowler,STL,D,all,68,87896,1777,40.05,0.49,0.47,0.51,0.47,0.5,0.48,160,79.35,5.12,4.81,20.54,2.43,47.87,32.22,4.88,5.1,4.87,17,14,88,25,90,203,40,9,7,1,19,0,37,41,79,104,7,14,0,8,16,63,100,8,5,2.24,1.01,1.87,5,1,3,202.75,113,112.67,35,1.06,1.84,0.73,5.46,5.46,5.26,1777,242,288,263,984,221,217,269,1070,0,0,160320,14,2,1,87,741,72.51,69.45,72.55,69.48,704,319,432,1455,90,67,14,754,190,79,23.02,23.47,26.03,38,31,21,1459.13,1023,1023.55,11.25,14.67,14.67,69.08,69.16,67.54,736.5,76.18,71.02,76.04,70.9,678,336,411,1425,78,80,10,720,199,95,19.77,24.64,31.77,21,33,24,1420.2,1014,1014.8,11.46,16.82,16.82,70.81,70.91,68.29,114.83,127.75,2329,2630,0,0,0,0,0,0
8479339,2024,Patrik Laine,MTL,L,all,52,44639,831,23.07,0.5,0.45,0.52,0.45,0.53,0.45,370,119.98,11.86,7.41,27.25,3.95,72.19,41.33,11.36,11.8,11.31,8,5,116,48,51,215,33,20,8,1,24,1,59,52,96,144,7,14,11,26,13,38,126,27,11,4.1,3.11,4.65,9,4,7,215,164,164.16,15,1.77,1.79,1.34,12.29,12.24,11.91,831,225,30,97,479,108,156,149,418,11,14,145227,14,12,6,28,395.13,39.24,37.91,39.17,37.85,352,185,201,738,47,24,4,379,118,40,11.57,14.26,13.42,18,13,16,735.77,537,536.49,6.51,5.54,5.77,39.98,39.89,38.98,343.93,38.7,37.6,39.2,38.08,308,164,209,681,37,37,5,332,98,42,9.67,12.37,16.65,8,15,14,684.97,472,476.49,4.55,7.68,7.68,35.56,35.96,35.61,117.05,145.44,2159,2692,0,0,0,0,0,0
8482720,2024,Matthew Knies,TOR,L,all,78,86650,1777,55.69,0.55,0.46,0.52,0.45,0.52,0.46,314,167.65,27.2,13.29,36.56,5.88,79.38,57.7,25.66,27.35,25.81,17,12,152,68,38,258,58,29,19,6,22,1,66,83,123,191,20,43,0,182,14,51,100,80,40,3.51,10.16,13.53,2,20,7,260.72,220,222.37,15,3.13,5.37,6.24,24.09,24.15,23.17,1777,302,185,280,1010,179,265,271,1062,0,1,196585,43,49,23,41,819.21,97.73,91.27,98.1,91.62,764,348,417,1529,103,97,16,764,221,127,22.9,27.62,47.21,26,40,37,1536.78,1112,1118.66,13.77,21.56,22.09,89.41,89.61,85.53,734.66,81.44,77.86,81.53,77.97,691,330,395,1416,74,70,4,736,192,93,20.43,23.97,37.04,27,26,21,1408.45,1021,1020.08,10.71,14.43,14.43,77.72,77.91,75.46,151.35,174.25,2873,3576,0,0,0,0,0,0
8478173,2024,Hayden Hodgson,OTT,R,all,2,1029,25,0.05,0.64,0.66,0.55,0.56,0.53,0.57,24,2.87,0.29,0.19,0.65,0.09,1.61,1.17,0.29,0.28,0.28,0,0,2,2,0,4,0,0,0,0,0,0,2,2,2,4,1,5,0,7,0,2,3,0,1,0.08,0,0.2,0,0,0,3.98,4,3.96,1,0.04,0,0,0.33,0.32,0.32,25,2,2,8,13,4,1,3,17,0,0,6271,5,5,1,1,6.93,0.63,0.61,0.61,0.6,6,4,6,16,0,0,0,8,0,2,0.21,0,0.41,0,0,0,15.73,10,9.87,0.09,0,0,0.71,0.7,0.68,6.58,0.36,0.36,0.37,0.37,8,1,4,13,2,0,0,8,1,0,0.26,0.1,0,2,0,0,12.94,9,9.12,0.08,0,0,0.44,0.45,0.45,6.93,3.65,111,87,0,0,0,0,0,0
8480825,2024,Patrick Giles,SJS,R,all,17,9416,229,-0.93,0.39,0.52,0.4,0.51,0.4,0.51,170,14.04,1.4,1,3.25,0.47,8.13,5.74,1.39,1.35,1.35,0,0,15,5,1,21,1,1,2,0,3,0,8,6,14,19,0,0,33,21,1,8,14,4,2,0.54,0.38,0.48,0,1,0,20.48,20,19.64,1,0.21,0.23,0.22,1.38,1.34,1.34,229,26,20,41,142,38,29,28,134,33,64,52496,0,0,0,7,61.58,4.36,4.29,4.32,4.24,54,32,31,117,2,6,0,72,11,3,2,1.31,1.05,1,1,0,115.08,86,85.15,0.75,0.56,1.13,3.99,3.94,3.91,89.2,6.76,6.44,6.91,6.58,80,47,46,173,6,8,0,104,16,7,2.51,1.88,2.38,4,1,1,180.33,127,131.57,1.19,1.88,1.88,6.08,6.21,6.07,45.44,42.02,850,813,0,0,0,0,0,0
8480823,2024,Alexander Alexeyev,WSH,D,all,8,7714,163,1.22,0.56,0.54,0.49,0.47,0.56,0.46,40,8.35,0.16,0.37,2.49,0.27,5.06,3.65,0.16,0.16,0.15,0,0,7,5,3,15,0,0,2,0,3,0,3,4,7,12,0,0,0,9,2,7,12,0,0,0.16,0,0,0,0,0,15.1,12,11.86,6,0.07,0.22,0,0.23,0.23,0.23,163,6,21,30,106,15,22,17,109,0,0,21086,0,0,0,14,76.97,7.67,7.36,7.72,7.41,71,33,19,123,6,12,2,70,25,9,1.94,2.99,2.73,2,3,1,123.89,104,104.62,1.1,2.87,2.87,5.9,5.96,5.89,61.29,6.12,5.89,6.15,5.92,56,27,46,129,4,7,0,59,16,8,1.64,2.09,2.39,1,3,0,129.83,83,83.19,0.85,1.66,1.66,5.3,5.31,5.21,25.34,21.34,375,425,0,0,0,0,0,0
8478550,2024,Artemi Panarin,NYR,L,all,80,94479,1697,89.02,0.57,0.43,0.61,0.44,0.61,0.44,209,285.25,25.37,18.83,69.38,9.35,166.64,108.43,24,25.39,24.02,27,25,237,161,188,586,89,37,16,4,37,0,158,150,200,361,8,16,0,18,25,97,325,53,20,10.65,5.72,9,18,12,7,588.97,398,399.82,23,4.37,4.15,4.07,25.66,25.73,25.01,1697,349,103,285,960,233,238,330,896,0,1,195308,16,24,12,11,1075.2,114.33,105.56,114.7,105.91,937,557,538,2032,106,110,17,1099,270,125,32.55,32.95,48.84,43,31,32,2041.13,1494,1502.04,18.11,24.75,24.45,107.99,108.28,103.03,711.5,84.86,81.72,85.36,82.23,644,323,341,1308,84,65,5,671,191,105,20.07,23.69,41.09,32,26,26,1314.09,967,973.48,9.54,15.63,15.63,78.76,79.1,77.3,139.97,185.9,2776,3585,0,0,0,0,0,0
8477998,2024,Warren Foegele,LAK,L,all,82,79551,1749,62.77,0.57,0.53,0.54,0.53,0.54,0.53,542,223.96,26.1,15.7,52.19,7.41,109.99,85.62,24.92,26.44,25.24,10,12,199,98,73,370,46,24,27,8,38,0,97,111,175,273,12,24,24,74,33,67,192,72,33,6.25,8.97,10.89,6,11,7,376.13,297,301.78,16,3.39,6.78,7.88,21.6,21.9,21.49,1749,200,176,257,1116,231,202,212,1104,24,35,218250,24,26,14,40,720.37,72.54,69.66,73.25,70.32,645,341,389,1375,68,76,12,717,191,78,20.94,23.44,28.16,30,19,19,1393.85,986,998.5,10.44,17.2,17.26,65.72,66.39,65.22,600.33,54.11,52.49,54.06,52.43,516,314,356,1186,42,52,6,625,152,53,17.16,18.46,18.49,11,19,12,1177.55,830,826.07,8.88,11.45,11.45,51.53,51.37,50.47,178.41,159.79,3680,3317,0,0,0,0,0,0
8477969,2024,Marcus Pettersson,VAN,D,all,78,101512,2050,31.4,0.47,0.51,0.46,0.53,0.46,0.52,215,89.04,3.68,4.48,25.83,3.04,52.58,39.37,3.63,3.69,3.64,14,11,70,59,86,215,29,4,9,0,21,0,43,52,66,125,21,45,0,80,32,88,125,3,1,2.43,0.33,0.93,3,1,0,213.45,129,128.53,59,0.92,2.35,0.03,4.58,4.58,4.52,2050,147,364,326,1213,274,250,299,1227,0,0,184242,45,25,11,144,817.1,86.56,81.74,86.99,82.15,713,415,457,1585,83,107,15,809,202,117,23.44,25.53,37.59,29,34,20,1589.69,1128,1131.31,11.44,24.21,24.17,73.84,74.11,72.02,972.93,96.18,91.27,96.64,91.69,896,447,510,1853,102,101,9,993,236,114,27.2,30.14,38.83,41,36,25,1860.31,1343,1347.05,14.92,21.06,21.06,90.03,90.44,87.53,158.29,152.21,3183,2833,0,0,0,0,0,0
8477960,2024,Adrian Kempe,LAK,R,all,81,93095,1804,78.56,0.56,0.53,0.54,0.52,0.54,0.53,233,271.96,29.58,17.44,63.34,8.81,144.45,103.39,28.54,29.84,28.78,27,11,237,130,129,496,73,35,25,1,32,2,118,155,202,332,18,36,11,100,13,78,270,68,29,8.89,8.44,12.24,11,11,13,500.84,367,369.86,26,3.97,5.23,4.06,29.49,29.73,29.27,1804,308,261,281,954,184,231,291,1098,11,13,201106,36,40,20,36,864.15,91.95,87.07,92.49,87.59,766,425,494,1685,107,82,7,870,214,107,24.74,26.32,40.89,39,33,35,1694.47,1191,1198.51,14.03,16.88,16.88,89.11,89.62,86.83,753.33,73.05,70.4,72.89,70.24,672,359,392,1423,69,75,6,766,195,70,21.37,24.69,26.99,30,18,21,1411.88,1031,1023.92,11.29,13.85,13.85,70.49,70.31,68.83,155.77,138.23,3310,3033,0,0,0,0,0,0
8477346,2024,MacKenzie Weegar,CGY,D,all,81,117439,2614,69.54,0.52,0.47,0.56,0.48,0.56,0.47,128,195.93,11.44,11.66,56.92,6.51,114.68,77.79,10.3,11.42,10.28,15,24,184,95,195,474,47,8,13,1,65,1,90,102,176,271,15,33,0,223,52,159,262,7,10,6.28,0.74,4.42,3,2,3,469.79,279,278.38,108,2.67,2.66,0.79,13.34,13.31,12.11,2614,344,350,384,1536,202,277,347,1788,0,1,178847,33,29,13,192,1075.25,107.29,100.03,107.18,99.95,1018,476,689,2183,111,80,13,1143,224,127,31.6,27.99,47.68,43,29,39,2175.64,1494,1494.26,16.25,18.29,18.29,105.25,105.29,100.23,847.77,97.11,94.09,97.62,94.6,777,378,561,1716,81,83,8,809,240,106,23.95,31.14,42.02,28,29,24,1727.89,1155,1161.89,12.48,18.66,18.69,90.91,91.26,89.8,132.81,152.5,2958,3173,0,0,0,0,0,0
8483497,2024,Jani Nyman,SEA,R,all,12,10070,189,4.11,0.47,0.54,0.47,0.49,0.48,0.51,97,29.42,2.72,1.97,6.12,0.95,17.46,11.79,2.58,2.75,2.6,1,2,22,19,7,48,6,3,4,0,2,0,14,18,19,38,2,4,1,13,2,5,29,11,1,1.19,1.23,0.3,1,2,0,48,41,41.13,2,0.43,0.62,0.34,2.81,2.8,2.66,189,35,20,25,109,28,31,21,109,1,0,33479,4,4,2,7,82.22,8.05,7.71,8.17,7.81,70,45,33,148,8,8,2,88,20,7,3.03,2.38,2.64,2,4,2,149.04,115,116.06,1.32,2.25,2.25,7.12,7.13,6.88,88.71,8.95,8.33,8.84,8.28,82,41,46,169,7,11,1,95,17,11,2.87,2.24,3.84,2,2,3,169.26,123,123.31,1.17,2.53,2.53,7.59,7.55,7.43,33.46,28.3,549,578,0,0,0,0,0,0
8478439,2024,Travis Konecny,PHI,R,all,82,101366,1953,61.48,0.54,0.49,0.52,0.46,0.53,0.48,134,217.68,24.74,14.35,49.73,7.22,116.55,83.43,23.33,24.76,23.36,35,17,188,108,108,404,76,24,17,1,35,0,96,124,164,272,25,53,39,94,26,96,210,58,28,6.78,6.78,11.18,6,9,9,404.58,296,296.07,23,3.29,3.57,4.01,24.01,24.02,23.33,1953,372,193,281,1107,219,274,318,1142,39,61,198349,53,57,26,42,930.91,104.21,96.93,104.28,97.01,844,433,479,1756,92,94,7,907,244,126,26.58,30.97,46.65,33,31,28,1749.89,1277,1275.46,15.47,23.11,23.43,96.24,96.15,92.8,825.48,88.34,85.47,89.41,86.47,737,401,500,1638,102,67,6,827,219,92,25.78,27.4,35.15,33,35,34,1666.18,1138,1157.2,11.49,14.51,14.51,85.32,86.16,84.8,145.89,148.87,2824,3300,0,0,0,0,0,0
8482703,2024,Colton Dach,CHI,C,all,25,18192,384,2.13,0.44,0.38,0.43,0.41,0.43,0.4,244,28.66,3.76,2.36,6.75,1.1,14.68,10.35,3.41,3.73,3.38,2,3,27,12,8,47,7,2,4,0,3,0,10,20,25,37,7,17,6,86,13,12,22,12,5,0.57,1.6,1.59,1,1,0,46.05,39,38.59,6,0.5,1.12,1.41,2.86,2.85,2.72,384,42,32,50,260,41,48,57,238,6,6,72620,17,17,7,12,132.61,12.14,11.17,11.93,11.01,119,62,58,239,12,12,1,128,39,14,3.15,4.96,4.03,5,5,2,233.62,181,177.82,1.94,3.38,3.38,10.7,10.58,10.31,173.29,15.25,14.48,15.63,14.85,161,81,80,322,16,26,1,185,39,18,5.18,4.94,5.12,8,6,2,332.66,242,248.25,2.42,4.73,4.73,12.94,13.3,13.13,46.14,74.17,910,1315,0,0,0,0,0,0
8474102,2024,David Perron,OTT,L,all,43,36172,915,16.8,0.56,0.48,0.56,0.48,0.56,0.48,344,73.15,9.8,5.41,16.64,2.48,39.19,25.48,9.09,9.73,9.02,4,3,71,28,36,135,16,9,9,2,16,0,32,33,62,90,6,12,6,72,13,25,64,24,11,2.56,2.93,4.31,2,2,5,133.9,99,97.79,4,1.21,1.78,2.21,8.81,8.71,8.25,915,105,80,131,599,135,129,127,524,6,13,119293,12,10,5,9,342.71,34.48,32.59,34.41,32.54,331,136,177,644,31,40,9,343,82,42,9.75,10.33,14.4,9,9,13,639.16,467,463.54,5.3,8.89,8.9,30.88,30.73,29.73,267.41,26.75,25.44,26.9,25.6,260,105,141,506,26,31,3,265,62,38,7.53,7.68,11.53,10,11,5,510.8,365,367.86,3.71,6.87,6.87,23.58,23.81,23.24,104,114.45,1913,2106,0,0,0,0,0,0
8482785,2024,Justin Robidas,CAR,C,all,2,1337,30,2.5,0.53,0.43,0.66,0.63,0.61,0.56,20,2.63,0.21,0.18,0.54,0.11,1.37,1.59,0.21,0.2,0.2,1,0,3,1,3,7,2,1,0,1,0,0,1,2,2,3,0,0,8,2,0,1,3,1,0,0.05,0.16,0,0,1,0,6.35,4,3.82,0,0.04,0,0.17,0.07,0.07,0.07,30,7,3,6,14,4,3,7,16,8,10,5863,0,0,0,0,13.58,0.98,0.93,0.96,0.91,14,5,10,29,2,4,1,15,4,0,0.36,0.62,0,1,1,0,26.83,19,18.45,0.17,0.38,0.38,0.77,0.76,0.74,9.47,0.87,0.86,0.89,0.88,8,4,3,15,1,0,0,9,2,1,0.36,0.3,0.22,0,0,1,16,12,12.34,0.13,0,0,1,1.02,1.01,4.83,6.42,129,76,0,0,0,0,0,0
8478440,2024,Dylan Strome,WSH,C,all,82,85528,1645,67.55,0.56,0.51,0.57,0.47,0.57,0.48,319,156.56,20.86,11.57,33.74,5.43,84.39,60,19.64,21.01,19.78,27,26,150,66,55,271,82,29,21,6,26,0,56,84,121,187,17,34,691,23,21,79,133,55,28,4.44,6.94,9.48,10,6,13,272.5,216,217.49,13,2.69,4.53,4.57,18.99,19.13,18.37,1645,469,53,276,847,155,305,290,895,691,596,213006,34,32,13,54,865.93,92.07,87.16,92.35,87.43,772,423,447,1642,108,91,9,861,224,110,25.49,28.18,38.4,40,28,40,1651.81,1195,1202.23,14.19,17.27,17.49,88.76,89.12,85.91,672.43,73.37,71.13,73.69,71.44,616,299,342,1257,65,67,5,647,178,90,18.75,23.3,31.33,18,23,24,1254.67,915,916.38,8.82,15.08,15.08,67.11,67.4,66.43,182.15,177.02,3242,3652,0,0,0,0,0,0
8484901,2024,Jacob Quillan,TOR,C,all,1,321,7,-0.2,0,0.66,0.22,0.6,0,0.63,12,0,0,0,0,0,0,0,0,0,0,0,0,0,0,1,1,0,0,0,0,0,0,0,0,0,0,0,0,0,1,0,0,0,0,0,0,0,0,0,0,0,1.03,0,0,0,0,0,0,0,0,0,7,0,0,1,6,0,3,0,4,0,0,3279,0,0,0,0,0,0,0,0,0,0,0,2,2,0,0,0,0,0,0,0,0,0,0,0,0,2.06,0,0,0,0,0,0,0,0,5.69,0.81,0.81,0.76,0.76,6,1,0,7,0,0,0,4,1,2,0.16,0.17,0.48,0,0,0,6.71,7,6.72,0.11,0,0,0.92,0.86,0.86,2.75,1.43,61,40,0,0,0,0,0,0
8477504,2024,Josh Morrissey,WPG,D,all,80,117078,2154,65.55,0.58,0.5,0.54,0.47,0.55,0.48,118,188.2,9.89,11.36,52.44,6.34,114.02,77.96,9.6,9.92,9.63,19,29,172,100,161,433,62,14,12,1,58,0,74,114,158,258,11,22,0,49,32,78,256,8,8,5.69,0.81,3.39,8,2,4,436.25,272,273.93,44,2.53,2.63,1.79,10.63,10.71,10.4,2154,401,220,338,1195,122,302,321,1409,0,0,173017,22,22,11,113,1154.59,120.51,114.47,121.84,115.72,1047,543,535,2125,125,123,17,1110,340,140,30.77,40.86,48.89,31,50,44,2155.05,1590,1609.32,18.54,27.94,27.94,111.05,112.16,108.91,930.66,87.88,84.19,87.37,83.68,840,453,484,1777,72,93,12,1000,199,94,27.42,25.75,34.7,23,18,31,1753.2,1293,1281.56,12.69,18.5,18.5,82.07,81.54,79.43,133.31,135.63,2574,2931,0,0,0,0,0,0
8480064,2024,Josh Norris,BUF,C,all,56,61644,1482,30.29,0.46,0.5,0.51,0.52,0.51,0.52,219,102.62,13.33,8.13,22.64,3.87,54.56,38.46,13.07,13.32,13.05,9,5,96,45,37,178,35,21,13,1,15,0,41,51,75,120,17,34,413,135,13,33,82,46,13,2.6,5.71,5.02,10,7,4,178.6,141,141.31,7,1.93,1.92,1.99,13.27,13.25,13.13,1482,236,305,269,672,167,137,200,978,413,354,141834,34,30,16,47,544.58,53.89,51.56,54.01,51.68,511,242,294,1047,60,55,9,554,139,60,15.8,16.79,21.3,21,20,19,1050.38,753,754.14,9.19,10.13,10.43,52.64,52.65,51.11,524.1,62.72,57.88,62.57,57.74,480,238,290,1008,54,57,9,502,135,81,15.13,16.94,30.63,14,18,22,1004.61,718,716.68,8.37,12.72,12.72,58.37,58.26,55.27,110.24,109.65,2351,2197,0,0,0,0,0,0
8483531,2024,Brian Halonen,NJD,L,all,2,1668,32,0.3,0.37,0.47,0.59,0.56,0.53,0.49,17,2.86,0.2,0.16,0.64,0.08,1.76,1.17,0.2,0.2,0.2,0,0,2,2,2,6,0,0,2,0,0,0,0,2,2,4,0,0,0,2,1,2,3,1,0,0.12,0.08,0,0,0,0,5.86,4,3.96,0,0.04,0.2,0,0.24,0.23,0.23,32,2,1,1,28,3,5,2,22,0,0,5532,0,0,0,1,13.29,0.76,0.75,0.76,0.75,12,6,17,35,1,2,0,16,2,0,0.5,0.26,0,1,0,0,33.8,18,17.63,0.15,0.2,0.2,0.71,0.71,0.7,11.67,1.31,1.29,1.35,1.33,8,8,8,24,2,3,0,11,4,1,0.34,0.62,0.35,1,1,0,24.9,16,16.37,0.16,0.55,0.55,0.91,0.94,0.93,4.61,5.2,101,79,0,0,0,0,0,0
8476988,2024,Matt Benning,SJS,D,all,7,5477,136,-1.42,0.49,0.44,0.39,0.46,0.4,0.47,42,6.27,0.34,0.38,1.68,0.2,3.83,2.57,0.28,0.33,0.27,0,0,7,2,6,15,0,0,2,0,1,0,3,3,7,9,2,4,0,9,1,4,8,1,0,0.16,0.18,0,0,0,0,14.63,9,8.83,2,0.08,0.49,0.18,0.24,0.23,0.22,136,12,14,19,91,10,25,13,88,0,0,20154,4,4,2,10,41.74,4.57,4.24,4.51,4.19,41,14,20,75,1,7,0,33,17,5,0.95,2.37,1.26,0,1,0,72.79,55,54.19,0.63,1.44,1.44,3.76,3.71,3.55,59.73,4.78,4.68,4.79,4.69,53,31,31,115,6,8,0,69,10,5,2.4,1.19,1.19,5,1,0,118.75,84,84.82,0.84,1.28,1.28,4.34,4.36,4.33,15.83,19.77,318,367,0,0,0,0,0,0
8482713,2024,Mackie Samoskevich,FLA,R,all,72,57552,1275,40.87,0.64,0.52,0.61,0.54,0.6,0.53,571,161.79,17.37,11.7,37.88,5.3,87.18,57.58,16.48,17.49,16.58,10,6,129,88,60,277,31,15,20,1,34,0,76,72,114,202,6,12,0,134,9,46,151,40,26,4.72,4.97,7.68,5,5,5,279.42,217,219.04,11,2.67,5.02,4.16,15.87,15.97,15.56,1275,237,93,191,754,227,159,175,714,0,1,204457,12,26,13,32,622.75,65.34,58.98,65.59,59.23,559,293,310,1162,46,81,4,625,139,88,17.41,17.33,30.6,16,16,14,1168.71,852,856.39,9.79,20.27,20.08,55.04,55.31,52.62,415.01,37.05,34.41,36.94,34.31,376,198,184,758,34,42,3,449,85,40,12.37,10.52,14.17,14,10,10,759.68,574,574.42,5.24,10.21,10.21,32.09,32.02,31,180.41,168.01,3591,3051,0,0,0,0,0,0
8479425,2024,Filip Hronek,VAN,D,all,61,87453,1798,36.53,0.49,0.51,0.52,0.49,0.5,0.49,116,105.66,4.28,5.91,28.67,3.54,64.52,47.09,4.17,4.25,4.14,12,16,83,71,86,240,33,5,6,0,20,0,59,64,78,149,15,30,1,89,14,74,144,9,1,2.89,1.14,0.25,4,1,0,237.2,154,153.01,38,1.27,1.16,0.32,5.23,5.22,5.12,1798,228,260,278,1032,176,208,246,1168,1,0,135068,30,10,5,75,738.25,73.17,69.19,73.05,69.11,659,373,411,1443,75,71,13,770,174,88,21.17,21.78,30.22,35,20,20,1442.52,1032,1032.49,11.05,17.38,17.38,66.84,66.78,64.83,746.28,76.78,73.72,77.01,73.92,657,376,306,1339,79,82,14,758,184,91,20.58,23.59,32.61,27,25,27,1341.45,1033,1033.02,11.4,17.93,17.93,70.18,70.18,68.55,99.65,96.88,2057,2121,0,0,0,0,0,0
8475200,2024,Dmitry Orlov,CAR,D,all,76,91184,1818,53.13,0.5,0.58,0.55,0.6,0.53,0.6,227,137.38,6.7,7.58,37.35,4.86,78.04,62.46,6.6,6.72,6.61,9,13,117,80,113,310,28,6,15,0,34,0,54,88,111,191,12,24,0,101,21,98,182,12,3,4.14,1.3,1.25,5,0,1,311.46,197,197.86,57,1.58,2.66,0.36,7.93,7.94,7.81,1818,170,203,330,1115,321,227,266,1004,0,0,184236,24,24,12,60,815.81,77.18,74.33,77.71,74.82,704,426,451,1581,73,87,7,823,230,77,22.37,28.98,25.84,25,29,19,1595.99,1130,1140.65,10.86,15.28,15.44,72.59,73.15,71.85,722.91,76.32,72.46,76.39,72.49,686,302,300,1288,76,87,8,678,213,97,19.47,26.26,30.59,27,28,21,1286.76,988,988.18,11.75,18.34,18.34,69.74,69.67,68.14,196.66,144.16,3769,2469,0,0,0,0,0,0
8482178,2024,Ian Moore,ANA,D,all,3,2455,52,0.95,0.48,0.38,0.49,0.44,0.46,0.42,18,5.5,0.13,0.29,1.73,0.16,3.43,2.25,0.13,0.13,0.13,0,1,4,4,1,9,1,0,0,0,2,0,2,4,4,8,0,0,0,1,0,1,8,0,0,0.13,0,0,0,0,0,9.27,8,8.13,0,0.06,0,0,0.19,0.19,0.18,52,6,2,7,37,5,9,5,33,0,0,8698,0,0,0,1,24.37,2.04,1.9,2.11,1.97,22,11,11,44,1,4,1,24,6,3,0.49,0.71,0.84,0,0,1,45.41,33,33.75,0.34,0.85,0.85,1.52,1.57,1.51,28.06,2.21,2.17,2.16,2.12,25,14,7,46,0,4,0,31,6,2,1.03,0.72,0.47,0,0,0,45.13,39,38.34,0.35,0.42,0.42,2.14,2.09,2.07,4.87,7.9,135,170,0,0,0,0,0,0
8482177,2024,Marat Khusnutdinov,BOS,C,all,75,54383,1150,-0.17,0.36,0.5,0.41,0.48,0.41,0.48,654,47.1,4.48,3.09,10.42,1.65,25.64,20.71,4.38,4.57,4.46,4,3,41,25,11,77,12,5,4,0,8,0,14,35,36,61,9,20,189,55,6,47,44,21,1,1.48,2.67,0.33,1,4,0,77.18,66,66.41,14,0.64,0.25,0.64,4.49,4.55,4.5,1150,89,128,166,767,153,170,140,687,189,244,217777,20,2,1,47,348.87,25.31,24.81,25.53,25.03,323,164,181,668,20,21,0,390,82,15,9.88,10.15,5.28,4,11,5,672.17,487,489.59,4.41,2.92,2.92,26.8,26.99,26.7,500.75,44.54,42.79,44.66,42.91,449,240,278,967,46,38,5,519,120,50,14.07,14.64,15.82,16,13,17,966.46,689,687.62,7.13,7.73,7.73,43.93,43.96,42.94,181.17,184.54,3391,3619,0,0,0,0,0,0
8478038,2024,Devon Toews,COL,D,all,76,112128,2101,64.3,0.51,0.54,0.53,0.55,0.52,0.55,144,149.89,8.27,8.7,41.29,4.9,87.54,65.31,7.63,8.33,7.68,14,20,138,78,126,342,44,10,15,0,24,0,78,89,128,206,12,26,0,40,35,81,196,13,7,4.58,1.42,2.27,8,2,0,344.6,216,217.56,51,1.82,3.14,1.29,8.81,8.87,8.64,2101,306,320,325,1150,234,230,315,1322,0,0,164101,26,22,11,103,977.67,98.07,94.19,98.8,94.89,914,442,597,1953,107,84,10,1005,256,95,31.64,31.29,35.14,51,25,31,1969.51,1356,1366.11,13.57,17.67,17.87,93.78,94.44,92.12,915.51,94.68,89.19,94.66,89.16,842,409,482,1733,87,111,14,906,228,117,24.15,28.19,42.34,23,27,37,1729.08,1251,1249.03,14.61,22.68,22.68,86.61,86.58,84.11,140.13,117.88,2902,2408,0,0,0,0,0,0
8482166,2024,Shakir Mukhamadullin,SJS,D,all,30,32521,668,7.8,0.42,0.47,0.47,0.47,0.46,0.48,123,37.64,1.77,2.28,10.64,1.21,22.24,14.86,1.75,1.72,1.7,3,4,30,23,31,84,9,2,3,0,7,0,19,22,28,51,4,8,0,25,5,33,47,5,1,1.03,0.54,0.2,2,0,0,81.54,53,51.86,22,0.47,0.54,0.12,2.12,2.06,2.04,668,54,93,122,399,71,86,74,437,0,0,76706,8,8,4,51,229.36,18.5,18.02,18.1,17.63,213,101,154,468,19,17,2,237,60,17,6.11,7.25,5.14,6,10,3,456.25,314,308.11,3.14,3.11,3.04,18.6,18.2,17.99,260.88,25.1,23.5,25.86,24.22,247,116,174,537,28,28,2,261,77,25,7.13,9.66,8.32,16,6,6,556.8,363,375.03,4.01,6.63,6.63,22.49,23.11,22.33,70.64,79.38,1274,1408,0,0,0,0,0,0
8479293,2024,Brandon Tanev,WPG,L,all,79,62695,1430,18.3,0.42,0.5,0.38,0.52,0.4,0.52,681,113.45,13.19,7.84,25.32,3.94,60.94,48.78,12.46,13.1,12.36,8,4,99,61,21,181,22,10,15,1,17,1,45,72,89,150,8,16,7,168,23,52,106,39,15,3.41,4.77,5,1,5,4,178.32,160,158.32,21,1.66,3.72,2.53,12.33,12.23,11.99,1430,137,260,240,793,199,193,197,841,7,24,224020,16,24,12,105,433.05,43.06,41.29,42.61,40.84,359,249,198,806,30,46,7,443,114,51,11.62,14.09,17.35,6,13,11,793.07,608,599.08,5.8,9.27,9.27,39.59,39.11,38.13,664.93,60.58,56.98,61.25,57.63,563,367,388,1318,61,62,8,715,148,67,19.92,18.59,22.06,20,23,18,1336.59,930,942.85,11.17,11.17,11.17,60.58,61.2,58.38,188.2,188.66,3816,3529,0,0,0,0,0,0
8478450,2024,Parker Wotherspoon,BOS,D,all,55,59496,1265,7.2,0.42,0.49,0.45,0.5,0.45,0.49,233,44.29,1.68,2.29,12.87,1.43,26.72,19.01,1.52,1.67,1.52,5,1,44,20,39,103,7,1,1,0,12,0,27,23,43,63,5,10,0,75,15,68,63,0,1,1.21,0,0.47,1,0,0,101.73,64,63.6,49,0.47,0.24,0.49,1.66,1.65,1.63,1265,71,157,192,845,173,217,153,722,0,0,140314,10,16,8,66,418.39,34.59,33.4,34.54,33.36,371,200,236,807,28,29,1,436,101,34,11.58,13.03,9.98,11,14,3,799.81,571,568.73,5.44,7.41,7.37,32.65,32.58,32.26,505.24,48.07,46.39,48.61,46.91,449,246,299,994,44,52,3,523,120,52,15.06,15.45,17.56,21,12,11,1002.03,695,701.36,7.28,11.12,11.12,44.22,44.61,43.87,123.64,126.84,2298,2317,0,0,0,0,0,0
8484929,2024,Juha Jaaska,CAR,L,all,18,9643,220,6.53,0.64,0.55,0.63,0.57,0.63,0.56,209,16.75,2.01,1.09,4.26,0.59,8.03,6.02,1.92,1.97,1.88,2,2,11,11,6,28,4,0,1,0,4,0,4,13,11,22,3,9,16,20,1,8,14,5,3,0.39,0.8,0.82,0,0,0,27.44,22,21.58,2,0.23,0.25,1.2,1.04,1.01,1,220,38,16,36,130,40,33,31,116,16,15,55541,9,5,1,3,95.23,6.59,6.33,6.58,6.32,85,47,45,177,6,11,2,110,15,7,2.59,2.14,1.86,2,2,2,174.67,132,130.65,1.11,2.28,2.28,5.42,5.4,5.33,56.39,3.68,3.61,3.67,3.6,46,33,27,106,6,4,0,66,11,2,1.84,1.28,0.56,2,4,0,106.32,79,79.55,0.72,0.6,0.6,3.81,3.81,3.8,54.24,44.96,1116,848,0,0,0,0,0,0
8482751,2024,Ryan Winterton,SEA,C,all,12,7800,173,-0.03,0.39,0.46,0.45,0.47,0.44,0.48,125,11.18,0.8,0.83,2.91,0.47,6.88,5.11,0.77,0.82,0.79,1,0,15,2,7,24,1,0,0,0,2,0,8,7,15,17,1,2,1,20,1,4,16,0,1,0.57,0,0.23,0,0,0,24.75,17,17.51,2,0.17,0,0.24,0.73,0.74,0.74,173,19,18,23,113,20,27,25,101,1,1,35700,2,6,3,6,53.8,3.81,3.73,3.94,3.86,53,22,37,112,3,5,0,64,9,2,2.04,1.21,0.57,1,2,0,113.74,75,76.81,0.73,0.71,0.71,3.83,3.9,3.86,68.63,6.08,5.87,6.07,5.87,68,28,43,139,14,5,1,72,18,6,2.34,2.05,1.68,10,3,1,141.87,96,97.91,0.96,1.05,1.05,5.99,6.01,5.92,30.45,35.26,577,645,0,0,0,0,0,0
8477887,2024,Patrick Brown,BOS,C,all,15,9509,231,-0.86,0.26,0.42,0.4,0.47,0.38,0.46,164,10.97,1.04,0.7,2.53,0.4,6.48,4.85,1.03,1.02,1.02,1,0,11,5,6,22,1,0,0,0,3,0,2,11,11,16,4,8,20,46,3,10,12,4,0,0.44,0.6,0,0,0,0,21.97,16,15.97,4,0.15,0,0.18,1,1.01,1.01,231,9,71,35,116,46,30,19,136,20,24,44780,8,2,1,12,44.66,2.92,2.82,2.9,2.79,40,22,48,110,2,1,0,52,9,1,1.29,1.21,0.42,1,0,1,106.6,62,61.01,0.47,0.18,0.18,3.22,3.21,3.1,74.44,8.22,7.95,8.33,8.05,74,28,60,162,5,7,1,66,27,9,1.86,3.71,2.66,2,2,1,166.31,102,104.81,1.09,1.51,1.51,7.81,7.91,7.75,31,42.85,675,746,0,0,0,0,0,0
8482866,2024,Ville Ottavainen,SEA,D,all,1,864,16,1.13,0.71,0.42,0.68,0.54,0.71,0.56,6,1.31,0.02,0.05,0.35,0.05,0.91,0.62,0.02,0.02,0.02,0,1,1,1,2,4,1,0,0,0,0,0,2,0,1,2,0,0,0,3,0,0,2,0,0,0.02,0,0,0,0,0,3.64,2,1.85,0,0.01,0,0,0.03,0.03,0.03,16,1,1,4,10,1,2,4,9,0,0,2736,0,0,0,1,6.25,0.35,0.35,0.33,0.33,5,5,5,15,1,0,0,9,1,0,0.22,0.13,0,1,0,0,13.78,10,9.24,0.09,0,0,0.44,0.41,0.41,2.67,0.15,0.15,0.16,0.16,1,3,3,7,1,0,0,4,0,0,0.15,0,0,1,0,0,7.69,4,4.44,0.03,0,0,0.18,0.19,0.19,2.42,3.36,53,45,0,0,0,0,0,0
8482131,2024,Donovan Sebrango,OTT,D,all,2,1237,31,0,0.43,0.37,0.53,0.5,0.53,0.5,12,0,0,0,0,0,0,0,0,0,0,0,0,0,0,2,2,0,0,0,0,0,0,0,0,0,0,0,0,0,0,0,0,0,0,0,0,0,0,0,0,0,1.94,0,0,0,0,0,0,0,0,0,31,1,3,2,25,2,6,1,22,0,0,6150,0,0,0,0,11.63,0.75,0.75,0.73,0.73,10,7,7,24,0,0,0,15,2,0,0.46,0.3,0,0,0,0,23.33,17,16.45,0.14,0,0,0.89,0.87,0.86,11.29,1,0.95,1,0.95,9,6,6,21,1,0,0,10,5,0,0.27,0.73,0,0,1,0,21.03,15,15.07,0.16,0,0,1.16,1.16,1.09,3.58,6.16,104,102,0,0,0,0,0,0
8485512,2024,Tim Washe,ANA,C,all,2,928,25,0.9,0.84,0.35,0.7,0.41,0.72,0.39,24,4.28,0.52,0.25,1.07,0.17,2.24,1.76,0.49,0.54,0.51,0,0,2,4,1,7,0,0,1,0,1,0,3,1,2,6,0,0,4,4,0,0,4,1,1,0.1,0.09,0.32,0,0,0,7.11,6,6.05,0,0.05,0.32,0.32,0.25,0.26,0.26,25,0,4,0,21,7,4,2,12,4,4,6625,0,0,0,0,15.55,1.47,1.38,1.54,1.44,14,7,5,26,1,3,1,15,4,2,0.37,0.49,0.61,0,0,1,26.6,21,21.44,0.19,0.74,0.74,0.92,0.96,0.95,5.24,0.27,0.27,0.26,0.26,6,2,3,11,1,0,0,7,1,0,0.17,0.11,0,1,0,0,10.89,8,7.9,0.06,0,0,0.33,0.32,0.32,3.82,7.04,100,145,0,0,0,0,0,0
8475714,2024,Calle Jarnkrok,TOR,C,all,19,15081,354,-0.88,0.36,0.51,0.34,0.47,0.34,0.49,154,12.74,1.99,0.89,2.7,0.4,6.34,4.68,1.9,1.98,1.89,3,3,9,8,9,26,7,1,1,0,3,0,3,9,8,16,2,4,2,15,1,4,10,5,2,0.4,0.68,0.91,0,0,1,25.97,17,17,2,0.2,0.25,0.3,1.88,1.89,1.82,354,25,44,54,231,40,49,34,231,2,7,54487,4,4,2,9,83.71,7.01,6.83,7.04,6.86,78,36,43,157,9,5,0,91,14,9,2.52,1.78,2.71,6,1,2,158.75,114,115.4,1.14,1.06,1.06,7.09,7.13,7.04,157.16,12.3,11.87,12.29,11.85,128,93,89,310,9,15,2,179,30,12,4.68,3.77,3.85,3,3,3,307.01,221,219.14,2.1,2.97,2.97,11.44,11.38,11.18,52.81,50.11,871,968,0,0,0,0,0,0
8481535,2024,Nils Hoglander,VAN,L,all,72,52400,1252,26.27,0.55,0.49,0.52,0.48,0.51,0.48,676,87.21,11.13,6.09,19.92,3.01,43.95,32.91,10.12,11.19,10.18,10,7,83,34,35,152,25,8,9,2,21,0,35,44,75,109,14,30,0,76,13,36,70,31,16,2.14,3.44,5.54,2,4,2,152.19,117,117.87,11,1.3,2.59,4.16,8.27,8.37,8.27,1252,167,90,167,828,176,161,161,754,0,1,211006,30,36,18,23,424,38.41,35.95,38.61,36.14,385,203,250,838,41,46,7,450,87,51,11.43,10.75,16.24,17,13,11,840.2,588,589.47,5.89,10.93,10.93,33.37,33.52,32.7,405.39,31.76,30.62,32.05,30.88,375,189,222,786,32,36,4,451,79,34,11.36,9.74,10.66,14,9,9,787.28,564,565.25,5,7.5,7.5,29.26,29.5,28.93,163.72,172.01,3171,3369,0,0,0,0,0,0
8478414,2024,Timo Meier,NJD,R,all,80,85726,1714,68.67,0.61,0.49,0.58,0.48,0.57,0.47,347,287.53,29.98,19.74,66.66,9.81,154.57,106.25,28.56,30.2,28.8,14,13,239,148,138,525,53,26,31,4,44,1,117,168,213,361,16,38,8,141,22,73,271,86,30,8.6,10.73,10.66,8,9,9,533.32,387,393.12,23,4.37,6.6,7.06,27.3,27.63,26.91,1714,250,211,266,987,235,206,271,1002,8,18,204882,38,40,20,65,904.9,98.92,93.05,99.37,93.48,793,435,531,1759,81,120,12,869,238,121,26.25,29.75,42.92,26,23,32,1773.27,1228,1236.68,14.35,25.69,25.43,87.83,88.29,85.69,657.42,62.31,59.73,62.13,59.54,593,323,365,1281,50,60,6,684,170,62,19.56,21.32,21.44,21,12,17,1268.41,916,907.69,8.8,11.86,11.86,59.26,58.98,57.7,170.76,176.6,3097,3300,0,0,0,0,0,0
8475958,2024,Michael Sgarbossa,WSH,C,all,3,1681,38,1.91,0.69,0.73,0.45,0.61,0.52,0.65,35,0.77,0.11,0.07,0.14,0.02,0.41,0.25,0.11,0.13,0.13,1,0,1,0,3,4,2,1,0,0,0,0,0,0,0,0,1,2,9,1,0,0,0,1,0,0,0.11,0,0,1,0,4.4,1,1.16,0,0.01,0,0,0.13,0.15,0.15,38,8,2,7,21,10,5,5,18,9,11,9119,2,6,3,1,12.55,1.28,1.23,1.36,1.31,12,5,7,24,3,0,0,12,4,1,0.49,0.51,0.28,0,2,1,25.64,17,18.2,0.18,0,0.17,1.29,1.38,1.36,11.74,0.58,0.58,0.58,0.58,10,6,13,29,1,0,0,14,2,0,0.39,0.19,0,0,1,0,28.08,16,15.51,0.13,0,0,0.71,0.71,0.71,16.65,6.14,195,126,0,0,0,0,0,0
8477220,2024,Nate Schmidt,FLA,D,all,80,79342,1791,35.95,0.6,0.53,0.59,0.55,0.58,0.54,375,84.98,3.96,4.93,24.53,2.82,50.65,35.1,3.84,3.96,3.84,9,5,70,52,85,207,19,5,9,1,18,0,47,43,65,117,12,30,0,82,28,88,116,2,4,2.64,0.27,1.04,4,1,0,210.37,122,123.9,45,1.04,2.43,0.95,4.05,4.09,3.98,1791,216,154,266,1155,264,212,189,1126,0,0,211858,30,26,9,71,741.95,67.23,63.35,67.6,63.69,643,383,413,1439,52,87,10,759,190,77,21.07,23.37,22.79,21,19,12,1454.99,1026,1034.89,11.04,17.77,17.33,60.93,61.24,59.32,525.48,44.08,42.78,44.17,42.86,479,252,277,1008,43,44,6,570,119,42,15.15,14.92,14.01,18,14,11,1007.7,731,730.1,7.08,7.45,7.45,43.71,43.65,42.76,210.18,184.17,3879,3226,0,0,0,0,0,0
8477335,2024,Kyle Burroughs,LAK,D,all,33,15480,353,3,0.53,0.54,0.52,0.52,0.51,0.53,215,8.84,0.18,0.41,2.92,0.31,5.3,3.87,0.17,0.18,0.18,3,0,6,7,15,28,3,0,2,0,2,0,7,2,6,13,15,39,0,42,3,19,13,0,0,0.18,0,0,0,0,0,28.75,13,13.16,10,0.08,0.44,0.02,0.24,0.25,0.24,353,38,32,44,239,47,57,41,208,0,0,104569,39,17,4,14,119.73,10.97,10.58,11.11,10.72,108,56,78,242,13,17,4,117,35,12,2.95,4.3,3.72,5,3,5,246.76,164,166.78,1.59,3.32,3.32,9.25,9.46,9.37,115.57,9.67,9.31,9.57,9.22,109,51,60,220,11,8,2,117,36,7,2.95,4.73,2,2,6,3,215.2,160,157.46,1.57,1.77,1.77,9.48,9.39,9.28,90.37,77.23,1745,1596,0,0,0,0,0,0
8483570,2024,Ben Meyers,SEA,C,all,8,4009,88,-1.31,0.41,0.39,0.4,0.45,0.41,0.43,96,3.96,0.43,0.35,0.63,0.1,2.1,1.39,0.43,0.44,0.43,0,0,4,1,5,10,0,0,0,0,1,0,2,2,4,5,1,2,24,9,1,1,2,3,0,0.08,0.35,0,0,0,0,9.73,5,5.02,1,0.07,0,0,0.5,0.51,0.51,88,7,6,16,59,14,15,13,46,24,25,24791,2,0,0,1,24.02,1.88,1.87,1.85,1.84,26,7,16,49,1,1,0,23,10,0,0.8,1.08,0,0,1,0,47.07,33,31.91,0.33,0.08,0.08,2.13,2.1,2.09,33.95,2.68,2.64,2.77,2.73,28,20,25,73,3,3,0,38,7,3,0.94,0.83,0.9,2,1,0,75.5,48,50.1,0.44,0.66,0.66,2.46,2.58,2.55,15.52,24.73,378,454,0,0,0,0,0,0
8475810,2024,Bryan Rust,PIT,R,all,71,84138,1784,60.08,0.5,0.46,0.51,0.47,0.5,0.47,174,213.82,27.94,16.73,47.82,7.07,106.14,76.29,25.98,28.04,26.06,23,11,191,91,53,335,65,31,36,3,33,0,85,97,160,251,9,18,9,62,17,64,175,65,42,5.78,8.04,14.13,11,10,10,336.98,282,283.34,18,3.84,8.32,7.69,24.08,24.19,23.53,1784,377,182,338,887,149,230,310,1095,9,8,174760,18,22,11,54,836.53,98.14,91.77,98.56,92.16,747,390,399,1536,99,120,13,781,224,132,22.69,28.33,47.13,30,32,37,1538.31,1137,1138.38,14.63,25.31,25.31,87.47,87.65,84.87,809.28,99.13,94.13,99.63,94.62,733,384,344,1461,107,88,12,776,226,115,23.78,28.66,46.69,26,33,48,1471.27,1117,1122.8,12.28,18.64,18.64,92.78,93.28,90.05,121.11,144.23,2632,2920,0,0,0,0,0,0
8482078,2024,Lucas Raymond,DET,L,all,82,92414,1847,75.34,0.58,0.43,0.57,0.45,0.57,0.45,252,208.13,24.67,13.91,47.27,6.93,110.38,79.84,23.8,24.67,23.8,28,25,192,91,99,382,80,27,22,0,35,0,89,110,165,256,8,18,1,42,28,80,188,71,24,6.77,8.87,9.04,13,7,7,381.56,283,282.99,21,3.15,4.35,3.35,24.48,24.49,24.03,1847,338,246,312,951,242,230,318,1057,1,7,206023,18,48,24,34,934.17,114.38,106.96,114.37,106.94,837,436,461,1734,111,93,11,849,286,138,25.38,35.47,53.53,35,31,45,1730.96,1273,1273.78,15.91,21.47,21.71,108.57,108.61,103.65,699.29,81.57,77.21,82.05,77.69,642,316,340,1298,81,70,11,678,178,102,19.06,21.17,41.34,27,19,35,1304.84,958,962.94,9.87,16.09,16.09,75.35,75.83,73.53,142.88,185.6,2946,3671,0,0,0,0,0,0
8482758,2024,Ville Koivunen,PIT,R,all,8,8695,176,6.68,0.6,0.5,0.59,0.52,0.6,0.5,29,15.2,1.96,1.24,3.58,0.59,8.68,5.94,1.83,1.96,1.83,3,4,15,7,8,30,7,0,4,0,3,0,6,9,15,22,2,4,1,1,3,6,14,4,4,0.6,0.38,0.98,0,0,0,29.98,22,21.93,0,0.27,0.58,0.76,1.48,1.46,1.41,176,37,6,31,102,25,20,31,100,1,0,20313,4,4,2,8,101.46,13.05,12.43,13.04,12.41,100,39,37,176,10,14,1,94,29,16,2.62,3.76,6.67,1,4,5,175.66,139,138.03,1.75,3.44,3.44,11.36,11.31,11.13,70.29,8.81,7.8,9.01,7.93,67,27,30,124,4,12,1,65,13,16,2.14,1.51,5.16,0,2,2,124.11,94,94.49,0.99,3.78,3.78,6.02,6.09,5.98,16.45,16.45,311,291,0,0,0,0,0,0
8475181,2024,Nick Leddy,STL,D,all,31,34727,715,6.33,0.42,0.54,0.48,0.5,0.48,0.51,132,19.5,0.65,1.1,5.13,0.64,11.98,9.5,0.65,0.65,0.65,1,2,21,8,21,50,5,2,4,0,3,0,6,14,19,27,1,2,0,5,11,43,29,0,0,0.65,0,0,2,0,0,49.99,29,29.22,29,0.21,0.49,0,0.86,0.87,0.87,715,59,76,137,443,85,98,105,427,0,0,78559,2,6,3,26,244.1,18.6,18.21,18.88,18.5,244,93,151,488,29,17,3,267,57,13,7.83,7.41,3.35,11,15,3,494.76,337,340.57,3.16,2.84,2.84,18.84,19.14,18.95,269.86,25.64,24.6,25.49,24.43,222,146,167,535,26,35,5,258,79,31,6.6,9.8,9.24,8,11,7,528.45,368,366.44,3.81,6.53,6.53,22.93,22.76,22.26,66.01,56.84,1219,1234,0,0,0,0,0,0
8481708,2024,Zac Jones,NYR,D,all,46,47621,929,10.03,0.52,0.47,0.52,0.5,0.52,0.49,207,60.23,2.61,3.73,16.2,1.91,35.41,26.14,2.55,2.59,2.53,4,6,51,35,32,118,11,1,2,0,19,1,21,42,50,85,11,24,0,28,16,40,82,4,0,2.05,0.56,0,1,0,0,116.3,86,84.93,22,0.81,0.41,0.03,3.39,3.36,3.3,929,111,59,129,630,134,167,114,514,0,0,118615,24,8,4,46,440.71,38.66,35.74,38.68,35.73,395,214,209,818,25,56,3,468,96,45,12.71,11.91,14.05,12,8,5,816.42,609,607.9,6.42,11.36,11.36,33.73,33.68,32.47,404.61,35.79,34.41,36.43,35.01,385,169,191,745,23,43,4,406,109,39,10.92,13.62,11.26,12,9,2,755.23,554,562.66,5.3,8.72,8.72,32.37,32.71,32.45,100.94,115.95,1960,1954,0,0,0,0,0,0
8480049,2024,Dylan Samberg,WPG,D,all,60,76095,1586,34.43,0.51,0.56,0.47,0.52,0.48,0.53,172,97.36,3.17,4.87,27.49,3.16,54.41,44.89,3.1,3.23,3.15,10,4,95,43,86,224,20,6,6,0,32,0,28,66,89,132,8,16,0,56,33,64,132,6,0,2.4,0.77,0,5,1,0,228.15,138,140.57,52,1.01,1.02,0.28,3.9,3.97,3.89,1586,97,284,219,986,221,154,194,1017,0,0,141620,16,10,5,120,623.03,60.15,57.95,60.81,58.62,574,291,306,1171,73,57,9,646,151,68,17.4,18.84,23.91,31,21,21,1194.91,865,882.07,8.1,10.98,10.98,57.27,58.07,56.93,665.36,58,55.43,57.65,55.07,557,366,404,1327,50,65,7,699,165,59,19.46,20.24,18.3,21,16,13,1303.41,923,909.47,10.55,11.95,11.95,56.6,56.13,54.63,127.22,100.32,2368,2154,0,0,0,0,0,0
8475780,2024,Chris Wagner,COL,R,all,28,11920,325,1.86,0.43,0.52,0.46,0.53,0.47,0.53,311,28.87,2.66,1.92,8.04,1.34,15.51,11.54,2.49,2.63,2.46,0,0,29,12,7,48,1,1,7,1,6,0,5,22,28,40,4,14,48,57,1,4,28,10,3,0.61,1.26,0.79,0,1,0,47.31,41,40.25,1,0.39,1.21,1.6,1.46,1.45,1.42,325,17,58,52,198,55,38,38,194,48,60,89347,14,18,6,13,88.18,6.19,5.96,6.08,5.85,89,34,49,172,1,14,1,98,20,5,2.29,2.5,1.4,0,1,0,168.49,123,120.9,1.04,2.42,2.42,4.8,4.72,4.68,100.89,8.09,7.68,8.28,7.86,87,51,68,206,10,14,2,102,27,9,2.5,3.3,2.29,6,2,2,208.13,138,139.43,1.38,2.18,2.18,7.29,7.42,7.35,85.15,77.66,1563,1361,0,0,0,0,0,0
8478178,2024,Darren Raddysh,TBL,D,all,73,75773,1487,39.5,0.57,0.52,0.55,0.5,0.55,0.5,308,125.51,5.55,7.38,36.87,4.18,77.02,51,5.46,5.57,5.48,12,19,108,74,100,282,37,6,8,0,27,0,74,67,102,176,7,14,0,38,10,55,172,8,2,3.65,0.9,1,5,1,0,286.16,182,182.76,35,1.61,1.91,0.1,7.07,7.1,6.98,1487,287,92,197,911,201,222,219,845,0,0,188894,14,12,6,68,736.91,77.76,73.14,78.35,73.7,684,323,365,1372,77,81,13,730,187,90,21.76,23.75,32.26,32,24,21,1390.16,1007,1013.88,11.54,20.87,21.38,67.92,68.34,66.22,595.51,59.01,55.29,58.77,55.05,544,278,293,1115,50,58,2,615,148,59,18.35,18.14,22.52,23,18,9,1099.74,822,815.4,7.97,12.14,12.14,54.83,54.62,51.89,168.83,155.75,3015,3041,0,0,0,0,0,0
8475718,2024,Justin Holl,DET,D,all,73,64789,1422,11.92,0.45,0.5,0.46,0.49,0.48,0.5,390,53.61,1.7,2.85,15.41,1.79,32.56,22.69,1.66,1.68,1.64,5,1,41,36,30,107,8,2,3,0,13,0,29,30,39,75,8,16,0,35,8,66,75,1,1,1.41,0.08,0.21,2,0,0,106.21,77,76.97,53,0.57,0.36,0.32,1.94,1.92,1.88,1422,151,159,175,937,226,223,171,802,0,0,201230,16,6,3,78,520.89,43.82,41.69,43.81,41.68,460,251,239,950,36,48,3,539,122,50,14.68,14.41,14.72,10,18,8,948.83,711,712.48,6.66,10.93,10.68,39.79,39.79,39.23,573.47,54.21,51.08,54.57,51.43,522,258,314,1094,56,64,10,583,131,66,15.61,16.66,21.94,26,14,16,1105.32,780,784.9,8.49,15.1,15.11,47.59,48.05,47.01,186.43,186.01,3229,3316,0,0,0,0,0,0
8481534,2024,Raphael Lavoie,VGK,C,all,9,5444,126,0.53,0.51,0.57,0.54,0.53,0.46,0.54,98,13.86,1.73,0.87,3.36,0.45,6.02,4.59,1.67,1.75,1.69,0,0,10,7,8,25,0,0,0,0,2,0,9,6,10,17,1,2,0,16,0,3,9,5,3,0.29,0.58,0.85,0,0,0,25.62,17,17.31,1,0.2,0,0.56,1.36,1.39,1.37,126,21,14,20,71,20,22,15,69,0,2,27028,2,2,1,0,41.38,3.55,3.48,3.55,3.48,30,26,35,91,2,3,0,40,13,3,1.11,1.59,0.85,1,1,0,91.86,56,56.07,0.61,0.59,0.59,3.57,3.57,3.53,46.85,3.44,3.27,3.47,3.3,45,20,13,78,5,6,0,51,11,3,1.41,1.33,0.71,2,3,0,77.11,65,64.44,0.58,0.8,0.8,3.23,3.26,3.19,27.05,19.99,478,424,0,0,0,0,0,0
8482763,2024,Fabian Lysell,BOS,R,all,12,9678,206,1.32,0.49,0.44,0.46,0.46,0.46,0.48,103,21.97,2.1,1.38,4.85,0.68,12.1,8.87,2.1,2.15,2.15,2,0,21,9,8,38,3,1,1,0,6,0,7,15,20,29,3,6,0,5,2,3,24,5,1,0.81,0.69,0.61,0,0,1,39.22,30,30.55,0,0.3,0.14,0,2.41,2.46,2.46,206,32,17,26,131,25,28,27,126,0,0,33612,6,4,2,2,64.2,5.4,5.35,5.5,5.45,57,31,33,121,6,2,0,65,22,1,2.06,2.72,0.61,2,3,1,123.85,88,89.72,0.92,0.25,0.25,6.07,6.19,6.14,73.96,5.7,5.6,5.69,5.59,72,31,37,140,9,5,0,82,17,4,2.77,1.91,1.02,8,1,0,139.89,103,103.16,0.93,0.71,0.71,5.92,5.91,5.83,27.03,33.74,468,544,0,0,0,0,0,0
8483481,2024,Cam Lund,SJS,C,all,11,7594,175,0.81,0.41,0.35,0.48,0.43,0.49,0.42,102,11.27,1.16,0.77,2.96,0.4,5.68,4.03,1.12,1.14,1.1,1,0,12,3,4,19,3,2,3,1,2,0,2,6,10,13,2,4,2,7,1,2,10,3,2,0.25,0.39,0.52,0,1,1,18.32,15,14.6,0,0.17,0.49,0.59,0.74,0.72,0.71,175,19,13,29,114,25,17,29,104,2,1,32949,4,2,1,2,72.19,4.98,4.87,4.92,4.82,64,35,27,126,5,8,2,79,15,5,1.95,1.68,1.35,2,1,2,121.97,99,96.29,0.95,1.12,1.12,4.81,4.74,4.69,72.89,7.12,6.61,7.32,6.8,69,32,33,134,14,8,3,74,21,6,2.19,2.47,2.47,5,5,4,141.44,101,105.24,0.94,2.46,2.46,5.6,5.8,5.68,21.2,39.23,483,651,0,0,0,0,0,0
8482176,2024,Wyatt Kaiser,CHI,D,all,57,61960,1232,10.5,0.42,0.44,0.45,0.44,0.44,0.44,236,63.37,2.07,3.27,17.87,2.1,37.27,28.42,2.06,2.06,2.04,2,2,66,25,36,127,8,4,3,0,15,0,29,40,62,87,7,14,0,54,23,60,90,1,0,1.98,0.1,0,4,0,0,124.65,91,89.48,45,0.66,0.75,0.06,2.68,2.66,2.63,1232,78,158,166,830,133,183,130,786,0,0,145090,14,18,9,93,442.8,37.62,36.48,37.61,36.49,425,182,226,833,36,41,7,459,107,41,12.73,13.5,11.39,19,13,4,826.26,607,603.13,5.9,7.8,8,35.53,35.58,35.16,559.01,51.79,49.2,52.23,49.58,493,272,274,1039,42,72,7,565,139,61,16.21,17.6,17.98,15,17,10,1043.95,765,769.22,8.34,14.02,14.02,46.11,46.4,45.35,107.34,138.33,1999,2537,0,0,0,0,0,0
8482679,2024,Matt Coronato,CGY,R,all,77,81218,1645,56.32,0.57,0.46,0.58,0.49,0.58,0.48,374,193.63,19.65,13.35,47.21,6.53,107.47,73.79,18.85,19.7,18.9,14,9,180,88,107,375,47,24,21,1,36,0,86,101,156,244,11,25,68,36,23,48,205,42,21,6.8,5.33,7.53,13,4,7,374.23,268,268.84,16,3.06,4.85,2.32,20.39,20.46,19.83,1645,287,251,245,862,218,209,253,965,68,91,200808,25,35,15,37,821.67,84.1,78.95,84.41,79.24,763,381,480,1624,81,65,10,885,155,104,25.51,19.22,39.39,35,11,35,1624.65,1144,1147.61,12.51,13.79,13.79,82.82,83.16,78.92,606.74,64.63,61.91,65.04,62.31,577,256,362,1195,47,54,8,621,143,69,19.18,18.82,26.63,19,14,14,1200.11,833,836.56,8.51,13.16,13.19,59.95,60.19,58.98,146.35,172.54,3277,3427,0,0,0,0,0,0
8476858,2024,Phillip Di Giuseppe,VAN,L,all,20,13878,348,6.6,0.45,0.46,0.49,0.48,0.46,0.48,201,21.88,1.88,1.32,4.51,0.63,10.31,9.34,1.83,1.84,1.8,2,3,23,5,10,38,6,1,1,0,4,0,12,10,22,27,2,4,1,54,1,4,22,3,3,0.61,0.44,0.82,1,0,0,38.1,28,28.31,0,0.28,0.02,0.29,1.86,1.85,1.84,348,31,30,41,246,41,44,43,220,1,4,58879,4,8,4,6,106.07,8.39,7.9,8.4,7.91,91,53,62,206,8,11,2,115,15,14,2.7,1.89,3.79,4,1,3,205.09,144,144.52,1.3,2.72,2.72,6.97,7.02,6.93,120.78,10.1,9.88,10.22,10.01,96,72,49,217,11,10,2,124,36,8,3.27,4.79,2.04,3,7,1,217.63,168,168.93,1.73,1.67,1.67,10.16,10.22,10.01,43.11,49.72,868,931,0,0,0,0,0,0
8476392,2024,Adam Lowry,WPG,C,all,73,67576,1595,39.1,0.47,0.55,0.45,0.52,0.46,0.53,438,116.71,17.19,8.42,25.39,4.25,59.19,48.56,16.46,17.35,16.59,8,10,99,64,33,196,34,16,16,3,16,0,53,62,83,147,8,28,615,140,20,44,93,41,29,3.27,5.1,8.82,5,5,6,200.15,163,164.96,14,1.83,3.75,4.92,14.1,14.11,13.82,1595,127,415,310,743,237,131,207,1020,615,573,197485,28,34,11,60,538.5,56.11,53.77,56.58,54.23,480,272,282,1034,50,57,7,552,123,77,13.58,15.51,27.02,21,11,18,1049.14,752,761.63,7.15,12.54,12.54,50.72,51.06,49.89,650.03,62.5,58.43,62.23,58.14,559,338,352,1249,50,79,4,683,145,69,18.68,18.52,25.3,20,9,21,1232.04,897,888.87,10.67,13.59,13.59,59.58,59.32,57.05,174.32,142.38,3265,3024,0,0,0,0,0,0
8478233,2024,Andrew Mangiapane,WSH,L,all,81,63308,1361,33.85,0.57,0.51,0.55,0.48,0.56,0.49,710,104.55,14.43,7.78,22.54,3.48,53,39.77,13.78,14.65,14,9,5,95,46,42,183,28,14,10,2,18,0,49,50,81,127,12,24,5,74,11,49,82,39,20,3.43,4.9,6.1,5,6,3,184.61,141,142.4,11,1.74,2.66,4.34,11.82,11.96,11.84,1361,143,116,216,886,254,197,159,751,5,7,231626,24,36,18,30,543.95,52.54,50.25,53,50.71,464,287,308,1059,44,57,4,551,131,69,15.47,16.35,20.73,16,13,15,1069.06,751,758.14,7.81,12.83,12.83,47.52,47.97,47.23,443.52,39.98,38.65,39.99,38.67,390,211,263,864,33,40,6,436,128,37,12.06,16.56,11.37,9,14,10,859.25,601,599.18,5.71,8.18,8.18,37.52,37.56,37.11,219.24,207.92,3764,3999,0,0,0,0,0,0
8475177,2024,Calvin de Haan,NYR,D,all,47,42226,932,12.73,0.5,0.53,0.49,0.54,0.5,0.53,235,60.59,1.77,3.09,19.04,2.28,35.36,25.47,1.71,1.74,1.69,4,4,51,36,59,146,8,0,8,0,15,0,18,46,51,87,6,12,0,71,7,35,86,0,1,1.4,0,0.37,0,0,0,144.52,87,85.83,21,0.61,1.42,0.64,1.74,1.71,1.69,932,34,95,119,684,168,136,98,530,0,0,127910,12,8,4,63,342.46,27.39,26.53,27.41,26.55,311,167,192,670,28,38,3,387,63,28,10.28,7.79,9.32,13,8,7,670.56,478,478.85,4.22,6.38,6.38,25.23,25.28,24.95,340.19,27.15,26.24,26.89,26,310,161,238,709,37,31,5,361,91,19,9.94,11.06,6.15,21,10,6,703.89,471,468.39,4.83,5.26,5.26,26.71,26.51,26.07,121.07,106.18,2277,1932,0,0,0,0,0,0
8485105,2024,Nikita Prishchepov,COL,C,all,10,3820,89,0.8,0.51,0.51,0.52,0.52,0.53,0.52,111,5.2,0.22,0.26,1.36,0.15,2.82,2.19,0.22,0.23,0.23,0,0,4,3,3,10,0,0,0,0,3,0,3,1,4,7,0,0,0,10,0,2,6,1,0,0.08,0.14,0,0,0,0,9.99,7,6.99,0,0.05,0,0,0.27,0.28,0.28,89,6,7,11,65,17,11,7,54,0,0,32347,0,2,1,2,30.05,2.14,1.99,2.15,2,28,15,18,61,2,5,1,34,7,2,0.8,0.84,0.5,1,1,0,61.11,43,43.02,0.37,0.75,0.75,1.76,1.77,1.76,27.36,2.09,1.99,2.17,2.07,21,17,18,56,2,2,0,29,7,2,0.83,0.82,0.44,2,0,0,57.95,38,39.3,0.36,0.41,0.41,2.05,2.13,2.08,30.6,29.85,557,522,0,0,0,0,0,0
8479718,2024,Alex Barr-Boulet,MTL,C,all,2,1219,29,-1.05,0.62,0.34,0.49,0.37,0.44,0.38,23,0,0,0,0,0,0,0,0,0,0,0,0,0,0,1,1,0,0,0,0,0,0,0,0,0,0,1,2,0,3,1,0,0,0,0,0,0,0,0,0,0,0.9,0,0,0,0,0,0,0,0,0,29,5,2,2,20,7,4,4,14,0,0,5981,2,0,0,0,10.7,2.14,2.05,2.15,2.06,9,6,9,24,1,0,0,7,6,2,0.25,0.76,1.14,0,0,1,24.12,15,15.31,0.2,0,0,2.34,2.35,2.24,14.21,1.3,1.28,1.31,1.29,15,4,6,25,2,1,1,12,6,1,0.35,0.68,0.26,0,2,0,24.98,19,18.8,0.19,0.17,0.17,1.32,1.32,1.3,3.83,7.33,82,141,0,0,0,0,0,0
8476882,2024,Teuvo Teravainen,CHI,C,all,82,83963,1606,39.79,0.5,0.39,0.5,0.42,0.5,0.41,368,118.62,11.23,7.66,29.12,3.95,63.88,47.16,10.51,11.28,10.56,25,18,111,52,61,224,58,15,12,1,21,0,50,65,96,148,6,12,60,27,23,76,126,24,13,3.91,2.95,4.37,4,5,6,223.24,163,162.6,23,1.75,2.75,2.41,10.56,10.56,9.95,1606,246,193,254,913,168,182,259,997,60,93,213907,12,12,6,29,661.8,75.07,69.38,75.17,69.48,627,279,333,1239,89,73,7,642,162,102,18.37,20.43,36.27,28,30,31,1231.43,906,902.42,11.26,14.85,14.85,71.47,71.61,67.55,656.18,75,71.86,75.25,72.1,614,283,349,1246,77,70,7,629,182,86,18.5,23.16,33.33,23,33,21,1252.93,897,902.08,10.14,13.17,13.15,71.92,72.12,70.45,130.98,203.64,2804,3902,0,0,0,0,0,0
8475225,2024,Craig Smith,DET,C,all,59,40139,876,11.83,0.45,0.47,0.46,0.46,0.47,0.47,620,96.68,7.79,6,24.32,3.18,50.8,37.9,7.49,7.9,7.6,7,2,90,40,39,169,18,9,15,2,17,0,39,50,81,121,12,24,8,56,16,38,100,22,8,2.68,2.68,2.44,4,2,3,169.76,130,130.36,12,1.27,3.07,1.86,7.21,7.3,7.16,876,101,73,144,558,130,134,122,490,8,15,173644,24,12,6,31,340.21,30.05,29,30.29,29.23,328,131,157,616,33,39,6,344,84,31,9.19,10.63,10.22,10,12,11,617,459,459.95,4.79,7.47,7.47,27.36,27.55,27.03,375.48,36.52,34.6,36.79,34.86,349,164,210,723,37,41,2,363,106,44,10.48,13.62,12.41,17,11,9,727.4,513,516.45,5.15,8.64,8.64,33.05,33.23,32.28,131.03,150.69,2493,2920,0,0,0,0,0,0
8484150,2024,Hunter Brzustewicz,CGY,D,all,1,1103,20,0.65,0.82,0.25,0.59,0.35,0.59,0.35,5,1.32,0.03,0.07,0.44,0.05,0.86,0.55,0.03,0.03,0.03,0,0,2,0,0,2,0,0,0,0,0,0,0,2,2,2,1,2,0,1,1,1,2,0,0,0.03,0,0,0,0,0,2.37,2,2.31,1,0.01,0,0,0.04,0.05,0.05,20,1,1,1,17,1,4,2,13,0,0,2497,2,0,0,0,13.86,1.65,1.6,1.77,1.72,15,4,4,23,2,2,1,14,4,1,0.49,0.56,0.59,0,2,0,24.7,19,20.35,0.18,0.77,0.77,1.07,1.15,1.13,9.27,0.36,0.35,0.33,0.32,8,5,3,16,0,0,0,13,0,0,0.36,0,0,0,0,0,14.41,13,11.83,0.09,0,0,0.45,0.41,0.4,0.98,2.87,24,44,0,0,0,0,0,0
8476468,2024,J.T. Miller,NYR,C,all,72,78625,1785,63.66,0.51,0.45,0.55,0.47,0.55,0.47,262,154.13,21.36,10.66,34.99,5.71,83,58.29,19.96,21.47,20.07,31,17,137,77,58,272,70,22,16,3,21,1,71,83,115,192,23,55,628,168,28,71,143,44,27,5.14,5.47,10.75,10,2,10,272.33,214,214.02,18,2.46,3.48,6.04,17.77,17.74,16.93,1785,287,273,299,926,171,191,280,1143,628,450,182663,55,57,23,50,760.26,82.75,77.15,82.98,77.38,672,381,389,1442,93,82,11,769,193,91,22.06,24.97,35.73,40,25,28,1441.37,1053,1052.8,12.56,20.38,20.69,74.63,74.72,71.36,636.48,78.82,74.66,79.28,75.12,584,289,289,1162,87,78,12,595,177,101,17.52,22.55,38.74,23,30,34,1166.44,873,877.63,9.65,16.17,16.17,72.29,72.68,70.23,115.27,143.69,2680,2986,0,0,0,0,0,0
8482635,2024,Mike Hardman,NJD,L,all,2,1085,31,1.09,0.77,0.48,0.59,0.45,0.63,0.46,23,1.89,0.2,0.12,0.46,0.07,1.29,0.87,0.2,0.18,0.18,0,1,2,1,1,4,1,0,0,0,1,0,2,0,2,3,0,0,0,4,0,0,1,2,0,0.01,0.19,0,0,0,0,3.98,3,2.77,0,0.03,0,0,0.22,0.21,0.21,31,4,0,6,21,3,4,5,19,0,1,6115,0,0,0,3,8.37,1.28,1.19,1.32,1.22,6,6,5,17,1,3,1,6,3,3,0.07,0.27,0.94,0,0,1,17.23,12,11.96,0.15,0.73,0.73,0.7,0.71,0.7,4.78,0.38,0.38,0.41,0.41,3,4,5,12,1,0,0,5,2,0,0.19,0.2,0,0,1,0,11.72,7,7.07,0.07,0,0,0.45,0.47,0.47,6.1,6.51,103,125,0,0,0,0,0,0
8478408,2024,Travis Dermott,MIN,D,all,19,13991,302,-0.3,0.4,0.52,0.47,0.51,0.47,0.51,107,9.71,0.25,0.54,3.12,0.3,5.86,3.92,0.25,0.24,0.24,0,0,8,6,10,24,0,0,0,0,3,0,4,7,8,14,1,2,0,6,3,9,14,0,0,0.25,0,0,0,0,0,23.56,14,13.55,6,0.11,0,0,0.36,0.35,0.34,302,22,29,40,211,31,47,27,197,0,0,55195,2,2,1,16,100.44,6.98,6.78,7.08,6.87,96,44,64,204,5,6,0,113,24,3,3.09,3.01,0.88,5,0,0,205.37,140,141.36,1.3,0.85,0.85,7.43,7.48,7.42,113.9,10.31,9.96,10.26,9.91,117,43,68,228,8,16,5,124,22,14,3.33,2.87,4.11,3,2,3,223.43,160,157.35,1.48,3.9,3.9,7.89,7.84,7.73,48.3,43.86,904,877,0,0,0,0,0,0
8478017,2024,Mark Friedman,VAN,D,all,5,4219,119,-0.35,0.4,0.43,0.46,0.47,0.45,0.46,28,4.33,0.11,0.18,1.06,0.15,2.26,2.25,0.1,0.1,0.1,0,0,4,2,2,8,0,0,0,0,2,0,1,3,4,6,0,0,0,6,2,1,6,0,0,0.11,0,0,0,0,0,7.54,6,5.83,1,0.04,0,0,0.14,0.14,0.13,119,14,10,19,76,16,18,13,72,0,0,13881,0,0,0,6,27.44,2.28,2.15,2.17,2.06,30,9,18,57,2,2,1,32,4,3,0.91,0.48,0.89,1,0,1,53.89,39,37.59,0.31,0.68,0.68,1.91,1.84,1.78,34.13,3.4,3.29,3.53,3.41,36,11,20,67,6,5,0,34,9,4,1.18,1.21,1.02,3,2,1,70.11,47,48.49,0.52,0.73,0.73,3.19,3.31,3.26,8.7,11.34,195,217,0,0,0,0,0,0
8480009,2024,Eeli Tolvanen,SEA,R,all,81,69595,1442,32.37,0.46,0.47,0.48,0.48,0.49,0.48,634,158.19,16.07,10,38.49,5.66,81.78,62.01,14.99,16.02,14.95,5,7,137,77,69,283,35,23,14,4,21,2,70,84,114,191,10,23,5,237,13,45,147,51,16,4.71,6.18,5.18,9,8,6,282.11,214,212.93,15,2.15,2.46,3.87,14.34,14.31,13.74,1442,204,152,220,866,206,186,194,856,5,6,224330,23,25,11,65,580.97,48,45.96,47.82,45.81,520,281,303,1104,55,43,7,615,144,42,16.59,17.62,13.79,23,18,14,1092.77,801,795.14,7.96,7.55,7.55,48.41,48.27,46.87,594.17,56.18,54.58,57.02,55.38,519,309,371,1199,50,50,4,632,129,67,17.97,16.14,22.08,16,20,14,1218.33,828,839.95,8.2,10.82,10.82,53.55,54.11,53.35,187.22,206.92,3642,3873,0,0,0,0,0,0
8478507,2024,John Marino,UTA,D,all,35,44451,964,18.95,0.46,0.57,0.5,0.54,0.5,0.54,91,29.71,1.79,1.6,8.82,1.14,16.87,11.77,1.63,1.8,1.64,7,6,30,12,34,76,14,1,4,0,9,1,14,13,29,41,1,2,0,9,10,32,39,1,2,0.98,0.17,0.64,1,0,0,75.64,42,42.09,22,0.33,1,0.69,1.43,1.44,1.37,964,89,148,139,588,119,114,140,591,0,0,83458,2,4,2,46,377.98,37.53,35.8,37.62,35.88,332,187,217,736,35,42,5,362,118,39,10.86,14.32,12.35,11,16,8,736.68,519,521.81,5.14,8.39,8.39,34.28,34.33,33.47,386.92,43.7,42.22,43.99,42.51,338,187,212,737,41,41,8,372,108,45,10.99,13.98,18.74,8,17,16,741.3,525,526.32,5.72,11.07,11.07,38.35,38.58,37.86,82.78,62.78,1494,1277,0,0,0,0,0,0
8480144,2024,David Kampf,TOR,C,all,59,43871,1037,8.91,0.4,0.51,0.39,0.5,0.39,0.5,497,51.54,5.81,3.1,11.97,1.67,24.41,21.05,5.75,5.82,5.76,7,1,45,23,13,81,13,5,5,0,8,0,20,30,40,63,7,14,278,50,17,30,42,17,9,0.95,2.27,2.58,0,3,2,81.69,68,68.32,14,0.66,0.95,0.85,5.61,5.57,5.56,1037,32,210,156,639,135,132,155,615,278,265,170525,14,14,7,26,267.26,26.28,24.64,26.44,24.8,249,120,140,509,22,27,0,282,55,32,6.7,7.18,12.4,10,5,7,511.85,369,370.08,3.26,5.24,5.44,24.1,24.12,23.33,410.51,39.02,36.98,39.14,37.09,371,199,235,805,37,35,4,434,97,39,12.73,12.11,14.18,17,9,11,799.78,570,569.36,6.51,8.12,8.12,37.41,37.46,36.12,159.75,151.59,2884,2896,0,0,0,0,0,0
8480289,2024,Morgan Barron,WPG,C,all,74,46066,1112,22.04,0.5,0.53,0.46,0.5,0.47,0.51,782,105.7,12.25,7.06,24.42,3.66,53.52,43.1,11.84,12.37,11.95,5,2,93,51,26,170,15,8,11,1,11,0,57,57,85,136,8,16,85,122,23,31,91,42,11,2.86,5.11,4.28,0,4,4,173.45,144,145.88,9,1.49,2.23,2.48,11.26,11.36,11.15,1112,66,190,198,658,181,167,152,612,85,78,222219,16,24,12,38,332.83,31.12,30.02,31.5,30.37,296,166,171,633,24,36,5,332,96,34,9.21,11.52,10.39,5,10,9,644.76,462,468.75,4.41,6.55,6.55,28.98,29.33,28.82,379.92,30.98,29.96,30.87,29.86,333,194,217,744,24,37,4,411,85,31,10.19,10.27,10.52,8,7,9,732.55,527,521.2,5.91,5.91,5.91,30.97,30.83,30.32,199.69,177.51,3684,3623,0,0,0,0,0,0
8482408,2024,Jeff Malott,LAK,L,all,12,7398,173,2.77,0.54,0.58,0.54,0.55,0.52,0.53,124,14.61,0.96,0.78,3.44,0.45,8,6.36,0.96,0.97,0.96,0,1,13,7,8,28,1,0,0,0,3,0,5,12,13,20,2,7,1,19,2,4,15,5,0,0.44,0.52,0,0,0,0,29.8,20,20.63,2,0.16,0,0,1.12,1.13,1.13,173,17,18,33,105,19,20,17,117,1,1,35802,7,11,4,7,66.27,5.46,5.3,5.59,5.42,55,36,41,132,4,4,2,74,12,5,1.86,1.56,2.04,1,0,3,139.45,91,94.03,0.83,0.79,0.79,5.5,5.6,5.55,62.1,4.62,4.38,4.65,4.41,59,25,28,112,3,7,1,65,17,2,1.6,2.28,0.74,1,2,0,110.34,84,83.75,0.74,1.3,1.3,4.05,4.08,4,34.08,24.69,630,521,0,0,0,0,0,0
8475314,2024,Anders Lee,NYI,L,all,82,83937,1684,63.92,0.56,0.45,0.57,0.47,0.57,0.48,405,250.76,34.76,21.97,57.78,9.55,129.15,84.78,32.72,35,32.95,16,9,234,104,55,393,54,29,43,6,48,1,121,96,205,309,16,35,12,121,12,67,196,93,49,6.78,11.92,16.06,7,11,11,395.61,338,341.31,16,5.3,7.6,10.26,29.81,30.07,29.25,1684,286,158,265,975,242,197,248,997,12,15,214745,35,25,10,39,898.68,91.49,86.64,91.87,86.99,827,409,483,1719,83,105,11,896,239,101,25.45,30.1,35.94,27,32,24,1719.64,1236,1239.48,15.26,20.97,20.97,85.78,86.07,83.16,682.68,70.85,66.06,71.21,66.4,620,321,377,1318,66,69,3,697,164,80,20.17,20.95,29.73,26,20,20,1328.24,941,947.9,9.35,15.3,15.37,64.83,65.1,62.51,151.57,188.47,3314,3729,0,0,0,0,0,0
8482089,2024,Jake Neighbours,STL,L,all,82,78202,1674,38.87,0.53,0.47,0.52,0.47,0.52,0.48,466,127.8,19.21,9.9,27.99,4.08,59.77,43.04,18.53,19.46,18.77,15,9,122,42,32,196,46,22,11,2,27,0,42,62,100,142,22,56,5,173,14,51,90,42,32,2.9,5.42,10.89,7,6,9,197.46,164,164.8,15,2.31,1.92,4.74,16.78,16.97,16.81,1674,308,170,247,949,196,212,242,1024,5,13,220681,56,60,24,56,665.57,69.75,66.59,70.3,67.11,617,295,384,1296,75,59,10,664,167,81,18.44,20.71,30.6,29,19,27,1301.33,912,915.71,10.5,14.44,14.44,65.8,66.27,64.74,614.11,60.83,57.93,61.1,58.2,577,271,331,1179,56,53,3,629,151,68,18.47,18.97,23.39,19,23,14,1178.51,848,853.06,8.37,11.41,11.41,57.78,58,57.11,152.51,170.43,3205,3564,0,0,0,0,0,0
8476979,2024,Erik Gustafsson,DET,D,all,60,58732,1209,19.22,0.57,0.47,0.56,0.47,0.55,0.47,279,86.11,3.41,5.02,24.03,2.74,49.57,35.22,3.29,3.42,3.29,12,4,67,53,68,188,18,2,8,0,11,0,47,52,65,118,11,20,0,28,10,75,112,7,1,2.4,0.73,0.29,2,0,0,186.72,120,120.05,55,1.09,3.02,0.46,4.04,4.04,3.9,1209,185,89,157,778,199,169,163,678,0,0,159807,20,10,5,44,541.26,51.59,49.1,51.5,48.99,474,260,286,1020,43,53,7,537,136,61,15.41,16.94,19.24,13,17,13,1016.43,734,733.47,8.09,13.08,13.14,46.54,46.45,45.43,433.22,38.26,36.85,38.75,37.34,405,187,205,797,46,37,4,438,109,45,11.73,13.58,12.95,25,13,8,808.15,592,599.29,5.67,8.05,8.05,35.88,36.47,35.92,140.02,158.07,2469,2807,0,0,0,0,0,0
8484406,2024,Ty Mueller,VAN,C,all,2,1235,27,-0.78,0.38,0.58,0.3,0.57,0.29,0.57,24,0.54,0.23,0.04,0.11,0.02,0.34,0.26,0.23,0.21,0.21,0,0,1,0,1,2,0,0,0,0,0,0,1,0,1,1,1,2,5,1,0,1,0,0,1,0,0,0.23,0,0,0,1.89,1,0.97,1,0.01,0,0,0.23,0.22,0.22,27,2,4,3,18,3,6,2,16,5,10,6414,2,0,0,4,5.2,0.48,0.48,0.46,0.46,5,3,5,13,0,0,0,6,1,1,0.17,0.09,0.23,0,0,0,12.66,8,7.78,0.07,0,0,0.55,0.53,0.53,14.26,0.79,0.79,0.8,0.8,14,6,10,30,0,1,0,18,2,0,0.53,0.26,0,0,0,0,29.98,20,19.82,0.18,0.14,0.14,0.83,0.84,0.84,7.4,5.4,105,79,0,0,0,0,0,0
8479543,2024,Michael Pezzetta,MTL,L,all,25,8901,216,0.86,0.61,0.44,0.52,0.46,0.54,0.46,300,19.43,1.82,1.03,4.95,0.71,9.78,7.72,1.65,1.73,1.58,0,0,14,12,5,31,0,0,1,0,2,0,8,15,14,26,9,24,2,73,2,9,20,3,3,0.53,0.34,0.96,0,0,0,30.33,26,25.44,0,0.22,0.2,1.05,0.99,0.98,0.97,216,19,23,39,135,39,33,23,121,2,6,81837,24,12,3,7,70.29,6.05,5.72,5.95,5.64,58,39,41,138,4,8,1,73,15,9,2,1.66,2.38,2,1,1,137.42,97,96.21,0.88,1.98,1.98,4.95,4.91,4.81,58.47,3.85,3.78,3.83,3.76,54,27,44,125,6,3,0,67,12,2,1.84,1.46,0.56,3,3,0,124.2,81,81.29,0.71,0.53,0.53,4.03,4.05,4.01,67.83,85.21,1271,1522,0,0,0,0,0,0
8477462,2024,Robert Hagg,VGK,D,all,2,1337,32,-0.35,0.64,0.54,0.38,0.43,0.43,0.43,12,0,0,0,0,0,0,0,0,0,0,0,0,0,0,2,2,0,0,0,0,0,0,0,0,0,0,0,0,0,11,0,0,0,0,0,0,0,0,0,0,0,1.91,0,0,0,0,0,0,0,0,0,32,3,1,5,23,5,7,3,17,0,0,6163,0,0,0,2,6.84,0.72,0.71,0.76,0.74,8,2,5,15,0,1,0,7,2,1,0.18,0.27,0.27,0,0,0,15.23,10,10.23,0.1,0.19,0.19,0.63,0.66,0.66,8.79,0.4,0.4,0.39,0.39,8,5,11,24,0,0,0,13,0,0,0.4,0,0,0,0,0,23.71,13,12.68,0.11,0,0,0.51,0.5,0.5,8.32,7.1,92,123,0,0,0,0,0,0
8479999,2024,Casey Mittelstadt,BOS,C,all,81,82930,1603,29,0.51,0.5,0.54,0.51,0.53,0.51,413,111.43,14.29,8.22,24.88,3.7,58.59,38.33,12.39,14.22,12.31,16,9,105,43,37,185,40,15,8,5,22,0,40,63,90,133,12,24,443,30,19,80,102,27,19,3.03,3.64,7.62,4,6,5,184.72,148,147.53,23,1.94,1.99,5.86,10.37,10.31,9.23,1603,300,123,201,979,211,249,265,878,443,560,210403,24,8,4,33,720.74,74.18,67.45,74.39,67.6,664,328,399,1391,81,75,9,733,177,82,21.56,22.15,30.46,26,31,24,1393.78,992,993.65,11.79,19.19,19.19,66.79,66.98,64.01,636.82,70.56,68.21,70.89,68.51,597,281,320,1198,81,72,9,626,169,83,17.85,21.66,31.06,27,30,24,1206.53,878,884.76,8.46,13.75,13.75,65.28,65.57,64.34,168.28,170.82,3481,3347,0,0,0,0,0,0
8482802,2024,Carter Mazur,DET,L,all,1,70,2,0.05,1,0.66,1,0.6,1,0.64,12,0,0,0,0,0,0,0,0,0,0,0,0,0,0,0,0,0,0,0,0,0,0,0,0,0,0,0,0,0,0,0,0,0,0,0,0,0,0,0,0,0,0,0,0,0,0,0,0,0,0,0,2,0,0,1,1,1,0,0,1,0,0,3530,0,0,0,0,0.81,0.02,0.02,0.02,0.02,0,1,0,1,0,0,0,1,0,0,0.02,0,0,0,0,0,0.92,1,0.92,0.01,0,0,0.03,0.03,0.03,0,0,0,0,0,0,0,0,0,0,0,0,0,0,0,0,0,0,0,0,0,0,0,0,0,0,0,0,0,0,4.87,2.49,71,48,0,0,0,0,0,0
8480874,2024,Adam Ginning,PHI,D,all,1,768,18,-0.1,0.21,0.58,0.5,0.61,0.31,0.55,6,0,0,0,0,0,0,0,0,0,0,0,0,0,0,3,3,0,0,0,0,0,0,0,0,0,0,0,0,0,1,0,1,0,0,0,0,0,0,0,0,0,2.85,0,0,0,0,0,0,0,0,0,18,2,1,5,10,3,5,2,8,0,0,2832,0,0,0,1,3.38,0.1,0.1,0.09,0.09,3,1,8,12,0,0,0,4,0,0,0.1,0,0,0,0,0,11.2,4,3.62,0.03,0,0,0.13,0.12,0.12,5.85,0.36,0.36,0.39,0.39,8,1,3,12,1,0,0,7,2,0,0.11,0.25,0,0,1,0,12.87,9,9.39,0.07,0,0,0.44,0.47,0.47,2.11,1.52,55,35,0,0,0,0,0,0
8481576,2024,Ryan Suzuki,CAR,C,all,2,791,18,0.41,0.7,0.6,0.62,0.57,0.53,0.56,23,0.74,0.01,0.03,0.2,0.03,0.4,0.32,0.01,0.01,0.01,0,0,0,1,0,1,0,0,0,0,0,0,1,0,0,1,0,0,4,2,0,0,1,0,0,0.01,0,0,0,0,0,0.88,1,0.89,0,0.01,0,0,0.02,0.02,0.02,18,3,1,1,13,4,1,3,10,4,3,6409,0,0,0,0,5.96,0.66,0.64,0.65,0.63,5,3,5,13,1,1,1,6,1,1,0.17,0.13,0.36,0,0,1,12.68,8,7.72,0.07,0.36,0.36,0.37,0.35,0.35,4.95,0.29,0.29,0.3,0.3,4,3,1,8,0,0,0,6,1,0,0.19,0.1,0,0,0,0,8.13,7,7.11,0.06,0,0,0.35,0.36,0.36,5.99,3.96,117,87,0,0,0,0,0,0
8476867,2024,Brendan Gaunce,MIN,C,all,12,6980,143,-2.25,0.36,0.49,0.36,0.48,0.36,0.48,124,15.5,1.03,0.95,3.79,0.51,8.37,6.36,1,1.02,0.99,1,0,11,10,4,25,1,0,1,0,2,0,7,11,11,21,2,4,39,18,2,7,18,2,1,0.47,0.25,0.32,0,0,0,24.83,21,20.91,2,0.2,0.39,0.45,0.78,0.77,0.76,143,11,17,26,89,13,24,14,92,39,42,36255,4,0,0,7,45.76,3.62,3.52,3.59,3.49,39,23,22,84,1,8,1,46,12,4,1.03,1.42,1.18,0,0,1,83.08,62,61.31,0.59,1.49,1.49,2.73,2.71,2.65,79.08,6.46,6.22,6.52,6.29,69,40,43,152,6,7,0,85,18,6,2.42,2.36,1.68,3,3,0,155.44,109,110.71,1.11,1.56,1.56,6.01,6.13,6,27.53,28.81,530,578,0,0,0,0,0,0
8481789,2024,Tye Kartye,SEA,L,all,63,36594,839,10.26,0.48,0.48,0.46,0.48,0.47,0.49,714,59.27,5.52,3.77,14.71,2.04,31.63,23.32,5.23,5.52,5.22,3,4,56,25,32,113,13,6,6,0,8,0,26,35,50,75,20,43,3,175,4,24,58,19,4,1.87,2.3,1.36,5,1,0,112.46,81,80.62,6,0.8,1.59,1.3,5.02,4.95,4.89,839,84,92,118,545,135,143,119,442,3,12,192531,43,49,22,29,286.11,23.83,22.54,23.8,22.51,255,138,157,550,22,31,2,309,58,26,8.22,7.31,8.3,11,7,4,545.77,393,391.44,3.74,7.21,7.21,20.37,20.25,19.84,314.86,25.89,24.95,26.44,25.47,269,169,196,634,38,34,5,342,65,31,8.11,8.19,9.59,16,16,6,645.89,438,447.03,4.3,6.83,6.92,23.28,23.75,23.3,161.77,173.16,3144,3375,0,0,0,0,0,0
8475799,2024,Nino Niederreiter,WPG,R,all,82,73072,1559,41.29,0.58,0.51,0.53,0.49,0.54,0.5,556,166.11,22.39,12.04,38.03,5.46,82.33,60.73,20.67,22.7,20.99,13,7,150,71,50,271,37,17,22,2,34,0,63,85,133,204,12,24,20,152,17,60,131,52,38,3.35,6.54,12.51,3,5,9,278.21,221,225.79,21,2.62,5.45,6.64,18.38,18.72,17.84,1559,161,235,320,843,292,197,217,853,20,26,224523,24,28,14,39,657.43,66.61,62.87,67.15,63.45,603,309,321,1233,68,77,9,666,154,92,16.5,18.78,31.33,24,20,24,1256.24,912,925.89,9.44,17.94,17.94,58.1,58.69,57.09,569.61,47.8,45.55,47.59,45.3,504,287,308,1099,32,69,5,625,118,48,18.06,15.5,14.24,18,7,7,1080.03,791,781.87,7.77,13.12,12.89,42.68,42.37,41.4,191.14,183.09,3557,3741,0,0,0,0,0,0
8478472,2024,Mathieu Joseph,STL,R,all,60,42867,1017,14.89,0.48,0.49,0.47,0.49,0.47,0.49,595,79.15,7.79,5.25,18.55,2.39,40.16,30.86,7.71,7.82,7.74,6,4,69,36,33,138,14,4,4,0,14,0,30,53,65,101,9,18,33,121,16,25,75,23,7,2.42,3.09,2.28,2,2,0,137.42,105,104.87,9,1.1,0.93,0.97,7.92,7.91,7.87,1017,72,103,173,669,164,145,131,577,33,31,175796,18,20,10,36,291.79,24.81,23.89,25.01,24.08,273,131,190,594,22,24,4,315,66,23,9.24,8.04,7.52,11,8,3,600.49,404,406.55,3.91,5.75,5.75,22.97,23.08,22.79,325.34,26.51,25.68,26.54,25.71,281,174,226,681,29,26,3,354,73,28,9.45,8.42,8.63,16,7,6,677.44,455,454.66,4.58,4.81,4.82,26.26,26.27,25.88,139.19,142.65,2675,2782,0,0,0,0,0,0
8477949,2024,Alex Tuch,BUF,R,all,82,94731,2060,67.04,0.51,0.46,0.51,0.49,0.51,0.48,212,234.52,31.87,16.21,52.54,7.94,115.48,89.95,28.21,31.88,28.21,15,16,197,117,78,392,67,36,29,4,27,1,88,133,161,278,19,47,77,73,49,76,198,74,42,6.24,8.93,16.69,16,10,10,390.73,314,313.41,17,3.81,8.09,10.61,25.07,25.03,24.22,2060,350,329,368,1013,267,291,343,1159,77,111,203596,47,35,13,113,878.09,101.21,91.53,101.31,91.58,795,403,447,1645,103,100,13,878,191,129,26.35,23.29,51.59,41,25,37,1640.95,1198,1196.05,14.2,25.91,25.91,89.5,89.44,85.34,818.74,97.91,92.35,97.97,92.41,746,388,446,1580,91,93,17,806,193,135,22.87,24,51.05,27,18,46,1582.73,1134,1137.16,12.73,20.58,21.29,89.36,89.5,86.73,154.02,179.56,3215,3329,0,0,0,0,0,0
8478462,2024,Nicolas Roy,VGK,C,all,71,64828,1375,30.37,0.53,0.54,0.5,0.51,0.51,0.51,460,112.09,15.49,8.63,23.4,3.72,58.79,40.99,14.41,15.55,14.49,8,8,107,44,34,185,31,15,14,1,27,0,39,56,92,136,14,33,371,72,20,58,88,45,18,3.18,5.61,6.7,3,10,2,188.04,151,152.8,17,1.96,3.23,2.97,14.48,14.61,13.93,1375,172,229,247,727,236,174,196,769,371,407,193638,33,19,8,47,536.58,57.48,53.32,57.77,53.64,520,216,275,1011,46,61,10,540,122,74,15.12,14.96,27.39,11,16,19,1020.36,736,741.98,7.84,13.78,13.78,51.54,51.92,49.36,515.71,50.65,48.76,50.59,48.69,440,262,295,997,49,68,11,513,123,66,15.11,15.55,19.99,16,16,17,992.99,702,700.96,7.47,12.13,12.13,45.99,45.91,44.89,175.85,149.37,3249,3157,0,0,0,0,0,0
8476981,2024,Josh Anderson,MTL,R,all,81,69593,1531,17.67,0.43,0.46,0.41,0.48,0.4,0.49,634,125.62,17.17,8.74,27.5,4.33,62.31,47.96,16.43,16.84,16.12,8,4,109,59,42,210,27,15,13,3,11,1,50,78,94,153,37,80,29,176,17,36,92,54,22,3.64,6.92,6.61,1,6,8,206.82,168,165.38,10,1.87,3.2,2.93,16.11,15.84,15.38,1531,132,219,304,876,202,261,197,871,29,20,225720,80,62,29,39,477.86,54.13,52.08,53.56,51.51,416,244,302,962,45,46,5,437,159,64,13.18,20.21,20.75,12,16,17,949.73,660,652.29,6.53,9.97,10.02,50.63,49.89,48.94,718.52,71.73,66.24,72.21,66.7,623,360,421,1404,60,80,5,739,160,84,21.63,20.08,30.03,25,21,14,1414.66,983,990.56,10.71,17.21,17.21,65.22,65.65,63.42,183,210.75,3550,3781,0,0,0,0,0,0
8479315,2024,Joey Anderson,CHI,R,all,18,13385,298,0.29,0.36,0.48,0.39,0.45,0.35,0.46,153,14.37,1.69,0.85,3.67,0.52,7.21,6.07,1.65,1.66,1.61,1,0,17,3,11,31,1,0,2,0,3,0,3,12,17,20,0,0,3,12,8,4,15,2,3,0.45,0.36,0.89,0,0,0,31.09,20,19.91,2,0.18,0.18,0.68,1.19,1.19,1.19,298,19,34,44,201,42,30,25,201,3,2,51629,0,2,1,13,70.75,6,5.86,5.97,5.84,70,27,62,159,3,9,0,73,18,6,1.96,2.1,1.95,1,2,0,160.23,97,97.74,0.84,1.66,1.66,5.18,5.22,5.19,127.66,10.47,9.83,10.32,9.7,131,47,72,250,5,17,1,140,25,13,3.77,3.11,3.59,2,2,1,244.91,178,174.59,2,2.58,2.58,9.89,9.76,9.57,41.8,44.43,743,901,0,0,0,0,0,0
8473453,2024,Trevor Lewis,LAK,C,all,60,36798,832,7.54,0.46,0.55,0.44,0.55,0.46,0.55,609,69.4,5.7,4.05,16.91,2.31,35.76,29.28,5.64,5.77,5.7,2,4,53,41,20,114,12,6,4,2,13,0,30,41,47,88,10,20,92,100,4,22,74,16,4,1.65,2.25,1.81,1,2,3,115.74,94,95.22,10,0.83,0.92,0.77,5.76,5.8,5.78,832,67,51,121,593,87,138,95,512,92,106,181210,20,4,2,35,254.06,21.65,21.14,21.75,21.24,199,152,125,476,16,27,5,279,49,23,6.57,6.27,8.8,3,5,8,485.16,351,356.24,3.11,5.11,5.11,19.64,19.8,19.64,297.04,25.37,24.5,25.35,24.48,270,141,204,615,23,27,2,302,87,22,8.12,10.86,6.38,11,8,4,609.37,411,408.62,4.26,5.05,5.24,24.39,24.32,23.95,162.98,134.2,3293,2671,0,0,0,0,0,0
8482259,2024,Bobby McMann,TOR,C,all,74,64365,1357,36.04,0.52,0.49,0.51,0.46,0.53,0.46,516,174.98,17.04,11.29,40.84,5.7,91.56,68.59,16.19,17.22,16.37,7,7,169,66,54,289,34,20,17,3,32,0,64,102,149,215,12,27,4,136,16,33,173,47,15,4.87,6.14,6.03,8,9,3,293.93,235,238.77,13,2.45,3.71,4.39,15.1,15.29,15.19,1357,160,119,193,885,203,173,180,801,4,17,204299,27,23,10,23,592.74,52.71,50.91,53.26,51.44,550,266,288,1104,60,55,8,627,145,44,17.6,18.17,16.94,24,24,12,1114.05,816,824.96,8.55,11.63,11.63,49.63,50.13,49.46,533.41,48.87,47,48.85,47,459,277,312,1048,38,54,3,565,118,53,16.18,14.92,17.78,17,15,6,1046.04,736,737.71,7.08,10.78,10.78,45.17,45.2,44.46,182.17,190.91,3083,3651,0,0,0,0,0,0
8482665,2024,Matty Beniers,SEA,C,all,82,91944,1727,44.84,0.52,0.45,0.53,0.46,0.53,0.46,227,171.68,17.68,12.38,38.31,5.91,99,69.72,16.56,17.54,16.44,14,9,147,96,79,322,43,20,17,2,30,0,86,90,127,223,7,14,570,42,28,72,176,51,16,6.13,6.56,4.99,8,9,3,319.93,243,241.93,21,2.79,4.38,3.47,16.99,16.89,15.97,1727,271,206,317,933,251,236,230,1010,570,624,205581,14,44,22,77,824.56,81.66,76.13,81.49,75.96,731,422,435,1588,74,79,8,874,197,82,25.63,24.6,31.45,28,27,19,1575.9,1153,1146.42,12.81,17.21,17.84,76.63,76.32,73.49,738.81,76.55,73.46,77.47,74.32,632,386,381,1399,67,69,6,756,166,96,21.73,21.17,33.65,24,20,23,1421.47,1018,1032.7,10.3,14.04,14.45,72.4,72.98,71.03,156.63,190.86,3200,3750,0,0,0,0,0,0
8484938,2024,Arttu Hyry,DAL,R,all,5,2725,57,1.33,0.35,0.63,0.49,0.52,0.42,0.51,60,3.82,0.15,0.26,1.15,0.12,1.88,1.44,0.14,0.16,0.15,1,0,5,0,3,8,1,0,1,0,1,0,2,1,5,5,0,0,11,4,1,1,5,0,0,0.15,0,0,0,0,0,8.5,5,5.26,0,0.05,0.28,0.07,0.13,0.14,0.14,57,8,5,8,36,8,9,8,32,11,5,15893,0,2,1,3,19.57,1.44,1.38,1.47,1.41,16,10,26,52,1,2,0,23,1,2,0.69,0.12,0.63,0,0,1,55.01,26,26.96,0.23,0.35,0.35,1.32,1.36,1.34,26.19,2.71,2.32,2.75,2.36,22,14,18,54,1,4,0,25,7,4,0.69,0.87,1.15,0,1,0,53.08,36,35.71,0.36,1.06,1.06,2.01,2.03,1.88,17.2,10.13,271,248,0,0,0,0,0,0
8476853,2024,Morgan Rielly,TOR,D,all,82,105232,2306,35.75,0.53,0.47,0.51,0.45,0.52,0.46,191,141.75,5.48,7.83,38.04,4.68,83.1,58.87,5.2,5.5,5.22,17,17,126,72,105,303,41,7,18,0,33,0,59,81,119,191,9,21,0,21,20,99,186,11,1,4.07,1.16,0.25,7,0,0,302.06,198,198.62,64,1.69,4.08,0.76,6.4,6.42,6.19,2306,380,175,291,1460,204,347,341,1414,0,0,192403,21,17,5,131,992.46,103.12,98.39,103.97,99.21,905,443,499,1847,101,103,8,968,249,131,28.41,31.32,43.38,34,33,34,1858.88,1348,1357.73,15.37,22,21.83,96.64,97.28,94.63,900.37,91.76,88.61,91.84,88.7,822,430,488,1740,85,90,10,948,199,105,25.68,24.64,41.45,32,25,28,1731.12,1252,1252.22,11.92,18.34,18.52,85.16,85.22,83.67,157.99,174.9,2811,3459,0,0,0,0,0,0
8478136,2024,Jake Middleton,MIN,D,all,67,87935,1683,17.82,0.43,0.54,0.41,0.51,0.41,0.52,173,97.44,4.97,5.26,27,3.28,54.8,41.68,4.86,4.97,4.86,7,6,97,40,87,224,21,8,11,1,15,0,43,60,89,129,17,40,0,99,21,64,124,10,3,3.02,1.15,0.8,6,1,1,222.43,137,137.05,46,1.08,1.93,1.15,4.9,4.9,4.86,1683,133,252,280,1018,150,187,214,1132,0,0,156028,40,36,15,157,625.12,59.29,56.79,60.02,57.5,585,279,353,1217,59,64,5,652,150,62,18.39,18.19,22.71,23,18,18,1227.8,864,872.81,8.22,12.65,13.07,54.44,54.99,53.44,900.63,78.46,75.23,78.58,75.32,811,440,507,1758,68,73,8,944,229,78,26.28,27.89,24.3,19,29,20,1752.76,1251,1249.91,13.71,14.94,14.94,77.23,77.3,75.2,134.11,114.86,2561,2473,0,0,0,0,0,0
8479987,2024,Morgan Geekie,BOS,C,all,77,78172,1585,57.34,0.55,0.45,0.55,0.46,0.54,0.46,378,171.55,20.44,11.59,38.64,5.61,87.84,64.89,19.79,20.5,19.85,14,10,150,79,78,307,57,33,19,6,26,0,60,91,117,196,11,22,174,110,31,51,137,68,24,4.46,8.13,7.85,9,14,10,305.04,229,227.63,16,2.53,5.33,4.38,18.58,18.57,18.28,1585,335,80,228,942,225,247,273,840,174,200,201964,22,22,11,29,742.3,75.48,71.53,75.61,71.67,659,349,420,1428,85,75,9,724,194,90,21.05,23.76,30.66,24,36,25,1420.31,1008,1005.18,11.27,18.03,18.04,68.69,68.74,67.35,613.59,62.94,60.6,63.32,60.95,553,299,322,1174,67,57,5,630,148,74,18.18,18.14,26.62,26,23,18,1184.69,852,861.33,8.06,12.66,12.68,58.31,58.64,57.57,147.99,180.76,2923,3454,0,0,0,0,0,0
8478057,2024,Dakota Joshua,VAN,C,all,57,44326,1110,7.79,0.45,0.5,0.46,0.5,0.46,0.49,498,63.06,10.74,5.28,13.48,2.13,30.9,21.48,10.23,10.76,10.24,5,2,52,32,25,109,14,7,6,3,6,0,35,30,45,77,11,28,23,193,12,36,44,21,19,1.64,2.71,6.39,0,1,6,109.54,84,84.33,9,1.14,1.51,4.1,7.78,7.7,7.64,1110,123,156,182,649,130,138,125,717,23,19,164819,28,20,7,29,308.09,27.85,26.76,27.81,26.72,274,160,183,617,23,28,4,341,57,36,9.33,6.9,11.63,8,5,10,618.12,434,433.47,4.49,6.71,6.71,25.63,25.54,25.15,370.76,33.92,32.69,34.08,32.85,310,205,219,734,36,31,7,389,87,39,10.33,10.95,12.64,15,10,11,735.35,515,516.58,5.17,7.88,8.1,30.99,31.12,30.38,134.24,135.17,2548,2595,0,0,0,0,0,0
8483512,2024,Matt Savoie,EDM,C,all,4,3004,63,0.87,0.51,0.39,0.53,0.46,0.53,0.47,37,8.07,1.08,0.65,2.06,0.26,3.47,2.47,1.03,1.03,0.98,1,0,6,4,5,15,1,0,1,0,2,0,3,4,6,10,0,0,4,3,1,1,4,4,2,0.17,0.47,0.45,0,0,0,13.92,10,9.47,1,0.14,0.25,0.37,0.85,0.82,0.81,63,11,7,8,37,8,10,6,39,4,2,11396,0,0,0,1,29.23,2.79,2.72,2.72,2.66,27,12,15,54,2,3,0,26,11,2,0.94,1.4,0.45,0,2,0,51.38,39,38.12,0.44,0.41,0.42,2.8,2.75,2.73,26.42,2.73,2.59,2.83,2.69,26,9,12,47,6,3,1,23,9,3,0.81,1.13,0.8,3,2,1,50.05,35,36.45,0.38,0.8,0.8,2.32,2.4,2.36,7.78,12.11,153,181,0,0,0,0,0,0
8478043,2024,Sam Lafferty,BUF,C,all,60,35554,887,3.47,0.38,0.5,0.45,0.51,0.43,0.51,642,49.82,4.5,3.16,11.55,1.55,26.81,20.42,4.42,4.52,4.44,1,2,50,18,25,93,7,4,5,0,6,0,20,33,46,64,14,28,79,89,5,22,48,15,5,1.45,1.75,1.31,4,0,0,93.3,68,68.35,11,0.66,1.29,0.79,4.38,4.42,4.39,887,74,106,146,561,133,144,107,503,79,77,183034,28,16,8,16,232.71,17.61,17.28,17.78,17.45,211,117,156,484,11,17,1,263,48,17,7.34,5.66,4.61,7,3,1,487.3,328,329.65,3.04,3.23,3.35,17.31,17.42,17.21,319.44,28.28,27.28,27.89,26.91,265,175,161,601,28,36,8,334,74,32,9.6,9.31,9.38,9,10,9,592.52,440,433.86,4.54,7.38,7.38,25.44,25.13,24.66,172.27,172.11,3093,2968,0,0,0,0,0,0
8478970,2024,Jalen Chatfield,CAR,D,all,79,89481,1881,46.25,0.5,0.58,0.55,0.6,0.54,0.59,312,132.62,4.56,6.44,38.09,4.42,78.63,57.86,4.41,4.62,4.47,4,7,114,76,111,301,18,7,13,0,32,0,64,74,107,183,18,44,0,64,26,82,182,7,1,3.35,0.77,0.43,5,2,0,306.55,190,193.36,48,1.31,2.48,0.77,5.1,5.18,5.04,1881,176,202,337,1166,302,239,253,1087,0,0,196739,44,24,9,64,818.66,74.29,71.73,74.93,72.32,714,416,444,1574,73,86,6,831,228,71,22.55,28.47,23.28,27,29,17,1595.16,1130,1142.74,10.76,15.01,15.01,70.04,70.61,69.6,715.28,74.12,70.56,74.09,70.52,670,300,302,1272,61,87,11,666,211,93,18.92,25.78,29.41,21,21,19,1266.57,970,968.33,11.19,19.99,19.99,65.32,65.24,64.08,209.83,152.67,3979,2655,0,0,0,0,0,0
8478477,2024,Mitchell Stephens,SEA,C,all,28,15499,378,-0.53,0.34,0.48,0.37,0.49,0.36,0.49,313,21.84,2.02,1.61,5.18,0.77,11.83,8.59,1.95,1.97,1.9,2,0,19,11,7,37,3,1,3,0,4,0,11,11,18,29,3,6,104,25,1,8,23,5,2,0.66,0.69,0.67,1,0,0,36.73,30,30.01,3,0.34,0.75,0.68,1.67,1.67,1.65,378,32,60,35,251,41,61,45,231,104,90,86079,6,4,2,4,92.99,7.91,7.77,7.8,7.67,84,45,51,180,4,11,1,99,22,8,2.76,2.8,2.35,2,1,1,177.85,129,128.37,1.27,2.26,2.26,6.91,6.8,6.74,162.6,15.43,14.44,15.53,14.54,149,76,85,310,17,13,1,169,42,14,4.68,5.63,5.12,8,7,2,314.87,225,228.48,2.57,1.92,1.92,16.08,16.19,15.31,70.89,76.48,1419,1505,0,0,0,0,0,0
8474141,2024,Patrick Kane,DET,R,all,72,77671,1468,50.19,0.56,0.45,0.55,0.46,0.57,0.46,261,186.14,18.94,12.87,43.02,6.26,104.11,68.8,17.55,19.01,17.61,17,21,175,79,80,334,59,21,21,3,32,1,93,86,154,233,6,12,5,19,13,77,179,57,18,5.74,6.65,6.55,8,8,5,332.47,254,253.51,22,3.04,4.31,3.65,18.33,18.33,17.27,1468,307,120,222,819,200,189,239,840,5,8,183876,12,18,9,23,803.07,90.98,84.31,90.76,84.12,731,362,344,1437,84,93,10,744,237,112,22.14,28.69,40.16,22,36,26,1431.21,1093,1090.61,13.6,21.57,21.57,83.01,82.9,78.91,612.46,71.73,68.39,72.49,69.09,540,297,321,1158,56,64,5,596,155,86,16.56,19.9,35.27,16,17,23,1175.47,837,847.23,8.23,13.12,13.12,66.84,67.49,65.51,131.85,158.32,2661,3124,0,0,0,0,0,0
8475166,2024,John Tavares,TOR,C,all,75,82015,1612,63.11,0.57,0.45,0.53,0.44,0.53,0.45,301,206.18,32.37,17.43,43.68,7.12,112.04,68.38,29.77,32.71,30.09,20,16,200,81,61,342,74,38,25,2,33,0,93,92,162,243,23,46,762,92,24,69,155,79,47,5.71,10.71,15.95,10,11,17,346.39,281,284.79,21,4.19,5.33,7.13,29.43,29.7,28.21,1612,300,187,225,900,152,202,264,994,762,546,190350,46,32,15,45,821.32,101.29,93.97,102.11,94.74,769,352,376,1497,116,90,11,767,220,134,23.48,27.52,50.28,33,39,44,1507.68,1121,1130.37,14.65,21.26,21.26,94.68,95.43,90.43,711.63,75.95,73.21,75.65,72.93,631,358,344,1333,63,81,9,741,166,82,20.36,20.84,34.75,20,19,24,1321.08,989,985.14,9.64,14.53,14.71,70.88,70.62,69.05,138.56,168.03,2701,3494,0,0,0,0,0,0
8476880,2024,Tom Wilson,WSH,R,all,81,91012,1833,65.03,0.59,0.49,0.54,0.48,0.56,0.48,198,191.7,28.96,14.15,41.68,6.67,99.58,72.96,27.46,29.12,27.62,21,11,169,95,71,335,65,33,17,6,28,1,77,108,136,231,33,80,5,233,20,91,153,71,40,4.94,8.92,15.09,4,17,12,338.03,264,266.65,29,3.33,3.25,6.69,25.59,25.78,24.85,1833,364,229,274,966,188,263,324,1058,5,14,203922,80,84,36,71,887.97,105.2,98.39,105.62,98.8,798,420,440,1658,118,94,16,849,244,125,24.69,31.17,49.34,35,36,47,1667.79,1218,1224.81,14.43,18.53,18.71,100.93,101.36,96.66,711.3,73.73,70.52,73.84,70.67,625,344,439,1408,76,66,9,701,180,88,19.96,22.38,31.39,28,21,27,1401.93,969,968.19,10.45,15.29,15.59,68.59,68.78,67.1,167.18,174.16,3175,3462,0,0,0,0,0,0
8476467,2024,Jamie Oleksiak,SEA,D,all,82,92379,1715,12.25,0.4,0.51,0.4,0.52,0.4,0.52,318,83.63,3.87,4.26,22.84,2.72,46.25,37.06,3.49,3.85,3.48,8,5,66,51,57,174,17,4,7,0,23,0,36,47,62,113,11,24,0,74,23,89,108,4,5,1.92,0.47,1.48,4,0,0,172.07,117,115.66,65,0.86,0.75,1.29,3.44,3.42,3.15,1715,121,359,288,947,223,202,259,1031,0,0,205146,24,24,11,159,666.66,62.56,60.38,62.69,60.49,563,362,338,1263,58,60,2,715,142,68,19.72,17.59,25.25,22,19,17,1256.82,925,923.57,8.54,11.21,11.14,59.96,59.97,58.73,992.96,95.75,90.27,96.52,91.03,860,524,527,1911,91,100,11,1043,234,107,30.16,29.29,36.31,35,30,26,1937.18,1384,1399.67,16.44,18.9,19.19,93,93.59,89.55,175.73,171.65,3525,3238,0,0,0,0,0,0
8479385,2024,Jordan Kyrou,STL,R,all,82,86014,1748,76.18,0.59,0.45,0.57,0.45,0.57,0.45,342,240.67,25.44,16.04,55.72,7.69,133.33,89.79,23.98,25.63,24.17,20,14,239,89,137,465,70,36,17,5,55,1,104,115,203,292,10,20,5,50,21,79,235,72,21,7.71,9.12,8.6,15,10,11,467.03,328,329.17,17,3.63,5.73,3.33,25.72,25.89,24.95,1748,342,140,244,1022,223,228,279,1018,5,10,212869,20,44,22,36,803.62,82.49,78.64,82.65,78.8,760,339,457,1556,97,66,14,806,202,91,24.34,24.61,33.53,42,25,30,1559.54,1099,1099.25,12.49,16.71,16.71,78.28,78.56,76.23,603.28,58.31,56.34,58.54,56.56,559,276,331,1166,50,58,4,625,138,72,17.69,16.63,23.99,15,19,16,1165.63,835,838.27,7.87,11.79,11.79,54.4,54.63,53.8,139.77,172.94,2945,3577,0,0,0,0,0,0
8474037,2024,James van Riemsdyk,CBJ,L,all,71,52822,1152,30.45,0.51,0.47,0.52,0.47,0.52,0.47,649,93.05,13.45,7.65,21.3,3.26,45.68,32.66,12.9,13.58,13.03,11,9,85,39,25,149,36,16,21,2,11,0,36,40,69,108,10,23,6,31,5,40,67,40,17,2.42,5.52,5.51,1,10,5,150.85,124,125.27,8,1.66,4.28,3.9,11.22,11.33,11.22,1152,149,108,160,735,167,169,178,638,6,14,205793,23,29,12,16,481.05,43.96,41.3,44.24,41.57,437,223,251,911,50,61,5,500,111,49,13.87,14.32,15.77,16,27,7,917.89,660,664.79,7.13,12.31,12.31,38.78,39,37.92,445.55,42.64,41.24,42.77,41.34,409,202,237,848,51,52,9,448,120,43,13.77,15.01,13.86,18,21,12,849.62,611,613.7,6.08,9.55,9.55,39.18,39.25,38.58,165.21,187.1,3234,3659,0,0,0,0,0,0
8475762,2024,Derek Forbort,VAN,D,all,54,55409,1343,8.28,0.38,0.52,0.43,0.52,0.42,0.51,240,46.73,1.39,2.28,14.47,1.63,26.24,19.99,1.37,1.41,1.39,4,5,39,27,49,115,11,2,2,0,14,0,20,28,37,64,18,45,0,65,8,55,66,0,0,1.39,0,0,2,0,0,116.13,66,66.33,38,0.46,0.49,0.02,1.83,1.85,1.83,1343,67,215,164,897,137,163,151,892,0,0,142211,45,41,16,77,342.03,26.2,24.93,26.37,25.11,306,171,224,701,26,17,3,394,56,27,10.01,6.94,9.24,11,10,5,705.85,477,479.86,4.19,4.05,4.05,26.33,26.46,25.73,470.41,42.03,39.59,42.06,39.62,417,235,294,946,38,50,10,484,120,48,12.33,14.94,14.77,18,11,9,940.24,652,648.91,7.17,10.82,10.82,38.38,38.35,36.89,127.18,116.55,2354,2171,0,0,0,0,0,0
8473533,2024,Jordan Staal,CAR,C,all,75,69468,1607,56.66,0.51,0.57,0.53,0.6,0.52,0.6,466,117.27,14.83,9.09,26.5,4.13,58.1,45.35,14.11,15.01,14.26,15,8,107,51,39,197,36,13,12,1,18,1,55,59,94,145,8,16,724,138,9,41,82,60,16,3.07,7.51,4.25,2,8,3,200.69,158,159.9,12,1.95,2.44,4.05,12.72,12.81,12.54,1607,216,370,329,692,257,134,211,1005,724,605,202352,16,16,8,43,630.42,62.91,60.89,63.23,61.18,533,337,368,1238,51,72,5,617,181,72,16.32,22.4,24.19,11,20,20,1251.45,870,877.31,8.55,13.03,13.03,58.42,58.62,57.79,588.05,60.88,57,60.95,57.08,516,282,292,1090,51,69,7,572,153,73,16.58,18.31,25.99,18,13,20,1085.68,798,796.53,10.18,15.02,15.02,56.04,56.13,53.78,207.18,153.42,4046,2645,0,0,0,0,0,0
8480014,2024,Gabriel Vilardi,WPG,C,all,71,77260,1412,53.98,0.58,0.5,0.55,0.47,0.54,0.49,252,140.01,21.67,11.86,29.49,4.6,72.62,46.77,20.52,21.89,20.73,18,16,130,57,45,232,61,27,14,1,17,0,60,69,103,160,6,14,75,21,22,41,93,64,30,3.22,8.2,10.26,5,12,10,235.36,187,189.33,12,2.79,3.15,4.74,19.72,19.93,19.22,1412,341,94,218,759,169,251,258,734,75,77,180276,14,34,17,50,763.07,81.46,77.21,82.67,78.36,696,352,392,1440,105,74,12,720,245,83,21.36,29.52,30.58,29,45,31,1461.57,1048,1063.77,13.06,17.11,17.11,77.41,78.48,75.97,628.01,59.64,57.43,59.27,57.07,596,286,319,1201,55,55,9,696,128,58,20.21,16.47,22.96,19,12,24,1185.05,882,873.9,8.1,11.01,11.01,56.73,56.38,54.89,141.91,142.89,2703,3011,0,0,0,0,0,0
8478421,2024,A.J. Greer,FLA,L,all,81,46623,1147,23.5,0.54,0.55,0.52,0.57,0.51,0.56,862,92.6,11.18,6.7,22.03,3.22,46.58,34.28,10.29,11.26,10.37,10,1,86,38,38,162,17,6,12,2,24,0,44,38,80,118,40,100,16,222,8,43,77,32,15,2.51,3.93,4.74,3,1,2,165.93,124,125.66,15,1.42,1.92,4.18,8.42,8.57,8.27,1147,131,100,201,715,212,177,121,637,16,31,248177,100,74,28,30,377.03,34.43,32.76,34.51,32.86,338,183,227,748,25,57,4,381,98,42,10.47,12.31,11.65,11,10,4,759.08,521,525.2,5.26,10,10,29.69,29.92,29.34,363.35,28.92,27.87,28.68,27.65,325,173,188,686,22,35,4,386,84,28,9.95,10.44,8.52,10,7,5,683.47,498,495.31,5.1,7.21,7.11,26.9,26.74,26.41,249.51,202.32,4667,3589,0,0,0,0,0,0
8483457,2024,Lane Hutson,MTL,D,all,82,111847,1930,58.75,0.54,0.41,0.56,0.41,0.56,0.41,188,116.88,6.3,6.84,30.95,3.77,68.04,49.11,5.92,6.22,5.85,25,35,90,75,132,297,66,6,9,0,27,1,73,49,84,159,18,34,0,40,56,109,148,13,4,3.75,1.51,1.03,6,0,0,293.63,165,163.34,57,1.51,1.18,0.46,7.35,7.28,6.89,1930,311,113,317,1189,183,293,304,1150,0,0,187066,34,32,15,123,1084.21,109.23,104.78,109.23,104.75,944,544,560,2048,116,97,13,1051,326,111,32.65,40.57,36.01,52,33,31,2039.78,1488,1482.65,16.99,20.31,20.49,105.73,105.52,102.76,863.24,92.86,89.47,94.16,90.71,744,428,468,1640,85,97,11,823,245,104,24.75,30.56,37.56,28,30,27,1665.57,1172,1189.78,11.63,20.78,20.78,83.71,84.72,83.47,132,191.93,2524,3597,0,0,0,0,0,0
8479344,2024,Jesse Puljujarvi,FLA,R,all,31,21916,514,12.04,0.55,0.47,0.54,0.49,0.53,0.49,295,56.51,5.09,3.55,14.68,1.99,29.5,21.19,4.9,5.06,4.87,2,4,50,26,27,103,10,4,11,1,11,0,23,27,46,72,6,15,0,80,3,15,57,13,6,1.62,1.91,1.57,0,2,2,100.93,76,74.67,7,0.76,2.65,1.85,3.99,3.99,3.92,514,43,41,88,342,79,88,64,283,0,1,91844,15,8,4,9,217.48,19.64,18.51,19.54,18.42,197,102,124,423,14,26,1,223,54,22,5.84,6.77,7.04,4,6,4,415.85,299,294.97,3.03,6.41,6.41,16.27,16.24,15.89,191.08,16.35,15.69,16.75,16.08,189,73,92,354,13,19,0,194,51,17,5.42,5.99,4.94,5,7,1,363.44,262,267.53,2.62,4,4,14.96,15.41,15.16,81.55,93.65,1522,1555,0,0,0,0,0,0
8482103,2024,Ozzy Wiesblatt,NSH,C,all,5,3330,77,0.3,0.36,0.57,0.36,0.45,0.35,0.49,56,3.76,0.39,0.38,0.88,0.18,2.44,1.74,0.39,0.39,0.39,1,0,4,2,4,10,1,0,0,0,1,0,1,4,4,6,0,0,0,13,0,1,5,1,0,0.23,0.16,0,0,0,0,10.21,6,6.1,0,0.08,0,0,0.46,0.46,0.46,77,3,12,13,49,16,10,8,43,0,0,14670,0,2,1,3,15,1.07,1.07,1.09,1.08,14,8,14,36,2,0,0,18,4,0,0.55,0.51,0,0,2,0,36.99,22,22.66,0.23,0,0,1.3,1.32,1.32,29.98,1.91,1.9,1.88,1.87,23,18,22,63,1,1,0,35,4,2,0.95,0.49,0.47,0,0,1,61.25,41,39.77,0.38,0.21,0.21,2.07,2.05,2.04,15.75,11.76,219,271,0,0,0,0,0,0
8475913,2024,Mark Stone,VGK,R,all,66,76247,1404,64.57,0.62,0.51,0.55,0.5,0.56,0.51,165,141.77,19.64,10.59,30.07,4.78,69.9,56.02,18.81,19.73,18.91,34,14,131,60,36,227,67,19,14,2,18,1,70,69,112,172,7,14,5,32,38,73,117,45,29,4.26,5.74,9.64,3,8,8,230.47,191,193.47,19,2.38,3.04,4.61,17.42,17.57,17.17,1404,293,176,227,708,171,180,224,829,5,10,163290,14,24,12,42,785.09,93.06,87.28,93.32,87.56,740,330,379,1449,104,73,7,720,231,119,22.16,28.83,42.07,26,38,40,1462.93,1070,1078.45,13.03,16.6,16.3,89.78,90.17,86.29,599.86,57.92,55.01,57.92,55.01,521,306,352,1179,54,60,8,612,146,69,16.39,18.21,23.32,18,18,18,1170.11,827,822.62,9.03,13.8,14.05,52.9,52.85,51.26,132.8,125.17,2578,2582,0,0,0,0,0,0
8483447,2024,Conor Geekie,TBL,C,all,52,38455,898,15.44,0.51,0.55,0.52,0.52,0.5,0.52,424,66.44,7.21,4.83,14.4,2.26,36.28,26.03,7.04,7.28,7.1,4,2,60,31,34,125,14,8,10,1,5,0,36,32,52,83,8,16,73,97,8,29,57,30,4,2.27,3.53,1.41,5,2,1,126.83,91,92.22,11,1.02,1.84,1.01,7.22,7.27,7.17,898,125,91,183,499,169,141,106,482,73,99,150222,16,24,11,25,297.6,27.06,26.06,27.3,26.28,274,135,199,608,26,29,4,297,83,29,8.25,10.39,8.42,9,9,8,615.85,409,412.64,4.31,6.18,6.18,25.18,25.36,24.97,295.75,26.05,25.12,25.93,25.04,277,129,157,563,27,23,1,300,82,24,8.49,10.15,7.4,13,9,5,556.59,406,404.13,3.97,4.65,4.65,25.36,25.37,25.08,147.62,121,2515,2343,0,0,0,0,0,0
8484976,2024,Jere Innala,COL,L,all,17,7293,166,0.04,0.51,0.49,0.46,0.53,0.5,0.53,187,12.37,1.62,0.82,2.69,0.4,6.71,4.75,1.62,1.62,1.62,0,0,8,9,4,21,0,0,0,0,2,0,5,10,8,17,1,2,1,20,1,2,8,7,2,0.23,0.73,0.66,0,0,0,20.82,17,16.91,0,0.18,0,0.35,1.46,1.46,1.46,166,13,18,27,108,30,21,6,109,1,2,54535,2,6,3,6,43,3.34,3.31,3.35,3.32,37,24,25,86,1,4,0,46,12,3,1.12,1.35,0.87,0,1,0,85.59,61,61.01,0.55,0.86,0.86,3.04,3.05,3.03,43.23,3.28,3.23,3.25,3.21,36,26,37,99,4,5,0,46,15,1,1.28,1.8,0.21,2,2,0,97.56,62,61.29,0.59,0.46,0.46,3.42,3.39,3.36,44.02,44.99,962,840,0,0,0,0,0,0
8481536,2024,Daniil Misyul,NJD,D,all,1,743,18,0,0.46,0.44,0.56,0.51,0.54,0.45,6,0,0,0,0,0,0,0,0,0,0,0,0,0,0,1,1,0,0,0,0,0,0,0,0,0,0,0,0,0,1,0,1,0,0,0,0,0,0,0,0,0,0.85,0,0,1,0,0,0,0,0,0,18,4,0,4,10,4,2,3,9,0,0,2857,0,0,0,1,5.14,0.2,0.2,0.18,0.18,6,1,3,10,0,1,0,6,1,0,0.11,0.09,0,0,0,0,8.92,7,6.47,0.06,0.02,0.02,0.24,0.21,0.21,4.13,0.23,0.23,0.25,0.25,3,3,2,8,1,0,0,5,1,0,0.11,0.12,0,0,1,0,8.81,6,6.5,0.05,0,0,0.28,0.3,0.3,3.52,4.44,53,50,0,0,0,0,0,0
8477499,2024,Rasmus Ristolainen,PHI,D,all,63,77582,1731,21.9,0.49,0.53,0.48,0.49,0.49,0.51,186,101.32,5.48,5.79,27.55,3.42,57.17,41.6,5.31,5.45,5.27,4,11,100,41,52,193,19,4,16,0,29,0,40,52,96,137,6,14,0,97,25,52,128,7,6,2.97,0.83,1.68,1,0,3,191.75,141,140.15,34,1.23,3.5,1.15,5.56,5.54,5.39,1731,117,248,193,1173,187,175,230,1139,0,0,152725,14,12,6,94,612.56,61.43,58.74,61.75,59.03,579,270,326,1175,59,68,11,635,147,67,17.94,19.05,24.44,21,20,18,1172.02,849,849.18,8.66,14.81,14.23,55.86,55.94,55.08,642.56,63.15,59.49,63.67,59.97,575,304,411,1290,69,68,5,644,166,69,18.08,21.21,23.86,26,24,19,1305.11,879,890.21,9.58,16.38,16.38,56.35,56.77,55.48,130.79,117.78,2385,2482,0,0,0,0,0,0
8479941,2024,Justin Danforth,CBJ,R,all,61,52647,1164,18.93,0.44,0.48,0.43,0.51,0.44,0.5,436,93.46,13.12,6.74,21.33,3.22,44.66,34.94,12.22,13.15,12.26,7,5,94,30,16,140,21,9,14,2,18,0,41,42,85,115,9,18,327,126,8,26,71,35,18,2.27,4.51,6.34,1,4,4,141.45,124,124.54,6,1.46,3.29,5.25,9.33,9.29,9.21,1164,120,235,198,611,176,150,156,682,327,334,168912,18,6,3,49,401.67,39.92,37.03,39.79,36.96,374,172,219,765,31,56,4,388,111,47,10.73,13.91,15.28,11,13,7,764.49,546,545.18,5.89,11.2,11.2,34.6,34.49,33.56,509.46,51.03,46.8,51.13,46.87,476,223,298,997,48,54,3,509,123,67,14.4,15.66,20.99,21,17,10,997.5,699,700.89,8.13,12.77,12.77,46.39,46.49,44.31,142.33,153.11,2903,2846,0,0,0,0,0,0
8476856,2024,Mathew Dumba,DAL,D,all,63,57834,1208,13.43,0.49,0.5,0.51,0.48,0.49,0.47,318,76.37,3.38,4.13,24.97,2.81,42.73,30.99,3.25,3.39,3.26,6,3,57,52,90,199,10,1,8,0,19,0,37,44,56,108,22,50,0,70,16,62,103,4,2,2.41,0.46,0.51,1,0,0,199.06,109,108.77,41,0.85,1.59,0.89,3.34,3.38,3.29,1208,132,108,165,803,148,207,164,689,0,0,170801,50,20,7,60,491.51,45.99,43.73,46.79,44.49,437,233,308,978,46,63,7,489,138,43,14.11,18.33,13.56,16,19,11,985.91,670,676.77,6.79,11.25,11.25,41.53,42.13,41.24,507.2,47.37,45.26,47.06,44.98,455,237,232,924,46,54,6,512,119,61,14.97,14.19,18.21,18,16,12,916.64,692,686.39,6.85,10.39,10.39,43.83,43.51,42.7,155.81,155.33,2751,2931,0,0,0,0,0,0
8470600,2024,Ryan Suter,STL,D,all,82,95799,1986,8.75,0.4,0.53,0.42,0.52,0.42,0.52,323,68.08,3.13,3.41,19.12,2.29,37.74,30.31,3.09,3.14,3.1,7,6,62,34,62,158,15,2,4,0,16,0,26,48,60,94,12,24,0,39,15,64,88,8,0,2.11,1.03,0,1,1,0,158.45,96,95.76,49,0.7,0.7,0.32,3.51,3.52,3.48,1986,153,307,339,1187,243,310,274,1159,0,0,203084,24,8,4,109,641.71,55.04,53.32,55.6,53.86,612,264,367,1243,65,47,8,662,156,58,18.56,19.44,17.04,28,20,17,1252.74,876,880.9,8.37,9.23,9.4,54,54.58,53.76,875.84,82.09,77.37,82.61,77.85,802,408,513,1723,84,87,6,909,211,90,25.11,25.84,31.14,34,27,23,1720.66,1210,1214.09,13.16,17.75,17.76,77.49,77.81,75.33,167.22,149.16,3258,3020,0,0,0,0,0,0
8476923,2024,Damon Severson,CBJ,D,all,70,80026,1503,25.22,0.48,0.48,0.47,0.49,0.48,0.49,266,96.39,7.83,5.76,27.03,3.59,50.45,38.34,6.82,7.94,6.93,13,6,91,42,64,197,25,6,10,0,20,0,38,59,85,127,22,47,0,43,28,85,105,17,11,2.59,1.95,3.29,4,2,0,196.56,133,133.73,55,1.25,1.73,2.63,6.45,6.5,6.11,1503,156,218,232,897,198,188,238,879,0,0,175289,47,25,11,104,653.97,62.32,58.24,62.5,58.38,601,292,346,1239,65,80,6,662,159,72,17.96,20.01,24.35,22,30,13,1238.2,893,894.35,9.13,18.17,18.17,53.28,53.34,51.79,699.38,68.12,64.43,68.21,64.51,627,335,408,1370,73,70,7,706,177,79,20.63,22.81,24.68,33,27,13,1374.31,962,966.96,10.43,16.16,16.16,62.38,62.39,60.43,144.82,158.48,2884,3015,0,0,0,0,0,0
8484145,2024,Zach Benson,BUF,L,all,75,66683,1509,40.22,0.53,0.47,0.57,0.47,0.55,0.47,529,140.97,17.59,11.9,30.96,4.65,68.55,51.37,16.62,17.81,16.82,14,4,120,65,27,212,28,10,20,1,27,1,58,69,110,175,25,50,4,35,19,41,109,58,18,3.6,7.82,6.17,3,4,3,213.48,185,186.22,10,2.69,4.11,4.89,15.39,15.5,15.27,1509,217,169,240,883,259,205,245,800,4,17,206444,50,52,26,29,609.38,55.94,53.23,56.04,53.33,549,291,345,1185,52,64,3,638,146,56,18.1,18.47,19.37,24,18,10,1182.13,840,840.26,9.53,11.73,11.74,53.73,53.77,52.58,495.39,49.72,46.65,49.73,46.68,428,252,231,911,53,48,9,495,130,55,13.34,16.04,20.34,17,18,18,911.14,680,681.86,7.02,11.56,11.56,45.18,45.14,44.09,176.48,202.24,3229,3570,0,0,0,0,0,0
8479591,2024,Michael Eyssimont,SEA,C,all,77,49036,1143,25.64,0.54,0.52,0.52,0.5,0.52,0.5,770,150.51,14.47,10.89,36.24,5.19,75.66,58.55,13.9,14.7,14.13,3,4,142,59,51,252,16,9,21,1,32,1,66,72,133,192,27,63,6,110,12,33,147,32,22,4.68,3.89,5.9,5,3,1,258.28,201,204.7,5,2.28,4.12,4.4,12.35,12.55,12.38,1143,114,106,197,726,194,183,136,630,6,12,230257,63,51,21,23,407.28,34.09,32.47,34.71,33.06,368,192,221,781,28,47,3,428,90,42,11.63,11.12,11.34,13,13,2,799.91,560,569.63,5.69,9.48,9.43,30.34,30.88,30.42,370.93,29.44,28.56,29.46,28.56,333,177,203,713,27,29,2,400,81,29,11.28,10.09,8.07,11,14,2,702.87,510,505.03,4.83,5.87,5.91,28.37,28.17,27.63,216.2,200.57,3799,3821,0,0,0,0,0,0
8480039,2024,Martin Necas,COL,C,all,79,90053,1576,93.12,0.6,0.52,0.65,0.54,0.64,0.54,241,217.64,23.09,14.1,51.32,7.05,119.86,79.58,22.23,23.32,22.46,32,24,194,101,99,394,83,27,18,2,36,0,111,103,167,268,8,16,51,62,23,83,215,56,24,7.34,6.54,9.21,8,9,10,398.74,295,297.47,15,3.27,2.5,3.44,22.93,23.14,22.43,1576,336,100,267,873,271,183,316,806,51,84,196782,16,46,23,23,1063.87,107.27,102.62,108.13,103.46,943,517,522,1982,121,106,15,1076,268,116,33.16,32.8,41.31,38,40,43,2003.38,1460,1471.53,17.37,20.21,20.21,104.43,105.21,102.03,597.85,71.27,67.76,71.29,67.76,556,259,263,1078,64,64,13,560,164,91,16.08,20.88,34.3,19,21,24,1071.61,815,812.36,7.95,14.34,14.34,64.88,64.73,62.99,163.91,150.73,3459,2957,0,0,0,0,0,0
8480848,2024,Ty Dellandrea,SJS,C,all,68,48162,1057,-6.11,0.33,0.45,0.38,0.48,0.37,0.47,631,64.83,7.66,4.3,15.39,2.23,33.28,25.14,7.28,7.71,7.32,3,4,50,38,29,117,8,1,7,1,12,0,32,36,49,87,25,59,209,163,9,33,60,15,13,1.85,2.08,3.73,0,0,1,115.11,88,87.14,11,0.91,1.21,2.66,5.91,5.9,5.82,1057,86,160,177,634,130,180,142,605,209,210,199729,59,39,15,47,294.48,23.74,22.77,23.65,22.69,251,148,195,594,14,30,2,312,60,27,8.44,7.62,7.68,7,5,2,582.82,399,392.81,3.82,6.56,6.56,21,20.94,20.53,492.26,48.37,46.2,49.09,46.88,445,235,270,950,60,62,13,505,120,55,14.53,14.57,19.27,19,21,20,974.15,680,692.71,7.36,13.52,13.52,42.21,42.71,41.91,162.58,196.97,3261,3575,0,0,0,0,0,0
8478468,2024,Jeremy Lauzon,NSH,D,all,28,30192,711,1.68,0.45,0.52,0.44,0.54,0.42,0.53,109,26.72,0.99,1.49,7.29,0.93,16.61,12.69,0.98,0.97,0.97,0,1,25,15,30,70,1,0,1,0,11,0,11,17,25,40,14,37,0,127,4,19,36,4,0,0.6,0.38,0,0,0,0,68.56,40,38.88,13,0.3,0.29,0,1.28,1.26,1.25,711,36,120,123,432,108,68,86,449,0,0,71364,37,29,9,34,205.54,19.75,19.32,19.66,19.23,184,98,123,405,14,15,2,207,51,24,5.5,6.08,8.18,4,5,5,402.44,282,279.96,2.65,2.82,3.1,19.3,19.14,18.89,280.01,24.4,23.57,24.41,23.58,264,119,131,514,23,17,2,285,74,24,8.78,8.72,6.9,12,7,4,515.81,383,384.64,4.75,3.54,3.54,25.62,25.65,24.91,69.6,63.92,1310,1099,0,0,0,0,0,0
8481059,2024,Scott Perunovich,NYI,D,all,35,33615,717,9.4,0.54,0.45,0.53,0.46,0.52,0.47,163,19.72,0.75,1.12,5.54,0.62,11.57,8.4,0.74,0.74,0.73,4,3,18,10,15,43,9,2,2,0,5,0,11,8,16,26,5,10,0,15,10,29,26,2,0,0.51,0.24,0,1,1,0,42.74,28,27.67,16,0.24,0.39,0,0.99,0.97,0.97,717,102,43,108,464,89,103,100,425,0,0,93412,10,12,6,37,288.93,25.84,25.13,26.19,25.46,290,110,151,551,30,26,3,307,65,28,8.99,8.16,8.69,16,7,7,552.91,400,401.71,4.26,5.85,5.16,24.93,25.23,24.95,266.7,22.02,21.31,22.23,21.52,238,129,125,492,30,23,5,287,59,21,8.25,7.32,6.46,17,8,5,498.19,367,371.06,3.51,5.28,5.28,20.25,20.46,20.21,69.76,84,1429,1682,0,0,0,0,0,0
8476474,2024,Stefan Noesen,NJD,R,all,78,74567,1642,46.84,0.62,0.49,0.59,0.49,0.59,0.48,455,189.26,28.52,16.56,44.02,7.29,91.65,59.97,25.91,28.59,25.93,15,4,165,83,36,284,41,22,30,4,22,0,91,83,143,226,19,44,41,152,14,73,146,53,49,4.41,6.93,17.18,5,6,11,286.06,248,248.79,26,4.04,5.79,10.09,22.46,22.52,21.34,1642,249,193,256,944,176,180,246,1040,41,44,208471,44,27,12,26,796.78,90.55,83.74,90.83,83.97,707,368,427,1502,80,110,7,747,206,122,21.99,25.38,43.19,24,27,29,1510.64,1075,1081.5,14.14,21.82,21.99,82.69,83.03,78.99,545.51,55.07,53.08,54.93,52.95,482,273,285,1040,55,55,5,558,135,62,16.24,17.23,21.62,18,17,20,1031.39,755,749.56,7.89,9.85,9.85,53.1,52.85,51.85,172.86,179.1,3262,3390,0,0,0,0,0,0
8483431,2024,Logan Cooley,UTA,C,all,75,80376,1675,59,0.53,0.51,0.52,0.51,0.53,0.51,261,165.76,20.19,11.33,36.86,5.41,87.52,63.7,19.6,20.27,19.67,20,20,158,67,68,293,65,25,14,2,39,1,64,82,133,200,23,46,340,63,24,66,143,59,23,4.54,7.05,8.6,8,11,6,295.16,225,226.75,15,2.56,2.39,3.38,19.37,19.44,19.1,1675,298,134,207,1036,207,263,300,905,340,420,193150,46,42,21,32,718.72,81.23,78.38,81.5,78.65,636,347,425,1408,91,63,6,683,213,87,20.13,25.6,35.5,29,36,26,1413.91,983,988.51,10.64,13.34,13.34,78.53,78.85,77.47,645.35,73,70.29,73.29,70.58,603,282,400,1285,72,49,10,613,202,70,17.92,24.66,30.44,21,20,31,1287.11,885,887.76,8.86,10.11,10.11,71.76,72.11,70.19,165.18,155.86,3169,3061,0,0,0,0,0,0
8482726,2024,Samuel Helenius,LAK,C,all,50,25963,580,5.38,0.48,0.56,0.47,0.53,0.48,0.53,552,34.68,3.71,2.14,8.16,1.15,19.06,13.78,3.57,3.69,3.56,1,2,29,19,16,64,7,4,2,2,8,1,16,17,25,44,8,25,129,150,4,22,34,11,3,0.96,1.5,1.25,2,2,0,65.86,48,49.08,9,0.45,0.76,1.75,2.4,2.45,2.4,580,56,30,100,394,73,94,60,353,129,149,155155,25,17,4,16,185.87,14.18,13.87,14.42,14.11,151,107,121,379,11,18,2,206,39,13,5.16,5.08,3.94,6,4,1,394.01,258,264.54,2.33,3.54,3.5,13.02,13.34,13.22,205.51,15.54,15.16,15.67,15.29,186,95,139,420,10,17,3,225,37,19,5.4,4.66,5.48,3,2,5,413,281,278.61,2.55,3.91,3.91,14.11,14.21,14.1,140.79,110.49,2639,2316,0,0,0,0,0,0
8477851,2024,Jordan Oesterle,NSH,D,all,37,38078,786,13.35,0.46,0.5,0.5,0.49,0.49,0.49,176,45.38,1.44,2.54,13.11,1.54,26.59,18.79,1.42,1.45,1.42,3,3,38,26,36,100,10,4,1,0,11,1,20,27,34,60,2,4,0,27,15,51,62,2,0,1.2,0.23,0,4,0,0,99.24,64,63.66,27,0.52,0.19,0.18,1.77,1.77,1.75,786,67,85,107,527,111,110,95,470,0,0,97298,4,4,2,57,304.61,25.57,24.82,25.7,24.94,259,158,174,591,26,30,4,314,72,31,8.03,8.63,8.92,11,10,5,586.42,417,415.77,4.04,6.11,6.14,23.48,23.6,23.34,310.65,29.85,28.64,29.9,28.7,274,155,171,600,28,32,3,312,91,26,9.74,11.5,8.61,7,14,7,602.27,429,431.21,4.39,6.08,6.08,28.16,28.19,27.68,84.36,84.89,1542,1573,0,0,0,0,0,0
8479550,2024,Tanner Laczynski,VGK,C,all,8,4128,102,-0.4,0.54,0.58,0.41,0.5,0.43,0.54,89,3.42,0.84,0.28,0.72,0.12,1.19,0.85,0.76,0.84,0.76,0,0,2,2,2,6,1,1,0,1,0,0,2,1,1,3,3,6,16,3,0,0,0,2,2,0,0.19,0.65,0,0,1,6.23,4,4.13,0,0.06,0,0.76,0.14,0.14,0.11,102,10,4,15,73,13,15,8,66,16,21,24672,6,2,1,3,27.73,3.23,3,3.25,3.02,25,13,16,54,1,7,1,26,6,6,0.54,0.76,1.94,0,0,1,55.72,38,39.13,0.4,1.48,1.48,2.16,2.15,2.09,37.29,2.74,2.48,2.76,2.48,30,21,26,77,2,3,0,41,8,2,1.17,0.93,0.64,1,0,1,75.24,51,50.17,0.52,0.4,0.4,2.86,2.87,2.64,29.06,20.92,420,417,0,0,0,0,0,0
8481558,2024,John Farinacci,BOS,C,all,1,658,16,0.96,0.35,0.44,0.43,0.42,0.53,0.43,12,0.71,0.1,0.05,0.15,0.03,0.38,0.29,0.1,0.1,0.09,0,0,1,0,0,1,1,1,0,0,0,0,0,0,0,0,0,0,6,3,0,0,0,1,0,0,0.1,0,0,1,0,0.92,1,0.92,0,0.01,0,0,0.11,0.1,0.1,16,0,7,1,8,3,1,2,10,6,2,3032,0,0,0,0,6.61,0.71,0.69,0.68,0.65,6,3,1,10,1,0,0,6,2,1,0.14,0.24,0.33,0,1,0,9.5,9,8.55,0.09,0,0,0.8,0.76,0.72,5.9,1.32,1.29,1.36,1.33,8,0,5,13,1,1,0,5,1,2,0.14,0.2,0.98,0,0,1,13.71,8,8.39,0.09,0.26,0.26,1.15,1.18,1.16,1.89,2.42,32,44,0,0,0,0,0,0
8479423,2024,Alex Nylander,TOR,L,all,5,2966,68,-0.38,0.62,0.48,0.57,0.44,0.54,0.46,53,5.87,0.81,0.54,1.42,0.21,3.2,1.82,0.56,0.8,0.56,0,0,4,4,0,8,0,0,0,0,2,0,3,3,4,8,2,4,3,0,1,3,5,2,1,0.15,0.27,0.39,0,0,0,7.97,8,7.97,0,0.15,0,0,0.95,0.95,0.69,68,9,1,8,50,7,13,10,38,3,1,15034,4,0,0,0,23.9,2.66,2.3,2.66,2.29,18,15,14,47,1,1,0,22,7,4,0.73,0.76,1.17,0,0,1,46.8,33,32.8,0.44,0.08,0.08,3.02,3.02,2.62,20.48,1.6,1.54,1.56,1.5,19,9,7,35,2,4,1,19,8,1,0.4,0.99,0.2,1,1,0,33.7,28,27.1,0.28,0.68,0.68,1.21,1.18,1.16,12.91,13.95,220,280,0,0,0,0,0,0
8476312,2024,Josh Manson,COL,D,all,48,51959,1168,19.27,0.43,0.57,0.48,0.57,0.47,0.56,193,64.51,2.07,3.37,17.67,2.03,38.28,29.58,2.05,2.08,2.06,6,8,65,28,74,167,15,1,3,0,18,1,35,35,64,92,14,28,0,105,20,74,90,3,0,1.63,0.44,0,1,0,0,166.77,93,92.15,50,0.68,0.82,0.05,2.7,2.71,2.68,1168,79,172,190,727,156,142,143,727,0,0,122495,28,22,11,59,369.28,32.06,31.21,32.21,31.33,339,175,240,754,35,23,7,396,87,31,10.52,10.79,10.75,15,10,10,754.03,514,513.04,4.64,5.83,5.63,31.07,31.08,30.67,421.23,42.63,40.29,42.89,40.53,385,191,237,813,51,43,6,403,127,46,10.99,16.13,15.52,21,18,12,814.07,576,578.97,6.61,9.81,9.81,39.43,39.54,38.69,118.51,89.72,2327,1773,0,0,0,0,0,0
8470613,2024,Brent Burns,CAR,D,all,82,103102,2071,56.85,0.53,0.57,0.56,0.6,0.55,0.59,203,196.11,7.11,10.51,61.87,6.89,112.98,77.65,6.51,7.11,6.51,10,13,174,103,184,461,29,6,11,0,53,0,107,100,168,271,14,28,0,11,36,104,266,7,4,5.06,0.73,1.31,4,2,0,460.54,277,276.84,70,2.33,2.24,0.79,8.64,8.63,7.97,2071,299,341,302,1129,263,214,307,1287,0,0,193918,28,10,5,98,1054.39,105.34,99.67,105.91,100.23,913,533,580,2026,88,102,7,1042,291,113,29.04,36.4,39.9,24,36,28,2037.99,1446,1454.03,15.31,17.88,17.55,103.09,103.61,99.32,857.64,93.28,88.29,93.27,88.28,761,406,423,1590,93,94,11,832,223,112,24.15,27.3,41.82,31,28,34,1587.72,1167,1166.88,13.47,19.97,19.97,86.78,86.92,84.15,187.73,143.57,3734,2492,0,0,0,0,0,0
8482775,2024,Oliver Kapanen,MTL,C,all,18,11761,260,-0.48,0.36,0.43,0.46,0.44,0.44,0.44,187,18.43,1.7,1.14,3.79,0.58,9.23,7.56,1.68,1.64,1.62,0,2,16,8,12,36,2,0,2,0,3,0,8,11,16,24,1,2,24,1,1,8,13,11,0,0.42,1.28,0,0,0,0,35.34,24,23.38,2,0.25,0.25,0,1.94,1.88,1.86,260,32,26,39,163,51,33,36,140,24,32,53682,2,8,4,8,80.84,6.88,6.73,6.76,6.61,67,44,63,174,5,2,0,79,28,4,2.64,3.32,0.91,3,1,1,170.78,111,108.96,1.22,0.25,0.25,7.84,7.71,7.58,107.92,12.2,11.28,12.55,11.59,102,42,64,208,9,15,2,95,29,20,2.76,3.7,5.73,0,6,3,213.39,144,146.74,1.68,3.29,3.29,10.57,10.85,10.38,45.05,59.9,790,1011,0,0,0,0,0,0
8482074,2024,Connor Zary,CGY,C,all,54,52080,1041,31.62,0.56,0.45,0.57,0.5,0.57,0.49,333,117.53,14.09,8.93,25.26,3.87,63.81,45.02,13.43,14.04,13.38,5,9,111,50,50,211,27,13,15,2,17,0,49,67,98,148,7,14,90,26,10,40,101,40,20,3.42,4.82,5.85,4,4,5,209,161,160.04,9,1.99,2.52,2.21,13.87,13.82,13.37,1041,167,86,161,627,160,177,123,581,90,151,145974,14,16,8,26,494.3,49.1,45.62,49.03,45.53,451,237,314,1002,34,55,6,512,112,64,13.85,14.1,21.15,11,11,12,992.28,688,684.29,7.57,12.25,12.25,44.42,44.24,42.39,387.66,37.85,36.81,38.14,37.08,340,188,219,747,29,42,6,397,94,37,11.89,12.19,13.77,8,11,10,752.68,528,530.88,5.04,8.69,8.69,34.2,34.43,34.07,109.41,133.9,2458,2507,0,0,0,0,0,0
8476902,2024,Esa Lindell,DAL,D,all,80,106467,1889,26.08,0.45,0.56,0.41,0.56,0.41,0.54,180,105.54,7.2,5.14,28.86,3.31,56.35,46.14,7.01,7.19,7,12,9,99,48,82,229,26,5,9,0,19,0,42,72,94,142,7,14,0,50,30,109,133,9,5,3.16,0.99,3.05,2,1,2,232.29,147,148.06,76,1.06,0.68,0.25,8.02,8,7.81,1889,104,382,305,1098,262,217,255,1155,0,0,183991,14,20,10,170,751.94,80.12,77.98,80.66,78.51,703,324,387,1414,86,71,12,728,212,87,21.99,26.64,31.49,28,28,30,1433.72,1027,1040.41,9.57,12.34,12.34,77.36,77.86,76.7,1078.13,99.59,92.93,99.11,92.42,990,488,565,2043,83,101,11,1112,252,114,31.59,30.27,37.74,28,30,25,2021.86,1478,1464.42,16.97,22.55,22.55,94.01,93.52,90.35,183.47,144.26,3408,2693,0,0,0,0,0,0
8477573,2024,Nathan Walker,STL,L,all,73,53026,1257,14.53,0.4,0.5,0.44,0.5,0.43,0.5,722,74.82,7.91,4.88,17.72,2.44,37.8,30.31,7.6,8.03,7.71,5,3,72,30,31,133,16,8,4,3,10,0,24,56,64,94,19,53,82,281,10,43,68,24,10,2.13,3.02,2.76,1,4,3,134.43,102,103.14,16,1.03,0.8,2.42,6.46,6.5,6.38,1257,80,158,270,749,166,198,158,735,82,74,213305,53,51,18,61,319.31,26.41,25.54,26.79,25.9,309,131,213,653,24,36,4,340,71,29,9.03,9.1,8.29,10,10,4,659.03,440,443.37,4.23,7.37,6.98,23.59,23.83,23.56,423.29,38.83,36.72,38.64,36.54,393,186,260,839,39,53,8,432,96,51,11.34,12.2,15.3,18,10,11,831.88,579,578.52,6.17,10.92,10.92,34.07,33.98,33.1,170.37,167.66,3316,3369,0,0,0,0,0,0
8475755,2024,Alexander Petrovic,DAL,D,all,5,4232,88,0.23,0.54,0.48,0.51,0.51,0.47,0.51,26,7.15,0.35,0.39,2.24,0.25,3.91,2.86,0.3,0.35,0.3,0,0,5,5,6,16,0,0,1,0,3,0,1,5,5,10,2,4,0,10,1,5,9,1,0,0.17,0.18,0,0,0,0,15.24,10,9.5,3,0.07,0.03,0.18,0.25,0.23,0.22,88,12,8,17,51,17,13,12,46,0,0,13768,4,0,0,6,30.7,2.67,2.58,2.6,2.51,27,14,18,59,2,3,0,29,10,2,0.7,1.39,0.58,0,1,1,56.75,41,39.33,0.36,0.37,0.37,2.66,2.58,2.53,33.85,2.24,2.2,2.3,2.26,33,13,10,56,4,1,0,37,9,0,1.32,0.92,0,2,2,0,57.7,46,47.56,0.4,0.06,0.06,2.58,2.65,2.62,14.93,15.85,224,211,0,0,0,0,0,0
8480980,2024,Connor Dewar,PIT,C,all,48,33286,832,8.64,0.35,0.5,0.39,0.5,0.4,0.5,430,54.42,7.29,3.69,12.99,1.83,26.09,20.11,6.89,7.24,6.82,1,5,55,17,32,104,10,4,7,2,10,0,25,26,51,68,4,14,53,129,6,36,42,19,11,1.43,2.32,3.55,0,1,3,103.49,72,71.42,8,0.78,1.97,2.59,5.47,5.39,5.35,832,39,135,124,534,102,107,100,523,53,71,141110,14,26,10,37,199.55,16.44,15.8,16.35,15.69,172,103,110,385,13,19,2,214,42,19,5.62,5.2,5.63,7,3,3,382.43,275,273.22,2.57,4.12,4.12,14.9,14.76,14.63,300.94,30.32,28.31,30.68,28.63,267,151,181,599,25,37,5,313,68,37,8.17,8.75,13.4,5,9,11,604.74,418,420.94,4.61,7.85,7.85,27.09,27.38,26.43,133.57,132.61,2354,2384,0,0,0,0,0,0
8484144,2024,Connor Bedard,CHI,C,all,82,99805,1697,37.73,0.47,0.4,0.49,0.41,0.48,0.41,119,208.64,19.09,14.5,46.74,6.65,119.82,81.2,18.55,19.1,18.56,28,16,195,93,114,402,67,23,19,0,49,1,89,107,172,265,26,60,251,47,26,90,222,49,17,7.5,5.55,6.04,9,12,2,399.8,288,287.78,24,3.29,3.7,2.42,19.96,19.96,19.57,1697,339,125,286,947,139,274,297,987,251,405,198065,60,28,14,37,839.21,86.2,81.1,86.27,81.14,776,378,439,1593,101,74,10,841,208,105,25.25,25.18,35.78,38,31,32,1581.72,1154,1149.62,13.76,15.36,15.36,84.6,84.6,81.39,891.56,96.98,93.35,97.88,94.22,830,413,428,1671,96,105,14,917,221,105,28.13,28.04,40.81,36,30,30,1693.02,1243,1258.78,12.3,19.23,19.23,89.99,90.7,88.95,119.85,181.65,2450,3477,0,0,0,0,0,0
8475343,2024,Nic Dowd,WSH,C,all,82,74666,1719,26.07,0.44,0.55,0.4,0.53,0.41,0.54,492,94.4,13.92,6.58,20.72,3.38,46.95,38.43,13.61,14.05,13.73,5,8,86,44,36,166,27,14,8,2,16,1,33,58,72,116,19,46,596,128,32,51,66,45,19,2.26,5.45,6.21,3,7,4,169.55,130,133.14,27,1.41,1.87,2.84,12.49,12.67,12.6,1719,56,530,286,847,276,182,237,1024,596,599,223868,46,34,17,82,506.57,57.36,55.6,57.89,56.14,457,248,288,993,49,46,6,510,124,71,13.86,15.81,27.7,15,13,21,1008.71,705,715.59,6.38,10.53,10.53,53.22,53.75,52.89,730.44,72,66.51,71.63,66.16,639,367,463,1469,67,71,8,741,186,79,21.29,22.72,27.98,17,25,25,1459.41,1006,1000.16,12.07,15.49,15.49,68.59,68.37,64.72,216.85,178.38,3891,3440,0,0,0,0,0,0
8477935,2024,Sam Bennett,FLA,C,all,76,79588,1681,61.54,0.61,0.52,0.61,0.53,0.59,0.52,357,246.04,32.86,17.62,55.7,8.32,128.38,89.12,30.44,32.88,30.44,17,9,241,91,90,422,51,25,31,5,44,0,122,110,216,307,34,80,450,145,27,57,209,80,43,6.79,9.84,16.22,3,8,14,424.85,332,333.83,21,4.11,7.88,9.15,27.81,27.9,26.77,1681,306,135,276,964,271,231,285,894,450,523,196912,80,52,20,45,925.39,104.68,94.3,105.05,94.64,861,404,470,1735,84,124,13,896,224,145,26.01,27.64,51.04,27,22,35,1746.83,1265,1271.89,15.18,31.45,31.56,88.3,88.7,84.14,629.29,66.76,62.86,66.59,62.72,579,282,261,1122,72,63,7,624,157,80,17.68,19.41,29.68,21,26,25,1121.21,861,859.84,8.35,13.65,13.65,61.46,61.41,59.07,161.58,151.73,3321,2915,0,0,0,0,0,0
8482809,2024,Jackson Blake,CAR,R,all,80,66460,1332,58.58,0.66,0.53,0.66,0.57,0.65,0.55,626,154.73,23.35,13.36,32.83,5.36,78.29,51.82,20.14,23.5,20.28,12,5,143,62,43,248,34,17,26,1,28,1,68,65,126,188,15,30,15,19,20,54,104,68,33,3.88,8.4,11.07,4,12,1,252.43,205,207.49,18,3.12,6.78,7.51,18.96,19.09,17.65,1332,284,101,202,745,280,171,199,682,15,15,223360,30,42,22,30,736.73,74.37,66.96,74.77,67.33,679,327,412,1418,60,74,7,728,195,83,21.02,24.09,29.26,19,26,15,1428.49,1006,1010.86,11.41,17.2,17.34,68.44,68.67,64.17,389.53,37.94,37.02,37.73,36.81,340,190,207,737,31,42,7,380,105,45,10.33,12.8,14.81,10,12,9,732.7,530,529.09,5.09,9.22,9.22,33.81,33.68,33.41,212.74,192.39,4218,3235,0,0,0,0,0,0
8482101,2024,Danil Gushchin,SJS,L,all,12,8856,180,0.86,0.43,0.42,0.48,0.45,0.48,0.44,110,21.36,1.88,1.44,5.14,0.72,10.93,7.89,1.85,1.87,1.84,1,0,16,12,13,41,1,0,0,0,3,0,8,17,16,28,3,6,1,6,0,1,16,10,2,0.41,1.02,0.45,0,0,0,40.4,28,27.89,0,0.31,0,0.09,2.1,2.1,2.08,180,24,20,24,112,26,28,22,104,1,0,34757,6,4,2,6,69.8,4.99,4.93,4.93,4.87,59,36,39,134,5,2,1,76,16,3,1.9,1.89,1.2,2,2,1,130.56,95,93.49,0.89,0.25,0.25,5.62,5.57,5.53,74.51,6.68,6.44,6.86,6.62,68,35,41,144,6,8,0,79,17,7,2.53,1.86,2.29,4,1,1,150.27,103,106.69,1.02,1.61,1.61,6.09,6.25,6.09,25.43,34.96,539,667,0,0,0,0,0,0
8483468,2024,Jiri Kulich,BUF,C,all,62,55029,1291,31.25,0.53,0.48,0.54,0.49,0.54,0.49,437,148.67,15.79,10.58,34.85,5,78.48,55.3,14.72,15.86,14.78,5,4,134,66,62,262,24,15,18,2,29,0,66,72,119,185,8,18,254,40,15,33,149,29,22,5.49,3.82,6.49,8,4,3,264.03,200,201.45,13,2.33,4.06,5.14,12.99,13.08,12.61,1291,214,158,218,701,192,170,201,728,254,304,170218,18,16,8,36,555.36,54.95,50.79,55.22,51.03,509,249,292,1050,51,67,6,576,113,69,17.11,14.25,23.59,23,16,12,1053,758,759.85,8.53,15.45,15.46,48.01,48.22,46.53,475.52,48.29,44.86,48.16,44.73,427,223,233,883,50,51,7,470,124,56,13.57,15.62,19.09,21,15,14,880.42,650,650.83,6.64,10.76,10.76,44.17,44.04,42.55,146.66,157.04,2703,2814,0,0,0,0,0,0
8482062,2024,Cole Smith,NSH,R,all,71,57961,1386,10.29,0.39,0.52,0.43,0.54,0.41,0.53,577,73.07,8.56,4.95,14.88,2.41,37.43,32.75,8.38,8.58,8.4,4,4,69,32,39,140,12,4,13,0,11,0,37,36,65,97,19,59,9,163,18,41,63,30,8,2.34,3.57,2.66,2,2,0,139.44,101,101.04,13,1.05,3.38,1.02,8.6,8.59,8.47,1386,48,282,254,802,208,147,188,843,9,8,199442,59,58,19,29,378.95,35.3,34.34,35.04,34.09,356,167,225,748,22,43,3,384,104,35,10.75,12.65,11.9,10,8,4,737.58,523,517.55,5.05,8.62,8.29,32.07,31.89,31.33,544.77,54.38,50.34,54.67,50.63,512,230,257,999,51,46,3,543,144,55,16.08,17.65,20.64,19,18,14,1007.81,742,748.02,8.77,10.21,10.21,52.94,53.28,50.65,185.29,168.79,3565,3061,0,0,0,0,0,0
8474673,2024,TJ Brodie,CHI,D,all,54,50649,1049,0.47,0.43,0.44,0.45,0.44,0.43,0.44,282,30.72,1.5,1.91,8.97,1.14,18.75,13.74,1.48,1.48,1.46,1,7,23,23,31,77,10,2,3,0,6,0,12,23,21,44,9,18,0,16,14,46,43,2,1,1.09,0.2,0.21,2,0,0,75.94,46,45.13,28,0.39,0.81,0.06,1.83,1.8,1.78,1049,83,95,123,748,118,180,121,630,0,0,144778,18,6,3,58,353.76,28.89,27.96,28.71,27.79,322,164,208,694,24,35,4,371,84,31,10.46,10.34,8.08,10,10,4,686.24,486,480.61,4.68,6.82,6.82,26.74,26.64,26.27,460.54,38.92,37.59,39.24,37.91,426,206,223,855,44,46,2,469,127,36,13.38,15.94,9.59,22,18,4,865.17,632,638.1,6.39,8.67,8.67,36.63,36.93,36.36,107.5,139.09,1986,2523,0,0,0,0,0,0
8481704,2024,Juuso Parssinen,NYR,C,all,48,30341,717,8.93,0.39,0.47,0.47,0.52,0.45,0.5,476,33.4,3.76,2.47,7.47,1.18,18.1,14,3.74,3.82,3.79,5,5,30,17,14,61,16,6,5,0,3,0,12,21,24,41,8,19,92,86,4,18,28,14,5,0.88,1.68,1.21,3,3,0,61.6,47,47.42,8,0.53,1.29,0.23,4.06,4.13,4.12,717,88,49,108,472,88,88,86,455,92,104,143687,19,7,2,29,202.35,16.04,15.59,16.34,15.89,191,91,136,418,18,13,2,223,43,16,6.08,5.16,4.8,10,5,3,424.72,282,285.87,2.8,3.57,3.57,15.28,15.6,15.51,252.21,24.69,23.64,24.37,23.33,240,104,131,475,22,31,3,252,64,28,7.53,7.83,9.32,8,8,6,467.69,344,340.03,3.49,6.25,6.15,22.03,21.81,21.46,111.88,125.4,2463,2311,0,0,0,0,0,0
8479372,2024,Joshua Mahura,SEA,D,all,64,52820,1095,7.75,0.43,0.48,0.45,0.49,0.47,0.49,365,61.98,2.62,3.33,18.06,2.03,35.65,26.3,2.58,2.59,2.55,5,4,58,30,47,135,9,0,5,0,15,0,25,43,58,88,10,20,0,89,10,41,86,1,1,1.83,0.2,0.6,0,0,0,132.95,88,86.1,29,0.67,0.96,0.33,2.97,2.93,2.89,1095,102,99,175,719,158,169,125,643,0,0,179063,20,8,4,54,380.86,30.73,29.99,30.59,29.84,343,181,199,723,34,30,2,408,88,28,11.11,10.84,8.78,15,15,4,716.56,524,518.55,4.94,6.24,6.24,29.44,29.18,28.89,430.66,40.48,37.33,40.78,37.62,378,224,274,876,34,45,5,446,110,46,12.4,13.78,14.31,14,11,9,886.61,602,608.84,6.07,8.57,8.57,37.98,38.18,35.72,153.05,166.73,2982,3067,0,0,0,0,0,0
8475842,2024,Sam Carrick,NYR,C,all,80,57273,1366,13.13,0.45,0.49,0.43,0.51,0.43,0.51,712,93.52,10.43,6.01,20.75,3.11,45.62,38.08,9.68,10.51,9.76,9,5,84,40,40,164,20,6,8,1,12,0,37,61,78,118,23,58,375,137,16,52,81,27,16,2.27,3.13,5.03,2,2,2,167.28,124,126.58,21,1.27,1.62,3.52,8.18,8.33,8.19,1366,63,243,196,864,195,190,168,813,375,317,232514,58,36,12,42,398.83,37.88,36.28,38.29,36.69,348,197,211,756,31,42,1,402,95,48,10.58,11.42,15.88,13,12,6,768.81,545,553.87,5.3,8.35,8.35,34.83,35.35,34.69,524.24,45.48,43.94,45.48,43.96,467,244,299,1010,33,50,4,522,147,42,14.49,18.57,12.42,14,13,6,1008.6,711,708.59,7.78,7.87,7.87,45.38,45.31,44.54,216.3,223.66,4079,3852,0,0,0,0,0,0
8475766,2024,Austin Watson,DET,L,all,13,6126,155,3.33,0.37,0.47,0.5,0.47,0.5,0.48,154,13.47,1.15,0.78,3.19,0.43,7.02,5.43,1.09,1.18,1.13,0,0,13,5,5,23,3,3,0,1,1,0,4,10,10,15,2,7,2,36,1,5,14,1,3,0.34,0.16,0.65,1,0,2,23.06,18,18.27,2,0.16,0,0.37,0.94,0.99,0.97,155,20,9,24,102,15,19,12,109,2,1,41139,7,5,1,2,49.31,3.42,3.34,3.58,3.49,45,20,24,89,5,3,2,53,6,6,1.13,0.74,1.55,1,0,4,89.06,65,65.58,0.57,0.85,0.85,3.14,3.25,3.23,49.22,5.92,5.46,5.86,5.41,35,30,24,89,4,6,0,39,16,10,1.07,2.04,2.81,2,1,1,89.01,65,64.82,0.69,1.35,1.35,5.27,5.2,5.03,31.5,35.36,613,680,0,0,0,0,0,0
8477402,2024,Pavel Buchnevich,STL,L,all,76,86761,1736,49.7,0.53,0.47,0.52,0.47,0.52,0.47,211,159.14,21.31,11.6,33.75,5.31,86.32,59.78,20.52,21.38,20.59,21,16,145,74,76,295,57,20,20,3,34,0,66,79,125,199,10,23,85,44,15,70,127,67,25,4.22,7.73,9.36,8,6,6,297.02,219,220.15,19,2.66,3.61,3.91,20,20.12,19.69,1736,356,260,237,883,199,213,293,1031,85,143,190494,23,19,8,32,782.49,84.91,81.56,85.28,81.89,707,365,408,1480,96,65,13,760,211,101,22.68,25.36,36.88,35,28,33,1480.23,1072,1071.27,12.43,14.34,14.44,82.84,83.2,80.9,723.29,74.78,72.03,75.09,72.3,675,324,365,1364,78,79,5,721,192,86,20.61,23.76,30.42,22,28,28,1362.38,999,1002.94,10.93,15.48,15.5,70.21,70.41,69.09,119.7,137.6,2713,3039,0,0,0,0,0,0
8475231,2024,Casey Cizikas,NYI,C,all,82,64160,1497,20.81,0.43,0.5,0.47,0.51,0.48,0.51,697,114,11.71,7.9,28.49,4.21,60.92,45.77,11.23,11.61,11.13,8,2,97,62,38,197,17,7,12,2,23,0,53,64,90,152,16,41,337,202,18,42,112,35,12,3.6,4.55,3.56,4,0,3,197.09,159,158.7,16,1.68,2.61,4.05,9.35,9.32,9.13,1497,125,207,236,929,205,170,187,935,337,274,234522,41,46,19,66,492.41,40.06,38.53,39.78,38.27,460,231,272,963,32,53,7,544,112,35,14.95,13.83,11.28,18,6,8,960.12,691,689.15,6.63,10.34,10.34,36.35,36.16,35.34,551.08,53.74,50.31,53.83,50.38,481,275,317,1073,57,59,7,555,144,57,16.16,17.54,20.04,24,18,15,1078.66,756,758.83,8.02,14.42,14.42,47.34,47.49,46.15,203,205.58,4070,3974,0,0,0,0,0,0
8478409,2024,Anthony Richard,PHI,C,all,15,11127,246,5.96,0.55,0.48,0.53,0.44,0.53,0.45,145,22.89,1.81,1.61,5.05,0.74,13.06,8.72,1.8,1.78,1.76,4,0,19,12,5,36,6,2,3,0,4,0,9,13,17,29,0,0,0,8,3,6,27,3,1,0.93,0.34,0.54,2,0,0,34.4,31,29.96,4,0.36,0.71,0.07,2.1,2.06,2.05,246,35,22,38,151,33,42,34,137,0,2,44317,0,4,2,8,102.57,8.7,8.4,8.7,8.39,102,39,47,188,9,8,2,113,20,8,3.38,2.44,2.89,6,1,2,187.07,141,140.17,1.69,1.96,1.96,8.43,8.4,8.31,89.47,7.09,6.95,7.09,6.95,88,36,46,170,11,4,0,92,28,4,2.35,3.46,1.28,7,3,1,172.2,124,124.68,1.11,0.76,0.76,7.44,7.44,7.32,34.74,37.42,632,798,0,0,0,0,0,0
8476389,2024,Vincent Trocheck,NYR,C,all,82,103807,1994,68.76,0.49,0.48,0.55,0.47,0.54,0.47,134,229.2,29.11,17.77,49.17,8.04,122.54,90.37,27.35,29.34,27.57,17,16,202,115,63,380,59,26,29,4,41,0,96,125,176,291,19,44,910,214,33,95,195,88,34,6.2,11.02,11.88,9,10,7,382.57,317,319.07,36,4.11,5.82,6.1,27.11,27.22,26.07,1994,373,338,281,1002,250,223,357,1164,910,624,193180,44,60,27,78,1034.24,109.44,101.95,109.89,102.37,890,544,553,1987,106,103,15,1056,256,122,31.21,30.98,47.26,41,34,31,1996.53,1434,1441.05,16.86,22.64,22.64,103.67,103.99,99.52,899.79,112.93,107.51,113.1,107.69,814,403,428,1645,103,97,9,817,250,150,23.88,31.03,58.02,32,29,42,1645.23,1217,1219.36,14.24,22.86,22.86,104.3,104.38,101.32,149.23,164.04,2952,3348,0,0,0,0,0,0
8477476,2024,Artturi Lehkonen,COL,L,all,69,84380,1605,62.33,0.56,0.5,0.58,0.51,0.57,0.52,218,171.42,27.54,13.62,37.25,6.1,88.09,60.4,25.97,27.78,26.21,11,7,148,85,59,292,45,27,15,5,16,0,94,81,121,206,16,34,7,33,12,55,112,80,41,4.53,10.14,12.88,8,9,10,294.11,233,234.14,9,3.14,2.51,8.54,22.14,22.35,21.43,1605,307,151,243,904,203,208,244,950,7,9,166649,34,22,11,39,866.18,91.01,86.16,91.62,86.75,815,390,445,1650,105,92,13,888,208,109,27.5,25.79,37.73,41,28,36,1657.6,1205,1209.26,13.53,19.33,19.33,85.21,85.7,82.49,655.07,70.55,66.91,70.44,66.8,577,325,290,1192,55,86,9,658,155,89,17.27,19.27,34.02,19,11,25,1187.12,902,899.51,9.32,18.64,18.64,61.24,61.14,59.61,121.51,123.55,2758,2598,0,0,0,0,0,0
8478508,2024,Yakov Trenin,MIN,C,all,76,57075,1134,11.11,0.44,0.51,0.43,0.49,0.42,0.5,657,102.69,11.56,6.76,24.01,3.45,53.77,41.44,10.98,11.48,10.91,5,3,85,56,37,178,15,7,8,1,11,1,39,75,78,134,19,54,21,241,12,51,98,28,15,2.85,3.8,4.91,1,2,4,178.11,141,140.84,21,1.44,1,2.72,10.29,10.21,9.88,1134,82,178,181,693,170,141,177,646,21,27,219909,54,44,19,32,387.52,36.26,34.63,36.43,34.78,364,171,230,765,33,41,5,396,101,38,10.08,12.98,13.21,8,13,12,765.22,535,535.53,4.98,7.1,7.1,34.14,34.2,33.14,548.31,46.61,44.8,46.85,45.04,483,268,276,1027,47,58,2,576,129,46,15.8,15.91,14.91,15,20,12,1028.23,751,752.71,8.12,10.45,10.45,44.28,44.47,43.57,186.87,177.44,3585,3752,0,0,0,0,0,0
8474567,2024,Zach Bogosian,MIN,D,all,81,76822,1577,7.73,0.4,0.53,0.41,0.5,0.41,0.51,384,82.97,2.46,4.28,22.72,2.84,50.06,39.64,2.42,2.45,2.4,6,6,79,43,76,198,16,4,7,0,20,0,34,57,75,118,19,43,0,81,22,68,119,3,0,2.05,0.41,0,3,1,0,198.64,122,121.86,45,0.87,0.81,0.1,3.22,3.22,3.16,1577,89,212,166,1110,181,227,229,940,0,0,218162,43,13,5,80,542.53,47.65,45.91,48.08,46.33,494,267,274,1035,44,46,4,580,137,44,16.11,16.74,14.79,16,14,14,1041.01,761,765.6,7.15,9.21,9.21,45.58,45.99,45.45,780.09,70.32,65.48,70.33,65.51,720,360,379,1459,73,70,10,814,186,80,21.88,22.33,26.11,26,24,23,1459.95,1080,1079.83,11.68,15.93,15.93,66.07,66.1,63.49,187.11,165.56,3559,3571,0,0,0,0,0,0
8479351,2024,Sam Steel,DAL,C,all,79,67025,1452,26.7,0.45,0.53,0.47,0.51,0.46,0.5,615,92.75,8.6,5.52,21.44,2.89,46.64,38.9,8.25,8.61,8.25,9,10,89,35,53,177,25,6,10,0,17,0,35,56,83,118,14,31,214,60,13,41,87,29,8,2.82,3.69,2.1,3,3,0,178.45,124,125.45,13,1.17,1.17,1.72,8.05,8.1,8.02,1452,117,246,226,863,247,183,166,856,214,186,219833,31,47,21,26,474.9,44.67,43.06,44.58,43,425,224,292,941,34,60,4,470,135,44,13.68,17.25,13.75,12,11,11,945.78,649,652.1,6.21,9.45,9.39,41.5,41.61,40.94,573.46,54.77,51.63,54.63,51.49,522,255,275,1052,52,47,4,565,150,62,15.38,17.82,21.58,19,17,16,1043.54,777,771.51,8.68,9.8,9.8,53.65,53.48,51.79,213.92,189.74,3799,3596,0,0,0,0,0,0
8480802,2024,Ryan McLeod,BUF,C,all,79,79759,1817,44.31,0.42,0.51,0.46,0.51,0.46,0.51,396,112.17,16.71,7.45,24.08,3.91,54.4,46.43,15.94,16.79,16.03,18,15,98,55,47,200,53,20,10,3,11,1,31,80,78,133,8,16,630,17,26,70,100,34,19,3.53,4.32,8.85,6,5,9,202.86,153,154.94,31,1.63,1.66,3.49,14.85,14.94,14.54,1817,212,370,295,940,248,231,278,1060,630,574,207768,16,18,10,35,625.17,59.72,57.02,59.78,57.1,571,297,308,1176,77,52,8,655,158,55,18.61,19.23,21.88,35,24,18,1176.54,868,869.83,8.83,10.75,10.75,57.8,57.91,56.1,750.23,82.59,76.99,82.47,76.9,684,354,367,1405,84,77,10,733,213,92,22.24,26.49,33.86,27,29,28,1399.7,1038,1034.64,12.13,15.98,16.34,78.37,78.4,75.26,186.09,182.26,3488,3336,0,0,0,0,0,0
8483808,2024,Andrei Kuzmenko,LAK,L,all,66,61895,1181,36.03,0.63,0.48,0.59,0.49,0.58,0.49,431,98,11.4,7.64,23.55,3.49,52.9,35.02,10.9,11.52,11.02,15,11,83,51,49,183,37,11,11,0,16,0,40,56,72,123,7,14,1,19,22,57,90,28,16,3.17,3.44,4.8,6,2,3,183.88,134,135.03,12,1.76,2.78,1.8,11.37,11.45,11.13,1181,236,66,173,706,161,193,202,625,1,0,178263,14,32,16,22,612.69,61.65,58.22,61.74,58.32,554,291,363,1208,64,55,2,626,144,75,18.07,17.66,25.91,23,22,19,1208.27,845,846.46,9.8,13.09,13.09,58.36,58.46,56.73,448.68,36.38,35.16,36.7,35.46,398,220,237,855,44,37,1,481,107,30,13.33,12.95,10.1,24,13,7,862.12,618,623.1,5.64,8.04,8.04,33.99,34.36,33.8,138.3,152.8,2872,3032,0,0,0,0,0,0
8481422,2024,Jake Lucchini,NSH,C,all,3,2068,46,-0.4,0.2,0.63,0.41,0.53,0.36,0.56,30,2.07,0.13,0.13,0.47,0.07,1.32,0.88,0.13,0.13,0.13,0,0,2,1,0,3,0,0,0,0,0,0,1,2,2,3,1,2,1,2,0,0,2,1,0,0.04,0.09,0,0,0,0,2.94,3,2.97,0,0.03,0,0,0.15,0.15,0.15,46,1,6,6,33,4,5,5,32,1,1,8732,2,0,0,0,10.92,0.73,0.73,0.72,0.72,8,7,11,26,1,0,0,12,3,0,0.44,0.28,0,0,1,0,25.31,15,14.74,0.16,0,0,0.89,0.88,0.88,20.65,2.86,2.72,2.87,2.74,18,9,11,38,4,4,0,14,8,5,0.52,0.95,1.39,3,0,1,39.3,27,27.63,0.41,0.61,0.61,2.65,2.67,2.56,11.5,6.73,168,149,0,0,0,0,0,0
8475168,2024,Matt Duchene,DAL,C,all,82,84343,1693,69.8,0.57,0.49,0.55,0.48,0.54,0.47,340,165.08,21.23,11.88,37.13,5.7,87.35,59.71,20.41,21.33,20.5,26,26,152,71,74,297,82,30,21,3,25,2,69,76,122,193,6,12,440,29,21,78,138,64,21,4.79,8.4,8.04,9,13,8,300.76,223,225.8,23,2.66,4.42,5.02,18.88,19,18.47,1693,291,174,244,984,249,240,270,934,440,400,213315,12,16,8,21,859.2,98.69,94.15,99.08,94.53,773,396,443,1612,108,97,13,778,278,113,24,34.98,39.71,32,36,40,1624.68,1169,1177.46,13.95,19.53,19.53,93.1,93.49,90.55,714.5,73.4,70.21,72.74,69.6,638,342,322,1302,61,71,11,713,186,81,21.5,22.45,29.45,21,22,18,1290.91,980,972.04,9.55,14.05,14.05,68.9,68.42,66.78,171.15,180.04,3309,3549,0,0,0,0,0,0
8474090,2024,Brendan Smith,DAL,D,all,32,25361,577,5.47,0.46,0.55,0.49,0.52,0.47,0.51,182,33.45,1.81,1.85,8.8,1.16,19.55,14.84,1.77,1.79,1.75,2,3,27,21,32,80,6,1,3,0,5,0,22,17,26,47,12,33,0,41,7,28,43,4,1,1.02,0.58,0.21,1,0,0,78.94,48,47.92,19,0.38,0.13,0.29,1.89,1.89,1.86,577,43,65,75,394,82,114,75,306,0,0,90747,33,37,12,23,208.38,18.33,17.5,18.52,17.67,177,110,117,404,15,21,2,211,60,16,6.44,7.38,4.51,6,5,4,407.29,287,288.59,2.72,3.81,3.81,17.25,17.45,17.04,240.75,21.75,20.93,21.64,20.83,240,87,100,427,28,21,4,240,63,24,7.2,7.47,7.07,10,9,9,424.95,327,325.36,3.38,3.74,3.74,21.38,21.31,20.99,85.91,71.73,1496,1390,0,0,0,0,0,0
8476879,2024,Cody Ceci,DAL,D,all,85,108180,2077,7.25,0.35,0.48,0.39,0.5,0.38,0.49,212,91.56,3.5,4.72,25.67,3.31,51.41,40.39,3.41,3.49,3.4,6,14,90,39,91,220,24,4,3,0,27,0,38,57,86,125,12,24,0,76,23,77,121,5,3,2.28,0.49,0.72,3,1,0,216.16,129,127.51,50,0.98,0.36,0.45,4.03,4.03,3.94,2077,155,377,361,1184,239,315,313,1210,0,0,200779,24,20,10,155,736.59,67.34,65.04,67.47,65.14,696,326,414,1436,81,58,10,770,187,65,21.99,22.92,22.42,41,25,15,1426.82,1022,1020.18,9.61,11.7,11.7,65.24,65.29,63.92,1212.6,122.38,114.74,122.95,115.26,1121,545,591,2257,106,138,14,1220,303,143,36.79,36.94,48.66,36,36,34,2273.75,1666,1673.69,19.03,32.35,32.35,109.07,109.61,106.12,173.16,185.27,3346,3377,0,0,0,0,0,0
8482700,2024,Nolan Allan,CHI,D,all,43,39031,821,-3.87,0.36,0.44,0.4,0.46,0.39,0.46,222,23.6,1.04,1.21,7.03,0.79,13.3,9.63,1.03,1.02,1.01,3,4,17,16,31,64,8,1,0,0,6,0,11,15,16,32,8,16,0,61,8,22,30,3,0,0.65,0.39,0,1,0,0,62.07,33,32.14,15,0.25,0,0.02,1.26,1.24,1.23,821,41,88,105,587,91,136,116,478,0,0,116603,16,0,0,48,245.87,19.23,18.89,19.01,18.68,234,101,146,481,21,17,1,264,53,18,7.32,6.54,5.37,10,7,4,470.4,335,329.86,3.2,3.35,3.12,19.31,19.12,18.97,383.28,33.5,32.03,34.33,32.82,354,170,194,718,35,46,4,389,94,41,10.58,11.99,10.93,15,13,7,730.62,524,532.02,5.67,8.34,8.34,30.83,31.49,30.78,86.66,109.07,1671,1938,0,0,0,0,0,0
8478882,2024,Vladislav Gavrikov,LAK,D,all,82,113586,2069,50.05,0.5,0.57,0.49,0.55,0.48,0.56,172,115.27,5.98,6.81,33.15,4.14,67.91,51.01,5.85,6.01,5.88,9,16,112,57,116,285,30,5,10,0,31,0,53,70,107,164,15,28,0,50,22,69,158,8,3,3.29,1.13,1.56,5,0,0,288.92,169,170.86,41,1.41,1.92,0.55,6.84,6.89,6.83,2069,128,358,312,1271,303,197,324,1245,0,0,184215,28,14,7,140,891.13,87.3,84.53,87.97,85.19,805,428,494,1727,80,85,11,928,213,92,25.48,26.42,35.4,31,22,27,1750.61,1233,1247.88,11.7,18.95,18.87,80.13,80.79,79.82,953.43,88.24,84.52,87.89,84.17,858,452,520,1830,91,88,13,981,240,89,27.37,29.83,31.04,37,34,20,1811.86,1310,1300.2,16.05,18.73,18.73,85.5,85.11,82.77,163.65,125.66,3328,2673,0,0,0,0,0,0
8478438,2024,Tommy Novak,PIT,C,all,54,42869,955,29.78,0.56,0.5,0.59,0.51,0.58,0.5,466,90.49,10.25,6.88,20.34,3,48.65,34.89,10.02,10.18,9.95,7,2,92,32,31,155,22,13,12,4,17,2,27,53,79,111,2,4,94,6,12,48,84,28,12,3.16,3.5,3.58,3,5,5,153.17,124,123.47,13,1.49,2.26,2.2,9.53,9.46,9.33,955,121,46,120,668,142,109,111,593,94,126,152539,4,8,4,26,426.8,40.45,38.27,40.1,37.93,408,179,244,831,30,54,7,432,109,46,12.81,13.37,14.27,9,10,11,819.91,587,582.26,6.57,12.14,12.14,34.89,34.57,33.8,310.61,32.36,30.62,32.54,30.81,283,138,167,588,30,36,4,292,90,39,8.45,11.05,12.86,10,8,12,599.39,421,427.01,4.29,7.77,7.77,28.88,29.1,28.39,136.21,137.58,2544,2492,0,0,0,0,0,0
8477492,2024,Nathan MacKinnon,COL,C,all,79,107989,1898,134.88,0.63,0.45,0.64,0.47,0.63,0.47,127,317.25,29.52,21.84,70.39,10.18,180.31,120.75,28.56,29.56,28.6,53,31,320,113,157,590,116,32,32,4,55,2,151,161,288,401,14,31,756,38,27,121,335,72,26,11.6,8.49,9.42,14,10,8,590.19,433,433.14,24,4.93,5.58,4.31,30.14,30.19,29.48,1898,453,151,332,962,214,219,335,1130,756,758,179299,31,53,25,58,1255.49,142.69,134.27,142.99,134.56,1174,564,685,2423,151,133,20,1251,324,163,40.54,40.23,61.92,54,40,57,2426.05,1738,1739.07,21.06,31.11,31.36,132.4,132.61,127.47,737.84,85.63,81.4,85.62,81.39,658,350,375,1383,76,98,14,689,211,108,19.06,26.71,39.86,21,21,34,1383.44,1008,1008.65,10.21,21.58,21.58,74.25,74.25,72.47,107.75,134.28,2645,2932,0,0,0,0,0,0
8480012,2024,Elias Pettersson,VAN,C,all,64,71656,1430,41.94,0.56,0.46,0.54,0.47,0.55,0.46,168,131.5,13.01,10.14,30.06,4.66,77.1,52.03,12.39,12.96,12.34,19,11,109,78,64,251,45,15,10,4,23,1,64,74,94,172,7,14,458,74,22,45,135,43,9,4.61,5.64,2.75,5,9,1,250.01,187,186.29,16,2.38,2.42,2.59,12.79,12.75,12.36,1430,247,177,198,808,153,152,221,904,458,506,161550,14,44,22,77,619.7,65.62,62.66,65.53,62.57,558,316,361,1235,75,60,12,656,141,77,18.17,17.72,29.74,26,24,25,1233.64,874,874.7,10.53,14.6,14.6,61.55,61.51,59.55,518.23,52.17,49.92,52.19,49.95,462,259,318,1039,59,52,7,549,109,63,15.14,13.8,23.24,26,14,19,1039.1,721,721.41,7.15,10.83,10.83,48.43,48.51,47.15,107.13,127.86,2324,2615,0,0,0,0,0,0
8480995,2024,Pontus Holmberg,TOR,R,all,68,51662,1179,18.8,0.48,0.5,0.45,0.48,0.45,0.49,587,78.13,10.36,5.42,15.7,2.49,41.28,32.73,9.97,10.5,10.1,5,7,69,39,42,150,19,7,6,2,11,0,37,47,62,101,12,27,139,46,9,26,70,26,12,2.38,2.9,5.08,1,1,5,152.08,108,109.5,8,1.14,1.16,1.96,9.55,9.67,9.57,1179,107,134,156,782,177,176,135,691,139,146,194848,27,59,28,53,388.99,35.39,33.75,35.69,34.04,346,187,236,769,29,34,3,412,78,43,11.22,9.58,14.58,12,7,10,777.57,533,539.64,5.12,8.11,7.91,32.6,32.86,32.45,456.01,38.33,36.85,38.26,36.77,391,252,302,945,33,48,3,507,93,43,13.14,11.49,13.7,11,11,11,930.72,643,637.74,6.65,8.21,8.21,36.76,36.63,35.6,183.52,183.62,3119,3395,0,0,0,0,0,0
8478483,2024,Mitch Marner,TOR,R,all,81,103593,2001,87.64,0.53,0.46,0.51,0.45,0.52,0.46,138,192.69,23.73,12.89,43.33,6.19,101.4,75.46,22.58,23.91,22.73,47,28,173,90,130,393,102,27,18,5,32,2,96,88,146,236,7,14,10,49,56,106,189,44,30,6.31,5.49,11.93,7,8,12,394.09,263,264.12,33,2.96,3.69,3.77,22.92,22.99,22.19,2001,360,376,333,932,181,215,340,1265,10,24,190442,14,36,18,40,1000.59,128.17,119.2,128.41,119.45,923,445,483,1851,134,115,20,917,288,163,28.82,36.72,62.64,37,46,51,1852.42,1368,1372.27,17.33,25.36,25.29,120.21,120.36,114.11,927.44,112.76,104.08,112.87,104.21,877,394,482,1753,97,115,9,905,215,151,24.87,27.38,60.5,35,27,35,1751.46,1271,1275.04,14.66,24.63,24.63,102.8,102.98,98.37,128.09,150.99,2745,3384,0,0,0,0,0,0
8483678,2024,Elias Pettersson,VAN,D,all,28,21541,513,5.08,0.49,0.51,0.51,0.49,0.5,0.49,159,30.15,1.14,1.64,8.86,0.98,18.14,13.25,1.12,1.12,1.11,1,1,19,25,24,68,3,1,1,0,9,0,16,17,18,43,6,17,0,39,1,24,42,2,0,0.93,0.21,0,1,0,0,67.41,44,43.58,17,0.32,0.17,0.03,1.43,1.42,1.4,513,53,24,68,368,57,78,44,334,0,0,81311,17,25,10,16,168.11,14.75,14.16,14.54,13.98,142,95,110,347,5,11,0,185,36,16,5.08,4.69,4.97,4,1,0,346.93,237,237.27,2.32,2.66,2.66,14.4,14.25,13.93,172.28,15.06,14.6,15.22,14.73,146,93,94,333,11,19,1,187,35,17,5.16,4.49,5.41,5,3,3,332.18,239,237.16,2.28,3.66,3.66,13.68,13.78,13.54,72.35,68.35,1291,1326,0,0,0,0,0,0
8475197,2024,Tyson Barrie,CGY,D,all,13,12325,282,3.12,0.47,0.48,0.52,0.51,0.52,0.51,64,16.96,0.57,0.99,4.95,0.56,10.61,7.32,0.56,0.57,0.56,2,0,19,6,15,40,3,1,3,0,4,0,8,9,18,24,2,4,0,10,2,11,25,0,0,0.57,0,0,1,0,0,38.94,25,24.67,9,0.21,0.64,0.06,0.72,0.72,0.7,282,32,12,33,205,34,51,45,152,0,0,34810,4,2,1,12,111.7,9.34,9.02,9.29,8.97,103,56,63,222,8,12,0,121,29,9,3.4,3.49,2.45,4,3,1,217.51,159,156.54,1.71,1.8,1.8,9.26,9.21,9,103.46,10.42,10.11,10.66,10.35,92,52,57,201,11,7,0,109,23,12,2.72,2.98,4.72,6,2,3,206.81,144,148.65,1.35,2.08,2.08,9.69,9.9,9.82,28.69,30.86,606,580,0,0,0,0,0,0
8479291,2024,Kevin Rooney,CGY,C,all,70,39550,1009,8.77,0.34,0.51,0.39,0.53,0.4,0.53,734,57.78,6.73,3.58,13.52,1.9,27.33,23.93,6.6,6.77,6.64,2,3,54,23,27,104,10,5,5,2,9,0,27,31,49,72,7,14,195,109,9,30,47,20,10,1.21,2.32,3.2,0,1,4,103.82,77,77.55,17,0.76,0.81,1.64,5.85,5.89,5.83,1009,47,190,97,675,163,109,115,622,195,218,217014,14,22,11,39,252.14,18.4,17.73,18.54,17.86,231,117,142,490,18,26,5,279,50,19,6.65,5.87,5.87,6,5,7,490.97,348,350.58,3.13,4.53,4.53,17.01,17.15,16.98,373.91,36.35,34.59,36.39,34.63,344,173,236,753,43,33,5,373,107,37,9.96,12.58,13.81,13,17,13,755.15,517,518.1,6.07,7.59,7.59,34.84,34.92,34.03,183.35,177.57,3961,3451,0,0,0,0,0,0
8478444,2024,Brock Boeser,VAN,R,all,75,81726,1646,42.17,0.57,0.46,0.56,0.46,0.56,0.46,261,160.74,19.05,11.49,37.18,5.52,93.18,58.57,17.89,19.01,17.85,12,13,145,80,96,321,50,25,15,3,30,0,81,74,120,200,7,16,15,76,18,37,151,50,24,4.27,6.03,8.74,6,11,8,322.59,225,225.44,12,2.67,3.92,4.31,17.41,17.42,16.63,1646,327,152,258,909,161,219,276,990,15,40,193095,16,14,6,34,769.33,86.04,80.97,86.16,81.09,685,386,416,1487,86,84,19,781,178,112,21.04,21.83,43.18,25,24,37,1490.14,1071,1073.66,13.15,22.46,22.46,76.72,76.77,73.64,613.55,64.81,62.1,64.89,62.17,562,294,306,1162,74,64,11,643,132,81,18.08,17.14,29.6,24,24,26,1155.79,856,853.13,8.32,13.49,13.27,59.79,59.75,58.62,128.94,152.74,2746,3173,0,0,0,0,0,0
8478476,2024,Kyle Capobianco,DAL,D,all,1,683,20,-0.7,0.12,0.65,0.42,0.43,0.38,0.44,6,0.75,0.01,0.03,0.22,0.02,0.41,0.29,0.01,0.01,0.01,0,0,0,1,0,1,0,0,0,0,0,0,1,0,0,1,2,4,0,1,1,0,1,0,0,0.01,0,0,0,0,0,1.13,1,1.05,0,0.01,0,0,0.02,0.02,0.02,20,1,1,2,16,0,4,0,16,0,0,2917,4,0,0,0,2.25,0.05,0.05,0.05,0.05,1,2,2,5,0,0,0,3,0,0,0.05,0,0,0,0,0,5.24,3,3.13,0.02,0,0,0.07,0.07,0.07,3.56,0.36,0.36,0.37,0.37,3,2,2,7,2,0,0,3,2,0,0.09,0.27,0,1,1,0,6.78,5,4.87,0.04,0,0,0.4,0.41,0.41,3.38,1.81,39,52,0,0,0,0,0,0
8476826,2024,Yanni Gourde,TBL,C,all,57,54882,1135,31.79,0.48,0.49,0.5,0.51,0.51,0.51,343,94.86,13.12,6.24,21.71,3.23,45.82,36.86,12.44,13.05,12.37,11,13,75,52,27,154,31,7,12,2,12,0,44,52,68,120,14,42,267,109,16,38,78,28,21,2.31,3.87,6.94,0,2,5,153.65,127,126.45,11,1.34,3.18,4.93,9.54,9.52,9.27,1135,130,161,193,651,203,181,197,554,267,271,152794,42,36,12,36,475.49,43.34,41.14,43.36,41.16,397,269,243,909,44,49,8,504,114,48,14.03,14.35,14.96,14,17,13,908.68,666,663.91,6.35,10.56,10.56,39.13,39.08,37.76,470.8,47.02,45.12,47.31,45.4,424,225,263,912,52,54,8,490,99,60,14.33,12.35,20.33,17,17,18,920.1,649,653.94,6.93,11.31,11.31,42.64,42.91,42.04,129.91,133.9,2520,2461,0,0,0,0,0,0
8480727,2024,Zach Whitecloud,VGK,D,all,74,77748,1582,23.35,0.49,0.57,0.49,0.52,0.5,0.53,345,77.56,3.12,4.19,23.28,2.61,44.58,33.21,3.03,3.09,2.99,5,4,72,39,83,194,13,4,9,0,22,0,32,44,68,107,12,27,0,117,14,74,105,5,1,2.38,0.53,0.22,3,1,0,196.72,111,111.48,54,0.85,2.19,0.39,3.58,3.54,3.43,1582,163,187,269,963,234,227,197,924,0,0,190918,27,25,11,103,649.27,59.27,56.8,60.18,57.68,601,284,323,1208,48,70,10,654,160,71,19.19,19.66,20.41,20,16,12,1226.43,885,895.67,8.52,16.09,16.11,51.66,52.3,51.61,643.66,60.96,58.07,60.98,58.06,547,339,356,1242,53,70,7,653,164,69,19.04,20.32,21.59,20,16,17,1230.33,886,881.96,9.19,15.18,15.43,54.71,54.64,53.21,195.54,146.36,3313,3035,0,0,0,0,0,0
8477500,2024,Bo Horvat,NYI,C,all,81,98043,1877,66.98,0.52,0.46,0.54,0.47,0.54,0.48,170,264.18,26.33,18.42,58.73,8.93,144.07,103.52,25.25,26.35,25.28,19,10,243,117,89,449,57,28,30,2,55,0,109,138,215,332,8,16,767,100,22,91,245,93,22,8.2,11.5,6.63,8,18,2,449.25,360,359.91,25,4.22,6.03,6.31,24.25,24.28,23.66,1877,301,213,301,1062,245,227,292,1113,767,552,197039,16,22,11,40,1015.54,101.28,95.83,101.4,95.96,915,476,499,1890,90,117,12,1006,277,108,29.98,33.95,37.35,24,42,24,1883.97,1391,1388.35,17.35,23.14,23.16,95.47,95.52,92.08,842.28,91.78,85.39,92.25,85.85,778,384,437,1599,89,97,6,850,200,112,25.97,25.26,40.55,34,24,31,1615.39,1162,1172.41,12.85,21.1,21.1,83.52,83.9,80.58,138.99,165.18,3081,3407,0,0,0,0,0,0
8475413,2024,Justin Dowling,NJD,C,all,52,31895,777,4.24,0.47,0.55,0.47,0.52,0.48,0.51,540,44.34,4.49,3.11,11.29,1.55,24.36,17.21,4.13,4.44,4.08,2,3,34,28,24,86,7,2,4,0,8,0,24,24,32,60,3,6,158,51,14,29,45,12,5,1.33,1.38,1.79,1,0,1,85.85,62,61.74,7,0.66,0.92,1.52,3.63,3.6,3.56,777,74,37,102,564,102,110,90,475,158,169,157514,6,8,3,22,231.8,19.06,18.11,19.3,18.31,194,122,113,429,12,27,1,250,41,25,6.45,5.15,7.46,7,2,3,434.55,316,318.93,3.02,5.83,5.83,16.27,16.4,16.17,247.27,21.47,20.75,21.39,20.68,217,127,147,491,18,24,1,258,66,20,7.04,8.59,5.84,8,8,2,485.42,344,340.9,3.27,4.31,4.49,20.26,20.15,19.95,158.62,129.54,2723,2484,0,0,0,0,0,0
8477971,2024,Andreas Englund,NSH,D,all,35,27849,628,1.18,0.46,0.54,0.46,0.54,0.48,0.54,206,17.68,0.49,0.87,4.93,0.59,10.79,8.33,0.49,0.49,0.48,1,1,17,9,17,43,3,1,0,0,6,0,9,10,16,25,10,38,0,78,6,23,26,0,0,0.49,0,0,1,0,0,42.86,26,25.88,17,0.17,0,0,0.66,0.66,0.65,628,28,67,108,425,89,67,68,404,0,0,99300,38,32,7,40,196.87,15.58,15.22,15.72,15.37,177,93,93,363,12,13,2,209,44,17,5.68,5.37,4.53,5,4,3,364.61,270,271.51,2.51,2.49,2.49,15.6,15.8,15.69,212.39,18.49,17.92,18.6,18.03,179,113,132,424,22,16,0,217,58,17,6.02,7.25,5.22,9,12,1,428.66,292,294.09,2.97,3.16,3.16,18.3,18.36,18.03,93.05,80.23,1743,1463,0,0,0,0,0,0
8483424,2024,Owen Beck,MTL,C,all,12,7188,159,1.53,0.55,0.45,0.49,0.46,0.5,0.47,139,10.7,0.94,0.69,2.83,0.56,5.83,4.15,0.92,0.94,0.92,0,1,10,5,3,18,1,0,0,0,0,1,6,8,10,15,0,0,21,23,1,11,11,4,0,0.48,0.46,0,0,0,0,17.82,15,14.98,4,0.14,0,0,1.08,1.09,1.07,159,28,19,23,89,29,25,17,88,21,18,36787,0,2,2,8,58.19,5.69,5.29,5.69,5.27,56,23,37,116,2,5,1,57,16,6,1.81,2.02,1.86,1,0,1,114.78,79,78.01,0.74,1.61,1.61,4.82,4.8,4.64,56.15,4.59,4.5,4.68,4.59,43,35,42,120,4,6,1,60,15,3,1.67,2,0.91,2,1,1,120.56,78,79.65,0.71,1,1,4.3,4.38,4.34,32.57,39.07,567,662,0,0,0,0,0,0
8483397,2024,Marc McLaughlin,NJD,C,all,14,7733,198,2.78,0.55,0.55,0.46,0.52,0.47,0.52,156,14.31,1.97,0.94,3.78,0.51,6.92,4.88,1.88,2,1.91,1,0,13,6,5,24,3,2,3,1,1,0,8,5,11,17,0,0,14,28,2,6,12,3,4,0.36,0.29,1.33,1,0,1,24.09,19,19,5,0.2,1.07,1.33,0.84,0.84,0.83,198,19,29,29,121,25,33,19,121,14,18,43685,0,6,3,6,52.23,5.08,4.9,5.23,5.05,41,29,29,99,4,8,1,51,10,9,1.34,1.08,2.65,3,0,1,102,70,71.55,0.66,2.06,2.06,3.69,3.78,3.7,58.01,4.23,4.1,4.2,4.08,54,25,37,116,6,4,0,62,14,3,1.59,1.86,0.77,4,1,1,115.08,79,78.59,0.74,0.53,0.53,4.44,4.42,4.33,39.9,32.58,726,670,0,0,0,0,0,0
8479638,2024,Justin Brazeau,MIN,R,all,76,54103,1251,20.91,0.49,0.51,0.51,0.49,0.49,0.49,681,97.7,12.76,7.75,21.44,3.34,50.81,35.91,12.35,12.72,12.31,8,3,89,43,26,158,22,11,9,3,15,0,43,54,78,121,4,8,3,123,14,43,74,41,17,2.42,5.3,5.04,2,5,4,157.12,132,131.06,12,1.74,1,3.42,11.08,10.98,10.89,1251,142,115,191,803,207,191,147,706,3,10,223410,8,16,8,38,453.52,40.47,39.02,40.35,38.88,407,212,262,881,31,55,5,452,125,42,12.12,15.45,12.9,9,15,7,871.51,619,613.15,6.9,9.98,9.98,37.38,37.16,36.41,460.28,41.49,40.04,42.08,40.61,399,234,228,861,33,48,1,486,97,50,13.08,12.69,15.71,15,9,9,876.41,633,643.9,5.92,11.26,11.26,36.16,36.62,36.16,188.28,182.24,3555,3701,0,0,0,0,0,0
8476869,2024,Brady Skjei,NSH,D,all,82,107704,2208,31.95,0.48,0.53,0.49,0.53,0.48,0.53,161,148.75,7.5,8.72,40.34,4.96,88.78,65.7,7.26,7.49,7.24,10,13,156,60,108,324,33,10,15,0,46,0,66,79,146,206,21,42,0,52,32,101,202,6,8,4.87,0.64,1.99,4,4,2,320.39,216,214.73,69,1.85,2.43,0.88,8.46,8.43,8.18,2208,202,294,308,1404,236,249,300,1423,0,0,189599,42,20,10,93,906.71,94.88,90.15,94.53,89.81,849,402,471,1722,73,106,8,917,230,104,26.88,29.08,38.92,22,26,25,1706.64,1251,1244.77,13.31,22.89,22.93,85.26,84.94,82.75,989.48,103.7,98.54,104.33,99.18,939,407,422,1768,109,116,11,946,281,119,29.17,34.52,40,44,30,35,1782.51,1346,1355.57,15.67,23.49,23.49,95.88,96.64,94.05,169.23,152.6,3282,2906,0,0,0,0,0,0
8482172,2024,Landon Slaggert,CHI,L,all,33,24369,550,-0.51,0.37,0.43,0.4,0.45,0.38,0.44,308,36.34,5.21,2.9,7.81,1.16,16.99,12.93,5.13,5.2,5.12,4,0,34,13,13,60,6,2,6,0,5,0,12,22,32,45,9,23,0,25,9,12,16,27,4,0.63,3.58,1,1,1,0,59.67,47,46.96,6,0.62,1.25,0.62,5.21,5.19,5.16,550,41,66,93,350,53,74,60,363,0,1,96170,23,11,4,13,160.62,14.75,13.78,14.58,13.67,159,57,90,306,13,13,2,152,49,15,4.2,6.24,4.31,6,4,3,301.75,216,213.75,2.23,3.03,3.03,13.95,13.86,13.46,250.98,25.07,23.9,25.2,24.02,212,136,115,463,23,29,1,249,71,28,7.92,9.09,8.06,10,9,4,466.68,348,351.03,3.68,7.16,7.19,21.56,21.67,21.09,69.85,91.68,1290,1600,0,0,0,0,0,0
8478840,2024,Will Borgen,NYR,D,all,84,86091,1929,9.78,0.42,0.49,0.44,0.51,0.44,0.51,390,87.84,3.01,4.58,26.51,3.07,52.41,37.41,2.94,3.01,2.94,4,6,81,46,84,211,15,5,7,1,20,0,41,54,76,122,13,32,0,122,22,73,123,2,2,2.16,0.28,0.58,4,0,1,209.1,127,126.19,52,0.93,0.78,0.34,3.6,3.61,3.56,1929,127,241,341,1220,247,229,225,1228,0,0,218614,32,32,12,117,634.57,54.11,51.48,54.43,51.8,558,324,345,1227,61,55,9,684,140,58,18.59,17.21,18.31,29,22,10,1224.68,882,881.87,8.11,12.64,12.64,49.59,49.8,49,816.08,75.83,72.55,75.74,72.48,706,411,463,1580,79,100,14,817,212,88,23.23,26.2,26.4,27,32,20,1582.54,1117,1118.13,12.1,19.04,19.04,68.9,68.83,67.14,198.27,203.1,3757,3603,0,0,0,0,0,0
8481019,2024,David Gustafsson,WPG,C,all,36,19398,484,9.7,0.57,0.56,0.5,0.5,0.53,0.52,409,33.49,3.94,2.09,7.88,1.06,17.84,13.2,3.84,4,3.9,2,2,30,16,12,58,6,2,4,1,5,0,16,19,28,44,2,7,99,19,2,7,32,6,8,0.93,0.67,2.33,0,1,1,59.75,46,47.12,3,0.45,0.74,1.3,3.09,3.11,3.08,484,32,98,79,275,78,69,66,271,99,99,111088,7,7,2,18,156.93,13.45,12.95,13.62,13.11,142,77,81,300,15,24,2,164,39,16,4.35,4.48,4.62,4,7,4,307.98,219,223.3,2.08,4,4,11.53,11.64,11.35,137.93,10.15,9.61,10.13,9.59,99,96,101,296,6,9,1,159,24,12,3.84,2.95,3.35,3,2,1,289.37,195,192.02,1.83,2.16,2.16,9.82,9.76,9.59,104.88,83.78,1827,1807,0,0,0,0,0,0
8479387,2024,Keaton Middleton,COL,D,all,41,28258,630,7.55,0.49,0.51,0.51,0.54,0.51,0.54,241,49.86,1.55,2.7,16.06,1.77,28.9,20.02,1.51,1.55,1.51,1,1,44,27,40,111,2,0,3,0,13,0,17,38,44,71,11,28,0,69,7,27,70,1,0,1.43,0.12,0,0,0,0,113.66,71,72.07,22,0.55,0.21,0.31,1.78,1.8,1.76,630,28,46,81,475,101,88,67,374,0,0,120870,28,16,5,37,223.19,17.11,16.45,17.51,16.84,187,122,129,438,13,26,0,242,49,18,6.35,6.02,4.74,6,6,1,450.81,309,314.95,2.86,4.2,4.2,15.76,16.14,15.84,218.36,17.99,17.54,17.87,17.43,187,114,125,426,15,21,5,233,51,17,6.68,6.13,5.19,6,5,4,417.52,301,296.97,3,4.38,4.38,16.61,16.52,16.4,103.17,97.66,2137,1830,0,0,0,0,0,0
8475753,2024,Justin Faulk,STL,D,all,78,105068,2057,22.75,0.51,0.47,0.49,0.49,0.48,0.49,173,127.19,6.01,7.69,34.56,4.24,76.51,51.99,5.8,5.99,5.78,13,15,124,57,115,296,32,4,18,0,39,0,50,70,120,177,15,30,0,82,28,100,168,10,3,3.73,1.11,1.16,3,0,1,295.05,181,180.53,68,1.68,3.97,0.51,7.17,7.13,6.97,2057,274,259,284,1240,189,298,300,1270,0,0,179270,30,8,4,108,801.27,82.14,78.57,82.51,78.93,752,348,471,1571,72,83,10,819,182,99,23.71,22.55,35.87,31,13,28,1572.96,1100,1101.37,12.17,18.49,18.32,75.92,76.12,74.18,851.77,80.27,75.47,80.5,75.71,784,396,485,1665,72,71,4,891,197,92,25.16,24.17,30.95,25,24,23,1661.72,1180,1184.07,11.9,14.18,14.18,78,78.26,75.74,125.08,139.58,2700,2832,0,0,0,0,0,0
8477447,2024,Shea Theodore,VGK,D,all,67,88409,1706,57.35,0.63,0.49,0.58,0.48,0.58,0.49,163,127.97,7.36,8.2,34.29,4.1,78.7,52.34,6.85,7.42,6.91,28,22,128,57,148,333,57,7,13,2,41,0,67,57,121,178,13,26,0,6,28,105,165,16,4,3.86,1.72,1.79,1,3,3,334.3,185,186.02,53,1.82,1.57,0.39,8.79,8.84,8.24,1706,312,200,273,921,203,217,283,1003,0,0,155308,26,14,7,82,868.12,98.37,90.96,98.99,91.56,812,370,478,1660,101,87,8,838,223,121,24.98,28.05,45.33,27,37,37,1670.37,1182,1192.32,14.07,18.34,18.41,94.02,94.55,89.29,624.98,57.92,55.64,57.79,55.51,555,303,368,1226,53,68,10,631,166,61,17.75,21.33,18.84,20,17,16,1222.05,858,855.67,8.3,13.15,13.15,53.08,52.84,51.77,126.7,131.33,2426,2661,0,0,0,0,0,0
8480035,2024,Henri Jokiharju,BOS,D,all,60,64173,1420,17.08,0.46,0.47,0.5,0.5,0.48,0.5,227,69.78,1.97,3.59,19.35,2.34,40.62,32.13,1.89,1.97,1.9,3,4,59,41,74,174,10,3,7,0,22,0,25,43,56,97,7,14,0,50,13,64,99,1,0,1.89,0.09,0,3,0,0,174.49,100,99.85,40,0.73,1.82,0.1,2.61,2.62,2.52,1420,158,179,244,839,189,214,178,839,0,0,153622,14,4,2,53,517.78,45.05,43.81,45.16,43.92,432,281,297,1010,53,51,5,547,118,48,15.38,15.16,14.52,25,16,12,1010.16,713,712.92,7.01,9.83,9.83,42.22,42.34,41.63,556.26,52.75,50.73,53.12,51.09,520,244,259,1023,45,69,9,550,158,56,15.7,19.82,17.24,14,21,10,1030.48,764,770.89,8.04,13.29,13.29,47.5,47.91,46.95,133.86,153.62,2534,2563,0,0,0,0,0,0
8482094,2024,Daemon Hunt,MIN,D,all,1,481,8,0.6,0.67,0.51,0.68,0.41,0.73,0.41,7,2.1,0.05,0.11,0.53,0.06,1.27,0.98,0.05,0.05,0.05,0,0,2,1,2,5,0,0,0,0,0,0,2,1,2,3,0,0,0,0,1,0,3,0,0,0.05,0,0,0,0,0,5.84,3,3.41,0,0.02,0,0,0.07,0.08,0.08,8,0,1,2,5,0,1,0,7,0,0,3119,0,0,0,2,7.7,0.52,0.52,0.58,0.58,5,6,4,15,0,0,0,9,2,0,0.24,0.28,0,0,0,0,17.24,11,12.51,0.09,0,0,0.61,0.68,0.68,2.79,0.25,0.25,0.23,0.23,2,2,3,7,0,0,0,3,1,0,0.13,0.13,0,0,0,0,6.21,4,3.58,0.04,0,0,0.3,0.27,0.27,2.96,2.85,46,65,0,0,0,0,0,0
8476887,2024,Filip Forsberg,NSH,L,all,82,91649,1818,76.08,0.58,0.46,0.59,0.48,0.58,0.47,235,318.65,32.29,21.1,78.03,10.93,177.01,117.64,30.8,32.23,30.74,24,21,281,156,165,602,76,31,29,0,51,2,138,186,250,406,22,44,4,151,38,113,320,81,36,9.12,10.19,12.98,13,9,9,600.01,437,437.83,36,4.85,6.41,4.58,32.57,32.58,31.42,1818,398,111,296,1013,158,227,326,1107,4,13,205654,44,60,30,52,1015.53,114.94,106.32,114.76,106.16,919,479,551,1949,107,101,10,971,290,137,28.37,36.37,50.2,33,42,32,1931.82,1398,1391.57,17.39,23.4,24.16,108.17,108.01,102.79,735.59,83.27,79.75,83.92,80.36,687,329,332,1348,95,67,5,719,203,94,22.33,24.54,36.4,43,22,30,1362.9,1016,1026,10.13,13.02,13.15,80.25,80.79,78.35,149.18,173.03,3055,3326,0,0,0,0,0,0
8479420,2024,Tage Thompson,BUF,C,all,76,85529,1784,73.23,0.57,0.43,0.57,0.46,0.57,0.46,236,258.08,24.46,17.44,58.68,8.26,149.27,96.88,22.68,24.49,22.7,18,10,242,113,151,506,72,44,20,7,44,1,103,143,198,311,11,25,301,70,21,54,275,56,24,8.05,6.59,9.82,19,13,12,506.76,355,356.17,12,3.91,4.79,4.27,24.11,24.11,23.44,1784,348,190,373,873,225,226,307,1026,301,403,190865,25,21,9,31,908.36,101.48,93.99,101.68,94.15,792,444,476,1712,106,102,15,883,231,122,25.9,28.13,47.44,35,38,33,1709.62,1236,1235.45,14.91,24.52,25.02,91.38,91.4,87.79,680.28,75.07,70.45,75.44,70.79,614,324,356,1294,79,71,7,671,174,93,20.05,21.72,33.3,28,24,27,1296.72,938,944.07,9.36,14.11,14.11,70.32,70.66,68.28,137.32,182.45,2778,3253,0,0,0,0,0,0
8484821,2024,Sam Morton,CGY,C,all,1,745,18,0.94,0.28,0.49,0.37,0.45,0.47,0.44,11,2.29,0.26,0.18,0.52,0.08,1.18,0.78,0.26,0.29,0.29,0,0,1,2,0,3,1,1,0,0,0,0,1,1,0,2,0,0,4,4,0,0,2,1,0,0.1,0.17,0,0,1,0,3.4,3,3.34,0,0.04,0,0,0.3,0.34,0.34,18,1,1,3,13,2,3,2,11,4,3,2855,0,0,0,1,5.08,0.31,0.31,0.35,0.35,5,2,0,7,1,0,0,6,1,0,0.14,0.17,0,0,1,0,7.78,7,7.66,0.07,0,0,0.38,0.42,0.42,5.99,0.82,0.77,0.79,0.73,4,4,4,12,1,1,1,5,1,2,0.22,0.13,0.47,0,0,1,11.21,8,7.46,0.1,0.23,0.23,0.69,0.65,0.64,2.31,2.41,40,48,0,0,0,0,0,0
8475172,2024,Nazem Kadri,CGY,C,all,82,95226,1922,76.53,0.55,0.46,0.58,0.48,0.57,0.48,227,285.23,28.45,19.53,66.22,9.91,155.38,113.51,27.4,28.49,27.45,19,13,279,114,154,547,67,35,23,2,52,0,132,151,244,358,22,52,677,55,30,60,296,65,32,9.13,7.93,11.39,19,8,8,545.82,393,392.7,18,4.47,6.13,4.31,28.62,28.65,28.09,1922,383,151,308,1080,215,292,291,1124,677,787,204893,52,82,38,30,982.7,94.69,89.49,94.74,89.55,914,445,615,1974,87,76,9,1051,199,109,28.85,25.23,40.61,35,20,32,1961.17,1359,1353.28,15.3,16.06,16.06,93.93,93.81,89.89,757.05,77.36,75.42,77.96,76.02,724,313,388,1425,73,58,5,763,195,79,21.93,25.24,30.19,26,29,18,1440.28,1037,1047.3,10.06,10.78,10.78,76.64,77.25,76.04,147.16,175.35,3230,3528,0,0,0,0,0,0
8480789,2024,Oliver Wahlstrom,BOS,R,all,43,26383,649,2.59,0.47,0.48,0.46,0.47,0.47,0.48,439,53.3,4.07,3.5,13.46,1.7,29.65,19.61,3.91,4.1,3.95,1,2,54,18,33,105,6,3,5,0,8,0,20,36,51,69,9,27,6,34,5,11,55,15,2,1.63,1.84,0.6,2,1,0,104.58,72,71.73,5,0.75,0.99,0.88,3.94,3.97,3.93,649,80,47,106,416,87,85,72,405,6,2,130654,27,20,7,30,188.06,14.81,14.04,14.96,14.17,179,85,113,377,9,25,2,210,40,14,5.19,4.86,4.76,4,2,3,376.07,264,263.85,2.93,4.83,4.83,12.91,12.91,12.67,216.3,16.8,16.54,16.88,16.62,196,105,148,449,14,13,1,240,46,15,6.83,5.63,4.34,8,3,3,452.03,301,303.62,2.74,2.75,2.75,16.78,16.87,16.75,110.74,122.24,2011,2258,0,0,0,0,0,0
8481577,2024,Philip Tomasino,PIT,R,all,61,47823,1007,27.98,0.57,0.46,0.56,0.49,0.55,0.49,518,103.86,10.6,7.74,22.78,3.33,55.87,40.67,10.23,10.63,10.26,9,4,104,37,36,177,24,11,11,1,21,0,51,47,93,130,4,8,5,63,17,32,95,37,9,3.29,4.29,3.02,3,5,3,177.7,141,141.18,7,1.68,1.81,1.69,10.59,10.66,10.45,1007,116,52,142,697,170,131,132,574,5,12,173745,8,18,9,23,443.19,43.33,40.97,43.37,41,409,196,237,842,40,51,8,446,109,50,13.12,13.25,16.95,11,14,15,839.53,605,602.69,6.96,12.25,12.25,38.03,38.11,37.2,362.49,32.98,31.82,33.28,32.09,335,163,172,670,34,38,6,379,76,43,10.89,9.93,12.16,14,12,8,673,498,502.25,4.96,8.11,8.11,29.83,29.99,29.66,146.59,169.43,2849,2961,0,0,0,0,0,0
8482192,2024,Isaak Phillips,CHI,D,all,3,2141,43,0.18,0.14,0.41,0.34,0.42,0.33,0.43,17,2.32,0.1,0.1,0.86,0.08,1.09,0.78,0.1,0.1,0.1,0,0,3,0,2,5,1,1,0,0,0,0,1,1,2,2,0,0,0,3,0,2,3,0,0,0.1,0,0,1,0,0,4.87,3,2.99,2,0.02,0,0,0.12,0.12,0.12,43,5,3,5,30,6,6,3,28,0,0,8959,0,0,0,4,11.65,0.39,0.39,0.4,0.4,12,4,7,23,2,0,0,16,0,0,0.39,0,0,2,0,0,22.94,16,16.17,0.12,0,0,0.51,0.52,0.52,23.78,2.33,2.07,2.35,2.1,20,12,13,45,2,4,0,25,3,4,0.87,0.45,1.02,1,1,0,45.13,32,32.23,0.33,0.95,0.95,1.72,1.77,1.72,6.71,9.79,125,176,0,0,0,0,0,0
8483466,2024,Kevin Korchinski,CHI,D,all,16,16406,331,-0.45,0.46,0.46,0.45,0.46,0.44,0.46,78,14.65,0.59,0.79,4.47,0.53,8.68,5.94,0.58,0.6,0.59,0,1,14,7,11,32,2,1,0,0,4,0,7,9,13,20,4,8,0,2,4,14,19,2,0,0.41,0.18,0,1,0,0,32.08,21,21.51,8,0.16,0,0.06,0.69,0.71,0.7,331,36,30,44,221,28,58,41,204,0,0,41242,8,4,2,14,118.95,10.77,10.46,10.86,10.56,115,46,69,230,13,12,2,116,33,12,3.28,3.87,3.61,6,3,4,228.25,161,161.98,1.67,2.73,2.73,9.71,9.83,9.73,150.52,12.6,12.39,12.58,12.37,128,79,70,277,17,7,1,163,31,13,4.9,4.16,3.54,9,5,3,278.8,207,207.99,1.98,1.68,1.68,12.9,12.9,12.82,32.85,38.12,557,657,0,0,0,0,0,0
8481028,2024,Martin Pospisil,CGY,C,all,81,67107,1591,36.28,0.49,0.49,0.56,0.5,0.55,0.5,655,125.41,13.38,8.49,32.32,4.63,66.65,47.53,12.78,13.29,12.69,13,8,114,59,61,234,25,4,10,0,20,0,61,78,110,169,26,64,71,301,17,53,122,30,21,3.45,3.76,6.17,1,3,0,231.95,173,171.81,13,1.85,1.41,3.82,11.41,11.35,11.11,1591,262,113,258,958,223,211,184,973,71,103,229412,64,67,29,26,632.58,50.8,48.99,50.73,48.92,595,289,386,1270,55,61,7,709,119,56,17.75,14.85,18.21,24,16,15,1260.74,884,879.52,8.68,10.59,10.62,48.86,48.77,47.67,528.89,52.11,49.92,53.09,50.82,498,224,277,999,45,54,8,518,145,59,13.85,18.44,19.83,9,26,10,1017.69,722,733.87,7,12,12,47.12,47.87,47.03,188.41,197.36,3887,3894,0,0,0,0,0,0
8481553,2024,Bobby Brink,PHI,R,all,79,70298,1568,32.24,0.58,0.49,0.54,0.46,0.54,0.49,571,116.75,14.02,8.93,24.97,3.98,64.18,42.91,13.2,14.06,13.22,14,15,105,54,54,213,41,12,8,2,17,1,50,71,93,147,11,22,17,98,21,58,101,43,15,3.41,5.66,4.96,4,3,5,211.84,159,158.33,15,2,2.33,3.03,13,12.96,12.6,1568,212,189,268,899,206,199,228,935,17,40,218617,22,18,9,30,588.99,65.6,61.95,65.84,62.15,513,287,318,1118,60,64,10,548,173,79,16.64,21.51,27.44,21,20,19,1109.98,800,797.47,9.55,15.12,15.12,60.03,60.03,58.65,500.54,46.58,44.73,46.76,44.9,454,234,283,971,60,53,7,512,126,50,14.96,15.49,16.13,26,22,12,981.17,688,694.86,6.7,11.53,11.53,41.75,42.02,41.37,173.51,181.09,3290,3798,0,0,0,0,0,0
8477070,2024,Liam O'Brien,UTA,C,all,28,15619,396,3.76,0.49,0.53,0.49,0.52,0.5,0.53,328,37.82,4.63,2.84,8.76,1.45,20.53,14.79,4.45,4.7,4.52,1,1,34,19,20,73,2,0,4,0,11,0,17,21,34,53,11,40,0,100,2,8,35,11,7,1.27,1.28,2.08,0,0,0,75.03,53,54.34,3,0.6,0.38,1.06,4.18,4.26,4.18,396,50,38,61,247,55,57,42,242,0,4,87099,40,34,8,11,127.92,10.64,10.31,10.75,10.42,111,66,74,251,9,9,1,135,32,10,3.95,3.76,2.93,5,3,1,255.74,177,179.48,1.66,1.8,1.8,10.49,10.64,10.46,131.05,11.21,10.86,11.22,10.86,116,61,84,261,8,13,2,133,30,14,3.79,3.73,3.69,3,2,3,258.04,177,175.05,1.68,2.74,2.74,10.14,10.09,9.93,81.47,73.27,1518,1386,0,0,0,0,0,0
8477435,2024,Ryan Graves,PIT,D,all,61,54864,1206,7.22,0.41,0.51,0.44,0.52,0.44,0.51,330,50.26,1.39,2.52,15.67,1.72,29.58,21.13,1.37,1.37,1.35,0,3,39,33,62,134,4,1,5,0,19,1,15,31,38,71,8,19,0,75,18,63,72,0,0,1.39,0,0,1,0,0,131.19,72,71.11,46,0.51,0.97,0,1.9,1.88,1.85,1206,60,158,129,859,199,158,145,704,0,0,167470,19,29,11,73,385.58,32.93,31.69,32.88,31.64,326,209,223,758,23,41,2,415,85,35,11.65,10.48,10.8,14,5,4,752.44,535,531.73,5.15,9.18,9.18,28.91,28.91,28.39,491.78,47.5,45.81,48.1,46.39,453,228,268,949,51,45,8,499,122,60,13.34,14.49,19.67,15,18,18,964.27,681,690.5,7.48,9.8,9.8,45.17,45.66,44.68,166.35,158.52,2981,2742,0,0,0,0,0,0
8474151,2024,Ryan McDonagh,TBL,D,all,82,100222,2099,32.8,0.49,0.55,0.45,0.54,0.45,0.54,207,89.1,4.31,4.53,25,2.94,50.1,40.12,4.19,4.33,4.21,12,15,78,49,68,195,31,4,5,0,19,0,37,62,74,123,11,22,0,23,24,115,118,5,4,2.35,0.63,1.33,3,0,1,199.33,127,128.61,68,0.93,1.1,0.75,4.49,4.51,4.47,2099,179,419,382,1119,279,217,291,1312,0,0,197733,22,6,3,152,752.45,83.06,81.19,83.98,82.09,684,351,388,1423,95,61,7,729,212,94,21.89,26.51,34.67,29,36,30,1453.94,1035,1051.46,10.4,11.83,11.54,81.92,82.73,81.73,906.57,85.56,79.17,85.05,78.71,852,392,521,1765,77,82,8,927,230,87,26.23,28.09,31.24,27,29,21,1743.09,1244,1232.94,14.18,16.61,16.61,83.13,82.71,78.73,188.67,157.33,3487,2927,0,0,0,0,0,0
8474157,2024,Max Pacioretty,TOR,L,all,37,29965,674,13.51,0.52,0.5,0.52,0.48,0.52,0.49,285,78.3,8.84,5.6,19.45,2.75,38.05,28.31,8.2,8.95,8.31,4,4,70,33,27,130,13,5,9,0,11,0,28,50,65,98,8,16,6,105,5,27,67,24,12,1.71,3.31,3.82,2,3,0,132.88,103,104.4,4,1.25,1.45,3.1,6.98,7.1,6.83,674,91,57,102,424,94,90,87,403,6,5,103901,16,8,4,14,297.89,28.74,27.39,29.18,27.82,278,126,141,545,25,31,2,303,66,35,7.87,8.68,12.19,7,8,10,551.61,404,407.22,4.39,7.3,7.3,25.83,26.22,25.63,269.31,26.53,25.49,26.47,25.44,241,134,137,512,23,34,6,281,63,31,7.44,8.06,11.03,10,6,7,510.81,375,376.32,3.66,7.2,7.38,22.81,22.82,22.5,88.8,89.7,1628,1753,0,0,0,0,0,0
8482250,2024,Callahan Burke,VGK,C,all,7,4553,97,0.66,0.41,0.53,0.41,0.46,0.41,0.46,73,11.57,1.59,0.76,2.83,0.35,5.58,3.89,1.49,1.66,1.56,0,0,12,3,2,17,1,1,0,0,1,0,6,7,11,14,1,2,1,0,0,3,9,2,4,0.31,0.25,1.02,0,1,0,17.55,15,15.41,1,0.16,0,0.68,1.07,1.12,1.07,97,12,3,16,66,6,17,6,68,1,0,21299,2,0,0,3,31.54,2.75,2.64,2.86,2.75,34,10,16,60,4,3,0,35,4,5,1.07,0.45,1.23,3,1,0,61.33,44,44.97,0.38,0.68,0.68,2.45,2.55,2.48,45.78,3.96,3.75,3.78,3.59,38,26,24,88,2,10,1,49,10,5,1.32,1.37,1.27,0,2,0,85.52,64,62.29,0.62,1.67,1.67,2.91,2.8,2.76,19.77,17.49,316,364,0,0,0,0,0,0
8476458,2024,Ryan Strome,ANA,C,all,82,82079,1695,33.24,0.53,0.41,0.54,0.43,0.54,0.43,431,157.85,19.16,11.28,36.04,5.44,80.07,59.02,17.58,18.92,17.35,23,8,137,74,52,263,41,10,16,3,29,0,76,80,127,201,27,60,511,52,19,66,129,52,30,3.44,6.35,9.37,2,5,3,258.63,211,208.41,25,2.59,2.59,6.34,15.41,15.24,14.16,1695,358,230,266,841,223,258,232,982,511,715,217277,60,30,12,36,840.22,86.75,80.92,86.24,80.46,752,406,408,1566,67,93,9,826,230,102,23.63,27.45,35.66,27,21,19,1550.7,1158,1152.19,12.96,18.86,18.86,80.85,80.55,76.72,708.54,75.56,72.42,76.08,72.96,642,331,366,1339,63,71,7,687,194,92,21.3,24.16,30.1,9,33,21,1355.57,973,980.21,10.05,13.43,13.43,72.18,72.65,70.68,154.59,221.16,3189,4210,0,0,0,0,0,0
8483017,2024,Frederic Brunet,BOS,D,all,1,863,20,-0.2,0.33,0.42,0.35,0.45,0.4,0.47,6,1.45,0.05,0.08,0.37,0.04,0.81,0.64,0.05,0.05,0.05,0,0,2,0,2,4,0,0,0,0,1,0,0,1,2,2,0,0,0,1,1,0,2,0,0,0.05,0,0,0,0,0,3.85,2,2.01,0,0.01,0,0,0.07,0.07,0.07,20,0,2,3,15,4,4,1,11,0,0,2827,0,0,0,5,4.4,0.33,0.32,0.32,0.31,6,0,2,8,0,0,0,5,1,0,0.21,0.12,0,0,0,0,7.73,6,5.9,0.06,0,0,0.39,0.38,0.37,5.86,0.65,0.64,0.69,0.68,6,3,6,15,1,1,0,7,1,1,0.29,0.1,0.26,0,1,0,15.76,9,9.48,0.09,0.26,0.26,0.48,0.51,0.51,2.28,3.09,34,42,0,0,0,0,0,0
8478010,2024,Brayden Point,TBL,C,all,77,89994,1678,75.74,0.59,0.48,0.57,0.48,0.57,0.47,285,208.75,31.02,17.42,41.01,6.78,109.24,69.54,29.92,31.18,30.07,23,17,190,85,81,356,82,42,15,7,34,0,91,93,148,233,2,7,430,26,17,45,161,81,33,6.36,10.2,14.45,13,11,18,362.23,275,277.96,11,4.22,4.38,5.11,30.13,30.25,29.52,1678,427,155,229,867,221,265,311,881,430,456,189661,7,27,12,45,977.92,112.17,106.98,112.83,107.61,911,416,480,1807,136,98,15,934,264,129,28.23,32.99,50.95,42,44,50,1832.47,1327,1340.36,17.5,21.81,21.97,107.71,108.31,105.24,732.39,76.65,72.02,75.88,71.32,702,304,367,1373,71,75,4,735,180,91,22.13,21.52,33,35,20,16,1349.44,1006,995.82,9.78,14.41,14.41,72.02,71.43,68.8,144.21,155.64,2791,3055,0,0,0,0,0,0
8477903,2024,Garnet Hathaway,PHI,R,all,67,47692,1183,18.4,0.47,0.53,0.41,0.49,0.44,0.51,678,88.66,8.72,6.02,20.51,2.85,44.63,35.28,8.31,8.71,8.3,5,6,80,38,20,138,21,10,12,2,18,1,27,50,70,108,21,48,7,257,8,27,80,28,10,2.4,3.7,2.62,7,2,1,139.32,118,118.61,10,1.28,1.94,2.62,7.37,7.37,7.3,1183,66,226,220,671,175,142,144,722,7,12,197414,48,64,29,61,333.58,30.31,29.22,30.45,29.37,312,139,165,616,32,38,5,339,82,30,9.52,10.74,10.04,19,7,6,616.46,451,452.37,4.59,7.3,7.14,27.76,27.8,27.53,410.22,34.65,33.44,34.52,33.31,362,208,316,886,36,33,2,432,111,27,11.49,13.9,9.27,15,14,7,884.61,570,568.37,6.09,6.01,6.01,34.73,34.64,33.8,177.18,160.15,3093,3198,0,0,0,0,0,0
8484136,2024,Max Sasson,VAN,C,all,29,17976,436,5.91,0.51,0.48,0.46,0.47,0.45,0.47,321,26.63,3.39,1.92,6.36,0.95,14.31,10.07,3.18,3.38,3.18,4,0,31,6,9,46,7,3,3,0,4,0,9,18,28,34,0,0,47,18,6,12,24,7,6,0.65,0.89,1.84,1,1,1,46.4,37,37.1,2,0.41,0.67,0.69,3.11,3.11,2.92,436,41,29,64,302,48,65,39,284,47,63,88533,0,6,3,13,117.27,11.51,10.58,11.56,10.63,110,52,76,238,11,13,2,120,24,18,3.14,3,5.37,4,4,3,239.13,162,163.31,1.6,3.55,3.55,9.56,9.58,9.26,140.57,11.04,10.81,11.09,10.86,127,68,87,282,10,13,1,153,28,14,3.8,3.58,3.66,6,4,0,281.1,195,194.54,1.77,2.05,2.05,10.76,10.79,10.7,69.69,76.66,1319,1463,0,0,0,0,0,0
8480032,2024,Shane Bowers,NJD,C,all,4,1981,48,-0.09,0.46,0.59,0.48,0.56,0.5,0.59,44,1.58,0.05,0.05,0.34,0.05,0.64,0.88,0.05,0.05,0.05,0,0,2,0,0,2,0,0,1,0,0,0,0,1,2,2,0,0,1,9,1,1,2,0,0,0.05,0,0,0,0,0,2.1,2,2.09,0,0.01,0.25,0,0.06,0.06,0.06,48,4,0,8,36,6,5,4,33,1,0,12419,0,0,0,1,15.01,1.11,1.09,1.1,1.08,11,9,5,25,1,1,0,15,4,1,0.29,0.57,0.25,1,0,0,24.78,20,19.77,0.2,0.25,0.25,1.06,1.04,1.03,14.46,1.29,1.26,1.37,1.33,15,5,7,27,2,2,0,14,4,2,0.32,0.45,0.53,0,2,0,28.04,20,20.64,0.16,0.53,0.53,0.94,0.99,0.99,13.99,9.68,242,190,0,0,0,0,0,0
8482744,2024,James Malatesta,CBJ,L,all,2,1268,23,-1.09,0.12,0.38,0.27,0.36,0.22,0.4,22,0.69,0.05,0.04,0.17,0.02,0.42,0.3,0.05,0.05,0.05,0,0,0,1,0,1,0,0,0,0,0,0,0,1,0,1,0,0,1,6,1,4,1,0,0,0.05,0,0,0,0,0,1.03,1,1.04,3,0.01,0,0,0.05,0.05,0.05,23,1,2,4,16,2,3,2,16,1,0,6142,0,0,0,1,4.84,0.21,0.2,0.22,0.21,6,1,5,12,1,0,0,6,1,0,0.11,0.1,0,0,1,0,13.1,7,7.5,0.06,0,0,0.27,0.28,0.27,17.13,1.52,1.46,1.45,1.39,14,11,7,32,2,2,1,22,2,1,0.72,0.33,0.47,1,0,1,29.73,25,23.67,0.22,0.49,0.49,1.25,1.19,1.15,4.99,8.17,76,135,0,0,0,0,0,0
8483445,2024,Cutter Gauthier,ANA,L,all,82,69645,1457,40.16,0.49,0.44,0.5,0.45,0.5,0.45,665,224.68,18.46,13.77,57.65,7.77,120.19,88.16,17.57,18.38,17.49,13,10,190,116,104,410,43,20,25,3,43,0,82,136,170,286,10,20,21,68,22,81,240,48,18,7.31,5.63,5.51,9,7,4,407.4,306,304.79,33,2.99,5.36,5.28,16.18,16.12,15.75,1457,234,168,210,845,240,247,193,777,21,35,229711,20,24,12,51,647.27,55.19,52.88,55.15,52.85,572,316,325,1213,63,75,7,692,138,58,20.23,17.12,17.84,31,19,13,1202.94,888,883.14,9.17,14.09,14.12,50.24,50.18,49,649.46,58.58,56.31,58.84,56.56,590,312,335,1237,47,65,4,699,143,60,20.89,18.33,19.37,22,17,8,1252.67,902,911.32,8.67,14.11,14.11,53.13,53.29,52.37,186.15,238.13,3542,4312,0,0,0,0,0,0
8481641,2024,Joel Kiviranta,COL,L,all,79,59354,1478,27.98,0.48,0.54,0.47,0.55,0.47,0.55,676,88.74,12.9,6.45,19.34,2.93,44.04,34.34,12.58,13.05,12.7,4,3,84,36,40,160,23,16,7,2,11,0,32,54,68,104,10,20,23,114,17,36,71,31,18,2.75,3.92,6.23,6,5,5,163.5,120,122.5,10,1.38,1.79,2.43,11.86,11.98,11.79,1478,101,204,259,914,230,190,168,890,23,25,227634,20,14,7,38,434.99,38.71,37.8,39.09,38.15,393,209,272,874,39,28,3,453,109,40,12.5,13.42,12.8,15,15,9,880.51,602,605.51,5.68,5.73,5.73,38.66,38.98,38.52,491.63,41.16,39.47,41.28,39.59,445,234,306,985,34,38,2,531,109,39,14.29,13.44,13.43,14,12,8,983.21,679,679.25,7.53,7.98,7.98,40.7,40.9,40.16,214.02,183.02,4177,3362,0,0,0,0,0,0
8478463,2024,Anthony Beauvillier,WSH,L,all,81,62568,1433,36.1,0.51,0.49,0.51,0.5,0.51,0.5,698,157.53,19.42,11.73,36.22,5.18,79.29,57.17,18.33,19.67,18.55,4,6,149,60,56,265,25,15,18,2,35,0,67,74,134,194,7,14,11,139,15,29,129,49,31,4.86,6.02,8.54,6,4,5,265.58,209,209.16,9,2.5,4.29,6.85,15.06,15.17,14.78,1433,160,151,255,867,232,208,185,808,11,13,232316,14,32,16,36,534.74,46.04,44.04,46.07,44.07,472,271,323,1066,43,55,4,568,124,51,15.97,15.71,14.37,24,12,7,1061.63,743,740.5,7.5,11.59,11.59,41.95,41.91,40.89,519.45,43.5,42.06,43.87,42.42,498,224,283,1005,45,46,2,559,121,42,15.28,14.97,13.24,22,17,6,1021.29,722,731.6,6.96,8.9,8.9,41.56,41.95,41.24,210.98,220.62,3930,3874,0,0,0,0,0,0
8484186,2024,Ryan Leonard,WSH,R,all,9,7656,162,1.48,0.61,0.54,0.49,0.48,0.5,0.49,60,15.33,2.13,0.97,3.95,0.55,8.21,6.18,2.03,2.11,2.02,0,0,17,5,9,31,1,1,1,0,4,0,5,11,16,21,4,11,1,18,4,6,19,0,3,0.66,0,1.47,0,0,1,30.04,22,21.72,1,0.2,0.39,0.31,2.02,2.01,1.96,162,25,18,34,85,32,26,19,85,1,0,25044,11,15,6,4,59.31,8.32,7.77,8.34,7.79,59,22,29,110,2,13,1,58,10,13,1.71,1.52,5.09,0,0,2,106.96,81,79.97,0.86,3.15,3.15,6.02,6.01,5.89,60.37,5.4,5.24,5.38,5.23,55,27,32,114,6,4,0,58,19,5,1.46,2.43,1.5,0,6,0,118.4,82,83.38,0.76,1.17,1.17,4.99,4.99,4.91,25.74,21.78,411,448,0,0,0,0,0,0
8482475,2024,Yegor Chinakhov,CBJ,R,all,30,28300,569,18.7,0.53,0.49,0.57,0.5,0.56,0.49,184,75.58,6.48,4.66,18.93,2.51,42.56,28.86,6.19,6.44,6.15,5,3,68,36,36,140,15,7,12,0,12,1,32,40,61,97,2,4,0,47,4,18,81,15,8,2.34,1.8,2.34,4,2,1,138.82,104,103.62,8,1.03,2.38,1.76,5.75,5.77,5.63,569,115,50,106,298,86,75,78,330,0,0,80454,4,8,3,10,305.6,27.07,25.63,26.86,25.42,287,137,152,576,24,34,3,331,58,35,9.03,7.11,10.92,10,8,6,569.56,424,419.94,4.66,7.69,7.69,24.04,23.94,23.29,236.53,23.62,22.5,23.77,22.65,207,120,99,426,24,21,1,238,64,25,6.94,8.14,8.54,14,4,6,432.4,327,331.19,3.16,4.09,4.09,22.69,22.93,22.12,66.94,70.88,1348,1367,0,0,0,0,0,0
8482097,2024,Jack Quinn,BUF,R,all,74,65993,1455,32.67,0.53,0.47,0.53,0.49,0.52,0.48,523,148.59,13.02,10.16,33.77,4.83,85.47,57.75,12.65,13.06,12.69,13,11,123,82,72,277,39,15,14,0,22,2,65,87,108,190,9,18,1,39,12,52,162,36,7,5.65,4.06,3.32,7,5,3,277.23,205,205.01,15,2.24,3.38,1.23,14.03,14.04,13.65,1455,287,128,166,874,212,223,230,790,1,6,202995,18,24,12,23,607.31,64.64,60.15,64.65,60.17,529,307,294,1130,62,58,2,637,131,68,18.94,16.01,29.69,26,16,20,1130.76,836,836.06,9.68,12.31,12.31,62.02,62.1,60.03,558.98,56.67,55.13,56.65,55.14,543,228,237,1008,63,52,5,558,148,65,16.29,18.27,22.11,19,26,18,1004.93,771,771.58,7.55,10.02,10.02,54.19,54.23,53.51,169.27,194.01,3254,3449,0,0,0,0,0,0
8480839,2024,Rasmus Dahlin,BUF,D,all,73,106152,2112,81.95,0.56,0.43,0.57,0.45,0.56,0.45,103,194.54,13.27,12.2,54.15,6.47,114.33,76.57,12.81,13.21,12.76,27,24,200,77,156,433,68,17,25,1,53,0,99,83,183,260,27,54,0,101,39,105,246,22,9,6.02,2.85,4.41,10,4,3,428.99,277,274.41,65,2.79,5.47,0.96,15.1,15.02,14.54,2112,358,296,394,1064,216,291,365,1240,0,0,159236,54,52,25,98,1075.24,113.87,106.41,114.06,106.56,996,482,590,2068,116,102,13,1081,274,123,32.16,33.37,48.34,42,40,34,2066.03,1478,1476.75,16.88,24.04,24.66,106.09,106.17,102.17,830.26,90.58,85.83,90.71,85.93,753,385,401,1539,83,87,17,831,195,112,24.88,24.63,41.06,23,19,41,1537.04,1138,1138.93,11.65,17.89,17.89,84.35,84.54,82.17,116.58,152.91,2263,2819,0,0,0,0,0,0
8484801,2024,Macklin Celebrini,SJS,C,all,70,83110,1425,58.93,0.53,0.36,0.56,0.4,0.57,0.4,178,256.32,23.32,18.26,57.17,8.18,150.08,95.99,21.91,23.26,21.86,18,20,236,117,104,457,63,25,20,1,49,1,141,117,211,328,15,28,507,37,29,113,267,64,22,8.87,7.36,7.09,11,9,5,449.65,353,349.13,42,4.17,4.32,3.72,23.78,23.71,22.39,1425,235,147,220,823,160,209,259,797,507,544,171699,28,48,23,53,852.21,90.06,83.31,89.85,83.09,781,390,457,1628,80,72,7,850,217,104,24.91,26.32,38.82,25,29,26,1607.18,1171,1161.58,14.48,16.98,16.98,87.56,87.27,83.29,647.65,78.8,76.01,79.81,76.99,601,291,369,1261,85,70,4,634,151,107,19.3,18.69,40.8,35,26,24,1294.76,892,911.15,8.89,16.01,16.01,71.68,72.56,71.15,98.28,175.4,2303,3409,0,0,0,0,0,0
8480084,2024,Nick DeSimone,UTA,D,all,20,18699,438,8.25,0.56,0.57,0.51,0.53,0.52,0.54,112,25.69,1.18,1.39,8.81,0.88,13.91,9.84,1.11,1.2,1.13,2,3,24,12,13,49,6,1,3,0,2,0,11,19,23,35,0,0,0,14,5,25,34,2,0,0.87,0.31,0,1,0,0,50.33,36,36.62,18,0.28,0.49,0.24,1.22,1.24,1.2,438,47,36,55,300,57,67,37,277,0,0,54762,0,0,0,14,167.58,16.39,15.54,16.64,15.77,149,78,67,294,11,21,3,163,43,21,4.89,5.69,5.82,6,1,4,300.85,227,230.8,2.25,4.8,5.03,13.62,13.83,13.5,152.11,13.13,12.63,12.96,12.48,138,70,71,279,8,18,2,158,37,13,4.55,4.42,4.16,3,1,4,274.23,208,205.42,1.99,3.94,3.94,11.18,11.1,11.01,58.27,43.16,989,860,0,0,0,0,0,0
8482451,2024,Mikael Pyyhtia,CBJ,L,all,47,34121,737,1.66,0.31,0.51,0.4,0.49,0.39,0.49,454,32.82,2.78,1.87,8.46,1.06,16.32,13.5,2.75,2.81,2.78,3,0,32,12,27,71,7,4,4,0,5,0,15,16,28,40,3,6,2,25,9,26,31,10,3,0.76,1.24,0.78,2,2,0,71.63,44,44.05,10,0.4,0.81,0.38,2.8,2.85,2.83,737,75,80,99,483,108,112,101,416,2,1,137635,6,4,2,39,216.89,14.32,13.89,14.51,14.08,207,93,144,444,14,20,2,245,42,13,5.67,5.07,3.57,6,7,1,449.63,300,302.51,2.73,3.37,3.71,13.34,13.53,13.33,333.8,32.26,30.69,32.17,30.57,314,146,203,663,34,43,3,333,90,37,8.71,11.73,11.82,14,10,10,659.72,460,458.88,4.98,8.31,8.31,28.92,28.85,28.35,121.94,119.21,2259,2374,0,0,0,0,0,0
8478398,2024,Kyle Connor,WPG,L,all,82,100342,1786,86.77,0.56,0.51,0.53,0.48,0.53,0.49,151,265.79,30.19,18.13,57.76,8.54,143.47,99.92,29.13,30.71,29.64,31,25,267,91,126,484,97,41,30,1,54,1,101,131,226,317,11,25,1,21,33,80,237,97,24,8.47,11.71,10.03,15,18,8,493,358,364.2,25,4.19,6.63,4.21,30.18,30.69,29.9,1786,396,156,252,982,217,312,326,931,1,7,197253,25,27,11,46,963.34,106.67,101.64,107.86,102.76,894,429,471,1794,132,92,16,916,295,112,27.46,36.18,43.03,36,50,46,1813.89,1323,1337.92,16.14,21.28,21.28,101.53,102.62,99.71,851.49,85.23,81.91,84.87,81.56,798,388,431,1617,76,79,9,912,177,97,26.04,22.3,36.89,25,18,33,1599.32,1186,1178.3,11.73,15.66,15.9,81.06,80.8,78.71,151.07,145.66,2996,3223,0,0,0,0,0,0
8478407,2024,Vince Dunn,SEA,D,all,62,82134,1398,42.78,0.51,0.44,0.55,0.44,0.55,0.44,147,131.16,7.09,8.04,38.61,4.42,76.2,50.63,6.72,7.06,6.69,12,16,137,48,136,321,39,11,10,1,30,1,68,65,126,174,14,33,0,29,25,79,168,13,4,4.03,1.64,1.42,5,5,1,316.94,185,183.16,55,1.87,1.86,0.87,8.09,8.06,7.68,1398,206,177,244,771,135,199,219,845,0,0,143228,33,31,14,79,821.97,82.75,77.56,82.7,77.54,757,387,441,1585,92,84,14,854,207,83,24.44,25.75,32.56,33,33,26,1575.24,1144,1140.53,12.95,20.11,19.74,75.96,75.92,73.79,687.61,78.52,74.78,79.28,75.54,606,340,352,1298,74,84,5,677,161,108,19.19,20.56,38.77,28,24,22,1316.85,946,959.72,9.25,18.62,18.75,69.02,69.65,67.84,98.06,124.49,2024,2613,0,0,0,0,0,0
8481582,2024,Nicholas Robertson,TOR,L,all,69,49691,1144,25.49,0.52,0.49,0.52,0.46,0.53,0.47,634,126.98,10.61,7.81,31.37,4.32,68.86,51.04,10.35,10.73,10.47,5,2,112,62,58,232,22,15,6,0,24,1,48,80,97,159,8,16,3,79,17,26,138,28,8,4.1,3.37,3.14,7,5,3,234.84,174,175.19,12,1.69,0.6,1.11,11.18,11.31,11.14,1144,137,69,150,788,172,170,142,660,3,4,200420,16,22,11,33,451.48,33.01,31.7,33.28,31.97,402,220,240,862,33,38,3,506,95,21,13.68,11.61,7.72,15,12,6,868.9,622,626.78,6.01,6.06,5.87,33.14,33.39,32.89,388.15,30.81,29.83,30.88,29.92,344,197,248,789,30,40,5,422,87,32,11.23,11.14,8.44,11,12,7,788.58,541,541.88,5.08,6.69,6.69,29.18,29.23,28.97,185.98,190.68,3064,3573,0,0,0,0,0,0
8482660,2024,Kent Johnson,CBJ,C,all,68,70559,1341,52.15,0.54,0.45,0.57,0.44,0.56,0.45,296,134.09,14.44,8.3,30.99,4.42,70.45,51.4,13.7,14.52,13.78,17,16,123,57,78,258,57,24,9,2,25,1,49,72,99,156,8,16,0,3,21,64,128,34,18,3.85,4.15,6.44,13,7,4,259.3,180,181.67,16,1.9,2.3,3.59,12.74,12.77,12.61,1341,270,138,220,713,169,183,230,759,0,8,177561,16,8,4,29,689.87,70.14,66.1,70.34,66.29,645,301,369,1315,89,70,9,677,191,78,19.4,24.12,26.61,34,36,19,1316.66,946,949.3,11.39,16.75,16.75,64.78,64.89,62.74,538.2,59.39,57.11,59.55,57.27,490,245,261,996,66,59,6,514,143,78,14.84,18.29,26.26,27,21,18,999.21,735,738.78,7.67,13.5,13.5,53.56,53.73,52.8,131.54,162.69,2652,3319,0,0,0,0,0,0
8470621,2024,Corey Perry,EDM,R,all,81,58014,1174,39.06,0.6,0.53,0.59,0.52,0.57,0.53,737,117.7,17.14,9.27,25.8,3.73,57.77,39.28,15.73,17.25,15.82,6,5,100,53,47,200,30,19,13,4,13,1,46,61,81,134,18,51,17,36,13,44,87,44,22,3.05,5.84,8.25,5,5,9,201.99,153,153.98,13,2.07,2.82,4.16,15.05,15.19,14.36,1174,228,80,150,716,195,168,183,628,17,16,235910,51,61,23,26,577.88,58.95,54.28,59.18,54.47,539,245,334,1118,57,60,12,572,145,67,16.67,18.42,23.86,20,15,22,1121.73,784,786.36,8.88,13.8,13.8,54.04,54.26,51.63,427.87,39.04,37.34,39.15,37.44,412,172,204,788,32,43,4,440,99,45,12.22,12.05,14.76,16,8,8,783.12,584,583.14,5.41,9.88,9.88,34.56,34.43,33.7,213.46,188.55,3995,3651,0,0,0,0,0,0
8479944,2024,Zachary Aston-Reese,CBJ,C,all,79,63728,1397,12.88,0.47,0.48,0.44,0.5,0.44,0.5,645,106.69,13.13,7.63,26.2,3.94,49.91,40.2,12.24,13.02,12.14,6,5,101,40,51,192,17,6,16,0,16,0,40,63,95,135,12,27,2,179,11,42,80,42,19,2.36,5.39,5.37,3,3,0,191.95,141,140.71,21,1.64,4.13,4.7,10.07,10.01,9.91,1397,131,212,234,820,208,170,195,824,2,7,224096,27,27,12,58,473.98,47.47,43.66,47.36,43.6,437,198,264,899,32,59,4,444,125,66,11.92,15.79,19.75,10,14,8,896.9,635,634.3,6.6,14.74,14.74,39.32,39.23,38.25,591.78,53.26,50.92,53.52,51.17,540,271,343,1154,60,57,9,603,152,56,17.44,19.02,16.79,21,27,12,1156.94,811,814.18,9.25,13.27,13.27,49.23,49.5,48.53,185.72,204.63,3756,3829,0,0,0,0,0,0
8480883,2024,Ty Smith,CAR,D,all,8,6559,130,3.55,0.59,0.57,0.61,0.55,0.64,0.55,46,13.03,0.88,0.86,4.11,0.43,7.86,4.86,0.84,0.86,0.83,1,0,14,5,7,26,2,1,3,0,5,0,5,5,13,18,2,4,0,2,1,3,18,0,1,0.51,0,0.36,0,0,1,25.16,19,18.35,3,0.2,0.72,0.03,1.04,1.03,0.99,130,36,9,20,65,21,19,22,68,0,0,22631,4,0,0,5,68.67,5.07,4.88,4.94,4.77,63,35,29,127,5,6,1,80,14,4,2.37,1.61,1.08,3,0,2,124.53,98,96.01,1.07,1.05,1.05,5.08,5,4.88,40.86,3.55,3.32,3.62,3.39,39,17,24,80,3,8,0,38,16,2,0.89,2.05,0.61,1,2,0,80.45,56,57.35,0.56,0.79,0.79,3.32,3.38,3.33,21.9,16.69,433,358,0,0,0,0,0,0
8481600,2024,Tobias Bjornfot,FLA,D,all,14,11004,277,2.8,0.5,0.53,0.54,0.58,0.56,0.56,82,13.04,0.74,0.74,3.29,0.38,7.39,5.46,0.68,0.71,0.65,0,0,10,8,10,28,0,0,2,0,4,0,9,3,10,18,1,2,0,13,1,6,17,0,1,0.49,0,0.25,0,0,0,27.7,18,17.59,2,0.15,0.29,0.25,0.64,0.63,0.63,277,25,22,34,196,52,33,41,151,0,0,40610,2,2,1,10,100.47,8.07,7.83,8.1,7.86,89,52,50,191,8,12,1,113,21,7,3.53,2.54,2,5,3,0,191.91,141,141.77,1.27,2.22,2.22,7.12,7.19,7.12,81.2,8.22,7.78,8.11,7.67,80,31,49,160,13,10,2,82,18,11,2.15,2.38,3.69,5,6,2,159.51,111,110.41,1.06,2.55,2.55,6.74,6.67,6.52,40.73,36.72,817,592,0,0,0,0,0,0
8478443,2024,Brandon Carlo,TOR,D,all,83,94122,2112,5.58,0.4,0.53,0.4,0.51,0.41,0.51,334,88.29,3.3,4.25,24.17,3.02,51.1,42.15,3.25,3.29,3.24,1,10,77,51,74,202,12,1,6,0,26,0,36,59,76,127,16,37,0,90,21,107,122,4,2,2.06,0.49,0.76,1,0,0,201.02,128,128.16,81,0.86,0.94,0.54,3.61,3.62,3.57,2112,97,386,261,1368,283,285,268,1276,0,0,208404,37,15,6,157,655.74,60.21,58.57,60.84,59.18,612,292,310,1214,59,70,5,691,142,71,18.92,17.91,23.39,24,22,13,1224.08,904,914.3,8.43,14.54,14.55,54.09,54.53,54.05,922.56,89.97,85.75,90.25,85.97,821,463,519,1803,90,109,10,954,236,94,27.21,29.34,33.43,35,35,20,1797,1284,1283.4,14.48,21.11,21.11,83.35,83.33,81.44,189.94,168.79,3459,3338,0,0,0,0,0,0
8476419,2024,Jean-Gabriel Pageau,NYI,C,all,79,80567,1745,49.4,0.48,0.49,0.5,0.5,0.5,0.51,401,134.1,20.58,9.98,29.74,4.72,64.31,51.65,19.89,20.72,20.02,17,11,120,61,51,232,42,14,17,4,22,0,54,74,106,167,6,23,589,140,25,47,99,57,25,3.53,7.01,10.04,1,9,4,231.14,181,180.57,20,2.27,3.7,5.4,17.46,17.52,17.23,1745,235,272,243,995,215,190,244,1096,589,399,207235,23,31,14,57,748.26,73.45,70.18,73.59,70.31,683,353,379,1415,65,91,9,767,191,78,21.76,23.69,28,24,19,22,1414.11,1036,1036.7,11.8,17.25,17.54,67.71,67.8,65.83,752.21,80.15,75.49,80.31,75.67,671,361,408,1440,78,75,2,753,185,94,21.5,22.5,36.14,31,22,25,1446.29,1032,1036.79,12.06,17.83,17.83,74.38,74.66,72.87,164.14,171.16,3465,3427,0,0,0,0,0,0
8483516,2024,Jimmy Snuggerud,STL,R,all,7,6496,145,2.35,0.47,0.42,0.47,0.46,0.5,0.46,43,15.39,1.78,1.31,3.53,0.49,7.83,5.06,1.68,1.76,1.66,3,0,10,10,7,27,4,1,2,1,3,0,9,5,9,19,0,0,0,3,4,7,13,3,4,0.35,0.44,0.99,0,0,1,27.37,20,20.04,2,0.31,0.52,0.28,1.81,1.78,1.74,145,27,8,19,91,14,19,23,89,0,0,19343,0,2,1,4,47.61,4.43,4.23,4.42,4.23,47,19,25,91,8,5,2,46,14,6,1.27,1.67,1.49,2,4,2,93.03,66,66.48,0.81,0.94,0.94,4.3,4.29,4.19,48.49,4.92,4.56,4.95,4.58,48,18,38,104,4,8,3,46,13,7,1.33,1.6,1.99,1,0,3,102.61,66,65.74,0.72,2.02,2.02,3.63,3.6,3.53,11.67,16.1,256,300,0,0,0,0,0,0
8481147,2024,Reese Johnson,MIN,C,all,3,1715,33,-0.28,0.48,0.59,0.4,0.47,0.43,0.49,34,0.67,0.14,0.06,0.11,0.02,0.41,0.27,0.14,0.16,0.16,0,0,1,0,2,3,0,0,0,0,0,0,0,1,1,1,0,0,0,6,0,1,0,1,0,0,0.14,0,0,0,0,3.64,1,1.16,0,0.01,0,0,0.15,0.17,0.17,33,2,3,8,20,4,5,2,22,0,0,9085,0,0,0,3,7.44,0.51,0.5,0.56,0.56,10,2,7,19,0,0,0,10,2,0,0.27,0.23,0,0,0,0,20.96,12,13.2,0.11,0,0,0.62,0.68,0.68,11.02,0.55,0.55,0.55,0.54,11,5,13,29,0,0,0,14,2,0,0.28,0.27,0,0,0,0,28.22,16,15.75,0.13,0,0,0.69,0.68,0.67,9.07,6.31,142,158,0,0,0,0,0,0
8482124,2024,Quinton Byfield,LAK,R,all,81,90510,1801,63.88,0.56,0.53,0.57,0.51,0.57,0.52,293,197,22.09,14.37,44.78,6.74,101.07,76.94,20.87,22.22,21.02,13,18,158,108,87,353,54,23,26,1,27,0,79,111,135,243,24,46,415,80,24,68,165,78,23,4.69,9.82,7.58,9,10,4,356.54,266,268.06,17,3.41,6.51,4.04,21.45,21.64,21.16,1801,232,180,214,1175,217,240,224,1120,415,527,203691,46,52,25,33,861.97,86.5,81.85,86.89,82.25,745,440,484,1669,89,94,11,859,227,99,24.58,28.41,33.51,34,29,26,1684.38,1185,1195.52,13.67,20.11,20.11,80.06,80.51,78.08,665.11,66.61,65.13,66.54,65.05,603,306,353,1262,62,56,11,681,158,70,19.44,19.38,27.79,17,25,20,1257.22,909,905.12,10,12.34,12.34,64.28,64.17,63.31,160.95,144.53,3334,3173,0,0,0,0,0,0
8476329,2024,Travis Boyd,MIN,C,all,3,1405,32,-1.2,0.3,0.42,0.25,0.48,0.2,0.47,34,0.43,0.07,0.04,0.1,0.03,0.44,0.31,0.07,0.07,0.07,0,0,0,1,2,3,0,0,0,0,0,0,1,0,0,1,0,0,0,1,0,2,1,0,0,0.07,0,0,0,0,0,2.89,1,0.95,0,0.01,0,0,0.08,0.08,0.08,32,2,4,4,22,1,9,1,21,0,0,9695,0,0,0,3,4.29,0.5,0.5,0.54,0.53,5,1,7,13,0,2,0,5,0,1,0.2,0,0.31,0,0,0,13.13,6,6.31,0.06,0.36,0.36,0.2,0.2,0.2,17.58,1.2,1.18,1.17,1.15,12,12,16,40,0,3,0,20,3,1,0.58,0.38,0.23,0,0,0,40.42,24,23.82,0.25,0.15,0.15,1.3,1.27,1.26,5.94,8.22,160,176,0,0,0,0,0,0
8478413,2024,Jordan Greenway,BUF,L,all,34,30751,751,10.6,0.38,0.49,0.44,0.53,0.43,0.52,220,50.3,5.14,3.29,13.04,1.88,25.3,18.36,4.89,5.02,4.79,4,1,36,31,21,88,8,3,5,0,6,0,18,35,33,64,13,35,7,100,7,23,47,9,11,1.3,1.31,2.53,1,1,1,87.43,67,66.38,9,0.7,1.34,1.05,4.79,4.7,4.63,751,90,149,135,377,95,104,114,438,7,27,93110,35,35,13,29,234.92,22.08,21.2,21.85,20.99,194,126,130,450,22,22,4,241,52,27,6.66,6.74,8.68,11,6,5,446.61,320,318.17,3.19,4.61,4.61,20.66,20.53,20.09,297.9,35.82,33.92,35.84,33.95,284,132,146,562,39,28,2,304,71,41,9.04,9.4,17.38,11,16,12,566.84,416,418.43,4.96,5.08,5.08,35.7,35.81,34.26,78.16,82.41,1582,1425,0,0,0,0,0,0
8484768,2024,Zayne Parekh,CGY,D,all,1,1231,27,1.5,0.43,0.45,0.56,0.4,0.53,0.42,2,1.51,0.1,0.08,0.26,0.04,0.82,0.69,0.1,0.12,0.11,0,0,2,0,1,3,1,1,0,0,0,0,0,1,1,1,1,2,0,1,0,1,2,0,0,0.1,0,0,1,0,0,3.28,2,2.19,1,0.02,0,0,0.12,0.14,0.13,27,1,2,3,21,4,6,2,15,0,0,2369,2,2,1,1,7.47,0.43,0.43,0.49,0.48,9,1,4,14,3,0,0,9,1,0,0.32,0.11,0,3,0,0,15.72,10,11.13,0.08,0,0,0.51,0.58,0.57,6.72,0.57,0.56,0.52,0.51,7,2,2,11,0,0,0,6,3,0,0.19,0.38,0,0,0,0,10.04,9,8.3,0.1,0,0,0.67,0.61,0.6,2.2,2.66,33,49,0,0,0,0,0,0
8473512,2024,Claude Giroux,OTT,R,all,81,88478,2119,53.69,0.48,0.5,0.53,0.49,0.53,0.5,349,137.93,14.07,8.79,29.31,4.47,72.74,59.61,13.25,14.2,13.39,21,14,138,51,48,237,50,15,8,0,17,0,60,89,123,174,9,18,600,64,19,66,137,38,14,3.95,4.71,5.4,5,6,4,239.04,189,190.49,16,2,1.75,1.37,14.69,14.79,14.13,2119,375,371,283,1090,278,232,309,1300,600,376,205209,18,24,12,41,825.21,83.68,79.06,83.83,79.21,763,371,439,1573,78,65,8,829,215,90,23.05,26.38,34.24,27,27,24,1574.81,1134,1136.76,13.19,12.79,12.79,84.09,84.21,80.72,740.71,91.81,85.5,91.99,85.68,703,315,389,1407,78,88,14,705,187,126,20.68,24.02,47.1,21,23,34,1406.1,1018,1017.39,12.06,20.17,20.17,83.7,83.73,79.81,165.35,162.15,3302,3370,0,0,0,0,0,0
8477416,2024,Oliver Bjorkstrand,TBL,R,all,79,71803,1405,50.01,0.54,0.45,0.57,0.46,0.58,0.46,541,163.15,16.86,11.4,38.56,5.43,88.89,60.87,16.18,16.84,16.17,20,5,154,68,81,303,46,21,16,1,30,0,70,85,133,201,6,18,3,74,26,65,158,44,20,4.77,5.31,6.79,3,11,7,300.63,222,221.23,28,2.59,4.14,3.87,15.57,15.59,15.11,1405,250,155,222,778,198,178,207,822,3,7,215551,18,20,7,26,684.8,65.54,61.96,65.57,62.01,609,345,375,1329,69,68,11,726,156,72,19.48,19.35,26.72,24,24,21,1323.45,954,950.73,10.96,16.03,16.03,60.48,60.45,57.99,503.8,56.32,54.38,56.85,54.89,461,242,287,990,45,49,4,521,110,72,15.04,13.87,27.41,17,17,11,1001.96,703,711.46,6.73,9.51,9.51,53.54,53.96,52.75,163.12,200.72,3323,3848,0,0,0,0,0,0
8479336,2024,Carl Grundstrom,SJS,R,all,56,32244,702,8.44,0.48,0.42,0.48,0.46,0.49,0.46,609,87.43,7.5,5.69,21.2,2.85,47.05,34.7,7.19,7.41,7.1,5,1,88,31,32,151,9,3,11,2,10,1,44,50,85,116,11,24,3,172,5,35,95,13,11,2.83,1.52,3.15,1,0,2,146.71,119,116.68,11,1.18,2.33,2.79,5.89,5.81,5.65,702,66,66,120,450,111,133,77,381,3,4,172005,24,12,6,18,269.3,21.47,20.6,21.08,20.22,243,125,147,515,12,37,4,291,49,28,7.59,6.14,7.73,6,2,4,499.65,368,359.73,3.53,7.38,7.38,17.61,17.26,16.91,278.1,23.28,22.28,23.93,22.89,270,114,168,552,35,31,4,297,66,21,7.9,8,7.38,16,11,8,573.04,384,393.68,3.85,5.93,5.93,21.19,21.69,21.32,130.53,178.29,2692,3191,0,0,0,0,0,0
8484234,2024,Aydar Suniev,CGY,L,all,1,888,18,-0.03,0.47,0.44,0.39,0.46,0.31,0.5,6,0.74,0.11,0.07,0.12,0.02,0.4,0.29,0.11,0.13,0.13,0,0,1,0,1,2,0,0,0,0,0,0,1,0,1,1,0,0,0,0,0,1,0,1,0,0,0.11,0,0,0,0,2.25,1,1.16,0,0.01,0,0,0.12,0.14,0.14,18,0,1,2,15,1,6,2,9,0,0,2712,0,0,0,0,5.68,0.67,0.65,0.73,0.71,5,3,4,12,2,1,1,4,4,0,0.15,0.52,0,1,1,0,13.07,8,8.68,0.09,0.17,0.17,0.59,0.65,0.64,12.52,0.75,0.74,0.69,0.69,10,8,1,19,0,0,0,15,3,0,0.44,0.31,0,0,0,0,17.32,18,16.59,0.15,0,0,0.9,0.83,0.83,1.96,2.48,35,41,0,0,0,0,0,0
8482765,2024,Isak Rosen,BUF,R,all,8,4627,121,1.5,0.4,0.45,0.53,0.46,0.5,0.46,85,7.07,0.4,0.43,1.91,0.22,4.05,2.99,0.4,0.4,0.39,1,0,8,2,5,15,1,0,0,0,2,0,5,3,8,10,0,0,0,3,1,5,9,1,0,0.31,0.09,0,0,0,0,14.9,10,10,1,0.09,0,0,0.49,0.48,0.48,121,8,21,21,71,20,17,17,67,0,0,24173,0,0,0,2,43.11,3.64,3.5,3.64,3.5,38,21,26,85,2,2,0,43,11,5,1.26,1.27,1.11,1,0,1,85.07,59,58.99,0.57,0.42,0.42,3.79,3.79,3.71,44.06,5.5,5.23,5.55,5.29,43,17,16,76,5,9,1,41,7,12,1.09,0.77,3.64,2,1,2,76.76,60,60.45,0.59,2.21,2.21,3.88,3.92,3.88,18.35,22.37,351,420,0,0,0,0,0,0
8477939,2024,William Nylander,TOR,R,all,82,95987,1818,77.47,0.57,0.44,0.55,0.43,0.55,0.44,236,262.93,31.18,17.74,58,8.21,139.7,97.16,30.08,31.33,30.23,23,16,253,99,114,466,84,45,26,2,46,1,93,141,208,307,11,26,76,14,28,79,243,71,38,8.04,8.48,14.65,16,14,15,470.25,352,354.6,20,4.08,6.21,5.45,29.8,29.98,29.37,1818,351,162,282,1023,179,280,294,1065,76,77,201648,26,28,14,27,1014.68,116.88,109.36,117.38,109.83,936,444,487,1867,122,102,13,956,276,148,28.76,34.11,54,32,44,46,1873.08,1380,1386.17,17.42,24.48,24.24,110.07,110.52,105.3,815.81,86.65,83.89,86.6,83.84,733,406,369,1508,67,82,8,849,204,86,23.71,25.82,37.12,21,21,25,1500.31,1139,1138.56,10.83,14.77,14.63,82.85,82.82,81.33,144.23,180.02,2791,3691,0,0,0,0,0,0
8477938,2024,Haydn Fleury,WPG,D,all,39,37271,813,5.6,0.41,0.51,0.44,0.51,0.44,0.52,184,41.24,1.23,2.11,11.69,1.35,24.32,18.29,1.22,1.24,1.23,4,3,38,21,46,105,7,0,4,0,15,0,14,26,38,59,3,6,0,48,3,39,59,0,0,1.23,0,0,0,0,0,105.96,59,59.69,27,0.43,0.41,0.04,1.62,1.64,1.62,813,46,97,120,550,129,109,95,480,0,0,103881,6,0,0,56,259.71,21.17,20.32,21.55,20.67,219,139,145,503,13,23,3,275,61,22,7.4,7.5,6.27,7,3,3,510.09,358,362.62,3.33,4.56,4.56,19.94,20.21,19.93,330.93,30.08,28.67,29.88,28.45,303,157,185,645,31,38,5,343,85,32,9.62,10.5,9.96,15,9,7,638.23,460,456.93,5.11,7.34,7.34,27.85,27.63,27.01,92.92,88.09,1731,1654,0,0,0,0,0,0
8483471,2024,Brad Lambert,WPG,C,all,5,3482,75,0.63,0.4,0.48,0.54,0.51,0.54,0.5,45,3.05,0.15,0.21,0.71,0.08,1.7,1.15,0.14,0.14,0.14,0,1,1,3,5,9,1,0,0,0,0,0,2,2,1,4,1,2,5,5,0,1,3,1,0,0.06,0.09,0,0,0,0,8.67,4,3.81,1,0.04,0,0,0.19,0.19,0.18,75,11,1,8,55,11,20,8,36,5,10,14757,2,0,0,4,28.18,1.65,1.51,1.65,1.5,21,18,22,61,1,2,0,33,5,1,0.78,0.57,0.29,1,0,0,59.23,39,37.94,0.45,0.31,0.31,1.79,1.77,1.7,22.81,2.51,2.47,2.51,2.47,21,12,19,52,1,1,0,23,8,2,0.63,1.1,0.78,0,1,0,52.95,33,33.62,0.31,0.14,0.14,2.67,2.68,2.66,11.82,12.93,239,234,0,0,0,0,0,0
8481013,2024,Jonatan Berggren,DET,R,all,75,58397,1259,16.88,0.48,0.49,0.48,0.49,0.47,0.49,661,104.93,11.48,7.16,24.73,3.64,55.03,38.96,10.94,11.51,10.96,8,4,88,53,42,183,24,12,15,1,20,1,38,55,76,129,7,14,5,41,11,31,98,30,13,3.19,4.03,4.27,2,7,3,181.54,141,140.44,11,1.56,2.85,2.42,10.61,10.6,10.41,1259,168,124,182,785,197,193,156,713,5,12,214840,14,30,15,16,447.09,37.81,36.54,37.77,36.47,389,227,252,868,33,45,5,479,98,39,13.43,12.38,12,13,11,9,860.52,616,613.53,6.25,8.05,8.06,36,35.94,35.42,489.74,40.76,39.55,40.68,39.49,449,233,255,937,39,46,5,514,126,42,13.6,15.24,11.91,14,13,12,933.29,682,678.62,6.47,8.63,8.62,38.6,38.64,38.16,194.63,205.58,3413,3610,0,0,0,0,0,0
8482666,2024,Scott Morrow,CAR,D,all,14,13270,261,11.13,0.51,0.52,0.59,0.56,0.56,0.54,78,25.04,1.13,1.31,7.22,0.89,13.85,10.61,1.09,1.19,1.16,2,3,23,12,26,61,6,1,3,1,6,0,10,15,22,34,0,0,0,3,5,21,33,1,1,0.71,0.09,0.33,0,0,1,61.95,35,35.74,10,0.27,0.4,0.42,0.98,1,0.98,261,39,25,56,141,35,35,37,154,0,0,37430,0,2,1,16,145.96,13.47,12.69,13.6,12.83,132,65,86,283,14,22,5,147,34,16,4.66,4.15,4.66,4,6,4,283.67,197,198.06,1.96,4.42,4.42,11.01,11.12,10.82,114.4,12.81,11.93,12.88,12,99,53,46,198,11,23,2,100,33,19,3.06,4.37,5.38,5,3,3,197.36,152,152.34,1.69,4.61,4.61,9.89,9.9,9.61,35.4,33.18,702,547,0,0,0,0,0,0
8482090,2024,Jack Finley,TBL,C,all,1,505,15,0.39,0.43,0.51,0.64,0.64,0.67,0.65,12,0.8,0.06,0.08,0.14,0.02,0.45,0.25,0.06,0.06,0.06,0,0,1,0,0,1,0,0,0,0,1,0,0,0,1,1,0,0,3,1,0,1,1,0,0,0.06,0,0,0,0,0,0.94,1,0.95,0,0.02,0,0,0.08,0.08,0.07,15,4,0,1,10,5,1,1,8,3,2,3095,0,0,0,0,4.38,0.19,0.19,0.19,0.19,5,1,1,7,1,0,0,6,0,0,0.19,0,0,1,0,0,6.39,6,5.73,0.05,0,0,0.24,0.23,0.23,2.22,0.26,0.26,0.27,0.27,2,1,1,4,0,0,0,1,2,0,0.02,0.24,0,0,0,0,4.47,3,3.15,0.04,0,0,0.29,0.3,0.3,2.82,2.66,73,41,0,0,0,0,0,0
8476429,2024,Scott Mayfield,NYI,D,all,66,67323,1544,11.92,0.43,0.5,0.43,0.52,0.44,0.53,320,61.3,2.6,3.36,17.4,2.06,34.85,26.74,2.55,2.57,2.52,3,3,51,36,64,151,9,3,5,0,14,1,33,31,48,84,13,27,0,89,27,59,81,6,0,1.66,0.94,0,2,1,0,148.99,87,85.79,48,0.69,1.16,0.22,3.07,3.03,2.96,1544,111,170,202,1061,170,236,210,928,0,0,173226,27,27,12,105,502.26,46.48,45.22,46.51,45.24,452,240,261,953,52,40,3,511,136,45,14.63,17.31,14.54,20,24,8,946.98,692,688.85,6.73,8.35,8.14,45.07,45.05,44.46,650.39,62.69,59.85,62.86,60,588,304,379,1271,53,72,7,655,170,67,19.05,20.95,22.7,19,16,18,1273.79,892,893.4,10.23,16.35,16.35,56.58,56.78,55.47,145.2,144.24,3059,2784,0,0,0,0,0,0
8476422,2024,Mike Reilly,NYI,D,all,18,16381,407,7.98,0.6,0.48,0.6,0.51,0.6,0.52,96,35.47,1.1,2.13,9.14,1.18,21.94,15.51,1.09,1.09,1.07,2,0,31,20,17,68,2,0,6,0,12,0,12,21,31,51,1,2,0,3,2,16,51,0,0,1.1,0,0,0,0,0,67.25,51,50.34,9,0.44,1.06,0.02,1.53,1.51,1.49,407,69,18,55,265,67,50,47,243,0,0,49800,2,4,2,14,181.92,15.67,14.94,15.51,14.77,152,96,92,340,7,25,1,188,43,17,5.73,5.38,4.55,1,4,2,334.95,248,244.54,2.76,4.73,4.73,13.69,13.48,13.17,120.4,10.55,10.25,10.73,10.43,112,54,60,226,9,14,1,125,28,13,3.34,3.27,3.94,4,3,2,230.65,166,168.49,1.56,2.88,2.88,9.23,9.4,9.22,41.49,45.63,861,844,0,0,0,0,0,0
8477952,2024,Robby Fabbri,ANA,C,all,44,42780,857,6.29,0.4,0.46,0.43,0.47,0.41,0.47,248,66.36,7.91,4.33,14.35,2.08,33.07,26.26,7.79,7.9,7.78,6,2,65,23,23,111,16,8,11,0,11,0,22,36,57,80,10,20,71,58,14,30,56,24,8,2.22,2.96,2.73,4,4,0,109.39,88,87,10,0.93,2.02,1.46,7.39,7.36,7.32,857,109,115,124,509,146,174,118,419,71,85,118001,20,16,8,29,353,32.8,31.07,32.68,30.96,319,163,200,682,25,39,2,359,85,38,10.52,10.22,12.05,10,9,6,674.76,482,477.99,4.86,8.06,8.06,29.59,29.49,28.88,496.85,50.22,48.18,50.39,48.36,449,233,230,912,38,53,6,504,120,58,15.04,15.79,19.39,11,12,15,916.39,682,684.07,7.52,11.56,11.56,46.18,46.38,45.2,98.31,113.78,1849,2126,0,0,0,0,0,0
8480806,2024,Isac Lundestrom,ANA,C,all,79,64214,1461,3.23,0.3,0.49,0.34,0.5,0.34,0.49,648,65.62,8.62,4.78,14.17,2.2,32.35,27.89,8.33,8.58,8.29,6,5,60,30,15,105,15,4,12,0,12,0,24,38,56,86,5,10,442,48,15,26,52,29,9,1.96,3.67,2.99,1,2,1,104.5,90,89.84,12,1.02,3.12,1.98,7.66,7.59,7.5,1461,95,390,219,757,200,175,174,912,442,494,224083,10,16,8,68,352.72,32.65,31.69,32.44,31.5,330,160,214,704,27,33,3,384,70,36,10.73,8.72,13.2,12,6,9,699.69,490,487.79,4.54,7.48,7.48,29.71,29.48,29.06,699.38,75.45,69.03,75.64,69.24,625,342,385,1352,73,70,14,693,194,80,20.13,23.31,32,24,21,28,1363.84,967,971.97,12.35,17.1,17.1,70.68,70.85,66.32,201.72,209.62,3894,3967,0,0,0,0,0,0
8475171,2024,Oliver Ekman-Larsson,TOR,D,all,77,97337,2236,26.8,0.54,0.48,0.5,0.46,0.5,0.47,194,128.82,5.64,7.65,36.91,4.41,76.71,55.68,5.51,5.64,5.51,9,16,118,69,101,288,29,4,12,0,36,0,54,81,114,183,26,52,0,108,28,95,176,9,2,3.68,1.09,0.86,2,0,2,286.02,187,185.99,60,1.64,2.54,0.29,6.98,6.98,6.83,2236,284,237,295,1420,233,322,298,1383,0,0,182206,52,28,14,83,851.2,86.31,82.77,86.36,82.82,776,393,429,1598,86,82,9,864,201,104,24.33,25.47,36.5,30,28,28,1598.56,1169,1168.7,12.43,16.94,17.22,81.51,81.53,80.1,841.84,74.85,71.65,74.83,71.64,757,417,421,1595,70,91,7,896,197,81,24.31,24.47,26.08,30,24,16,1586.27,1174,1173.02,11.69,15.72,15.72,70.83,70.92,69.16,159.89,176.52,2800,3292,0,0,0,0,0,0
8481532,2024,Alex Turcotte,LAK,C,all,68,47886,1053,30,0.59,0.53,0.56,0.52,0.56,0.53,653,89.07,11.96,6.87,20.58,3.39,45.39,32.81,11.43,12.15,11.62,11,5,79,42,27,148,25,9,13,1,26,1,38,34,70,112,9,20,54,46,9,39,68,37,16,2.63,4.46,4.88,3,4,2,149.81,121,122.8,12,1.49,2.33,3.9,9.54,9.72,9.62,1053,106,96,181,670,147,139,123,644,54,67,199515,20,10,6,30,441.42,37.62,36.18,38.16,36.71,389,224,255,868,37,51,5,471,102,40,13.1,12.72,11.8,18,9,10,881.2,613,620.35,6.29,9.41,9.49,34.42,34.96,34.49,353.81,26.42,25.64,26.24,25.45,323,166,201,690,28,26,4,385,82,22,9.86,10.35,6.22,16,8,4,682.87,489,483.99,4.53,4.88,4.88,26,25.81,25.44,170.5,152.41,3321,3051,0,0,0,0,0,0
8475158,2024,Ryan O'Reilly,NSH,C,all,79,90005,1829,58.31,0.58,0.47,0.59,0.48,0.59,0.47,195,170.29,28.75,14.09,35.08,5.92,86.08,57.08,26.3,28.61,26.17,17,15,151,76,43,270,53,21,23,5,25,1,71,86,130,206,9,24,746,20,31,64,110,75,42,3.78,9.11,15.86,3,10,8,265.31,227,224.22,23,3.39,5.35,8.34,23.8,23.66,22.26,1829,347,204,317,961,161,222,322,1124,746,593,196498,24,32,13,72,963.84,113.09,103.43,112.73,103.11,871,453,513,1837,95,105,8,909,280,135,26.24,34.69,52.15,26,38,31,1823.36,1324,1317.18,16.08,25.24,25.24,103.93,103.66,97.98,684.71,81.33,77.41,82.11,78.16,641,295,334,1270,89,69,4,632,208,96,18.79,25.4,37.15,33,23,33,1286.7,936,946.9,10.05,13.44,13.44,77.94,78.64,75.98,142.81,163.64,2967,3233,0,0,0,0,0,0
8483489,2024,Fraser Minten,BOS,C,all,21,16409,339,1.96,0.4,0.51,0.45,0.49,0.47,0.5,158,30.1,3.28,2.18,6.55,1.07,16.65,12.27,3.19,3.26,3.17,2,0,24,18,10,52,5,3,4,0,8,0,13,14,21,39,1,2,77,48,2,10,25,16,1,0.88,2.13,0.27,0,3,0,52.15,42,42.05,1,0.48,0.38,0.43,3.33,3.33,3.29,339,32,36,50,221,51,38,38,212,77,91,59452,2,0,0,10,120.66,10,9.65,10.01,9.66,112,57,50,219,8,9,1,124,38,7,3.28,4.56,2.16,2,5,1,221.36,169,170.36,1.77,0.96,0.96,10.8,10.83,10.59,141.56,15.11,14.66,15.18,14.72,121,71,79,271,14,18,1,136,34,22,3.36,4.6,7.14,4,4,6,269.37,192,191.53,1.94,3.51,3.83,13.21,13.23,13.15,56.3,54.99,947,975,0,0,0,0,0,0
8480002,2024,Nico Hischier,NJD,C,all,75,91746,1837,81.6,0.6,0.5,0.57,0.49,0.57,0.48,143,201.91,35.06,16.34,41.63,6.89,100.29,67.79,32.77,35.13,32.84,22,12,187,81,77,345,69,35,29,7,36,1,84,83,152,233,9,20,987,44,24,53,129,90,49,4.87,11.24,18.95,8,11,16,346.13,268,269.26,19,3.85,6.01,8.55,30.36,30.37,29.1,1837,319,378,330,810,171,138,300,1228,987,790,180562,20,58,28,60,990.41,128.46,119.56,128.69,119.75,896,443,510,1849,108,132,17,886,278,175,27.26,34.91,66.29,26,30,52,1858.46,1339,1347.52,17.54,28.9,29.06,116.95,117.11,111.63,741.71,87.21,79.19,87.33,79.28,651,373,388,1412,80,86,14,727,184,113,20.87,22.52,43.83,23,19,38,1402.83,1024,1019.08,12.33,18.31,18.31,81.23,81.18,75.29,129.73,130.76,2739,2844,0,0,0,0,0,0
8480798,2024,Philipp Kurashev,CHI,C,all,51,41981,836,3.68,0.36,0.42,0.44,0.44,0.44,0.44,379,62.52,6.4,4.42,13.47,2.06,34.13,25.51,6.32,6.53,6.44,3,4,54,32,26,112,14,7,5,1,10,0,22,42,47,79,7,14,97,30,13,27,55,25,6,1.85,2.88,1.68,2,3,2,111.07,86,86.08,10,0.96,0.87,0.6,6.77,6.84,6.79,836,89,76,118,553,93,107,113,523,97,109,142974,14,16,8,16,296.69,22.73,22.1,23.03,22.37,279,132,148,559,16,28,4,328,64,19,9.11,7.84,5.78,6,7,3,556.35,411,410.1,4.05,4.42,4.42,22.36,22.51,22.12,371.84,39.61,38.28,39.4,38.07,361,159,203,723,45,45,4,379,94,47,10.7,12.37,16.53,18,13,14,721.06,520,518.91,5.34,7.37,7.37,37.58,37.34,36.7,98.71,135.94,1946,2477,0,0,0,0,0,0
8481593,2024,Jayden Struble,MTL,D,all,56,50247,1017,16.13,0.5,0.46,0.5,0.46,0.5,0.46,282,46.77,1.56,2.41,13.11,1.51,28.48,20.94,1.52,1.54,1.51,5,6,47,21,68,136,13,2,7,0,13,0,18,28,45,66,17,42,0,124,23,51,64,4,0,1.19,0.36,0,1,1,0,134.24,68,67.9,29,0.48,1.36,0.03,2,1.99,1.95,1017,78,53,130,756,132,166,121,598,0,0,154020,42,20,7,54,388.74,36.07,34.52,35.89,34.32,343,200,250,793,34,42,6,391,118,34,12.18,14.52,9.38,13,15,6,783.73,543,538.99,5.25,8.07,8.07,33.24,32.97,32.38,391.03,36.42,35.1,37.06,35.69,335,200,246,781,36,35,4,404,91,40,12.4,11.36,12.66,16,11,9,790.33,535,541.75,5.31,7.4,7.4,34.33,34.89,34.19,130.39,154.16,2309,2764,0,0,0,0,0,0
8477478,2024,William Carrier,CAR,L,all,43,30269,739,21.15,0.6,0.54,0.6,0.58,0.59,0.57,432,61.14,8.39,4.49,13.81,1.98,30.68,21.65,7.99,8.46,8.05,4,3,48,33,33,114,11,4,12,1,11,0,24,30,44,77,8,16,6,156,11,19,46,22,13,1.51,2.67,4.22,1,1,2,116.43,81,82.81,7,0.96,2.53,2.48,6.87,6.92,6.82,739,121,76,162,380,131,75,102,431,6,6,125471,16,14,7,12,295.78,29.56,28.07,30,28.45,242,169,179,590,21,44,4,299,70,42,7.87,8.99,12.71,7,7,7,603.81,411,418.03,4.14,9.34,9.12,24.58,24.92,24.49,210.1,19.32,18.8,19.2,18.68,182,107,110,399,22,24,3,211,58,20,6.54,7.55,5.24,11,6,5,394.61,289,287.23,3.08,4.52,4.52,17.87,17.76,17.51,127.5,107.5,2371,1721,0,0,0,0,0,0
8483573,2024,Ethen Frank,WSH,C,all,24,15587,331,8.96,0.6,0.5,0.54,0.48,0.57,0.48,261,25.76,2.91,1.65,5.52,0.78,12.69,10.46,2.85,3.07,3.01,1,2,23,11,8,42,7,4,1,1,4,0,10,15,19,30,2,6,0,11,5,10,22,8,4,0.74,1,1.16,2,0,2,43.23,34,34.76,4,0.35,0.34,0.64,2.62,2.73,2.73,331,50,31,41,209,52,51,33,195,0,1,72145,6,10,5,16,141.86,14.11,13.64,14.16,13.72,120,75,72,267,15,15,3,143,30,22,4.12,3.73,6.25,9,0,6,266.92,195,194.64,1.95,3.02,2.86,13.2,13.25,13.09,108.91,9.45,9.07,9.55,9.17,90,59,79,228,8,13,3,114,25,10,3.21,3.1,3.14,3,3,2,231.4,149,150.26,1.36,2.73,2.73,8.08,8.19,8.12,60.27,60.77,1103,1202,0,0,0,0,0,0
8481564,2024,Ryan Johnson,BUF,D,all,3,3180,68,-0.98,0.41,0.37,0.45,0.49,0.51,0.46,10,6.84,0.53,0.35,1.86,0.2,3.45,2.61,0.42,0.53,0.42,0,0,3,6,3,12,0,0,1,0,3,0,3,2,3,9,2,4,0,1,0,2,8,0,1,0.17,0,0.36,0,0,0,11.85,9,8.66,2,0.07,0.36,0.36,0.24,0.23,0.21,68,6,14,9,39,8,12,10,38,0,0,7920,4,0,0,4,28.84,2.33,2.21,2.28,2.16,23,16,13,52,1,2,0,31,5,3,0.85,0.53,0.95,1,0,0,51.21,39,38.28,0.36,0.74,0.74,1.96,1.93,1.91,27.6,3.36,3.22,3.41,3.27,21,17,25,63,3,6,1,23,10,5,0.75,1.23,1.38,1,0,2,64.15,38,38.59,0.41,1.31,1.31,2.46,2.5,2.47,6,10.13,129,132,0,0,0,0,0,0
8476372,2024,Nick Seeler,PHI,D,all,77,79832,1906,15.05,0.49,0.52,0.41,0.51,0.44,0.52,350,102.7,4.03,5.03,32.66,3.68,57.52,42.08,3.87,3.98,3.82,7,10,82,63,92,237,20,3,8,0,25,0,43,66,79,142,15,36,0,125,23,85,136,7,2,2.58,0.85,0.59,2,1,0,233.38,145,142.67,61,1.03,1.75,0.54,4.52,4.48,4.32,1906,144,210,242,1310,169,237,230,1270,0,0,201527,36,28,11,200,564.5,59.95,57.37,60.34,57.68,487,281,295,1063,61,69,7,561,128,79,16.24,16.77,26.93,29,19,13,1056.18,768,765.64,7.57,14.8,15,52.51,52.59,51.74,705.36,62.75,60,63.38,60.63,631,336,548,1515,70,63,8,723,188,56,20.8,23.22,18.71,27,25,18,1534.98,967,979.83,10.14,14.41,14.41,58.46,59.13,57.87,176.57,159.93,3223,3103,0,0,0,0,0,0
8481030,2024,Jack St. Ivany,PIT,D,all,19,18659,411,-0.05,0.32,0.53,0.39,0.52,0.38,0.52,99,15.32,0.41,0.76,5.14,0.51,8.85,6.32,0.4,0.41,0.39,0,1,12,10,13,35,1,0,0,0,3,0,12,7,12,22,7,17,0,38,7,16,21,1,0,0.32,0.09,0,0,0,0,34.69,22,21.48,9,0.15,0,0.03,0.54,0.52,0.5,411,29,64,54,264,61,56,43,251,0,0,51132,17,13,5,25,113.84,8.86,8.7,8.83,8.66,103,56,73,232,7,9,0,124,29,6,3.42,3.54,1.91,4,3,0,230.78,159,157.46,1.52,2.01,2.01,8.38,8.3,8.23,189.47,18.75,16.96,18.99,17.18,188,72,101,361,15,21,3,189,49,22,5.12,5.96,7.68,6,4,5,366.07,260,263.33,3.01,4.98,4.98,16.79,17.01,16.05,51.15,45.12,929,867,0,0,0,0,0,0
8476897,2024,Oskar Sundqvist,STL,C,all,67,53095,1238,15.68,0.49,0.5,0.47,0.49,0.49,0.49,574,71.8,7.77,5.88,17.56,2.69,37.27,25.83,7.53,7.69,7.46,8,6,60,37,33,130,20,6,9,2,7,0,32,43,54,91,16,32,260,78,19,41,67,18,12,2.15,2.15,3.47,1,2,3,131.66,97,97.47,12,1.38,1.12,2.13,7.03,7,6.86,1238,132,191,166,749,168,157,170,743,260,312,191319,32,36,17,53,381.11,35.04,34.28,35.29,34.54,354,174,209,737,33,33,6,411,76,41,11.8,9.18,14.06,11,11,11,745.77,528,532.81,5.8,6.44,6.44,34.33,34.66,34.24,395.57,35.84,32.63,35.62,32.43,346,206,278,830,38,28,4,433,82,37,11.39,9.58,14.87,15,12,11,818.47,552,548.07,5.74,7.1,7.1,34.48,34.31,33.31,148.83,150.44,2936,3034,0,0,0,0,0,0
8476967,2024,Brett Kulak,EDM,D,all,82,101032,2001,38.88,0.51,0.56,0.5,0.55,0.51,0.55,281,133.45,6.56,7.01,36.94,4.56,79.75,60.17,6.37,6.5,6.32,7,11,135,60,98,293,25,7,12,0,47,1,68,60,128,188,9,18,0,28,23,81,185,5,5,3.63,0.64,2.29,6,0,1,293.94,195,195.74,45,1.42,1.82,0.98,7,7.01,6.93,2001,191,244,287,1279,281,258,242,1220,0,0,196492,18,10,5,118,844.92,76.18,73.31,76.6,73.69,785,378,421,1584,62,84,8,875,213,75,24.76,26.43,24.99,26,22,14,1598.29,1163,1171.55,11.06,17.84,17.84,69.39,69.75,68.68,815.48,73.32,70.75,73.53,70.95,768,350,471,1589,86,76,19,858,183,77,24.55,22.92,25.85,33,33,20,1589.03,1118,1119.72,11.64,18.31,18.31,66.66,66.68,65.68,200.7,155.48,3600,2898,0,0,0,0,0,0
8481737,2024,Matt Stienburg,COL,C,all,8,2923,79,0.55,0.51,0.56,0.45,0.52,0.51,0.52,94,3.66,0.36,0.27,0.88,0.16,2.38,1.95,0.36,0.35,0.35,0,0,4,2,2,8,0,0,0,0,0,0,1,5,4,6,3,12,0,16,0,3,4,2,0,0.18,0.17,0,0,0,0,7.73,6,5.82,1,0.05,0,0,0.41,0.4,0.4,79,5,7,9,58,12,7,7,53,0,0,26136,12,9,3,1,22.01,2.11,1.96,2.17,2.01,23,8,9,40,2,4,1,22,8,1,0.69,0.92,0.5,1,0,1,40.18,31,31.65,0.28,0.84,0.84,1.55,1.57,1.52,21.69,2.06,2.02,2.03,1.99,19,11,18,48,2,1,0,21,7,2,0.67,0.79,0.59,0,2,0,46.81,30,29.51,0.33,0.1,0.1,2.28,2.26,2.23,26.78,21.12,462,419,0,0,0,0,0,0
8481732,2024,Andre Lee,LAK,L,all,19,10455,233,3.6,0.59,0.51,0.51,0.52,0.51,0.51,211,18.17,3.06,1.28,4.42,0.62,8.2,6.42,2.89,3,2.83,2,0,18,6,7,31,3,1,2,0,1,0,11,9,17,23,4,11,0,36,4,8,12,6,6,0.36,0.72,1.99,0,1,0,30.49,24,23.66,5,0.28,0.58,1.68,1.66,1.62,1.6,233,20,14,32,167,36,34,26,137,0,0,58188,11,13,5,10,71.81,7.17,6.83,7.22,6.88,57,41,51,149,3,10,1,72,15,11,1.74,1.93,3.5,1,1,1,149.29,98,98.89,0.91,2.54,2.54,5.55,5.61,5.55,68.5,4.89,4.83,4.87,4.8,65,31,49,145,8,6,0,76,18,2,2,2.3,0.6,6,2,0,144.82,96,95.64,0.84,0.71,0.71,5.02,4.98,4.92,50.13,48.21,991,922,0,0,0,0,0,0
8483429,2024,Seamus Casey,NJD,D,all,14,10620,234,5.25,0.44,0.53,0.46,0.5,0.45,0.5,83,10.07,0.45,0.57,2.58,0.29,6.04,4.07,0.44,0.45,0.45,2,2,12,2,14,28,8,4,0,0,2,0,4,4,8,10,0,0,0,10,2,16,14,0,0,0.45,0,0,4,0,0,28.6,14,14.24,11,0.12,0,0,0.57,0.58,0.57,234,38,12,25,159,27,38,28,141,0,0,40020,0,4,2,7,77.84,5.93,5.83,6.01,5.91,72,37,45,154,11,1,0,85,19,5,2.63,2.06,1.23,7,3,1,156.47,109,110.29,1.13,0.29,0.29,6.77,6.87,6.78,94.11,7.59,7.36,7.55,7.34,82,50,49,181,5,9,0,101,24,7,2.7,2.96,1.92,3,1,1,181.63,132,132.57,1.24,1.35,1.35,7.48,7.44,7.33,37.52,33.47,673,663,0,0,0,0,0,0
8476994,2024,Vinnie Hinostroza,MIN,C,all,38,29678,607,11.12,0.63,0.49,0.54,0.47,0.54,0.47,340,60.6,8.92,3.9,13.56,1.93,31.68,22.01,8.13,8.89,8.1,1,4,48,34,22,104,10,5,8,1,11,0,25,33,43,77,5,10,7,41,8,31,55,17,10,1.42,2.16,5.34,1,1,3,102.96,82,81.59,10,0.9,3.49,3.54,6.28,6.27,6.09,607,92,65,93,357,84,79,75,369,7,10,108430,10,10,5,12,267.02,27.78,26.1,27.48,25.82,243,123,148,514,21,23,2,260,77,29,7.13,9.83,10.82,8,7,6,506.24,366,361.76,4.06,6.92,6.92,24.91,24.68,24.07,220.88,16.63,15.98,16.86,16.2,200,106,137,443,14,18,2,237,57,12,6.58,6.86,3.19,6,8,0,448.93,306,308.96,2.88,2.7,2.7,16.81,17.04,16.62,95.61,98.2,1708,1908,0,0,0,0,0,0
8482149,2024,Cole Perfetti,WPG,C,all,82,74720,1515,53.87,0.6,0.5,0.56,0.48,0.58,0.48,544,165.18,20.2,11.61,38.59,5.57,83.63,63.47,19.58,20.56,19.93,18,14,143,81,60,284,50,18,13,4,29,0,72,92,125,206,10,20,21,71,20,55,144,54,26,4.79,6.64,8.77,2,6,10,289.16,224,227.4,17,2.63,1.73,4.27,18.49,18.84,18.55,1515,301,73,211,930,226,234,222,833,21,46,222875,20,16,8,45,713.8,70.93,68.12,71.87,69.01,623,360,343,1326,75,70,10,719,175,89,19.1,21.81,30.02,25,22,28,1348.54,983,996.35,10.81,13.84,13.84,67.82,68.62,67.05,512.97,47.48,45.31,47.31,45.12,464,244,313,1021,36,51,4,518,137,53,14.28,17.2,16,17,12,7,1009.44,708,702.81,6.9,11.29,11.29,43.07,42.83,41.99,186.81,183.41,3464,3819,0,0,0,0,0,0
8480007,2024,Jonas Rondbjerg,VGK,R,all,13,7508,180,0.34,0.46,0.54,0.49,0.55,0.49,0.55,144,12.33,0.71,0.68,2.82,0.41,6.73,5.67,0.71,0.72,0.71,0,0,11,6,4,21,0,0,0,0,2,0,3,12,11,17,0,0,1,3,3,1,15,2,0,0.47,0.24,0,0,0,0,21.76,17,17.57,1,0.14,0,0,0.84,0.86,0.85,180,25,20,25,110,37,22,15,106,1,4,39390,0,2,1,4,57.61,3.66,3.6,3.77,3.71,47,31,31,109,1,4,0,65,12,1,1.84,1.49,0.32,1,0,0,112.18,78,80.62,0.7,0.51,0.51,3.85,3.96,3.95,56.14,4.35,4.19,4.4,4.24,44,36,34,114,5,5,1,63,15,2,1.59,1.98,0.78,1,3,1,114.52,80,80.42,0.78,1.09,1.09,4.04,4.11,4.04,38.74,32.63,732,607,0,0,0,0,0,0
8479996,2024,Cody Glass,NJD,C,all,65,53257,1285,30.86,0.49,0.5,0.51,0.51,0.5,0.5,500,98.91,10.08,6.91,23.47,3.52,55.5,40.51,9.51,9.98,9.43,12,4,91,49,49,189,22,6,11,0,14,1,43,65,85,134,8,16,243,53,12,32,103,26,11,3.36,3.02,3.7,3,2,1,187.11,140,138.5,14,1.49,2.3,3.08,8.49,8.43,8.27,1285,138,172,182,793,175,147,141,822,243,230,183610,16,16,8,38,439.91,37.93,35.91,37.61,35.62,396,213,269,878,34,45,3,465,102,42,12.49,12.4,13.05,16,13,5,871.46,609,605.05,6.32,9.72,9.72,34.53,34.31,33.4,435.64,39.63,37.61,39.98,37.96,411,191,228,830,40,44,3,458,102,42,12.03,12.76,14.83,17,16,7,832.93,602,606.18,6.45,8.89,8.89,37.19,37.42,36.12,168.56,169.81,3131,2972,0,0,0,0,0,0
8481848,2024,Jacob Gaucher,PHI,C,all,4,1762,45,0.23,0.44,0.42,0.47,0.4,0.47,0.41,45,3.32,0.43,0.17,0.54,0.09,1.33,1.45,0.43,0.44,0.44,0,0,3,1,0,4,0,0,0,0,0,0,2,2,3,4,0,0,10,4,1,0,2,1,1,0.02,0.15,0.26,0,0,0,4.19,4,4.2,0,0.04,0,0,0.46,0.48,0.48,45,3,2,8,32,6,3,9,27,10,5,12937,0,0,0,2,14.05,1.33,1.32,1.37,1.36,14,5,9,28,2,1,0,14,3,2,0.37,0.43,0.54,2,0,0,28.78,19,19.51,0.18,0.28,0.28,1.23,1.24,1.24,15.35,1.73,1.69,1.66,1.63,16,5,10,31,2,4,0,13,5,3,0.33,0.59,0.82,2,0,0,30.35,21,20.38,0.21,0.98,0.98,0.96,0.94,0.92,7.72,10.64,168,250,0,0,0,0,0,0
8477444,2024,Andre Burakovsky,SEA,L,all,79,68362,1376,30.98,0.51,0.46,0.52,0.47,0.52,0.47,605,122.29,11.77,8.67,27.53,3.93,68.81,47.28,11.29,11.7,11.23,18,9,115,53,51,219,37,10,8,1,31,0,59,60,105,158,6,12,3,33,18,38,119,39,10,4.22,4.76,2.79,3,6,1,216.86,168,166.58,8,1.9,2.22,2.2,11.47,11.41,11.05,1376,210,135,199,832,219,198,210,749,3,3,218228,12,26,13,27,630.59,55.25,52.88,54.83,52.48,582,295,318,1195,62,53,4,684,146,47,19.84,18.8,16.61,30,20,12,1175.04,877,866.23,9.47,9.78,9.78,54.94,54.61,52.73,570.57,53.46,51.76,54.01,52.3,481,318,289,1088,50,56,7,612,130,57,17.22,16.59,19.64,23,14,13,1109.38,799,813.31,7.44,10.9,10.9,50.01,50.57,49.52,173.23,205.94,3417,3893,0,0,0,0,0,0
8475184,2024,Chris Kreider,NYR,L,all,68,68357,1445,27.41,0.54,0.47,0.54,0.49,0.53,0.49,349,163.99,24.52,12.82,36.21,5.7,79.54,57.22,21.74,24.57,21.78,3,5,152,64,45,261,30,22,14,2,33,0,71,76,130,194,12,24,27,79,9,39,127,54,35,3.47,7.28,13.77,4,8,10,261.4,216,215.85,21,3.16,3.91,6.1,21.59,21.58,20.15,1445,272,210,234,729,168,177,214,886,27,41,177678,24,6,3,26,695.66,78.15,71.5,78.28,71.62,627,327,379,1333,67,74,10,684,174,96,18.47,21.92,37.75,19,18,30,1332.39,954,954.28,12.05,17.09,17.26,72.94,73.14,69.11,616.39,66.86,64.3,66.93,64.39,567,281,305,1153,61,53,3,627,142,79,17.08,17.87,31.91,18,21,22,1155.12,848,848.64,9.09,10.07,10.07,65.88,66.08,64.12,138.99,158.19,2819,2948,0,0,0,0,0,0
8478055,2024,Gustav Forsling,FLA,D,all,80,110149,2254,62.22,0.47,0.6,0.51,0.59,0.5,0.58,160,186.49,7.49,9.98,54.71,6.6,111.04,83.19,7.29,7.46,7.26,10,10,195,78,148,421,31,11,12,0,48,0,101,101,184,262,8,16,0,83,37,72,265,5,3,5.74,0.51,1.23,9,1,1,423.01,273,273.01,39,2.05,2.36,0.54,9,8.96,8.73,2254,257,345,298,1354,324,248,324,1358,0,0,181051,16,20,10,89,991.07,87.97,84.7,88.23,84.97,926,457,524,1907,88,101,9,1061,224,98,29.42,27.88,30.66,45,21,22,1919.84,1383,1389.65,13.19,20.13,20.34,80.81,81.07,79.41,997.77,97.59,92.76,97.17,92.37,903,471,455,1829,83,89,9,1026,235,113,28.84,29.37,39.38,25,29,29,1820.94,1374,1367.68,16.15,19.15,19.15,94.59,94.33,91.14,192.78,129.54,3454,2391,0,0,0,0,0,0
8475795,2024,Dylan McIlrath,WSH,D,all,17,11889,283,-1.2,0.48,0.57,0.42,0.5,0.42,0.52,99,14.84,0.5,0.8,5.07,0.52,8.2,5.9,0.46,0.51,0.47,1,1,10,11,15,36,2,0,1,0,4,0,9,7,10,21,8,28,0,38,3,17,21,0,0,0.5,0,0,0,0,0,36.86,21,21.44,15,0.17,0.36,0.03,0.64,0.65,0.61,283,24,19,34,206,25,53,29,176,0,0,49851,28,22,5,14,85.96,9.46,9.23,9.67,9.44,72,44,54,170,7,12,2,79,26,11,2.6,3.56,3.31,2,2,3,176.2,116,120.02,1.24,2.63,2.63,8.07,8.22,8.12,114.46,10.34,9.25,10.25,9.19,97,60,76,233,10,11,0,117,27,13,3.18,3.26,3.89,4,5,1,230.11,157,155.49,1.51,2.62,2.62,9.23,9.17,8.64,53.61,40.13,817,807,0,0,0,0,0,0
8478474,2024,Lawson Crouse,UTA,L,all,81,66726,1617,30.27,0.55,0.51,0.53,0.51,0.54,0.51,646,143.52,15.95,9.51,33.06,4.93,75.84,55.71,15.5,16.04,15.58,3,3,126,69,46,241,18,12,9,0,22,1,73,78,114,183,15,39,19,193,16,59,125,53,17,4.28,6.53,5.16,5,6,1,241.77,195,195.84,18,2.05,2.2,4.5,13.51,13.51,13.29,1617,174,161,331,951,271,223,172,951,19,22,229028,39,35,13,46,588.89,55.62,53.17,55.73,53.27,509,291,329,1129,35,63,3,586,145,69,16.65,17.73,21.24,16,9,10,1130.98,800,802.68,8.03,13.69,13.74,49.91,49.92,48.87,506.85,44.93,43.81,44.77,43.67,479,215,290,984,44,35,4,519,127,48,14.79,14.9,15.22,15,14,15,978.55,694,690.36,6.71,8.06,8.06,43.58,43.62,42.96,212.47,203.46,3863,3721,0,0,0,0,0,0
8475763,2024,Kevin Hayes,PIT,R,all,64,46262,1040,26.62,0.55,0.47,0.57,0.48,0.55,0.48,590,115.78,13.31,9.16,26.36,3.93,61.34,41.91,12.27,13.4,12.34,4,6,99,57,39,195,23,13,15,4,18,1,47,62,86,143,4,8,236,52,14,33,105,31,20,3.13,4.01,6.17,5,4,4,194.36,156,155.91,12,2.02,2.49,4.31,11.03,11.07,10.6,1040,131,129,141,639,167,123,148,602,236,217,186986,8,12,6,11,466.26,49.7,45.38,49.76,45.4,415,219,243,877,38,66,8,451,114,69,12.86,14.39,22.46,14,12,12,870.74,634,630.75,7.9,16.08,16.08,41.51,41.58,39.81,374.6,40.48,38.78,40.72,39.02,351,167,146,664,44,44,5,380,80,58,10.51,9.42,20.55,13,15,16,667.8,518,522.1,5,10.14,10.53,34.94,35.17,34.53,154.42,177.55,3039,3233,0,0,0,0,0,0
8476480,2024,Vladislav Namestnikov,WPG,C,all,78,70626,1540,39.34,0.56,0.51,0.53,0.48,0.55,0.49,508,104.76,17.23,8.94,22.34,3.58,49.15,35.77,16.29,17.47,16.5,9,18,94,43,31,168,38,11,25,4,13,0,32,56,83,126,14,28,365,84,15,38,59,52,26,2.32,6.86,8.06,1,5,5,170.94,137,139.42,14,1.98,6.39,4.56,14.65,14.79,14.45,1540,287,107,205,941,209,214,214,903,365,426,212569,28,28,14,49,650.08,63.38,61,64.27,61.85,573,324,291,1188,67,68,8,668,149,80,17.9,18.55,26.92,23,19,25,1209.81,897,910.92,9.39,14.35,14.35,58.36,59.18,58.12,531.86,49.51,47.47,49.26,47.2,464,274,307,1045,37,51,2,532,151,55,13.87,18.86,16.79,17,13,7,1032.08,738,731.69,7.51,11.06,11.06,45.96,45.62,44.74,180.55,174.98,3335,3582,0,0,0,0,0,0
8483538,2024,Owen Sillinger,CBJ,C,all,1,789,16,-0.71,0.14,0.61,0.19,0.43,0.18,0.42,8,0,0,0,0,0,0,0,0,0,0,0,0,0,0,1,1,0,0,0,0,0,0,0,0,0,0,1,2,2,1,1,1,0,0,0,0,0,0,0,0,0,0.97,0,0,0,0,0,0,0,0,0,16,1,1,0,14,2,5,1,8,2,3,2811,2,0,0,1,2.15,0.08,0.08,0.07,0.07,3,0,2,5,0,0,0,3,0,0,0.08,0,0,0,0,0,4.96,3,2.98,0.02,0,0,0.1,0.1,0.1,9.93,0.49,0.49,0.49,0.48,8,6,7,21,0,0,0,12,2,0,0.26,0.23,0,0,0,0,20.06,14,13.79,0.15,0,0,0.64,0.64,0.63,2.57,1.61,42,55,0,0,0,0,0,0
8477406,2024,Mattias Janmark,EDM,C,all,80,63827,1398,12.12,0.4,0.59,0.43,0.56,0.43,0.57,617,62.5,8.89,4.36,13.29,2.12,28.37,26.96,8.59,8.87,8.57,11,5,51,33,25,109,18,2,4,0,3,0,27,48,49,82,11,22,97,45,20,47,42,33,9,1.37,4.54,2.98,1,0,1,109.27,84,84.43,14,0.95,1.01,2.27,7.57,7.62,7.5,1398,111,170,259,858,205,215,169,809,97,142,226497,22,28,14,35,420.61,37.49,36.4,37.52,36.44,391,187,228,806,29,46,3,431,112,35,11.83,14.43,11.24,16,7,6,809.2,578,580.78,5.3,8.9,8.9,33.89,33.96,33.59,553.26,56.55,53.25,56.63,53.33,513,239,304,1056,53,64,8,558,117,77,15.24,14.25,27.07,18,18,17,1052.42,752,751.89,8.13,16.02,16.02,48.66,48.73,47.1,233.46,165.15,4270,3308,0,0,0,0,0,0
8476874,2024,Olli Mtt,UTA,D,all,77,90343,2006,28.58,0.49,0.52,0.48,0.52,0.48,0.53,269,83.16,4.67,4.71,22.65,2.81,47.3,35.85,4.5,4.66,4.48,9,7,73,45,61,179,18,2,9,0,15,1,34,57,71,116,7,16,0,25,26,104,100,16,2,2.45,1.67,0.55,2,0,0,179.64,118,118.7,73,0.97,1.92,0.51,5.15,5.13,5.03,2006,178,269,337,1222,267,262,226,1251,0,0,190639,16,18,9,124,684.66,63.05,60.56,63.24,60.74,620,313,395,1328,52,64,5,683,184,66,19.76,22.76,20.52,20,21,11,1335.23,933,938.47,8.87,13.85,13.85,58.06,58.2,57.29,754.44,66.91,64.16,67.61,64.83,672,356,422,1450,57,72,8,747,220,61,20.93,26.85,19.14,19,19,19,1456.63,1028,1032.33,10.78,14.37,14.37,63.33,63.83,62.23,192.7,176.28,3391,3093,0,0,0,0,0,0
8480246,2024,Nick Perbix,TBL,D,all,74,65200,1432,24.45,0.51,0.53,0.51,0.51,0.5,0.51,406,81.78,4.6,4.64,22.45,2.68,47.19,34.43,4.42,4.64,4.45,7,6,66,50,74,190,19,6,5,1,19,0,39,47,60,110,10,20,0,50,21,62,105,7,4,2.3,0.99,1.31,4,1,1,193.02,116,117.17,42,0.95,1.09,1.17,4.38,4.44,4.39,1432,132,150,193,957,198,206,157,871,0,0,203717,20,12,6,66,531.57,48.31,46.53,49.01,47.19,469,261,314,1044,49,48,7,531,151,48,15.65,18.61,14.05,24,17,8,1065.25,730,741.51,7.15,11.01,10.94,44.52,45.16,44.55,528.37,46.82,45.31,46.16,44.67,470,252,271,993,43,52,5,526,146,50,14.96,17.93,13.93,17,19,7,971.64,722,711.95,7.38,10.03,10.03,44.18,43.58,43.04,196.85,172.96,3361,3240,0,0,0,0,0,0
8481754,2024,Nikita Nesterenko,ANA,C,all,20,12380,268,4.02,0.46,0.45,0.45,0.45,0.43,0.46,215,23.97,2.84,1.73,5.45,0.82,12.33,8.84,2.7,2.74,2.61,2,0,20,12,9,41,6,4,2,0,4,0,10,12,16,28,1,2,0,46,2,7,20,9,3,0.67,1.28,0.88,1,3,0,39.28,32,30.98,2,0.37,0.17,0.97,2.24,2.19,2.13,268,22,40,50,156,45,34,34,155,0,3,60739,2,4,2,7,86.26,7.21,6.91,6.97,6.68,82,37,61,180,8,11,2,90,23,6,2.49,2.99,1.73,2,5,1,174.16,119,115.63,1.16,2.27,2.27,6.1,5.95,5.83,113.23,8.61,8.49,8.82,8.7,96,63,57,216,12,8,1,120,36,3,3.6,4.11,0.9,4,6,2,221.41,159,162.33,1.47,0.72,0.72,9.36,9.56,9.45,48.2,59.09,939,1127,0,0,0,0,0,0
8482073,2024,Braden Schneider,NYR,D,all,80,85761,1763,16.32,0.43,0.5,0.43,0.53,0.44,0.52,330,96.91,3.75,5.14,27.06,3.3,56.24,44.5,3.72,3.77,3.74,6,9,95,45,84,224,21,6,16,1,25,0,40,53,89,134,9,18,0,146,19,96,129,10,1,2.43,1.09,0.23,5,1,0,226.38,140,141.6,71,1.04,3.98,0.24,4.56,4.59,4.56,1763,80,223,238,1222,247,252,218,1046,0,0,204026,18,14,7,145,666.74,58.45,56.26,58.74,56.55,606,306,306,1218,63,71,10,692,151,69,18.84,19.33,20.28,30,18,15,1229.86,912,920.65,8.74,14.94,14.88,52.31,52.84,51.93,858.24,77.63,73.55,77.79,73.7,755,414,435,1604,66,102,10,856,225,88,23.84,27.57,26.21,30,20,16,1605.12,1169,1170.19,12.54,20.97,20.97,69.19,69.3,67.79,196.26,194.3,3624,3274,0,0,0,0,0,0
8481567,2024,Henry Thrun,SJS,D,all,60,63049,1296,-4.85,0.34,0.43,0.4,0.48,0.4,0.47,256,52.44,1.57,2.51,15.72,1.74,29.71,22.74,1.55,1.56,1.53,2,8,52,22,40,114,12,2,2,0,10,0,26,34,50,72,12,30,0,43,12,37,73,1,0,1.39,0.18,0,2,0,0,112.33,74,73.26,28,0.53,0.21,0.29,1.82,1.8,1.77,1296,105,164,195,832,124,204,171,797,0,0,154946,30,16,5,66,425.96,31.97,31.03,31.85,30.9,400,189,244,833,31,34,4,463,93,33,11.75,11.32,8.91,16,10,5,816.51,589,583.19,5.51,6.99,6.99,30.49,30.35,29.86,648.04,61.28,57.61,62.51,58.77,580,312,349,1241,61,94,8,683,134,75,20.2,16.45,24.64,31,17,13,1280.86,892,913.65,9.49,18.12,18.12,52.66,53.73,52.26,124.58,162.53,2565,2828,0,0,0,0,0,0
8484304,2024,Uvis Balinskis,FLA,D,all,76,67728,1568,30.28,0.55,0.53,0.57,0.55,0.56,0.54,397,90.73,3.84,5.23,26.45,2.95,54.35,37.19,3.75,3.82,3.73,7,7,92,38,68,198,18,4,12,0,31,0,38,45,88,126,12,27,0,83,23,49,124,5,1,3.02,0.49,0.32,4,0,0,199.26,130,130.11,32,1.11,1.84,0.23,4.72,4.7,4.61,1568,191,124,237,1016,256,196,177,939,0,2,208981,27,31,14,55,596.07,56.25,52.92,56.43,53.09,532,290,343,1165,43,74,7,597,162,63,17.1,20.01,19.14,17,17,9,1174.54,822,826.4,8.75,15.49,15.39,49.61,49.84,48.25,469.06,45.9,43.73,46.02,43.83,419,227,225,871,42,50,5,478,112,56,12.78,13.93,19.2,14,16,12,875.84,646,648.16,6.36,10.09,10.09,42.18,42.24,41.42,204.94,178.22,3897,3156,0,0,0,0,0,0
8480871,2024,Adam Boqvist,NYI,D,all,35,29551,646,12.15,0.57,0.48,0.56,0.5,0.56,0.49,191,40.95,2.49,2.72,10.9,1.39,25.03,16.46,2.32,2.48,2.31,5,5,40,19,46,105,14,4,5,1,7,0,17,26,36,55,5,10,0,13,4,21,53,3,3,1.17,0.32,1,2,0,2,104.06,59,58.91,13,0.6,0.53,0.79,2.31,2.29,2.23,646,121,37,79,409,91,63,92,400,0,0,97585,10,2,1,19,299.67,30.7,28.53,30.42,28.27,261,148,159,568,27,49,3,301,67,41,8.1,8.53,14.06,8,8,11,560.3,409,405.63,5.09,10.26,10.26,25.53,25.38,24.86,233.73,23.38,21.82,23.43,21.87,212,110,119,441,26,32,4,234,61,27,6.43,7.33,9.62,12,7,7,445.03,322,322.77,3.18,5.85,5.85,20.71,20.71,19.84,83.04,88.73,1657,1647,0,0,0,0,0,0
8474590,2024,John Carlson,WSH,D,all,79,111694,1927,62.77,0.54,0.5,0.52,0.48,0.53,0.49,111,178.66,9.48,10.77,47.88,6.18,105.28,76.42,8.55,9.44,8.52,24,22,167,89,137,393,51,5,14,0,49,0,79,109,162,251,12,22,0,49,36,112,234,16,6,5.81,1.78,1.88,5,0,0,393.9,256,256.48,69,2.41,2.2,0.83,11.06,11.03,10.14,1927,260,320,288,1059,120,216,282,1309,0,0,176040,22,18,9,131,1078.28,127.29,119.53,127.47,119.73,983,495,534,2012,124,117,12,1045,273,160,31.31,34.55,61.43,39,33,52,2022.83,1478,1485.16,16.96,24.41,24.36,119.88,120.14,115.37,965.68,107.03,101.07,107.15,101.19,860,454,507,1821,99,97,10,920,265,129,26.44,32.5,48.1,29,27,43,1819.4,1314,1314.25,15.26,21.11,21.11,101.19,101.28,97.21,136.33,135.43,2691,2899,0,0,0,0,0,0
8482874,2024,Jacob Melanson,SEA,R,all,1,593,13,0.05,0.43,0.31,0.45,0.49,0.47,0.42,11,0,0,0,0,0,0,0,0,0,0,0,0,0,0,0,0,0,0,0,0,0,0,0,0,0,0,0,0,0,4,1,1,0,0,0,0,0,0,0,0,0,0,0,0,0,0,0,0,0,0,0,13,0,1,2,10,4,1,2,6,0,0,3007,0,2,1,0,5.09,0.45,0.45,0.46,0.46,4,3,2,9,1,0,0,4,3,0,0.09,0.36,0,0,1,0,8.52,7,6.9,0.08,0,0,0.53,0.54,0.54,5.78,0.6,0.6,0.58,0.58,4,4,3,11,1,0,0,6,1,1,0.23,0.09,0.28,0,0,1,10.71,8,7.78,0.09,0,0,0.69,0.67,0.67,1.7,3.74,49,52,0,0,0,0,0,0
8478911,2024,Matt Roy,WSH,D,all,69,82299,1504,25.35,0.48,0.53,0.45,0.53,0.46,0.53,222,103.5,4.62,5.36,29.91,3.46,59.69,44.94,4.52,4.63,4.52,13,8,84,64,99,247,24,3,9,0,24,0,55,57,81,145,11,25,0,114,15,91,138,7,3,2.69,0.91,1.01,3,0,0,248.23,148,148.5,62,1.09,1.61,0.65,5.06,5.06,4.96,1504,71,186,210,1037,198,202,181,923,0,0,169195,25,17,7,113,619.09,64.16,61.23,64.84,61.88,543,316,333,1192,69,71,11,619,168,72,17.99,21.3,24.88,22,24,23,1203.89,859,868.74,8.29,14.72,14.88,57.57,58.17,56.64,735.53,70.82,67.26,70.78,67.26,629,383,442,1454,61,77,10,734,203,75,21.19,25.48,24.15,16,31,14,1448.7,1012,1009.93,10.83,17.16,17.16,64.49,64.62,63.01,160.7,140.52,2941,2661,0,0,0,0,0,0
8474709,2024,Matt Martin,NYI,L,all,32,16414,394,-2.06,0.37,0.49,0.38,0.49,0.41,0.49,369,25.63,2.34,1.43,5.88,0.84,12.7,10.82,2.27,2.28,2.22,2,0,17,17,5,39,2,0,2,0,3,0,12,17,17,34,2,10,8,82,3,15,25,4,5,0.76,0.47,1.11,0,0,0,37.15,34,32.93,4,0.3,0.54,0.45,2.19,2.12,2.08,394,48,36,67,243,46,43,46,259,8,7,100008,10,12,3,19,98.9,7.17,6.81,7.04,6.71,85,49,41,175,5,5,0,105,21,8,2.3,2.99,1.88,1,4,0,171.87,134,131.54,1.2,1.17,1.17,7.2,7.09,6.88,137.51,12.21,11.51,12.26,11.56,128,63,90,281,10,16,2,148,28,15,4.2,3.49,4.52,7,2,1,280.64,191,191.42,1.79,3.29,3.29,10.72,10.78,10.56,81.28,83.84,1627,1692,0,0,0,0,0,0
8478873,2024,Troy Terry,ANA,R,all,77,87083,1633,52.07,0.55,0.4,0.55,0.43,0.55,0.42,192,205.3,24.45,15.45,45.43,6.91,110.34,73.42,22.48,24.38,22.43,16,18,188,88,92,368,55,21,26,2,35,1,91,102,167,255,10,20,12,7,22,68,185,59,32,6.84,7.01,10.61,12,3,6,366.83,276,275.81,16,3.59,5.49,5.91,22.14,22.14,21.13,1633,331,197,258,847,221,262,253,897,12,20,194036,20,56,27,29,935.6,97.48,90.16,97.05,89.77,855,421,417,1693,74,113,14,912,245,119,27.27,29.27,40.94,30,20,24,1679.02,1276,1270.36,14.74,25.03,24.74,87.48,87.15,82.94,750.65,78.48,75.57,78.96,76.04,698,334,371,1403,60,72,6,751,188,93,23.91,23.19,31.38,12,27,21,1418.48,1032,1040.37,10.41,14.05,14.05,74.84,75.3,73.68,134.37,202.58,2821,3811,0,0,0,0,0,0
8478469,2024,Thomas Chabot,OTT,D,all,80,110516,2248,59.23,0.5,0.49,0.54,0.49,0.53,0.5,158,182.95,8.45,10.41,51.34,6.14,104.67,76.98,8.09,8.46,8.11,18,18,179,79,189,447,45,9,18,1,45,0,67,119,170,249,12,24,0,58,31,99,236,18,4,5.32,2.14,0.99,6,2,1,445.8,258,257.4,64,2.22,3.39,1.59,9.09,9.1,8.85,2248,251,276,296,1425,263,312,347,1326,0,0,179432,24,20,9,145,1028.11,98.73,95.22,99.33,95.8,974,441,611,2026,101,93,17,1044,261,110,29.36,32.16,37.21,34,33,34,2030.45,1415,1418.01,15,18.91,18.8,94.93,95.18,93.29,924.89,97.47,90.74,97.75,91.03,881,382,492,1755,79,111,11,919,213,131,25.78,27.12,44.56,24,29,26,1759.07,1263,1265.59,13.83,26.21,26.21,85.08,85.22,82.21,147.24,152.8,2796,2959,0,0,0,0,0,0
8478466,2024,Daniel Sprong,NJD,R,all,30,21955,467,10.18,0.51,0.51,0.56,0.51,0.54,0.5,276,56.76,3.55,3.52,14.2,1.87,34.39,22.46,3.51,3.54,3.49,4,1,55,25,32,112,7,2,4,0,16,0,20,38,53,78,1,2,0,32,4,14,67,11,2,1.58,1.23,0.75,1,1,0,112.24,80,80.54,5,0.77,0.82,0.18,4.14,4.13,4.07,467,66,23,57,321,75,57,68,267,0,4,86920,2,4,2,4,187.1,14.18,13.45,14.09,13.37,163,100,118,381,17,15,2,199,53,11,4.9,6.34,2.94,8,8,1,378.8,263,261.63,2.79,2.24,2.24,14.73,14.67,13.99,159.85,13.49,13.43,13.74,13.68,137,85,74,296,16,6,0,170,37,15,4.63,4.34,4.52,8,5,3,299.01,222,223.88,1.93,1.07,1.07,14.35,14.62,14.57,73.09,69.85,1442,1368,0,0,0,0,0,0
8479968,2024,Vinni Lettieri,BOS,C,all,26,21088,459,5.7,0.51,0.43,0.5,0.44,0.49,0.43,203,60.39,5.53,4.15,14.27,2.14,31.25,23.66,4.61,5.6,4.64,2,0,52,29,14,95,5,3,11,0,8,0,25,34,49,78,3,6,11,60,10,6,59,17,5,1.78,2.07,1.68,1,2,0,96.11,81,81.97,0,0.91,2.61,1.73,4.71,4.76,4.61,459,45,39,93,282,69,79,44,267,11,11,73191,6,8,4,16,172.59,16.47,14.98,16.74,15.18,156,78,92,326,9,20,0,171,43,20,4.63,5.21,6.64,1,6,2,327.24,234,235.32,2.54,5.06,5.06,13.95,14.08,13.77,174.82,15.97,15.42,16.16,15.59,161,84,82,327,17,17,3,183,47,15,5.04,5.74,5.2,6,7,4,331.94,245,247.64,2.23,3.66,3.66,14.54,14.65,14.36,54.19,73.02,1037,1320,0,0,0,0,0,0
8477527,2024,Ross Johnston,ANA,L,all,43,22423,522,-2.85,0.39,0.45,0.42,0.47,0.4,0.47,506,13.69,1.52,1,3.41,0.55,8.49,6.03,1.46,1.46,1.41,2,1,9,12,10,31,4,1,2,0,2,0,5,11,8,20,20,52,0,134,3,18,14,5,2,0.43,0.55,0.55,0,1,0,29.61,21,20.2,3,0.21,0.47,0.61,1.12,1.07,1.06,522,48,71,89,314,95,77,45,305,0,2,134874,52,32,10,20,133.9,10.92,10.5,10.7,10.3,118,68,99,285,7,22,3,143,29,14,3.68,3.42,3.82,1,4,2,277.95,186,182.27,1.7,4.38,4.31,8.32,8.08,7.93,199.06,17.34,16.72,17.58,16.94,154,123,117,394,9,21,0,207,53,17,5.73,6.73,4.9,4,4,1,403.83,277,282.52,2.56,4.4,4.4,15.51,15.7,15.35,118.98,146.21,2224,2478,0,0,0,0,0,0
8482144,2024,Jack Thompson,SJS,D,all,31,29370,624,7.43,0.47,0.43,0.47,0.45,0.48,0.45,148,42.47,1.6,2.22,12.78,1.5,24.95,17.95,1.57,1.62,1.59,4,2,41,20,37,98,10,4,2,1,10,0,19,26,37,57,5,10,0,12,7,37,58,1,2,0.92,0.2,0.49,3,0,1,95.65,61,60.3,21,0.46,0.54,0.27,1.79,1.81,1.78,624,75,54,78,417,52,94,76,402,0,0,83808,10,0,0,54,239.78,20.41,19.83,20.17,19.59,226,104,128,458,17,22,3,255,47,28,6.94,5.63,7.84,5,5,7,444.71,330,323.43,3.37,4.83,4.83,18.94,18.75,18.42,254.69,22.85,21.94,23.08,22.17,248,107,166,521,24,30,2,264,70,21,7.7,8.77,6.38,10,10,4,535.03,355,361.71,3.63,5.4,5.4,21.09,21.37,20.97,65.58,88.2,1325,1620,0,0,0,0,0,0
8480845,2024,Rasmus Kupari,WPG,C,all,59,36318,921,11.13,0.39,0.54,0.44,0.51,0.45,0.51,635,58.46,5.93,3.69,14.08,1.91,28.55,21.84,5.76,6.04,5.85,3,0,53,23,23,99,8,5,4,1,13,2,22,30,48,71,7,16,262,77,9,30,56,12,8,1.85,1.43,2.65,1,1,3,102.01,76,78.23,11,0.77,0.74,0.73,5.97,6.07,5.95,921,42,204,160,515,129,119,126,547,262,237,177926,16,16,9,31,243.72,18.58,18.06,18.86,18.33,231,105,131,467,13,23,3,265,56,15,7.2,6.84,4.54,5,4,4,478.43,336,343.31,3.07,3.21,3.27,18.38,18.66,18.32,303.66,28.57,27.01,28.49,26.93,273,145,175,593,27,35,2,317,67,34,8.62,8.08,11.87,9,10,8,583.35,418,412.83,4.91,6.25,6.25,27.23,27.11,26.39,161.21,138.95,2989,2917,0,0,0,0,0,0
8477839,2024,Conor Sheary,TBL,L,all,5,3400,86,-0.48,0.41,0.6,0.44,0.53,0.43,0.57,49,3.85,0.83,0.33,0.98,0.16,1.7,1.01,0.81,0.79,0.77,0,0,3,2,3,8,0,0,0,0,0,0,2,3,3,5,2,4,0,2,0,0,1,1,3,0.03,0.12,0.68,0,0,0,7.9,5,4.93,0,0.07,0,0.22,0.68,0.64,0.63,86,10,6,14,56,21,13,12,40,0,1,14600,4,4,2,1,21.65,2.22,2.19,2.17,2.14,21,8,15,44,1,2,0,21,2,6,0.56,0.26,1.4,1,0,0,43.47,29,28.63,0.29,0.36,0.36,2.15,2.11,2.1,27.68,3.25,3.07,3.21,3.04,27,11,17,55,4,2,1,27,8,3,0.7,0.96,1.59,1,1,2,54.38,38,37.76,0.37,0.72,0.72,2.9,2.94,2.9,17.54,11.77,271,238,0,0,0,0,0,0
8478856,2024,Conor Garland,VAN,R,all,81,90661,1869,50.87,0.57,0.45,0.55,0.47,0.56,0.46,238,195.6,22.51,13.61,44.03,6.67,106.54,77.64,21.48,22.6,21.56,20,11,172,99,85,356,50,19,17,6,30,0,91,114,153,252,18,42,5,49,20,63,209,33,29,6.25,4.34,11.92,3,5,11,359.76,271,273.46,14,3.06,4.53,5.56,20.01,20.12,19.44,1869,294,190,272,1113,230,229,305,1105,5,13,205760,42,69,30,58,810.49,90.52,85.59,90.7,85.78,728,411,424,1563,82,88,13,838,192,109,23.06,23.99,43.48,24,24,34,1565.88,1139,1141.8,13.82,21.41,21.41,82.93,83.18,80.37,645.28,66.95,64.92,67.06,65.03,573,331,354,1258,66,45,6,681,153,70,18.74,18.86,29.34,25,17,24,1259.85,904,905.95,8.92,10.37,10.37,65.43,65.52,64.08,136.69,166.83,2982,3401,0,0,0,0,0,0
8473419,2024,Brad Marchand,FLA,L,all,71,78061,1634,51.72,0.56,0.47,0.56,0.48,0.55,0.47,256,216.81,29.24,15.42,49.8,7.65,103.93,74.99,27.39,29.18,27.33,18,10,194,87,99,380,51,23,31,4,34,1,80,112,171,258,27,54,5,81,21,86,177,60,44,5.44,8.02,15.77,6,9,8,379.13,281,281.42,23,3.64,7.06,7.1,25.78,25.77,24.66,1634,298,190,244,902,204,221,250,959,5,8,180984,54,58,29,34,799.19,88.96,83.52,88.78,83.33,711,374,408,1493,70,87,8,767,206,112,22.71,25.54,40.7,23,21,26,1485.23,1085,1083.28,13.55,18.55,18.55,83.96,83.84,80.72,636.87,68.7,65.87,69.15,66.31,577,299,307,1183,63,61,7,640,158,78,19.14,19.78,29.78,28,10,25,1194.78,876,883.65,8.92,13.72,13.79,63.83,64.11,63.24,129.75,147.11,2740,2984,0,0,0,0,0,0
8482118,2024,Sam Colangelo,ANA,R,all,32,23974,516,5.81,0.49,0.43,0.46,0.47,0.46,0.46,295,49.21,6.31,3.47,11.81,1.72,26.01,18.68,5.94,6.31,5.93,2,0,41,27,20,88,12,10,6,2,9,0,17,26,31,58,1,2,4,67,1,17,44,18,6,1.61,2.57,2.13,5,3,2,87.08,68,67.75,7,0.76,1.05,2.11,4.97,4.98,4.85,516,92,71,71,282,84,84,71,277,4,11,92961,2,4,2,17,207.81,19.8,18.99,19.83,19.01,178,112,99,389,24,24,4,210,65,15,6.58,8.21,5.01,11,9,4,386.66,290,289.48,3.07,5,5,17.88,17.87,17.48,243.62,20.3,19.74,20.65,20.07,224,120,112,456,24,23,3,272,52,20,7.46,6.76,6.09,11,8,5,465.61,344,349.68,3.17,4.05,4.05,19.42,19.69,19.42,68.64,91.4,1468,1639,0,0,0,0,0,0
8479465,2024,Drake Caggiula,EDM,L,all,7,3066,76,0.41,0.28,0.58,0.37,0.54,0.36,0.54,84,5.17,0.36,0.26,1.44,0.18,2.76,2.01,0.36,0.37,0.37,1,0,6,1,2,9,1,0,1,0,2,0,2,2,6,7,1,5,1,8,0,3,5,2,0,0.16,0.2,0,0,0,0,9.1,7,7.22,0,0.05,0.18,0,0.41,0.43,0.43,76,11,2,14,49,12,14,11,39,1,0,22212,5,7,2,3,15.41,1.26,1.2,1.29,1.23,16,5,16,37,2,2,1,14,6,1,0.32,0.71,0.23,0,2,0,38.1,21,21.3,0.2,0.41,0.41,1.05,1.06,1.06,27.61,3.19,3.02,3.16,2.99,30,7,25,62,2,5,1,22,9,6,0.62,1.05,1.52,1,0,1,59.99,37,36.45,0.44,1.27,1.27,2.36,2.33,2.32,19.83,14.62,384,333,0,0,0,0,0,0
8479371,2024,Dante Fabbro,CBJ,D,all,68,85254,1544,33.33,0.49,0.48,0.48,0.5,0.49,0.5,213,96.46,3.24,5.05,26.88,3.15,57.1,43.57,3.14,3.26,3.17,5,12,89,50,79,218,26,9,6,0,23,0,46,55,80,130,19,40,0,67,24,78,135,3,1,2.66,0.37,0.21,9,0,0,217.92,139,139.07,55,1.02,1.05,0.19,4.07,4.09,3.98,1544,185,222,288,849,169,208,209,958,0,0,162695,40,22,11,143,747.88,71.28,67.36,71.23,67.33,700,318,388,1406,73,81,5,759,167,92,20.72,20.9,29.65,37,25,11,1405.2,1018,1017.3,9.77,19.39,19.39,61.65,61.55,60.5,787.02,72.99,69.72,73.34,70.06,722,357,456,1535,71,85,6,797,200,82,23.04,24.85,25.1,30,27,14,1545.36,1079,1086.89,11.75,17.19,17.27,67.47,67.94,66.18,134.18,147.07,2673,2699,0,0,0,0,0,0
8476292,2024,Ondrej Palat,NJD,L,all,77,63545,1494,27.93,0.48,0.54,0.5,0.52,0.48,0.52,603,109.33,13.44,7.75,25.14,3.8,58.54,41.34,13.05,13.64,13.23,4,9,96,54,42,192,28,15,14,1,17,0,45,59,81,135,6,12,4,124,24,56,87,50,13,3.27,6.05,4.12,5,7,3,194.67,150,152.23,19,1.66,2.6,1.98,13.12,13.24,12.95,1494,192,88,218,996,206,194,170,924,4,16,216263,12,38,17,58,529.2,50.44,48.82,51.05,49.38,453,275,353,1081,47,35,5,542,132,54,16.23,16.59,17.62,20,16,11,1091.43,728,735.88,7.48,8.59,9.16,48.75,49.18,48.25,577.12,54.24,51.83,54.07,51.65,504,290,286,1080,48,63,9,583,156,55,16.74,19.75,17.76,18,19,11,1067.56,794,787.16,8.04,11.89,11.89,50.4,50.15,49.16,207.03,175.68,3620,3301,0,0,0,0,0,0
8482460,2024,Matt Rempe,NYR,C,all,42,21439,521,3.61,0.41,0.47,0.43,0.49,0.45,0.49,471,35.16,4.59,2.58,8.27,1.28,17.79,13.49,4.52,4.69,4.61,2,3,30,18,11,59,8,3,6,1,7,0,11,21,27,45,21,57,2,117,4,8,27,16,5,0.84,2.04,1.71,1,1,1,60.01,48,48.39,5,0.55,0.72,1.57,3.58,3.64,3.61,521,36,49,72,364,73,102,69,277,2,11,131328,57,40,14,14,160.26,13.56,13.35,13.69,13.47,137,83,72,292,15,15,2,163,44,13,4.29,5.64,3.63,6,6,3,293.99,220,221.17,2.13,3.09,3.09,12.61,12.77,12.67,195.48,19.21,18.01,19.18,17.97,167,98,121,386,8,28,2,180,63,22,4.92,7.75,6.53,5,2,1,382.8,265,263.03,2.71,5.83,5.83,16.09,16.05,15.76,115.8,129.68,2165,2213,0,0,0,0,0,0
8484197,2024,Oliver Moore,CHI,C,all,9,7332,154,2,0.38,0.43,0.45,0.43,0.46,0.42,75,9.2,0.33,0.53,2.28,0.31,5.28,4.28,0.33,0.33,0.33,2,2,10,3,3,16,4,0,0,0,1,0,3,9,10,13,2,4,11,6,1,11,13,0,0,0.33,0,0,0,0,0,16.14,13,13.2,6,0.1,0,0,0.43,0.44,0.44,154,9,12,27,106,16,17,23,98,11,16,26016,4,0,0,2,51.58,3.97,3.93,4.08,4.04,49,22,23,94,5,1,1,52,17,2,1.44,2.1,0.44,1,3,1,94.91,71,72.08,0.69,0.22,0.22,4.45,4.54,4.5,59.32,6.58,6.37,6.57,6.35,46,37,32,115,7,7,0,61,10,12,2.2,1.34,3.04,6,1,0,115.19,83,83.22,0.84,1.7,1.7,5.73,5.7,5.62,22.85,30.08,354,465,0,0,0,0,0,0
8482715,2024,Ryan Ufko,NSH,D,all,1,937,20,-0.1,0.35,0.49,0.46,0.53,0.48,0.51,5,0,0,0,0,0,0,0,0,0,0,0,0,0,0,1,1,0,0,0,0,0,0,0,0,0,0,0,0,0,1,0,2,0,0,0,0,0,0,0,0,0,0.92,0,0,1,0,0,0,0,0,0,20,4,3,2,11,4,2,4,10,0,0,2663,0,0,0,0,7.17,0.56,0.55,0.51,0.5,6,4,1,11,1,1,1,7,3,0,0.15,0.41,0,0,1,0,10.17,10,9.37,0.1,0.1,0.1,0.56,0.52,0.51,8.54,1.02,1.02,1.1,1.1,10,1,2,13,1,0,0,6,3,2,0.2,0.34,0.49,0,1,0,13.95,11,11.64,0.14,0,0,1.16,1.24,1.24,3.16,3.31,49,43,0,0,0,0,0,0
8481725,2024,Elmer Soderblom,DET,L,all,26,20858,468,10.33,0.52,0.5,0.49,0.49,0.49,0.52,221,51.71,6.25,3.76,11.57,1.74,26.41,19.29,6.02,6.29,6.06,3,4,38,31,15,84,11,4,6,1,12,0,18,29,34,65,3,6,4,43,5,21,41,20,8,1.46,2.5,2.28,1,2,1,86.13,69,70.3,9,0.79,1.63,1.44,5.6,5.66,5.6,468,59,57,71,281,70,63,70,265,4,11,74329,6,6,3,12,180.96,18.39,17.46,18.47,17.53,153,90,85,328,17,20,3,168,49,26,4.64,5.97,7.77,8,6,3,333.02,243,246.27,2.43,5.04,5.04,15.77,15.89,15.68,181.52,16.66,16,16.49,15.86,148,105,86,339,13,20,2,185,54,14,5.35,6.73,4.57,6,4,3,335.46,253,250.71,2.5,3.35,3.35,15.8,15.75,15.51,72.92,72.78,1218,1266,0,0,0,0,0,0
8478427,2024,Sebastian Aho,CAR,C,all,79,95275,1732,90.91,0.6,0.53,0.63,0.56,0.63,0.55,134,242.12,24.86,16.63,54.28,8.31,137.71,96.21,24.24,24.88,24.26,33,12,207,131,109,447,74,29,24,2,35,1,118,131,178,309,22,46,663,59,23,93,239,79,20,8.56,9.97,6.32,11,13,5,451.04,338,339.76,25,3.82,5.14,3.17,25.51,25.58,25.13,1732,380,133,225,994,276,228,330,898,663,535,190945,46,42,21,30,1128.5,118.95,113.09,119.39,113.54,966,585,541,2092,120,116,8,1105,324,122,33.1,40.64,45.2,37,49,34,2102.14,1551,1557.74,18.31,20.84,20.84,116.41,116.86,113.02,679.39,79.37,75.77,79.47,75.86,642,280,291,1213,86,81,14,626,193,103,17.44,23.64,38.28,29,24,33,1213.71,922,924.38,10.16,18.73,18.73,70.79,70.89,69.48,165.04,149.21,3490,2718,0,0,0,0,0,0
8477479,2024,Tyler Bertuzzi,CHI,L,all,82,78734,1414,28.39,0.5,0.4,0.51,0.42,0.5,0.41,430,162.92,24.9,12.28,36.31,5.34,80.95,53.22,23.37,25.01,23.48,15,8,131,82,33,246,46,23,12,3,22,0,69,87,108,190,14,31,22,60,20,53,121,47,45,3.72,5.95,15.24,4,7,12,245.57,213,213.22,11,2.98,3.38,4.85,23.03,23.1,22.06,1414,252,134,204,824,137,211,241,825,22,25,219136,31,42,21,28,641.26,70.28,66.46,70.42,66.59,577,298,357,1232,80,45,8,615,166,94,18.17,20.17,31.94,23,29,28,1224.44,875,872.13,10.85,9.87,9.87,71.26,71.37,68.39,643.14,71.51,69.19,72.27,69.9,581,309,300,1190,79,64,8,653,153,84,19.38,19.41,32.72,31,22,26,1204.77,890,900.63,8.55,13.54,13.54,66.46,66.96,65.87,135.77,207.13,2811,3958,0,0,0,0,0,0
8480036,2024,Miro Heiskanen,DAL,D,all,50,75481,1275,35.65,0.6,0.5,0.58,0.49,0.57,0.49,60,117.58,7.35,7.29,34.25,3.98,65.78,45.34,7.1,7.38,7.12,5,15,108,56,123,287,25,5,10,0,33,1,53,62,103,159,5,10,0,17,28,67,144,16,4,3.63,1.88,1.84,3,1,1,288.23,164,164.28,43,1.65,3.11,1.14,7.85,7.88,7.65,1275,231,141,214,689,94,150,204,827,0,0,105643,10,16,8,85,747.38,84.89,79.64,85.02,79.77,693,318,450,1461,70,86,6,693,222,96,21.81,28.38,34.7,21,23,26,1469.66,1011,1015.93,12.13,20.03,19.77,77.24,77.4,74.91,561.24,55.87,53.94,55.91,53.98,488,284,273,1045,47,42,7,561,146,65,16.09,17.74,22.04,18,16,13,1036.89,772,766.47,7.67,9.13,9.13,54.41,54.32,53.28,85.76,85.01,1666,1730,0,0,0,0,0,0
8478452,2024,Caleb Jones,LAK,D,all,6,4525,102,1.9,0.6,0.48,0.62,0.5,0.61,0.48,32,6.43,0.1,0.28,1.92,0.19,3.54,2.97,0.09,0.1,0.1,0,0,6,3,6,15,0,0,0,0,2,0,4,3,6,9,1,2,0,10,1,3,9,0,0,0.1,0,0,0,0,0,15.21,9,9.15,2,0.06,0,0,0.15,0.16,0.15,102,13,8,18,63,18,12,10,62,0,0,17075,2,2,1,5,38.14,3.13,2.98,3.22,3.07,37,17,28,82,1,5,0,38,14,2,0.94,1.67,0.52,1,0,0,82.9,54,55.03,0.54,0.94,0.94,2.73,2.84,2.8,24.34,2.1,2.08,2.02,2,26,8,17,51,2,1,0,25,8,1,0.75,1.14,0.22,1,1,0,49.98,34,33.16,0.35,0.22,0.22,2.23,2.15,2.15,12.8,13.64,264,268,0,0,0,0,0,0
8482113,2024,Anton Lundell,FLA,C,all,79,79217,1791,56.61,0.52,0.56,0.54,0.57,0.54,0.55,398,174.43,18.95,11.14,41.09,6.03,89.38,71.42,17.99,19.1,18.13,19,9,158,80,79,317,45,17,13,3,39,0,71,98,141,221,13,26,542,110,27,60,169,45,24,4.87,5.8,8.28,5,5,7,321.19,238,240.66,17,2.47,3.07,6.72,14.71,14.8,14.5,1791,257,237,251,1046,294,209,261,1027,542,481,208383,26,30,15,54,714.8,68.55,64.22,68.77,64.44,651,335,377,1363,62,82,10,746,160,80,22.1,19.93,26.52,24,18,20,1370.96,986,989.13,10.62,18.95,19.08,60.08,60.22,58.02,623.68,64.01,60.06,64.07,60.11,564,290,310,1164,52,57,6,639,142,73,17.27,17.52,29.22,13,19,20,1162.91,854,853.21,9.62,11.61,11.53,62.1,62.06,59.84,210.12,163.27,3927,3014,0,0,0,0,0,0
8483461,2024,Devin Kaplan,PHI,R,all,1,732,16,-0.65,0.38,0.44,0.33,0.49,0.35,0.49,9,0,0,0,0,0,0,0,0,0,0,0,0,0,0,1,1,0,0,0,0,0,0,0,0,0,0,0,0,0,1,0,0,0,0,0,0,0,0,0,0,0,0.94,0,0,0,0,0,0,0,0,0,16,0,2,4,10,3,1,2,10,0,0,2868,0,0,0,0,5.19,0.46,0.46,0.46,0.46,4,3,3,10,0,0,0,5,2,0,0.14,0.32,0,0,0,0,9.48,7,6.7,0.07,0,0,0.53,0.53,0.53,8.98,0.75,0.73,0.75,0.73,8,5,7,20,1,1,0,10,2,1,0.3,0.23,0.22,0,1,0,20.85,13,13.43,0.12,0.22,0.3,0.57,0.57,0.56,2.55,3.26,43,45,0,0,0,0,0,0
8480205,2024,Emil Bemstrom,PIT,C,all,14,6998,166,3.29,0.53,0.49,0.58,0.47,0.56,0.47,154,13.73,0.96,0.8,3.63,0.43,6.74,5.43,0.95,0.96,0.94,1,0,13,5,7,25,1,0,1,0,4,0,2,11,13,18,0,0,2,12,1,5,13,5,0,0.25,0.72,0,0,0,0,24.65,18,18.05,1,0.18,0.03,0.2,0.94,0.94,0.93,166,14,13,27,112,24,24,10,108,2,1,43587,0,2,1,3,50.29,3.52,3.37,3.52,3.37,51,19,36,106,1,3,0,56,11,3,1.33,1.52,0.67,1,0,0,103.35,70,68.83,0.74,0.44,0.44,3.83,3.83,3.68,39.84,3.13,3.06,3.15,3.09,34,21,23,78,1,2,0,45,6,4,1.3,0.8,1.02,1,0,0,79.84,55,55.42,0.51,0.52,0.52,3.11,3.13,3.1,38.21,40.34,683,762,0,0,0,0,0,0
8477951,2024,Nick Schmaltz,UTA,C,all,82,91454,1851,67.99,0.61,0.47,0.59,0.49,0.58,0.49,222,192.5,26.2,13.47,41.56,6.47,105.76,70.56,25.01,26.26,25.07,21,22,186,78,110,374,63,20,22,4,35,0,91,96,166,244,7,14,185,14,31,93,154,83,27,5.45,9.88,10.87,2,10,8,376.91,264,266,25,3.13,5.55,4.34,25,25.07,24.51,1851,396,171,270,1014,239,241,352,1019,185,191,208199,14,30,14,45,936.38,115.2,109.41,115.53,109.73,842,439,501,1782,107,101,13,850,299,132,26.45,37.1,51.65,22,42,43,1792.81,1281,1288.37,14.95,21.7,21.65,108.5,108.84,105.48,666.92,73.47,70.84,73.57,70.94,615,295,339,1249,77,59,13,659,172,79,20.51,21.92,31.03,29,19,29,1251.66,910,911.64,8.9,13.95,13.95,68.42,68.53,66.84,157.49,176.79,3300,3503,0,0,0,0,0,0
8475791,2024,Taylor Hall,CAR,L,all,77,70103,1381,42.03,0.5,0.47,0.54,0.49,0.53,0.48,485,156.63,15.62,10.03,36.97,5.26,82.12,61,15,15.65,15.03,15,9,144,67,96,307,42,18,10,3,29,1,67,86,126,193,18,36,43,43,34,76,156,36,19,4.74,4.5,6.38,7,5,6,305.03,211,211.36,15,2.21,2.69,3.96,13.86,13.95,13.6,1381,209,121,199,852,193,183,205,800,43,50,208589,36,28,15,42,649.58,62.73,58.28,63.07,58.65,584,304,392,1280,61,60,6,649,168,71,18.61,20.5,23.61,26,22,13,1280.91,888,891.98,9.74,14.26,14.26,58.22,58.68,56.65,575.88,61.76,58.84,62.48,59.51,535,254,283,1072,63,66,13,562,151,76,16.48,18.84,26.43,22,21,20,1083.89,789,798.98,7.86,13.99,14.08,55.47,55.9,54.65,161.13,178.8,3211,3384,0,0,0,0,0,0
8481554,2024,Kaapo Kakko,SEA,R,all,79,74021,1506,38.97,0.53,0.46,0.53,0.47,0.53,0.47,500,132.61,15.78,9.14,29.57,4.23,68.4,47.88,15.12,15.98,15.29,19,11,117,58,61,236,44,14,14,2,21,0,54,72,103,161,15,38,50,68,18,59,123,33,19,3.71,4.49,7.59,4,5,5,238.76,175,176.49,16,2.04,2.79,4.7,13.13,13.21,12.89,1506,246,143,273,844,226,218,218,844,50,50,212186,38,30,15,28,686.47,64.58,61.29,65.1,61.71,616,332,339,1287,66,73,9,718,162,68,20.22,20.54,23.83,30,20,16,1284.35,948,948.81,10.24,15.19,15.19,59.63,59.85,58.26,617.24,57.2,55.21,58,55.96,565,279,287,1131,56,57,7,633,151,60,18.69,19.2,19.31,22,20,14,1145.33,844,853.33,8.33,11.5,11.91,53.63,54.2,53.33,178.71,206.48,3397,3785,0,0,0,0,0,0
8482055,2024,Drew O'Connor,VAN,L,all,84,72891,1632,29.74,0.45,0.51,0.48,0.51,0.48,0.5,583,150.32,21.08,11.07,34.43,5.4,71.97,55.04,20.06,21.15,20.12,7,8,117,82,48,247,25,10,21,2,26,3,60,79,107,189,17,34,48,83,36,61,119,49,31,4.52,6.35,10.21,5,3,2,248.69,199,200.13,19,2.41,6.42,6.66,16.83,16.86,16.57,1632,151,189,222,1070,255,247,216,914,48,67,234634,34,32,18,57,600.58,55.35,52.67,55.66,52.96,501,325,329,1155,40,65,5,621,137,68,17.53,16.74,21.08,21,10,9,1159.69,826,828.68,8.4,14.58,14.58,49.18,49.38,48.35,654.07,66.87,64.09,67.22,64.4,612,292,331,1235,69,81,14,668,157,79,18.76,19.93,28.18,26,21,22,1239.71,904,907.98,9.87,18.49,18.49,58.25,58.57,57.4,206.4,201.15,3912,3828,0,0,0,0,0,0
8479314,2024,Matthew Tkachuk,FLA,L,all,52,56882,1161,64.87,0.66,0.48,0.66,0.51,0.65,0.5,205,173.32,24.29,13.12,41.65,6.22,92.62,59.11,21.77,24.34,21.83,23,12,156,81,79,316,57,22,36,5,31,0,75,73,134,215,22,44,1,84,10,47,155,45,37,4.42,5.52,14.36,4,4,14,316.73,237,237.25,16,3.1,10.24,6.22,21.17,21.26,19.48,1161,246,113,211,591,172,150,217,622,1,4,132190,44,44,22,12,713.5,87.23,79.63,87.38,79.74,649,332,358,1339,76,94,16,667,191,123,18.79,22.66,45.78,19,23,34,1347.12,981,984.06,12.36,23.65,23.75,75.84,75.94,71.43,390.59,45.64,43.92,45.59,43.89,375,156,158,689,49,42,5,381,94,56,11.05,11.01,23.59,14,16,19,687.7,531,530.09,5.14,9.25,9.25,41.53,41.58,40.61,99.31,107.26,2157,2069,0,0,0,0,0,0
8476331,2024,Dylan DeMelo,WPG,D,all,82,105939,2203,25.82,0.49,0.55,0.46,0.52,0.46,0.53,232,90.78,3.01,4.67,26.97,3,54.38,39.98,2.94,3.04,2.96,7,9,75,57,61,193,19,3,6,0,22,1,48,52,72,129,19,38,0,137,29,89,127,3,2,2.24,0.28,0.48,3,0,0,197.24,132,133.49,55,0.94,1.26,0.26,3.68,3.72,3.65,2203,280,349,328,1246,192,272,265,1474,0,0,191656,38,30,15,112,833.7,83.41,79.93,84.91,81.31,740,417,395,1552,83,84,9,829,228,100,22.67,27.34,33.4,24,34,25,1583.1,1157,1177.46,11.36,17.98,17.98,76.72,77.85,75.98,960.51,86.46,82.18,86.09,81.82,849,483,508,1840,72,101,7,1030,212,90,28.16,27.31,30.99,27,22,23,1817.12,1332,1321.9,14.59,19.78,19.78,81.28,80.96,78.99,174.33,144.43,3238,3000,0,0,0,0,0,0
8480830,2024,Andrei Svechnikov,CAR,R,all,72,73931,1420,60.03,0.59,0.54,0.64,0.56,0.62,0.56,334,206.42,25.59,15.55,48.18,6.86,108.18,72.63,24.44,25.83,24.66,18,10,180,97,101,378,48,20,23,1,40,0,87,107,160,257,28,59,1,148,17,99,179,68,30,5.61,8.71,11.27,2,7,11,380.95,277,280.37,27,3.55,3.8,2.67,26.47,26.69,25.84,1420,328,116,241,735,217,209,261,733,1,3,187089,59,51,23,22,866.94,90.05,85.61,90.5,86.03,757,435,472,1664,85,80,5,854,239,99,24.72,29.44,35.88,28,27,30,1672.97,1192,1200.95,14.15,12.55,12.55,91.64,92.06,88.79,534.22,62.08,59.48,62.36,59.72,499,231,224,954,60,52,7,498,151,81,14.24,18.69,29.16,17,22,21,952.83,730,730.75,7.26,12.48,12.48,56.86,57.12,55.97,168.15,144.75,3345,2623,0,0,0,0,0,0
8478569,2024,Noel Acciari,PIT,C,all,79,65220,1542,8.01,0.35,0.52,0.37,0.54,0.37,0.53,601,83.04,11.18,6.66,18.91,2.93,42.75,32.58,10.95,11.19,10.96,5,2,75,40,36,151,12,5,9,0,17,0,38,46,70,110,7,16,321,180,14,33,68,32,15,2.87,3.78,4.52,0,3,2,150.51,115,114.96,12,1.42,2.15,1.99,10.61,10.65,10.51,1542,71,444,175,852,232,147,218,945,321,277,222933,16,36,17,100,383.75,35.86,34.49,35.86,34.49,344,188,229,761,25,34,4,408,88,36,11.57,11.25,13.04,6,13,6,757.01,532,529.53,5.15,7.19,6.92,34.1,34.12,33.33,654.76,65.79,61.36,65.95,61.53,612,300,411,1323,74,58,7,666,176,70,18.85,21.15,25.79,26,25,23,1330.31,912,916.64,10.88,12.97,12.97,63.7,63.97,61.05,213.41,197.78,4042,3494,0,0,0,0,0,0
8479328,2024,Julien Gauthier,NYI,R,all,1,462,12,-0.1,0.18,0.51,0.43,0.66,0.36,0.62,12,0,0,0,0,0,0,0,0,0,0,0,0,0,0,0,0,0,0,0,0,0,0,0,0,0,0,0,0,0,2,0,0,0,0,0,0,0,0,0,0,0,0,0,0,0,0,0,0,0,0,0,12,0,1,3,8,3,1,3,5,0,0,3438,0,0,0,0,2.83,0.1,0.1,0.1,0.1,3,1,2,6,0,0,0,4,0,0,0.1,0,0,0,0,0,5.82,4,3.88,0.04,0,0,0.14,0.13,0.13,4.9,0.46,0.46,0.48,0.48,6,1,1,8,0,0,0,5,2,0,0.2,0.26,0,0,0,0,8.09,7,7.01,0.07,0,0,0.53,0.55,0.55,3.27,3.08,76,39,0,0,0,0,0,0
8476927,2024,Teddy Blueger,VAN,C,all,82,70441,1651,20.6,0.42,0.51,0.42,0.51,0.43,0.51,603,113.5,13.86,7.1,26.01,3.72,54.44,47.87,13.32,13.88,13.33,11,7,94,59,33,186,26,8,13,0,16,1,47,68,86,145,18,39,510,104,22,50,105,24,24,2.79,3.32,7.75,4,1,3,186.39,153,153.17,17,1.53,2.51,2.45,12.94,12.93,12.6,1651,119,341,217,974,214,201,218,1018,510,505,229580,39,27,11,43,490.66,42.81,41.17,42.99,41.36,418,264,261,943,39,42,2,544,88,50,13.65,11.73,17.43,20,10,9,946.33,682,684.46,6.12,8.63,8.63,40.3,40.49,39.67,665.52,60.22,56.88,60.56,57.18,594,321,361,1276,55,72,10,685,166,64,18.74,21.02,20.45,24,16,15,1277.42,915,917.22,10.61,15.45,15.79,55.03,55.21,53.5,187.84,177.6,3652,3449,0,0,0,0,0,0
8481562,2024,Domenick Fensore,CAR,D,all,2,2288,44,0.68,0.44,0.49,0.51,0.54,0.53,0.52,7,4.19,0.18,0.24,1.34,0.15,2.33,1.76,0.17,0.18,0.17,0,0,5,1,2,8,0,0,1,0,2,0,1,2,5,6,1,2,0,3,0,1,6,0,0,0.18,0,0,0,0,0,7.82,6,5.85,1,0.05,0.07,0.07,0.16,0.16,0.16,44,2,6,9,27,2,8,7,27,0,0,4912,2,0,0,3,21.59,1.24,1.23,1.29,1.28,22,9,6,37,1,1,0,27,4,0,0.74,0.5,0,0,1,0,38.07,31,31.98,0.27,0.07,0.07,1.44,1.5,1.49,20.09,1.58,1.56,1.53,1.5,16,11,9,36,3,1,0,20,7,0,0.73,0.85,0,1,2,0,34.45,27,25.89,0.27,0.04,0.04,1.81,1.75,1.72,4.72,4.92,87,74,0,0,0,0,0,0
8479981,2024,Jonah Gadjovich,FLA,L,all,42,21295,528,8.83,0.56,0.54,0.53,0.56,0.51,0.55,480,52.01,5.27,3.52,13.98,1.83,26.07,19.33,4.91,5.23,4.87,0,0,43,27,19,89,4,4,9,1,9,0,18,30,39,66,11,40,3,127,2,4,48,13,9,1.41,1.63,2.23,0,2,2,88.67,70,69.46,0,0.74,1.7,2.2,3.8,3.79,3.72,528,61,43,97,327,98,74,53,303,3,2,131337,40,40,11,21,178.42,16.25,15.5,16.23,15.49,157,89,119,365,7,32,1,180,46,20,4.92,5.61,5.71,3,2,2,367.57,246,246.15,2.53,5.47,5.47,13.3,13.32,13.12,167.44,12.98,12.69,12.91,12.62,150,83,91,324,15,12,2,182,41,10,4.96,5.07,2.96,7,6,2,325.6,233,233.18,2.31,1.78,1.68,13.62,13.54,13.37,127.66,109.26,2418,1872,0,0,0,0,0,0
8480878,2024,Nils Lundkvist,DAL,D,all,39,35126,777,11.45,0.52,0.55,0.53,0.52,0.52,0.51,199,56.17,2.07,2.85,16.74,1.94,32.97,23.42,2.05,2.09,2.07,3,2,52,28,65,145,5,0,6,0,14,0,28,32,52,80,10,20,0,23,6,31,76,4,0,1.6,0.47,0,0,0,0,148.67,80,81.82,23,0.59,1.14,0.14,2.52,2.54,2.52,777,64,85,117,511,117,116,81,463,0,0,106227,20,4,2,34,321.17,26.94,26.33,26.96,26.36,309,131,206,646,21,34,4,319,97,24,8.92,11.91,6.11,6,11,4,659.65,440,447.92,4.07,5.28,5.28,25.72,25.81,25.6,304.99,24.54,23.4,24.28,23.15,278,136,154,568,17,33,4,315,76,23,9.36,8.96,6.22,7,8,2,558.69,414,408.15,3.93,6.42,6.42,22.05,21.84,21.37,108.16,86.86,1793,1640,0,0,0,0,0,0
8480208,2024,Drake Batherson,OTT,R,all,82,89261,1960,62.25,0.58,0.45,0.58,0.47,0.58,0.47,351,209.81,21.66,16.28,47.12,6.93,118.41,72.6,20.74,21.73,20.8,27,15,192,91,71,354,68,26,7,3,41,0,90,119,166,257,15,30,12,149,23,52,186,76,21,6.03,9.6,6.04,3,20,3,355.58,283,284.3,12,3.87,1.31,2.55,22.99,23.01,22.13,1960,389,208,312,1051,267,262,309,1122,12,12,208074,30,42,21,30,933.63,96.3,91.22,96.62,91.53,881,400,468,1749,98,89,11,914,256,111,26.26,31.02,39.02,33,38,27,1752.18,1281,1281.98,16.23,16.62,16.5,96.04,96.18,92.48,659.71,68.79,66.12,68.86,66.19,612,307,358,1277,58,73,9,685,145,89,19.02,18.02,31.75,21,11,26,1276.75,919,920.16,8.91,14.84,14.84,62.86,62.86,61.51,155.7,186.9,3191,3543,0,0,0,0,0,0
8481540,2024,Cole Caufield,MTL,R,all,82,88934,1623,74.77,0.53,0.43,0.57,0.42,0.58,0.42,265,262.91,29.21,18.49,57.39,8.71,140.82,97.37,28.24,29.27,28.3,22,11,240,112,80,432,70,37,25,6,38,0,129,123,203,315,7,14,6,66,23,56,233,91,28,7.87,10.79,10.56,11,13,13,430.21,352,350.89,10,4.22,4.95,5.74,27.7,27.74,27.07,1623,376,136,272,839,215,213,291,904,6,9,209979,14,38,19,31,907.89,86.6,83.48,86.65,83.54,830,422,450,1702,109,84,13,918,255,79,28.15,31.14,27.31,45,37,27,1695.84,1252,1249.87,14.64,15.35,16.06,85.18,85.12,82.87,683.47,77.16,74.43,78.08,75.3,614,308,375,1297,63,82,11,621,219,82,19.02,27.93,30.2,16,26,21,1312.64,922,933.32,9.07,18.07,18.41,67.81,68.52,67.59,154.63,207.63,2870,3940,0,0,0,0,0,0
8480113,2024,Alex Iafallo,WPG,L,all,82,65353,1485,38.22,0.53,0.53,0.49,0.5,0.51,0.5,679,110.54,14.49,8.23,23.88,4.06,61.03,44.3,13.86,14.53,13.92,12,4,109,47,33,189,31,15,14,5,16,0,58,53,94,141,6,15,12,53,26,30,88,53,15,2.76,6.59,5.13,4,5,6,190.82,156,157.02,11,1.83,2.72,4.4,11.92,12,11.76,1485,160,273,204,848,191,167,216,911,12,13,232242,15,17,7,61,526.97,54.79,51.68,55.17,52.04,481,250,238,969,64,66,12,535,130,66,14.75,16.16,23.88,22,14,28,980.11,731,738.71,7.91,14.15,14.15,48.49,48.83,47.23,500.47,49.58,47.75,49.49,47.67,437,261,300,998,41,44,3,514,128,56,12.94,15.44,21.2,12,12,17,986.51,698,693.15,8.26,7.56,7.56,50.28,50.16,49.04,202.95,181.31,3821,3842,0,0,0,0,0,0
8481186,2024,Logan O'Connor,COL,R,all,80,67793,1566,29.57,0.47,0.54,0.48,0.55,0.48,0.55,561,102.16,11.96,6.79,22.49,3.26,50.58,41.92,11.64,12.1,11.79,5,6,89,48,38,175,21,10,8,1,18,0,35,66,79,127,10,26,27,68,17,32,80,45,12,2.78,5.7,3.47,3,5,2,178.27,137,138.99,10,1.47,1.58,2.38,11.03,11.19,11.14,1566,105,266,287,908,275,187,209,895,27,43,222795,26,52,23,50,491.63,41.99,40.99,42.2,41.2,432,252,323,1007,33,36,4,521,124,39,13.69,15.29,13.02,14,11,8,1013.69,684,687.68,6.33,6.39,6.38,41.95,42.19,41.78,543.89,47.68,45.55,47.72,45.59,518,231,339,1088,60,38,7,578,122,49,15.21,14.36,18.11,19,20,21,1087.97,749,750.23,8.58,8.75,8.75,47.51,47.69,46.76,210.21,178.73,4104,3309,0,0,0,0,0,0
8480188,2024,Fabian Zetterlund,OTT,L,all,84,82363,1646,38.92,0.5,0.44,0.51,0.45,0.51,0.45,492,207.26,22.85,14.75,50.06,7.02,108.14,76.18,21.92,22.8,21.88,14,8,181,98,77,356,41,19,24,6,43,1,87,105,162,260,7,14,31,154,22,50,187,68,24,6.11,8.14,8.6,7,5,7,351.03,279,276.52,9,3.34,4.7,6.69,19.5,19.37,18.88,1646,244,153,260,989,251,223,274,898,31,21,222513,14,38,18,81,738.21,71.77,67.88,71.4,67.54,669,342,428,1439,80,79,14,744,195,72,22,23.67,26.1,32,23,25,1422.42,1011,1003.9,11.85,17.86,17.9,65.72,65.35,63.04,691.89,72.98,70,73.79,70.76,628,332,407,1367,53,67,5,721,153,86,21.91,19.78,31.3,15,20,18,1393.71,960,972.53,9.32,15.07,15.35,66.95,67.71,66.1,173.54,218.52,3363,4124,0,0,0,0,0,0
8475754,2024,Brock Nelson,COL,C,all,80,90780,1822,57.74,0.5,0.49,0.52,0.5,0.53,0.51,267,207.06,22.21,15.52,45.32,6.87,110.13,79.96,21.6,22.32,21.71,18,12,193,87,80,360,56,26,19,2,34,0,83,118,167,254,9,18,630,35,40,50,191,64,25,7.44,7.82,6.95,9,11,6,360.82,280,280.06,14,3.55,3.77,3.8,21.94,21.98,21.58,1822,318,190,256,1058,217,226,291,1088,630,579,200837,18,34,17,43,855.6,82.6,78.77,82.87,79.02,771,405,468,1644,87,87,8,873,206,97,26.74,25.4,30.46,32,30,25,1648.57,1176,1178.58,14.18,16.98,16.97,79.81,80.03,77.33,773.52,83.82,79.27,84.23,79.64,685,379,435,1499,72,82,9,774,199,91,21.37,25.68,36.77,28,16,28,1500.35,1064,1066.5,11.37,17.7,17.7,77.5,77.77,75.36,154.08,160.6,3297,3260,0,0,0,0,0,0
8479410,2024,Mikhail Sergachev,UTA,D,all,77,116040,2357,61.65,0.53,0.52,0.53,0.51,0.53,0.52,86,155.92,7.08,9.42,43.21,5.21,93.4,65.67,6.88,7.09,6.88,22,16,132,92,143,367,53,15,12,0,32,0,89,76,117,209,18,32,0,61,32,126,213,9,2,5.4,1.01,0.68,11,3,1,367.28,224,224.93,77,2.05,2.11,0.33,8.8,8.83,8.58,2357,356,446,401,1154,208,214,370,1565,0,0,165613,32,12,6,140,1089.98,123.73,118.17,124.19,118.64,958,541,568,2067,122,108,13,1032,328,139,31.08,39.76,52.9,35,44,43,2077.06,1499,1508.44,16.59,23.74,24.14,116.19,116.68,113.68,982.49,109.08,103.76,109.34,104.02,908,426,529,1863,110,82,16,926,291,117,27.96,35.85,45.27,27,38,45,1864.39,1334,1334.13,15.19,18.94,18.94,105.32,105.5,102.16,135.8,126.64,2747,2588,0,0,0,0,0,0
8479316,2024,Luke Kunin,CBJ,C,all,75,66107,1388,2.61,0.39,0.46,0.39,0.5,0.38,0.5,536,126.03,16.64,8.86,29.44,4.21,58.34,45.52,15.81,16.51,15.69,4,3,112,51,54,217,18,11,16,3,20,0,49,67,101,152,23,55,187,187,12,30,94,46,23,2.93,5.98,7.73,4,4,3,213.51,163,162.53,12,1.94,3.95,5.37,13.2,13.08,12.91,1388,136,199,230,823,176,239,176,797,187,211,206774,55,37,14,77,438.93,42.34,40.16,42.13,39.96,387,210,281,878,31,49,5,436,109,52,11.02,13.87,17.44,17,7,7,862.98,597,592.89,6.14,11.19,11.19,37.28,37.08,36.25,693.38,66.12,61.65,66.56,62.08,661,307,408,1376,73,86,7,733,160,75,20.71,19.82,25.6,38,18,17,1399.6,968,980.14,10.55,16.63,16.63,60.03,60.5,58.27,172.44,199.87,3532,3531,0,0,0,0,0,0
8478416,2024,Erik Cernak,TBL,D,all,76,83268,1860,19.85,0.46,0.55,0.43,0.54,0.44,0.54,287,77.86,3.06,3.94,21.37,2.68,45.33,35.63,2.98,3.1,3.02,8,10,64,48,71,183,21,3,3,0,25,0,35,46,61,109,22,50,0,157,20,41,107,2,3,1.98,0.18,0.91,2,0,1,187.74,112,114.88,21,0.79,0.29,0.06,3.79,3.85,3.74,1860,154,368,351,987,245,189,236,1190,0,0,193029,50,38,15,99,596.75,63.43,61.92,64.1,62.58,541,280,322,1143,69,46,7,591,160,70,16.95,20.35,26.14,16,27,26,1166.2,821,834.1,8.17,8.42,8.13,63.47,64.07,63.22,773.69,74.01,68.32,73.57,67.93,717,344,437,1498,62,80,7,782,200,79,22.36,24.03,27.61,21,21,20,1479.05,1061,1051.8,12.15,16.17,16.17,69.99,69.65,66.19,186.7,153.57,3424,2874,0,0,0,0,0,0
8473994,2024,Jamie Benn,DAL,L,all,80,73446,1662,39.98,0.54,0.51,0.53,0.5,0.51,0.49,534,146.95,17.97,11.16,34.18,5.11,75.03,51.56,16.98,17.93,16.96,22,11,136,59,60,255,49,16,16,2,20,1,66,76,120,179,25,60,296,114,13,58,111,64,20,3.64,8.39,5.93,5,8,3,257.61,195,195.8,23,2.56,2.89,2.71,17.82,17.76,17.1,1662,319,204,223,916,178,232,216,1036,296,233,217012,60,30,12,45,683.99,75.44,69.92,75.54,70.03,636,297,423,1356,72,68,13,632,221,80,19.14,27.98,28.31,21,29,22,1363.15,933,937.93,11.22,16.4,16.4,70.26,70.44,67.54,656.58,64.01,61.85,63.79,61.66,580,321,322,1223,53,64,7,654,179,68,18.75,21.79,23.48,14,25,14,1212.67,901,895.15,9.11,11.26,11.33,61.78,61.55,60.27,189.35,183.59,3462,3501,0,0,0,0,0,0
8484258,2024,Sam Malinski,COL,D,all,76,72751,1575,30.88,0.51,0.53,0.52,0.55,0.53,0.54,360,113.63,4.42,5.65,33.21,3.88,64.57,49.27,4.3,4.41,4.29,6,4,115,46,118,279,15,5,9,1,26,0,58,63,110,156,8,16,0,57,29,68,154,3,4,2.85,0.36,1.2,4,0,1,278.96,161,162.11,42,1.15,1.28,1.09,4.47,4.49,4.42,1575,116,164,217,1078,259,219,177,920,0,0,203737,16,16,8,107,608.15,51.13,49.7,51.33,49.91,564,281,385,1230,51,54,4,638,161,46,17.08,19.89,14.16,20,22,9,1233.92,845,848.6,7.94,9.36,9.51,49.56,49.88,49.21,553.69,49.75,48.56,49.66,48.47,519,245,366,1130,43,61,4,564,155,45,15.24,19.73,14.78,17,19,7,1127.13,764,763.53,7.38,11.93,11.93,45.2,45.19,44.63,191.23,167.6,3637,3037,0,0,0,0,0,0
8482148,2024,Hendrix Lapierre,WSH,C,all,27,15870,344,6.74,0.46,0.55,0.52,0.5,0.51,0.51,294,20.47,2.99,1.65,5.18,0.81,10.37,7,2.9,3.06,2.97,3,5,18,10,9,37,8,0,3,0,6,0,5,14,18,28,2,4,40,12,5,17,12,11,5,0.32,1.37,1.3,0,0,0,38.08,28,28.65,3,0.35,0.58,0.95,2.39,2.44,2.43,344,52,7,55,230,56,54,42,192,40,61,82085,4,10,5,14,127.61,11.4,10.93,11.55,11.07,110,68,83,261,8,14,2,132,30,16,3.5,3.45,4.45,4,1,3,265.16,178,180.47,1.78,3.06,3.06,10.12,10.24,10.03,125.17,13.2,11.96,13.29,12.08,115,54,73,242,11,17,1,110,44,15,3.12,5.99,4.08,6,3,2,239.18,169,169.19,1.75,3.52,3.52,11.44,11.54,11.06,83.3,69.45,1381,1386,0,0,0,0,0,0
8478434,2024,Keegan Kolesar,VGK,R,all,82,64914,1429,30.99,0.5,0.55,0.49,0.51,0.5,0.52,714,101.7,11.12,6.99,23.52,3.49,51.47,40.43,10.7,11.38,10.97,9,9,88,49,30,167,30,12,13,3,12,1,46,53,76,125,16,53,6,237,13,34,88,34,15,2.84,4.32,3.95,3,6,3,170.19,137,139.78,6,1.48,2.22,2.99,9.6,9.84,9.7,1429,153,179,270,827,239,182,193,815,6,12,233152,53,49,15,49,528.98,47.86,45.8,48.25,46.23,494,235,286,1015,44,60,8,548,123,58,15.99,15.24,16.63,16,19,9,1028.72,729,738.12,7.07,13.71,13.71,41.22,41.61,40.78,536.71,48.43,45.88,48.44,45.87,463,267,309,1039,47,60,9,542,136,52,16.34,16.81,15.28,20,16,11,1031.65,730,727.53,7.49,12.92,13.11,42.81,42.75,41.84,227.91,183.65,3948,3750,0,0,0,0,0,0
8476539,2024,Jonathan Marchessault,NSH,R,all,78,84132,1631,47.42,0.57,0.48,0.57,0.49,0.56,0.48,270,208.31,23.25,15.27,45.88,7.09,112.18,73.32,20.88,23.26,20.89,19,16,206,71,104,381,56,21,21,2,52,1,98,84,185,256,17,37,17,77,10,89,185,65,27,5.38,8.33,9.54,0,15,6,377.61,277,275.75,30,3.55,5.08,5.57,21.24,21.23,19.92,1631,373,95,207,956,167,226,282,956,17,50,198771,37,31,12,25,874.05,94.95,86.41,94.53,86.01,835,367,504,1706,84,91,7,857,232,113,25.3,28.88,40.76,23,37,24,1689.12,1202,1194.62,15.17,20.69,20.19,89.92,89.54,84.19,681.57,72.67,69.25,73.13,69.72,642,303,330,1275,76,53,5,703,161,81,21.24,19.47,31.96,36,16,24,1284.39,945,951.94,9.03,10.5,10.5,71.2,71.67,69.23,158.34,171.36,3041,3203,0,0,0,0,0,0
8476438,2024,Brandon Saad,VGK,L,all,72,64016,1360,33.41,0.55,0.51,0.52,0.5,0.52,0.5,500,130.21,15.89,9.4,30.1,4.3,64.58,48.73,15.33,16.04,15.48,7,10,127,46,43,216,30,13,12,4,29,1,51,67,114,160,3,6,7,12,21,55,100,52,21,3.33,6.52,6.03,3,5,5,218.42,173,174.99,10,2,2.06,4.76,13.13,13.28,13.14,1360,194,154,219,793,221,190,193,756,7,18,197667,6,20,10,21,569.53,54.14,52.05,54.58,52.45,528,254,295,1077,50,58,6,585,141,56,17.63,17.21,19.31,16,19,15,1085.93,782,788.42,7.92,11.95,11.78,50.28,50.66,49.41,528.09,44.88,43.45,45,43.6,489,238,277,1004,58,48,5,566,119,42,16.3,14.36,14.23,16,27,15,1003.69,727,728.31,7.24,8.49,8.47,43.66,43.87,43.27,158.04,154.06,3083,3110,0,0,0,0,0,0
8475191,2024,Reilly Smith,VGK,R,all,79,73189,1641,37.97,0.51,0.5,0.48,0.5,0.49,0.51,492,134.99,17.18,8.88,31.19,4.4,62.01,52.33,16.43,17.31,16.56,15,12,128,48,37,213,40,13,17,3,19,0,49,78,115,163,11,24,4,48,26,70,111,41,24,3.65,5.42,8.11,4,3,6,214.12,176,176.61,23,1.95,3.77,5.34,13.79,13.91,13.66,1641,189,250,316,886,225,206,229,981,4,7,213744,24,12,6,41,641.21,65.05,61.86,65.5,62.31,592,277,311,1180,62,71,9,630,165,74,17.84,20.72,26.5,25,17,20,1187,869,875,8.89,15.41,15.43,58.51,59.03,57.59,672.31,63.03,59.56,62.96,59.52,620,302,338,1260,56,75,8,686,154,82,18.83,18.62,25.58,20,18,18,1257.52,922,919.25,10.04,16.72,16.72,56.34,56.36,55.02,189.13,186.08,3555,3513,0,0,0,0,0,0
8477932,2024,Aaron Ekblad,FLA,D,all,56,79002,1604,43.55,0.56,0.56,0.56,0.55,0.55,0.54,99,121.93,5.95,7.56,34.49,4.18,74.19,51.62,5.6,5.93,5.57,14,16,106,72,113,291,33,3,17,0,30,1,64,63,103,175,25,53,0,90,23,57,163,12,3,3.51,1.34,1.1,3,0,0,291.48,178,177.75,28,1.68,4.36,0.85,6.79,6.76,6.44,1604,216,249,214,925,204,188,249,963,0,0,124284,53,35,16,64,824.82,88.21,82.43,88.3,82.53,778,372,421,1571,83,88,10,841,208,101,24.25,25.66,38.29,33,20,30,1579.64,1150,1153.3,12.89,19.94,19.94,81.15,81.31,77.05,681.63,69.62,66.35,69.23,66.02,633,302,297,1232,64,72,9,695,156,84,18.79,19.38,31.46,15,23,26,1226.4,935,930.27,10.76,15.48,15.48,64.9,64.78,62.98,108.74,86.14,2102,1735,0,0,0,0,0,0
8483460,2024,David Jiricek,MIN,D,all,12,8725,177,1.68,0.49,0.48,0.46,0.51,0.46,0.5,68,11.16,0.36,0.58,3.55,0.44,6.18,4.9,0.35,0.37,0.36,1,1,9,7,9,25,3,1,1,0,2,0,9,3,8,15,3,6,0,12,3,15,16,0,0,0.36,0,0,1,0,0,24.97,16,16.17,8,0.12,0.3,0.09,0.4,0.41,0.4,177,17,10,32,118,26,29,30,92,0,0,34666,6,4,2,7,63.19,5.52,4.61,5.49,4.6,54,33,38,125,5,8,0,69,10,8,1.93,1.21,2.38,4,0,1,123.28,87,87.15,0.86,1.47,1.47,4.91,4.9,4.43,74.43,5.66,5.47,5.64,5.46,66,36,42,144,5,8,0,84,12,6,2.38,1.61,1.67,4,0,1,144.4,102,102.05,0.93,1.53,1.53,5.06,5.07,5.01,29.31,31.23,602,584,0,0,0,0,0,0
8477507,2024,Nikita Zadorov,BOS,D,all,81,100171,2113,18.33,0.46,0.49,0.45,0.5,0.44,0.5,222,114.16,5.44,6.02,32.21,3.87,65.08,51.38,5.26,5.37,5.19,6,12,105,59,103,267,22,4,5,0,30,0,50,75,101,160,47,115,0,219,25,104,156,4,4,3.39,0.56,1.49,2,0,2,263.44,164,162.17,78,1.26,0.94,0.66,6.05,5.99,5.82,2113,197,374,309,1233,254,281,272,1306,0,0,194666,115,65,22,107,740.97,75.37,72.42,75.52,72.57,670,347,390,1407,76,67,5,759,165,93,21.71,20.74,32.92,31,21,24,1399.51,1017,1015.94,9.9,15.22,15.29,69.99,70.14,68.91,919.53,87.86,84.05,88.52,84.64,839,432,467,1738,76,85,10,961,215,95,26.91,27.48,33.47,29,25,22,1753.16,1271,1284.22,13.95,17.68,17.7,84.11,84.53,82.36,158.56,166.03,3135,3114,0,0,0,0,0,0
8481716,2024,Dmitri Voronkov,CBJ,L,all,73,73527,1428,50.6,0.55,0.45,0.56,0.45,0.56,0.45,372,176.14,25.7,14.45,39.53,6.08,84.42,60.83,23.93,25.7,23.93,14,10,154,77,29,260,47,23,31,3,34,0,70,73,131,208,16,35,37,71,11,58,126,67,38,3.78,8.31,13.61,4,11,8,259.24,231,230.3,15,3.36,6.23,8.74,20.32,20.32,19.58,1428,272,122,252,782,186,198,235,809,37,52,192784,35,11,4,47,770.26,78.57,73.83,78.78,74.03,716,333,398,1447,90,93,10,764,191,94,21.04,23.4,34.13,33,35,22,1447.01,1049,1050.11,12.1,20.09,20.09,70.58,70.73,68.16,597.16,63.5,60.52,63.99,60.95,515,305,313,1133,53,74,10,590,153,77,17.35,19.18,26.98,17,15,21,1141.51,820,826.8,8.27,16.77,16.85,54.93,55.24,53.93,142.88,177.87,2910,3489,0,0,0,0,0,0
8476958,2024,Jaccob Slavin,CAR,D,all,80,103549,2020,55.1,0.5,0.58,0.52,0.62,0.51,0.61,170,152.63,7.27,7.48,45.03,5.17,82.6,63.45,7.14,7.32,7.19,7,14,110,101,108,319,27,6,18,1,25,2,77,83,104,205,4,8,0,21,61,78,197,6,8,3.75,0.68,2.85,3,1,2,319.43,211,210.99,40,1.55,2.24,0.65,8.17,8.22,8.1,2020,259,344,306,1111,267,191,315,1247,0,0,186271,8,10,5,136,938.85,93.23,90.64,93.66,91.04,782,509,549,1840,86,93,6,934,253,104,26.36,31.8,35.09,25,33,28,1850.97,1291,1298.06,12.37,16.88,16.84,88.77,89.18,87.63,896.63,91.74,86.96,91.75,86.98,789,433,448,1670,95,93,10,888,228,106,25.2,27.38,39.17,32,28,35,1665.3,1222,1221.06,14.33,19.55,19.55,86.52,86.72,83.97,193.88,138.6,3796,2302,0,0,0,0,0,0
8480069,2024,Cale Makar,COL,D,all,80,123438,2137,111,0.56,0.5,0.57,0.51,0.56,0.52,110,277.88,20.33,18.71,71.93,9.14,165.14,106.76,19.68,20.34,19.67,34,28,246,146,231,623,92,30,28,1,65,2,132,135,216,362,7,14,0,51,60,113,343,32,17,10,3.94,6.4,19,3,8,625.61,392,392.49,71,4.36,7.75,1.62,23.07,23.1,22.47,2137,466,327,333,1011,157,260,360,1360,0,0,167450,14,48,25,128,1251.01,137.62,129.43,137.94,129.76,1173,559,712,2444,150,121,18,1263,308,161,39.84,37.98,59.8,58,35,57,2450.89,1732,1735.61,20.53,28.16,28.41,129.73,130.08,125.01,976.09,107.46,101.59,107.57,101.69,877,460,480,1817,101,112,16,965,238,134,26.17,29.78,51.5,27,27,47,1820.41,1337,1337.83,15.2,23.26,23.26,99.4,99.55,96.56,115.67,116.89,2684,2563,0,0,0,0,0,0
8481167,2024,Brayden Pachal,CGY,D,all,76,64935,1604,16.88,0.43,0.5,0.48,0.52,0.46,0.52,421,69.51,2.22,3.76,20.91,2.43,42.21,30.48,2.14,2.22,2.15,5,4,61,41,94,196,12,3,4,0,15,0,31,49,58,99,33,78,0,159,16,64,100,2,0,1.94,0.28,0,2,1,0,194.51,102,101.85,42,0.76,0.56,0.15,2.83,2.84,2.76,1604,106,71,144,1283,236,286,162,920,0,0,213150,78,52,20,83,506.58,39.38,38.14,39.94,38.66,464,242,322,1028,37,55,6,558,110,38,14.74,13.77,10.86,14,17,6,1025.84,706,709.56,6.57,10.82,10.76,35.19,35.49,35.02,592.38,51.23,49.63,51.54,49.94,577,240,307,1124,46,58,4,624,145,48,17.14,18.49,15.61,15,20,11,1131,817,820.77,8.29,11.41,11.41,48.11,48.46,47.77,183.67,182.67,3738,3482,0,0,0,0,0,0
8482157,2024,Will Cuylle,NYR,L,all,82,74181,1675,43.94,0.47,0.49,0.49,0.5,0.49,0.5,549,167.95,22.85,12.32,38.58,5.78,82.72,60.74,21.76,23.2,22.06,13,12,152,71,52,275,45,20,20,5,28,0,58,97,132,203,18,42,11,301,9,48,131,61,31,4.49,8.28,10.08,5,9,6,278.27,223,225.4,11,2.7,3.65,7.74,17.83,18,17.72,1675,228,158,303,986,239,231,253,952,11,22,222806,42,30,12,50,627.72,61.56,58.21,62.5,58.99,580,275,322,1177,69,72,13,633,141,81,17.13,18.4,26.03,26,23,20,1183.29,855,861,8.71,15.93,16.24,54.03,54.53,53.06,661.78,70.28,66.57,70.4,66.7,598,297,343,1238,61,79,12,633,182,80,18.71,22.59,28.98,18,24,19,1237.32,895,893.52,9.68,17.99,17.99,61.97,62.05,60.54,197.11,206.7,3762,3755,0,0,0,0,0,0
8477488,2024,Brett Pesce,NJD,D,all,72,92101,1819,30.02,0.46,0.56,0.48,0.54,0.47,0.53,157,95.1,4.33,4.9,27.01,3.17,52.76,41.82,4.24,4.29,4.2,9,5,99,35,84,218,17,3,8,0,28,0,41,54,96,131,12,29,0,24,25,62,126,6,2,2.89,0.83,0.61,1,2,0,218.88,134,133.9,45,1,2.41,0.49,4.85,4.82,4.73,1819,188,257,298,1076,222,217,253,1127,0,0,169467,29,33,14,138,716.05,69.13,65.88,69.72,66.38,637,340,415,1392,52,68,8,713,187,77,21.19,23.76,24.18,21,17,14,1404.62,977,983.09,9.81,14.31,14.49,64.46,64.69,63.42,785.39,81.37,76.4,81.49,76.5,659,421,427,1507,68,90,8,784,194,102,21.88,24.43,35.06,26,24,18,1500,1080,1075.21,12.19,19.97,19.97,73.6,73.51,71.35,173.26,133.7,2984,2567,0,0,0,0,0,0
8477149,2024,Scott Sabourin,SJS,R,all,1,627,14,-0.8,0.04,0.39,0.18,0.43,0.15,0.46,11,0,0,0,0,0,0,0,0,0,0,0,0,0,0,1,1,0,0,0,0,0,0,0,0,0,0,0,0,0,2,0,0,0,0,0,0,0,0,0,0,0,0.85,0,0,0,0,0,0,0,0,0,14,3,1,5,5,3,1,2,8,0,0,2973,0,0,0,1,1.34,0.05,0.05,0.04,0.04,1,1,1,3,0,0,0,2,0,0,0.05,0,0,0,0,0,2.62,2,1.79,0.01,0,0,0.06,0.06,0.06,8.64,1.09,0.98,1.22,1.09,7,4,3,14,2,2,0,6,4,1,0.18,0.57,0.34,0,2,0,16.33,11,12.43,0.14,0.51,0.51,0.72,0.79,0.75,2.62,4.16,40,54,0,0,0,0,0,0
8479026,2024,Philippe Myers,TOR,D,all,36,35057,824,6.6,0.42,0.48,0.45,0.48,0.45,0.48,178,48.8,1.51,2.53,14.2,1.67,29.68,21.41,1.49,1.49,1.47,0,3,46,25,50,121,5,2,2,0,11,0,24,32,44,69,6,15,0,76,13,45,70,1,0,1.42,0.09,0,2,0,0,120.94,71,71.17,33,0.51,0.73,0.06,1.95,1.93,1.91,824,67,76,101,580,103,109,93,519,0,0,96003,15,7,2,42,257.44,21.51,20.79,21.75,21.03,236,119,157,512,19,24,1,279,54,22,7.74,6.44,7.34,6,11,2,514.25,355,357.74,3.32,4.9,4.9,19.93,20.08,19.75,314.45,30.23,28.89,30.19,28.86,281,152,184,617,25,37,6,321,77,35,8.55,9.91,11.78,7,12,6,614.83,433,431.61,4.58,8.67,8.86,25.95,25.93,25.19,85.3,91.79,1516,1672,0,0,0,0,0,0
8482663,2024,Dylan Duke,TBL,L,all,2,943,26,0.47,0.19,0.42,0.33,0.36,0.2,0.38,23,0.78,0.12,0.08,0.1,0.02,0.39,0.28,0.1,0.14,0.11,0,0,1,0,0,1,1,1,0,0,0,0,0,0,0,0,0,0,0,5,0,0,0,1,0,0,0.12,0,0,1,0,1.15,1,1.15,0,0.02,0,0,0.14,0.16,0.12,26,3,4,5,14,3,6,4,13,0,0,6257,0,0,0,0,2.19,0.25,0.22,0.28,0.24,3,0,4,7,1,0,0,1,2,0,0.01,0.24,0,0,1,0,8.04,3,3.39,0.03,0,0,0.28,0.31,0.27,8.51,1.06,1.05,0.96,0.95,9,3,2,14,1,1,0,8,3,1,0.22,0.4,0.44,1,0,0,12.32,12,10.64,0.12,0.44,0.44,0.74,0.67,0.67,5.73,7.86,80,144,0,0,0,0,0,0
8480259,2024,Ben Jones,MIN,C,all,26,13076,290,-2.36,0.41,0.49,0.39,0.49,0.39,0.49,287,29.15,2.04,1.82,7.18,0.98,15.52,12.45,2.03,2.01,2.01,0,0,24,16,11,51,0,0,2,0,4,0,9,25,24,40,2,10,12,51,2,9,32,6,2,0.87,0.67,0.5,0,0,0,50.96,40,40.28,2,0.38,0.38,0.13,2.29,2.27,2.27,290,17,23,53,197,37,59,23,171,12,13,81795,10,14,4,11,86.05,6.46,6.41,6.53,6.48,89,33,48,170,3,6,0,95,22,5,2.24,2.76,1.46,2,1,0,170.59,122,122.87,1.11,1.17,1.17,6.41,6.43,6.4,134.64,9.25,9.02,9.3,9.07,120,67,79,266,7,12,2,156,24,7,4.26,2.96,2.02,2,3,2,265.91,187,188.31,1.72,2.01,2.01,8.96,9.08,8.94,66.78,69.7,1302,1371,0,0,0,0,0,0
8478396,2024,Noah Hanifin,VGK,D,all,80,103452,2035,50.73,0.55,0.54,0.52,0.5,0.53,0.51,203,144.85,6.76,8.51,42.09,4.9,85.97,58.76,6.49,6.85,6.58,17,12,145,62,122,329,39,10,10,1,48,1,64,74,135,197,7,14,0,43,32,112,192,11,4,4.16,1.31,1.29,6,2,2,333.28,207,209.71,75,1.83,1.88,1.2,7.38,7.45,7.32,2035,269,233,335,1198,243,256,314,1222,0,0,187114,14,8,4,106,982.38,99.18,94.52,100.03,95.37,911,427,439,1777,100,99,10,959,260,119,28.92,32.26,38,36,40,24,1802.04,1338,1352.17,14.09,21.59,21.52,91.76,92.64,90.05,862.05,80.19,76.8,80.27,76.89,735,446,428,1609,86,89,15,868,225,88,24.68,27.56,27.95,33,30,23,1602.32,1181,1179.9,12.57,17.8,18.05,74.72,74.82,73.24,171.53,147.22,3049,3062,0,0,0,0,0,0
8474612,2024,Travis Hamonic,OTT,D,all,59,60417,1365,5.55,0.41,0.52,0.43,0.54,0.44,0.54,263,83.97,2.7,4.32,24.98,3.05,47.71,37.24,2.64,2.71,2.64,1,5,72,48,71,191,7,1,9,0,17,0,36,57,71,119,8,19,0,73,17,62,117,3,0,2.34,0.36,0,1,0,0,191.38,120,120.06,47,0.87,1.67,0.2,3.38,3.39,3.3,1365,85,199,181,900,167,181,163,854,0,0,153414,19,13,5,92,472.74,40.72,39.35,41.01,39.62,448,202,250,900,25,54,3,496,105,49,13.45,12.54,14.73,7,7,11,907.48,650,653.74,6.1,9.86,9.86,36.97,37.13,36.51,599.19,57.53,53.72,57.33,53.52,562,266,345,1173,59,67,11,613,148,67,17.54,18.58,21.42,21,17,21,1169.55,828,826.31,8.96,14.27,14.27,52.23,52.05,49.91,137.4,124.48,2652,2266,0,0,0,0,0,0
8478851,2024,Alexandre Carrier,MTL,D,all,79,97582,2077,17.75,0.4,0.51,0.42,0.52,0.42,0.52,238,85.08,3.95,4.81,25.11,2.88,48.65,35.6,3.87,3.91,3.83,11,11,82,39,61,182,25,3,6,0,26,0,31,55,79,118,19,40,0,75,22,64,111,9,1,2.71,1.03,0.21,3,0,0,179.99,121,119.67,42,1,1.23,0.35,4.6,4.54,4.45,2077,166,379,337,1195,239,183,266,1389,0,0,190346,40,28,14,169,677.29,62.74,61.11,62.46,60.83,614,321,405,1340,65,52,3,685,187,63,20.83,22.17,19.74,30,22,13,1331.52,935,930.02,8.8,10.64,10.64,60.9,60.54,59.61,937.77,95.06,89.94,95.39,90.24,831,445,547,1823,98,84,9,917,253,106,28.05,31.92,35.1,35,38,25,1829.4,1276,1282.23,14.25,20,20,89.32,89.61,86.86,177.93,171.32,3375,3069,0,0,0,0,0,0
8479619,2024,Michael Carcone,UTA,L,all,53,36357,863,22.17,0.54,0.52,0.55,0.51,0.55,0.51,558,89.94,7.41,6.17,21.49,3.04,49.53,36.35,7.29,7.47,7.34,3,9,75,49,57,181,19,7,12,1,20,0,37,48,68,117,11,36,5,48,6,38,93,24,7,2.79,2.89,1.73,3,2,2,182.69,124,125.02,7,1.29,2.29,1.02,7.69,7.74,7.65,863,124,91,128,520,146,122,119,476,5,5,157770,36,23,10,11,342.45,30.51,29.32,30.58,29.4,293,178,204,675,28,35,5,347,93,31,9.61,11.57,9.32,12,8,8,678.53,471,474.65,4.81,7.06,6.98,28.33,28.52,27.96,284.83,26.29,25.03,26.44,25.17,246,139,163,548,33,32,7,284,78,23,8.33,10.1,7.86,14,12,7,548.65,385,383.92,3.59,7.09,7.09,22.78,22.81,22.41,149.14,139.85,2673,2570,0,0,0,0,0,0
8477933,2024,Sam Reinhart,FLA,C,all,79,97181,1936,95.53,0.6,0.52,0.61,0.53,0.6,0.52,149,246.87,36.77,18.56,52.36,8.29,129.15,88.86,32.22,36.86,32.29,24,18,213,121,90,424,81,39,29,3,31,3,127,105,174,295,6,17,212,103,24,74,201,86,47,6.57,10.94,19.27,10,16,13,423.89,334,334.46,23,4.5,7.16,9.65,31.63,31.65,29.77,1936,418,294,305,919,253,195,330,1158,212,302,190119,17,24,12,62,1054.28,122.1,110.35,122.39,110.64,958,500,585,2043,117,121,14,1033,270,155,28.74,32.76,60.6,35,38,44,2051.23,1458,1462.88,18.07,30.34,30.45,109.72,109.95,103.37,694.84,79.72,74.93,79.54,74.77,646,310,340,1296,81,56,6,708,152,96,19.44,19.15,41.13,20,24,37,1290.88,956,951.78,10.48,12.36,12.36,77.85,77.77,74,155.66,143.38,3254,2870,0,0,0,0,0,0
8480880,2024,Jakub Lauko,BOS,C,all,56,35999,792,-0.23,0.35,0.5,0.37,0.49,0.37,0.49,586,49.17,4.53,3.18,11.31,1.65,26.35,20.97,4.43,4.67,4.56,3,3,42,26,19,87,11,5,2,0,11,1,18,31,37,63,16,47,1,119,6,25,52,11,5,1.64,1.41,1.49,2,1,2,88.57,68,69.7,11,0.66,0.34,0.71,4.49,4.64,4.61,792,56,124,114,498,107,109,96,480,1,9,167175,47,39,12,39,208.61,16.11,15.81,16.39,16.07,188,101,123,412,16,16,0,230,45,14,5.82,5.62,4.67,5,7,4,416.42,289,292.93,2.49,2.3,2.3,16.3,16.6,16.43,351.25,29.92,28.83,29.81,28.73,328,163,217,708,37,30,7,382,77,32,10.19,9.52,10.21,18,8,11,705.29,491,488.23,4.98,6.74,6.74,28.16,27.97,27.42,138.04,137.49,2585,2685,0,0,0,0,0,0
8479594,2024,Nathan Clurman,PIT,D,all,1,665,17,0.9,0.93,0.64,0.78,0.45,0.8,0.49,6,2.65,0.07,0.16,0.78,0.08,1.74,1.18,0.07,0.07,0.07,0,0,4,0,0,4,0,0,0,0,1,0,3,0,4,4,1,2,0,1,0,0,4,0,0,0.07,0,0,0,0,0,4.35,4,4.2,0,0.03,0,0,0.1,0.1,0.1,17,0,0,2,15,5,4,2,6,0,0,2935,2,0,0,0,11.47,1.19,1.07,1.22,1.1,12,4,5,21,0,2,0,11,3,2,0.3,0.43,0.45,0,0,0,22.44,16,16.7,0.19,0.45,0.45,0.93,0.94,0.92,2.69,0.08,0.08,0.08,0.08,3,1,2,6,0,0,0,4,0,0,0.08,0,0,0,0,0,5.77,4,3.84,0.03,0,0,0.11,0.11,0.11,3.87,2.21,50,60,0,0,0,0,0,0
8480873,2024,Rasmus Sandin,WSH,D,all,82,94419,1784,32.4,0.55,0.51,0.5,0.5,0.51,0.5,325,101.12,5.55,5.4,29.61,3.32,56.26,42.87,5.38,5.56,5.39,14,12,78,65,82,225,30,4,8,0,18,0,55,58,74,139,10,23,0,91,26,71,133,5,5,2.84,0.7,2,1,0,3,225.26,143,143.2,39,1.13,1.6,0.1,6.57,6.58,6.37,1784,142,220,260,1162,205,227,227,1125,0,0,204115,23,25,11,122,810.61,84.72,81.04,85.12,81.47,733,375,385,1493,88,83,12,787,219,102,23.15,28.02,33.55,35,22,31,1503.67,1108,1115.1,11.08,18.55,18.5,77.3,77.73,76.38,764.01,68.93,65.15,69.14,65.36,680,365,453,1498,71,67,8,771,204,70,22.43,25.71,20.79,25,29,17,1492.18,1045,1044.83,10.57,14.61,14.61,64.9,65.14,63,189.49,181.46,3391,3411,0,0,0,0,0,0
8483505,2024,Matthew Poitras,BOS,C,all,33,25914,571,11.71,0.52,0.49,0.53,0.47,0.49,0.48,265,39.21,3.7,2.56,9.1,1.3,21.33,16.02,3.67,3.67,3.64,7,3,29,25,22,76,11,1,3,0,6,0,16,28,28,53,4,8,59,12,14,28,39,12,3,1.59,1.31,0.79,0,1,0,75.67,54,54.13,2,0.54,0.86,0.37,3.87,3.85,3.82,571,66,28,76,401,90,94,56,331,59,70,94453,8,24,12,10,204.47,17.67,17.3,17.52,17.16,182,99,135,416,14,15,1,212,52,17,6.06,6.25,5.35,4,9,1,412.5,281,279.65,2.8,3.49,3.49,16.97,16.83,16.7,209.91,16.3,15.89,16.56,16.14,181,107,88,376,18,21,1,226,48,14,6.3,5.86,4.14,10,4,4,380.52,288,291.31,2.6,3.76,3.76,15.14,15.34,15.19,82.14,85.44,1495,1661,0,0,0,0,0,0
8479345,2024,Jakob Chychrun,WSH,D,all,74,93525,1587,55.27,0.57,0.49,0.56,0.47,0.56,0.48,202,213.01,12.44,11.82,56.32,6.92,127.43,89.06,11.95,12.5,12,15,12,179,125,154,458,47,20,17,0,41,0,97,129,159,284,26,52,0,59,35,80,282,13,9,6.79,1.56,4.1,15,1,4,462.7,304,307.47,54,2.62,3.02,0.79,14.28,14.37,13.86,1587,243,121,211,1012,123,264,236,964,0,0,175909,52,22,11,87,898.93,92.96,88.86,93.45,89.33,769,474,514,1757,104,75,8,923,213,107,26.72,27.05,39.19,40,28,36,1768.14,1243,1251.73,13.53,14.49,14.49,91.99,92.5,89.6,717.45,70.97,68.04,70.88,67.94,629,349,378,1356,62,69,6,715,182,81,20.84,22.66,27.48,26,18,18,1348.92,978,973.83,9.41,16.02,16.02,64.36,64.29,63.33,146.93,152.63,2617,2989,0,0,0,0,0,0
8479390,2024,Taylor Raddysh,WSH,R,all,80,59332,1307,27.42,0.56,0.52,0.52,0.49,0.51,0.51,750,101.18,12.5,7.16,24.1,3.49,52.29,37.46,11.82,12.46,11.81,8,12,93,44,48,185,27,7,15,1,15,0,42,58,86,130,9,18,9,59,11,44,81,41,15,2.61,5.57,4.32,4,2,1,187.25,137,138.42,17,1.54,3.25,3.82,10.23,10.25,10.16,1307,112,214,229,752,211,187,187,722,9,20,232002,18,22,11,28,504.05,50.39,48.37,51.02,49,435,262,296,993,44,59,4,495,144,58,14.22,18.96,17.2,23,10,11,1012.06,697,708.66,7.12,11.54,11.59,45.92,46.51,45.98,480.84,39.61,38.22,39.39,38.01,430,232,255,917,46,49,7,505,119,38,13.72,14.88,11.01,20,18,8,909.71,662,657.34,6.4,10.08,9.79,36.22,36,35.54,217.06,204.02,3790,3869,0,0,0,0,0,0
8476891,2024,Matt Grzelcyk,PIT,D,all,82,101411,2074,36.3,0.54,0.46,0.52,0.49,0.52,0.48,281,112.23,3.52,6.19,31.65,3.69,67.2,47.75,3.42,3.48,3.39,19,20,94,66,98,258,40,1,11,0,23,0,51,74,93,159,8,16,0,43,32,85,155,5,0,2.93,0.58,0,1,0,0,254.38,160,157.22,49,1.32,1.18,0.17,4.66,4.61,4.54,2074,313,218,330,1213,160,248,274,1392,0,0,197542,16,10,5,101,920.96,90.73,86.12,90.44,85.85,847,405,503,1755,96,110,13,921,229,102,25.03,28.94,36.77,33,33,30,1743.23,1252,1242.79,14.46,22.97,22.92,82.28,82.11,80.23,851.8,77.16,73.89,77.79,74.51,806,370,432,1608,78,93,7,871,230,75,26.14,29.02,22,31,36,11,1619.97,1176,1186.23,11.98,18.78,18.78,70.37,71,69.46,168.82,197.64,3210,3377,0,0,0,0,0,0
8483432,2024,Luca Del Bel Belluz,CBJ,C,all,15,12378,257,3.84,0.52,0.42,0.42,0.43,0.44,0.43,122,17.36,1.37,1.13,4.04,0.54,9.39,6.53,1.31,1.39,1.33,3,3,18,5,7,30,8,2,1,0,3,0,10,7,16,21,0,0,65,4,3,9,18,4,1,0.66,0.39,0.32,0,2,0,31.27,23,23.91,2,0.25,0.43,0.32,1.3,1.35,1.31,257,39,27,33,158,26,33,36,162,65,86,42827,0,0,0,12,82.1,8.07,7.58,8.16,7.66,73,36,42,151,13,12,1,80,20,9,2.35,2.66,3.06,5,7,1,153.16,109,110.15,1.2,2.28,2.28,6.99,7.07,6.89,99.03,7.36,7.22,7.28,7.14,80,56,74,210,10,7,1,112,15,9,3.19,1.66,2.52,4,3,3,206.61,136,135.03,1.26,1.14,1.14,7.49,7.35,7.23,30.33,41.36,624,843,0,0,0,0,0,0
8482245,2024,Artem Zub,OTT,D,all,56,69328,1457,18.23,0.48,0.5,0.44,0.54,0.46,0.53,166,56.91,2.93,3.02,17.24,1.92,33.1,24.78,2.83,2.92,2.81,4,7,57,26,53,136,13,2,4,0,17,0,33,27,55,81,17,34,0,58,19,50,76,4,3,1.36,0.47,1.09,1,0,1,135.02,83,82.78,36,0.62,1.11,0.33,3.21,3.2,3.13,1457,97,261,238,861,183,171,192,911,0,0,133931,34,22,11,118,529.85,54.26,51.66,54.02,51.45,493,235,257,985,42,52,7,533,127,68,14.37,16.15,23.75,14,13,15,981.76,728,727.12,6.99,9.58,9.58,51.67,51.49,49.96,618.5,58.83,55.73,59.1,56,576,273,380,1229,57,54,5,633,148,68,17.28,18.31,23.24,20,22,15,1236.51,849,854.12,10.04,8.56,8.56,60.31,60.56,58.08,117.11,117.06,2385,2045,0,0,0,0,0,0
8477986,2024,Brandon Montour,SEA,D,all,81,111664,1821,40.02,0.5,0.46,0.52,0.46,0.52,0.47,161,253.23,15.79,15.96,64.36,8.33,151.56,106.99,15.09,15.64,14.93,10,13,231,132,168,531,41,18,22,1,55,0,130,138,213,345,31,70,0,84,25,97,318,34,11,7.74,3.97,4.07,10,5,3,521.84,363,357.4,55,3.54,4.9,3.45,15.89,15.7,15.11,1821,230,213,314,1064,254,309,277,981,0,0,182261,70,44,19,100,1009.36,94.34,90.01,93.96,89.65,883,523,562,1968,89,93,7,1059,261,86,31.12,32.2,31.02,32,36,21,1948.55,1406,1396.76,15.29,19.58,19.94,89.69,89.3,86.18,939.04,93.57,90.9,94.6,91.93,832,487,480,1799,91,90,11,995,217,107,28.27,27.17,38.12,34,32,25,1835.39,1319,1341.52,12.59,15.8,16.08,90.06,90.97,89.31,142.57,169.83,2768,3288,0,0,0,0,0,0
8478493,2024,Joel Eriksson Ek,MIN,C,all,46,54555,952,38.39,0.54,0.47,0.53,0.45,0.53,0.46,143,138.67,17.86,10.66,29.65,4.68,71.38,52.76,16.83,17.98,16.94,9,6,140,47,30,217,29,14,16,5,16,0,64,77,126,173,10,22,408,82,14,34,116,53,18,3.3,6.88,7.67,4,3,7,218.49,187,187.97,16,2.5,3.63,5.01,15.35,15.43,15.14,952,168,184,201,399,100,94,165,593,408,459,113250,22,30,15,36,542.54,58.03,55.2,58.45,55.62,513,234,254,1001,57,61,8,553,128,66,15,16.04,26.98,18,14,25,1009.61,747,753.75,8.83,12.42,12.42,54.44,54.88,53.24,468.44,49.38,44.86,49.44,44.89,455,197,226,878,43,47,5,486,103,63,14,12.11,23.27,7,15,21,870.7,652,647.73,7.51,10.41,10.41,46.48,46.47,43.73,78.82,87.56,1638,1974,0,0,0,0,0,0
8475208,2024,Brian Dumoulin,NJD,D,all,80,93810,1982,13.92,0.38,0.48,0.41,0.5,0.4,0.5,276,77.03,3.91,4.09,21.56,2.46,41.68,33.31,3.83,3.88,3.79,10,9,69,38,56,163,22,3,10,1,18,0,27,49,66,104,7,14,0,74,28,53,97,8,2,2.41,0.95,0.55,2,0,1,160.93,107,105.91,35,0.85,1.85,0.71,4.05,4.02,3.95,1982,164,320,311,1187,249,268,260,1205,0,0,198101,14,26,12,109,635.93,58.49,56.19,57.87,55.63,578,296,365,1239,56,70,9,665,150,59,19.25,18.93,20.32,27,16,13,1225.8,874,869.1,8.23,13.02,12.59,54.13,53.66,52.35,942.34,94.8,89.4,95.21,89.79,865,433,455,1753,80,102,19,949,247,102,27.43,30.62,36.75,17,29,34,1762.3,1298,1302.31,15.04,22.8,22.8,87.04,87.41,84,174.52,185.51,3345,3390,0,0,0,0,0,0
8478432,2024,Christian Fischer,CBJ,R,all,46,30675,716,1.59,0.35,0.47,0.4,0.49,0.38,0.48,486,36.16,3.73,2.48,8.86,1.27,18.38,13.28,3.61,3.6,3.48,3,3,31,17,18,66,7,1,4,0,7,0,11,25,30,47,4,11,9,93,4,15,29,15,4,0.83,1.88,1.03,0,1,0,64.08,48,46.72,5,0.52,0.49,1,3.26,3.15,3.1,716,67,89,112,448,114,97,81,424,9,7,136501,11,19,8,19,184.32,15.35,14.98,15.24,14.87,173,75,126,374,12,13,1,188,49,11,4.99,6.48,3.88,3,7,2,367.99,248,245.83,2.33,2.63,2.63,15.04,14.9,14.72,292.15,28.77,26.78,29.26,27.22,269,133,161,563,26,41,8,289,78,35,7.95,9.64,11.18,12,7,7,574.36,402,407.42,4.56,9.01,9.01,24.32,24.73,24.08,117.67,131,2202,2329,0,0,0,0,0,0
8481712,2024,Matj  Blmel,DAL,R,all,7,3542,82,1.15,0.49,0.53,0.46,0.47,0.46,0.47,79,8.94,1.08,0.61,1.87,0.29,4.81,3.34,1.04,1.06,1.03,0,0,10,2,3,15,1,1,0,1,1,0,3,7,9,11,0,0,0,6,1,2,6,5,1,0.21,0.54,0.32,0,0,1,14.99,12,11.98,1,0.13,0,0.32,0.88,0.86,0.86,82,6,13,8,55,12,11,10,49,0,0,21658,0,2,1,1,22.86,1.95,1.91,1.93,1.89,24,8,11,43,1,1,1,21,10,1,0.59,1.04,0.32,0,0,1,42.94,32,31.97,0.31,0.32,0.32,1.94,1.92,1.9,27.57,2.07,2.04,2.08,2.05,25,12,14,51,2,0,0,26,10,1,0.52,1.16,0.39,1,1,0,50.57,37,36.63,0.33,0,0,2.4,2.41,2.38,20.79,18.66,347,389,0,0,0,0,0,0
8476399,2024,Blake Coleman,CGY,L,all,82,87009,1873,52.82,0.5,0.48,0.51,0.51,0.51,0.51,376,204.19,26.11,14.57,46.03,7.39,112.79,85.11,25.18,26.07,25.13,16,8,194,98,90,382,39,15,17,4,43,3,92,122,179,277,17,36,38,176,31,78,184,77,31,6.42,9.52,10.17,5,2,8,380.88,292,291.33,21,3.18,3.04,4,25.29,25.21,24.52,1873,194,401,278,1000,277,210,247,1139,38,41,213110,36,24,12,66,753.44,77.09,74.31,77.18,74.37,694,359,457,1510,61,72,7,772,187,94,21.99,23.21,31.89,28,12,21,1504.49,1053,1053.54,10.74,14.31,14.31,73.51,73.49,71.8,740.56,75.7,72.05,75.87,72.21,690,328,425,1443,74,78,11,739,202,77,21.88,25.37,28.44,22,26,26,1448.36,1018,1021.56,11.66,18.11,18.14,69.22,69.27,67.63,164.75,177.01,3694,3510,0,0,0,0,0,0
8474586,2024,Jordan Eberle,SEA,R,all,42,40983,810,19.21,0.53,0.45,0.52,0.48,0.53,0.48,216,77.16,9.56,6.48,16.84,2.49,40.14,26.49,9.04,9.56,9.03,16,1,66,36,28,130,26,9,6,1,12,0,33,42,57,93,7,14,7,13,21,28,60,34,8,2.5,4.08,2.99,3,4,2,129.62,102,101.65,9,1.5,1.88,1.55,9.51,9.43,9.26,810,144,109,144,413,111,105,127,467,7,11,111329,14,10,5,25,363.24,39.07,37.07,38.92,36.91,335,165,186,686,46,28,4,349,114,37,10.82,13.51,14.74,19,17,10,681.35,500,497.59,6.09,7.57,7.57,37.59,37.3,36.15,318.37,33.98,33.19,34.06,33.28,278,162,194,634,35,32,3,309,92,39,8.63,11.28,14.07,11,12,12,645.87,440,446.16,4.33,6.59,6.59,31.72,31.8,31.33,82.93,103.27,1764,1949,0,0,0,0,0,0
8475745,2024,Charlie Coyle,COL,C,all,83,84607,1926,32.01,0.47,0.52,0.48,0.51,0.49,0.51,404,129.03,13.78,9.94,27.93,4.37,67.7,51.29,13.27,13.75,13.25,10,8,115,60,48,223,35,17,19,2,14,0,54,71,98,158,12,24,374,108,42,54,121,37,17,4.04,4.28,5.47,6,7,4,222.68,175,174.7,15,2.22,3.94,2.02,13.99,13.95,13.8,1926,228,373,269,1056,275,233,269,1149,374,395,218585,24,30,15,61,711.26,69.46,66.85,69.39,66.75,637,330,393,1360,66,71,7,705,180,82,18.69,22.98,27.78,17,25,24,1357.77,967,966.61,11.06,12.53,12.77,67.75,67.74,66.44,743.65,78.14,75.28,78.59,75.7,651,373,424,1448,84,73,9,758,171,95,21.82,22.05,34.26,30,27,27,1451.29,1024,1027.62,11.46,14.84,14.84,74.76,74.96,73.3,184.4,170.76,3613,3436,0,0,0,0,0,0
8482747,2024,Brennan Othmann,NYR,L,all,22,13162,327,5.42,0.5,0.46,0.53,0.51,0.52,0.51,235,26.32,2.16,1.89,6.85,0.93,14.07,10.11,2.07,2.2,2.11,1,1,20,16,13,49,2,0,1,0,4,0,13,18,20,36,1,2,0,43,1,6,24,12,0,0.74,1.43,0,0,0,0,50.33,36,37.03,3,0.39,0.01,0.48,2.06,2.1,2.01,327,48,11,46,222,47,61,42,177,0,3,66512,2,6,3,7,118.89,9.23,8.92,9.38,9.05,107,61,67,235,12,12,2,127,33,8,3.42,3.89,1.92,7,4,1,239.7,168,170.62,1.64,2.08,2.08,8.79,8.89,8.63,114.6,9.18,8.83,9.16,8.79,102,56,54,212,5,11,2,120,29,9,3.41,3.34,2.42,1,2,2,207.74,158,156.72,1.45,1.85,1.85,8.78,8.73,8.57,55.05,64.8,1088,1042,0,0,0,0,0,0
8479675,2024,Trevor Moore,LAK,L,all,71,71896,1541,51.58,0.54,0.54,0.53,0.53,0.54,0.53,392,181.31,19.42,12.93,40.87,6,94,72.78,18.71,19.61,18.89,9,13,153,93,76,322,40,18,19,0,26,1,69,113,135,228,8,14,1,71,23,46,173,50,23,4.91,6.2,8.3,9,3,6,327.25,246,249.68,17,2.78,3.72,4.47,17.73,17.88,17.61,1541,188,252,234,867,196,164,214,967,1,11,185939,14,26,13,29,681.61,64.59,62.14,65.03,62.55,595,342,334,1271,61,74,8,699,160,78,18.32,20.12,26.16,26,15,20,1284.46,937,946.69,9.94,16.54,16.54,58,58.4,57.46,576.65,54.84,52.45,54.9,52.49,525,270,321,1116,53,55,11,584,155,56,16.4,19.08,19.35,18,15,20,1106.77,795,790.81,9.01,11.8,11.8,52.04,51.94,50.72,154.84,131,3162,2816,0,0,0,0,0,0
8480801,2024,Brady Tkachuk,OTT,L,all,72,78786,1763,68.09,0.62,0.43,0.6,0.46,0.62,0.46,305,313.4,36.7,23.19,72.61,10.67,165.46,112.38,34.36,36.87,34.51,15,11,296,125,85,506,55,29,40,7,59,0,133,160,267,392,44,103,178,228,19,48,278,95,48,8.44,11.63,16.63,10,7,12,508.17,421,422.53,17,5.53,7,8.92,33.32,33.39,32.26,1763,365,166,315,917,236,227,282,1018,178,169,182401,103,87,35,33,890.36,93.61,88.61,94.2,89.19,833,393,441,1667,90,107,15,881,232,113,25.59,28.3,39.72,30,29,31,1678.45,1226,1233.95,15.21,20.7,20.69,88.14,88.46,85.57,547.33,57.28,54.56,57.13,54.43,495,269,328,1092,50,56,5,569,126,69,16.37,15.65,25.26,13,18,19,1087.89,764,760.96,7.37,10.65,10.65,53.99,53.86,52.7,127.46,167.24,2661,3136,0,0,0,0,0,0
8477501,2024,Valeri Nichushkin,COL,R,all,43,50929,981,40.5,0.52,0.52,0.57,0.51,0.56,0.52,140,125.08,18.68,9,26.73,4.01,66.36,45.21,17.84,18.73,17.88,6,7,118,52,42,212,34,21,15,6,27,0,55,52,97,149,4,8,3,55,7,42,109,40,21,4.26,4.84,9.58,5,3,13,211.87,170,170,10,2.05,3.3,5.46,15.28,15.33,14.84,981,208,112,131,530,128,130,161,562,3,3,105705,8,8,4,21,508.59,55.02,52.92,55.35,53.25,483,224,285,992,65,42,9,526,123,58,15.68,14.99,24.35,22,13,30,996.65,707,710.86,8.21,9.76,10.01,53.22,53.58,52.03,407,49.85,46.67,49.55,46.38,376,175,198,749,42,58,7,381,104,66,10.96,13.74,25.15,16,11,15,744.49,551,547.68,6.17,13.2,13.33,42.69,42.49,41.04,82.18,75.23,1747,1664,0,0,0,0,0,0
8475768,2024,Jaden Schwartz,SEA,C,all,81,86910,1658,49.4,0.55,0.43,0.56,0.45,0.55,0.46,304,212,30.07,16.23,47.49,7.61,112.32,80.28,28.77,30.08,28.79,11,12,194,100,62,356,49,26,24,4,33,2,98,111,168,268,12,24,34,43,43,60,186,72,36,5.94,9.48,14.65,10,8,8,355.11,294,294.63,10,3.72,6.59,7.13,26.67,26.69,26.02,1658,279,178,293,908,217,222,250,969,34,34,207015,24,22,11,42,826.88,90.75,85.3,90.41,84.99,737,428,458,1623,88,83,10,861,207,97,25.06,25.93,39.76,30,28,30,1606.59,1165,1157.01,13.19,19.75,19.75,84.19,83.89,80.97,688.93,74.17,70.67,75.13,71.57,631,321,343,1295,70,71,8,691,168,93,20.1,21.59,32.48,31,19,20,1319.63,952,967.77,9.52,14.55,14.87,68.82,69.52,67.27,144.46,188.92,3123,3777,0,0,0,0,0,0
8475784,2024,Jeff Skinner,EDM,L,all,72,56159,1181,37.66,0.57,0.55,0.55,0.54,0.56,0.54,600,151.52,16.15,10.94,35.32,5.24,77.77,56.59,15.38,16.3,15.51,10,3,144,58,63,265,29,16,18,6,28,3,65,72,128,186,8,16,22,45,19,41,135,52,15,4.53,6.63,4.99,3,8,5,267.12,202,203.26,14,2.39,3.46,4.82,13.72,13.85,13.46,1181,169,84,191,737,212,159,147,663,22,21,205072,16,28,14,23,545.97,48.94,46.32,49.3,46.67,520,224,279,1023,44,66,9,554,143,47,16.17,17.98,14.8,14,18,12,1029.17,744,750.06,7.97,12.2,12.34,44.58,45,43.82,432.84,37.62,36.29,37.54,36.22,420,176,237,833,36,50,5,457,100,39,12.84,12.7,12.08,13,16,7,829.49,596,594.97,5.63,10.34,10.34,32.91,32.81,32.3,197.36,162.93,3585,3096,0,0,0,0,0,0
8479414,2024,Nathan Bastian,NJD,R,all,59,38719,925,9.16,0.47,0.53,0.47,0.53,0.44,0.52,586,46.99,7.42,3.19,10.29,1.53,22.15,17.43,7.09,7.48,7.16,4,2,44,18,22,84,10,4,4,1,5,1,22,26,40,58,9,21,8,138,2,24,34,16,12,0.95,2.31,4.17,1,0,3,85.19,62,62.54,5,0.69,1.03,2.17,5.94,6.02,5.93,925,69,94,135,627,131,85,107,602,8,17,175465,21,21,9,27,237.54,22.78,22.01,23.04,22.27,207,117,163,487,14,26,3,239,57,28,6,7.11,9.67,5,3,6,493.06,324,327.97,3.14,5.56,5.63,20.29,20.57,20.26,296.86,25.38,24.08,25.24,23.94,265,146,148,559,22,27,2,311,74,26,8.62,9.45,7.31,11,8,3,553.17,411,406.27,4.15,5.58,5.58,23.95,23.72,23.05,168.92,152.82,3100,2779,0,0,0,0,0,0
8482712,2024,Oskar Olausson,COL,R,all,2,817,16,0.17,0.48,0.49,0.4,0.59,0.44,0.6,22,2.26,0.09,0.11,0.75,0.08,1.11,0.86,0.09,0.08,0.08,0,0,3,0,0,3,0,0,0,0,0,0,0,3,3,3,0,0,0,1,0,2,3,0,0,0.09,0,0,0,0,0,2.85,3,2.86,2,0.02,0,0,0.11,0.1,0.1,16,2,2,2,10,0,2,0,14,0,0,6731,0,0,0,2,2.84,0.19,0.19,0.18,0.18,3,1,2,6,0,0,0,3,1,0,0.09,0.1,0,0,0,0,5.82,4,3.83,0.03,0,0,0.22,0.21,0.21,3.56,0.2,0.2,0.21,0.2,5,0,4,9,0,1,0,4,1,0,0.07,0.13,0,0,0,0,9.2,5,5,0.05,0.13,0.13,0.12,0.13,0.13,4.86,5.08,120,82,0,0,0,0,0,0
8475233,2024,David Savard,MTL,D,all,75,74652,1488,4.45,0.34,0.51,0.35,0.51,0.35,0.51,336,51.18,2.01,2.63,15.11,1.82,28.86,22.57,1.95,1.98,1.93,5,9,48,25,40,113,15,1,6,1,12,0,22,32,47,72,13,26,0,56,18,51,69,4,0,1.53,0.47,0,0,1,0,111.22,73,71.58,39,0.54,1.21,0.37,2.17,2.14,2.08,1488,86,299,223,880,188,195,187,918,0,0,198638,26,18,9,180,451.53,46.93,45.03,46.82,44.93,391,234,267,892,39,49,5,446,129,50,13.34,16.1,17.5,15,13,11,886.52,625,621.31,5.81,9.15,8.74,44,43.83,42.45,853.6,91.37,83.48,92.02,84.11,735,425,504,1664,77,101,7,823,228,109,24.12,28.04,39.2,31,32,14,1678.3,1160,1171.4,14.45,23.75,23.75,82.06,82.73,78.47,175.01,171.1,3299,3161,0,0,0,0,0,0
8476873,2024,Mark Jankowski,CAR,L,all,60,45245,1089,26.25,0.51,0.53,0.51,0.55,0.51,0.54,541,74.82,10.89,5.86,16.12,2.47,36.83,27.82,10.48,10.91,10.51,4,1,66,34,29,129,17,12,9,2,14,0,27,38,54,88,10,23,219,27,6,35,48,41,11,1.93,5.73,3.23,4,6,2,128.88,100,100.19,12,1.26,1.99,3.2,8.96,9.01,8.87,1089,109,165,194,621,160,132,117,680,219,214,172063,23,15,6,34,374.48,35.98,34.2,35.99,34.21,367,147,206,720,26,43,3,365,108,41,9.99,13.91,12.08,9,11,6,718.41,514,513.53,5.3,8.77,8.41,32.88,32.9,32.25,360.97,34.74,32.79,34.78,32.84,327,161,200,688,31,34,4,347,102,39,9.44,12.55,12.75,8,12,11,691.65,488,490.07,6.03,7.42,7.42,33.36,33.51,32.17,166.28,144.62,3182,2575,0,0,0,0,0,0
8474034,2024,Patrick Maroon,CHI,L,all,68,47082,941,8.77,0.44,0.42,0.47,0.43,0.47,0.42,696,82.54,9.7,6.2,19.56,2.79,41.46,30.29,9.49,9.64,9.42,11,3,73,37,23,133,19,5,10,1,14,0,27,54,68,105,25,77,36,102,4,37,73,28,9,2.47,3.71,3.53,2,2,1,131.12,110,108.67,16,1.35,1.04,3.75,7.32,7.27,7.15,941,86,64,136,655,143,143,133,522,36,42,199981,77,61,17,9,376.17,32.6,31.82,32.54,31.77,354,165,186,705,31,44,5,393,98,28,10.45,12.26,9.89,11,13,7,700.16,519,516.17,5.41,7.83,7.83,30.18,30.15,29.65,432.98,42.16,40.44,42.59,40.86,400,192,210,802,38,48,2,437,99,56,13.12,12.57,16.47,17,9,12,810.84,592,598.18,5.94,9.29,9.29,38.81,39.17,38.24,137.51,192.18,2644,3500,0,0,0,0,0,0
8479022,2024,Rodrigo Abols,PHI,C,all,22,12131,275,3.76,0.53,0.5,0.48,0.49,0.49,0.5,237,26.26,3.59,1.91,6.1,0.99,13.14,9.27,3.43,3.63,3.47,1,2,25,10,13,48,5,2,4,0,4,0,5,20,23,33,2,4,66,25,4,14,18,12,5,0.63,1.61,1.36,2,0,0,46.9,35,34.67,5,0.4,1.02,1.03,2.97,2.95,2.91,275,37,22,30,186,38,38,48,151,66,47,67951,4,4,2,12,99.53,9.92,9.48,9.82,9.38,84,51,55,190,7,12,0,96,26,13,2.89,3.47,3.55,5,1,1,184.12,135,132.54,1.43,2.91,2.91,8.43,8.32,8.21,103.23,8.73,8.55,8.85,8.67,115,24,66,205,18,9,1,104,26,9,3.23,3.07,2.42,9,7,2,210.23,139,141.66,1.3,2.15,2.15,7.87,8.05,7.96,52.13,51.47,1035,1097,0,0,0,0,0,0
8484221,2024,Calum Ritchie,COL,C,all,7,5368,115,-0.28,0.53,0.57,0.49,0.55,0.51,0.56,57,13.18,1.9,1.01,2.83,0.4,6.66,4.19,1.86,1.86,1.81,0,0,11,6,3,20,1,1,0,0,1,0,8,7,10,16,0,0,3,6,1,4,8,7,2,0.17,1.02,0.71,0,1,0,19.33,17,16.44,2,0.23,0,0.71,1.42,1.4,1.35,115,15,9,14,77,15,20,12,68,3,4,20091,0,0,0,2,48.97,5.36,5.19,5.22,5.05,48,20,23,91,2,4,0,48,12,8,1.34,1.63,2.39,1,1,0,87.47,68,65.65,0.82,1.28,1.3,4.88,4.77,4.63,46.35,4.79,4.71,4.89,4.8,43,23,27,93,9,4,1,48,13,5,1.31,1.59,1.9,4,1,4,96.13,66,68.36,0.6,0.56,0.56,4.84,4.93,4.9,20.75,15.63,375,301,0,0,0,0,0,0
8478854,2024,Ryan Shea,PIT,D,all,39,39139,856,5.02,0.4,0.53,0.45,0.53,0.44,0.53,184,26.41,0.8,1.39,8.18,0.9,15.86,10.86,0.8,0.81,0.8,3,0,19,19,27,65,5,2,2,0,7,1,7,19,17,36,6,14,0,20,14,35,38,0,0,0.8,0,0,2,0,0,65.6,38,38.03,21,0.28,0.32,0,1.08,1.09,1.09,856,35,90,116,615,122,112,88,534,0,0,102482,14,6,3,51,265.38,22.12,21.12,22.13,21.11,225,149,152,526,20,27,3,287,68,19,8.09,8.28,5.75,10,7,3,525.01,374,371.48,3.64,6.48,6.37,19.39,19.36,19.11,340.13,32.7,31.03,32.97,31.3,320,155,180,655,34,33,3,351,93,31,9.91,11.47,11.32,14,11,9,664.77,475,481.7,5.12,7.67,7.67,30.15,30.39,29.4,104.91,92.28,1838,1610,0,0,0,0,0,0
8480028,2024,Morgan Frost,CGY,C,all,81,76571,1616,37.95,0.57,0.49,0.56,0.48,0.57,0.48,506,148.4,16.06,11.56,35.81,5.39,80.75,55.42,15.32,16.15,15.38,10,13,144,61,75,280,37,14,14,2,28,0,62,87,130,191,11,22,529,69,35,66,141,43,21,4.63,5.25,6.19,7,5,2,281.29,205,205.89,20,2.63,3.21,3.67,15.01,15.05,14.7,1616,346,93,231,946,177,223,206,1010,529,504,220362,22,22,11,60,683.43,66.26,62.72,66.59,63,630,316,420,1366,65,46,7,731,137,78,21.37,16.82,28.07,28,19,18,1366.59,946,947.94,11.05,10.45,10.65,66.66,66.91,64.68,519.45,50.18,48.14,50.89,48.8,510,207,362,1079,57,47,7,538,122,57,14.6,15.1,20.46,23,19,15,1091.24,717,725.26,6.93,12.73,12.43,44.68,45.16,44.59,178.76,187.16,3453,3809,0,0,0,0,0,0
8481491,2024,Noah Philp,EDM,C,all,15,8168,199,3.91,0.53,0.6,0.54,0.54,0.56,0.55,171,19.17,1.57,1.32,4.91,0.87,10.37,7.95,1.54,1.6,1.57,1,1,17,10,8,35,2,0,2,0,7,0,10,8,17,27,1,2,40,15,1,8,19,7,1,0.57,0.79,0.2,0,0,0,36.26,27,27.62,2,0.28,0.18,0.32,1.53,1.54,1.53,199,27,15,28,129,37,24,16,122,40,62,46285,2,0,0,7,71.28,5.74,5.58,5.84,5.69,66,32,36,134,5,11,3,72,21,5,1.89,2.49,1.35,1,2,2,137.63,98,99.95,0.91,1.83,1.83,4.82,4.89,4.82,56.52,5.07,4.58,4.97,4.5,58,18,38,114,4,7,1,61,6,9,1.5,0.84,2.72,3,0,1,110.66,76,74.43,0.71,1.62,1.62,4.15,4.05,3.81,48.58,32.23,825,693,0,0,0,0,0,0
8482768,2024,Fedor Svechkov,NSH,C,all,52,40201,867,14.31,0.51,0.5,0.53,0.52,0.52,0.51,470,79.28,9.13,5.9,19.32,2.62,40.46,28.57,8.56,9.04,8.48,5,4,64,42,44,150,17,8,9,0,10,0,32,47,56,98,7,14,123,32,6,45,75,19,12,2.35,2.25,4.53,3,4,1,149.35,106,105.29,12,1.31,1.34,4.16,6.28,6.23,6.15,867,108,34,109,616,111,125,103,528,123,212,148346,14,16,8,24,330.39,32.35,31.05,32.32,31.01,308,148,197,653,27,39,3,345,75,36,9.82,9.37,13.15,8,8,11,650.52,456,454.31,5,9.03,9.03,28.32,28.27,27.9,312.82,31.39,30.64,31.67,30.91,281,144,158,583,36,23,3,306,85,34,9.86,10.45,11.08,18,9,9,592.31,425,429.59,4.29,4.62,4.77,30.9,31.18,30.67,132.63,132,2506,2347,0,0,0,0,0,0
8478133,2024,Jake Evans,MTL,C,all,82,76524,1604,31.79,0.39,0.48,0.4,0.49,0.39,0.5,465,93.73,14.69,6.16,19.33,3.17,44.39,40.25,13.96,14.62,13.9,17,6,80,48,44,172,36,13,5,1,10,2,38,60,67,115,5,10,593,124,15,62,64,48,16,2.43,5.92,6.34,3,5,5,171.81,128,127.24,16,1.34,0.7,1.97,14.06,13.99,13.41,1604,104,389,286,825,243,171,233,957,593,529,222389,10,44,23,60,487.07,55.12,52.75,54.54,52.22,445,231,302,978,52,35,3,476,141,59,14.93,17.72,22.47,22,12,18,967.17,676,668.96,6.24,7.5,7.59,53.77,53.28,51.43,772.93,85.39,77.46,86.08,78.1,671,379,429,1479,78,86,5,721,228,101,22.04,28.22,35.13,34,32,12,1491.16,1050,1058.85,13.28,20.3,20.3,78.37,78.94,75.06,186.11,199.39,3594,3758,0,0,0,0,0,0
8476432,2024,Boone Jenner,CBJ,C,all,26,28058,533,22.7,0.51,0.49,0.53,0.49,0.52,0.49,83,81.1,12.59,6.08,17.82,2.76,39.54,30.21,11.73,12.52,11.65,6,6,70,39,13,122,19,7,8,3,10,0,35,49,63,102,2,4,105,43,4,24,59,26,24,1.88,3.02,7.69,1,3,3,121.54,109,108.05,9,1.39,2.39,4.6,9.38,9.3,8.8,533,101,99,91,242,76,65,86,306,105,100,66171,4,14,6,18,284.67,31.28,28.58,31.27,28.56,272,120,154,546,34,34,4,287,62,43,8.25,7.46,15.57,15,10,9,542.61,392,388.93,4.42,8.28,8.28,27.42,27.36,25.44,268.91,30.57,27.76,30.87,28.07,256,111,126,493,28,35,2,251,76,40,6.89,9.56,14.13,11,9,8,499.35,367,371.54,4.21,7.81,7.81,26.98,27.29,25.43,54.5,57.84,1085,1113,0,0,0,0,0,0
8480887,2024,Jordan Harris,CBJ,D,all,33,22547,433,0.32,0.39,0.45,0.42,0.47,0.42,0.47,197,17.42,0.54,0.97,4.83,0.54,10.48,7.63,0.53,0.53,0.52,3,1,15,10,14,39,5,1,3,0,4,0,8,9,14,24,3,6,0,23,4,16,24,1,0,0.45,0.09,0,1,0,0,39.06,25,24.81,14,0.2,0.23,0,0.74,0.73,0.71,433,23,39,70,301,82,80,51,220,0,0,97178,6,8,4,35,159,12.32,12.12,12.46,12.26,148,71,87,306,14,17,2,171,37,11,4.54,4.73,3.05,8,4,2,310.9,219,221.31,2.13,2.89,2.89,11.55,11.69,11.61,219.54,19.41,18.46,19.34,18.38,189,114,114,417,15,25,2,223,62,18,6.21,7.86,5.34,7,5,3,412.49,303,300.72,2.94,5.64,5.64,16.71,16.75,16.33,77.22,92.63,1547,1722,0,0,0,0,0,0
8481572,2024,Ville Heinola,WPG,D,all,18,15323,321,2.55,0.53,0.47,0.49,0.47,0.5,0.48,97,17.6,0.48,0.81,5.05,0.61,11,8.05,0.47,0.48,0.47,0,1,12,14,12,38,1,0,1,0,5,0,11,9,12,26,2,4,0,8,7,15,26,0,0,0.48,0,0,0,0,0,38.53,26,26.25,9,0.16,0.01,0.07,0.57,0.57,0.56,321,16,26,45,234,44,59,25,193,0,0,50457,4,6,3,16,120.01,12.26,11.2,12.26,11.21,102,68,65,235,9,21,1,119,35,16,3.18,4.4,4.69,5,3,1,239.51,170,170.94,1.71,4.46,4.46,9.51,9.55,9.19,119.38,10.84,10.66,10.96,10.78,111,56,76,243,3,10,0,119,35,13,3.09,4.27,3.48,1,1,1,241.19,167,168.09,1.61,1.98,1.98,10.48,10.59,10.51,43.35,48.38,762,873,0,0,0,0,0,0
8482496,2024,Nils Aman,VAN,C,all,19,11952,291,3.22,0.43,0.51,0.47,0.51,0.44,0.51,216,8.95,1.41,0.74,2.11,0.39,4.78,3.57,1.39,1.47,1.44,1,4,8,5,7,20,6,1,1,0,2,0,5,4,7,12,1,2,28,22,3,3,6,6,1,0.3,0.82,0.29,1,0,0,20.96,13,13.42,1,0.16,0.09,0.44,1.13,1.19,1.18,291,23,25,53,190,38,47,31,175,28,46,57825,2,2,1,2,82.96,6.96,6.59,7.15,6.78,70,47,52,169,7,12,2,92,17,8,2.52,2.24,2.19,3,2,2,174.31,117,119.36,1.13,2.29,2.29,5.79,6,5.92,107.69,9.1,8.83,8.88,8.61,93,57,38,188,11,7,1,113,29,8,2.92,3.76,2.42,6,3,2,181.84,150,146.17,1.49,1.5,1.5,9.09,8.83,8.74,49.53,47.55,942,907,0,0,0,0,0,0
8477511,2024,Anthony Mantha,CGY,R,all,13,10844,217,6.64,0.63,0.45,0.54,0.48,0.58,0.47,99,20.78,2,1.37,5.19,0.82,10.59,8.02,1.9,1.98,1.88,2,1,15,13,7,35,7,4,2,1,1,0,6,15,11,24,4,11,3,16,3,7,21,5,2,0.82,0.64,0.53,1,3,0,34.64,28,27.7,3,0.3,0.33,0.77,1.52,1.51,1.49,217,33,18,31,135,36,38,36,107,3,6,36404,11,7,2,8,97.94,9.3,8.83,9.24,8.77,79,59,54,192,12,10,1,102,26,10,2.62,3.33,3.35,4,5,3,188.13,138,135.62,1.39,1.73,1.73,8.96,8.9,8.57,74.17,5.56,5.44,5.73,5.6,74,27,61,162,4,9,2,80,16,5,2.06,1.88,1.62,0,2,2,169.36,101,104.33,0.85,1.88,1.88,4.54,4.67,4.6,28.88,35.31,616,659,0,0,0,0,0,0
8481541,2024,Samuel Bolduc,NYI,D,all,1,356,11,0.1,0.57,0.45,0.78,0.53,0.8,0.51,6,0,0,0,0,0,0,0,0,0,0,0,0,0,0,1,1,0,0,0,0,0,0,0,0,0,0,0,0,0,0,0,0,0,0,0,0,0,0,0,0,0,0.97,0,0,0,0,0,0,0,0,0,11,1,0,0,10,3,1,2,5,0,0,3244,0,0,0,0,2.63,0.19,0.19,0.19,0.19,3,1,3,7,0,0,0,4,0,0,0.19,0,0,0,0,0,6.84,4,3.92,0.04,0,0,0.23,0.24,0.24,0.74,0.14,0.14,0.14,0.14,1,0,1,2,1,0,0,0,1,0,0,0.14,0,0,1,0,2.04,1,1.05,0.01,0,0,0.16,0.16,0.16,3.06,3.72,61,54,0,0,0,0,0,0
8479379,2024,Givani Smith,COL,R,all,13,4934,120,-2.88,0.21,0.52,0.31,0.49,0.29,0.5,153,5.68,0.35,0.27,1.43,0.16,2.41,2.39,0.33,0.35,0.33,0,0,5,2,3,10,0,0,1,0,1,0,1,4,5,7,6,18,0,20,2,2,6,0,1,0.15,0,0.2,0,0,0,10.31,7,7.4,1,0.06,0.2,0.2,0.2,0.21,0.21,120,2,9,20,89,14,26,13,67,0,0,42552,18,12,3,5,21.81,1.05,1.03,1.06,1.04,20,9,16,45,0,2,0,26,2,1,0.57,0.28,0.2,0,0,0,46.52,29,29.89,0.23,0.35,0.35,0.93,0.95,0.95,51.01,3.89,3.73,3.86,3.69,54,16,28,98,3,8,1,56,9,5,1.74,0.91,1.24,0,2,1,98.16,70,69.77,0.63,1.22,1.22,3.29,3.24,3.2,36.68,33.8,698,719,0,0,0,0,0,0
8477425,2024,Miles Wood,COL,L,all,37,25208,604,9.85,0.44,0.56,0.49,0.55,0.48,0.56,356,68.82,6.83,4.26,17.21,2.31,34.7,26.7,6.63,6.96,6.75,1,3,60,32,30,122,8,4,5,1,7,0,23,53,56,88,16,38,3,48,6,26,60,23,9,1.57,2.78,2.47,1,3,0,121.05,92,92.2,9,0.9,0.79,1.73,5.99,6.03,6,604,51,73,83,397,89,100,86,329,3,8,109151,38,28,11,15,195.48,15.34,14.99,15.38,15.02,167,106,149,422,13,19,2,210,49,14,5.46,6.18,3.69,5,6,2,420.66,273,272.84,2.48,2.88,2.88,14.94,14.91,14.75,220.13,19.8,19.02,19.74,18.97,210,91,142,443,21,17,3,227,56,18,6.23,7.47,6.11,12,5,4,440.61,301,300.97,3.14,4,4,18.95,18.92,18.69,103.16,80.98,1968,1587,0,0,0,0,0,0
8482964,2024,Arber Xhekaj,MTL,D,all,70,61421,1246,0.22,0.41,0.48,0.44,0.48,0.43,0.49,369,74.55,2.87,3.99,22.22,2.62,43.15,33.17,2.78,2.86,2.77,2,3,69,39,67,175,6,1,8,0,27,0,33,39,68,107,35,88,0,180,16,59,101,5,2,1.91,0.5,0.45,1,0,0,173.73,108,107.09,39,0.82,1.7,0.34,3.34,3.33,3.27,1246,72,97,171,906,188,228,137,693,0,0,193627,88,52,17,63,424.65,38.64,37.6,38.27,37.25,364,226,257,847,29,49,5,434,119,37,12.37,15.27,11,16,10,3,836.8,590,583.44,5.6,8.73,8.73,35.52,35.14,34.67,563.24,55.14,51.95,55.66,52.46,508,259,331,1098,46,65,5,568,124,75,16.4,15.29,23.44,17,20,9,1103.54,767,772.33,7.95,14.42,14.42,48.67,49.09,48.54,166.96,181.73,3094,3315,0,0,0,0,0,0
8483500,2024,Noah Ostlund,BUF,C,all,8,5060,117,0.29,0.47,0.55,0.56,0.51,0.51,0.51,83,5.83,0.72,0.42,1.58,0.21,2.97,2.09,0.72,0.71,0.71,0,0,4,4,5,13,0,0,1,0,1,0,2,4,4,8,1,2,8,1,2,4,4,3,1,0.18,0.3,0.23,0,0,0,12.69,8,8.01,2,0.09,0.18,0,0.81,0.8,0.8,117,14,6,13,84,22,20,10,65,8,14,24340,2,2,1,3,41.37,3.24,3.15,3.24,3.15,37,22,30,89,0,2,0,47,10,2,1.43,1.19,0.63,0,0,0,89.21,59,59.06,0.55,0.58,0.58,3.21,3.22,3.16,41.93,3.61,3.54,3.61,3.54,36,21,14,71,6,3,0,42,11,4,1.27,1.38,0.96,2,3,1,70.66,57,56.59,0.54,0.64,0.64,3.51,3.51,3.46,27.28,22.17,411,401,0,0,0,0,0,0
8481523,2024,Kirby Dach,MTL,C,all,57,53605,994,11.74,0.48,0.44,0.5,0.47,0.5,0.47,342,92.28,10.86,7.18,21.19,3.27,46.66,34.86,10.35,10.79,10.28,3,9,84,40,31,155,22,10,10,2,14,0,41,49,74,114,19,40,96,100,10,39,75,34,15,2.45,4.3,4.11,2,5,3,153.91,124,123.15,10,1.62,1.66,3.68,8.8,8.72,8.52,994,229,59,146,560,109,184,170,531,96,142,153847,40,36,18,36,450.24,45.11,43.4,44.98,43.28,392,225,239,856,40,48,7,444,126,47,13.72,15.18,16.22,16,11,13,850.52,617,614.36,7.24,10.23,10.94,41.42,41.3,40.21,447.11,48.45,47.11,49.08,47.72,417,188,252,857,53,48,5,436,100,69,12.8,12.56,23.1,24,15,14,869.75,605,612.07,5.8,11.55,11.55,42.69,43.19,42.74,119.19,148.91,2366,2705,0,0,0,0,0,0
8473446,2024,Erik Johnson,COL,D,all,36,31510,774,7.08,0.48,0.5,0.47,0.49,0.49,0.51,194,36.58,1.54,1.88,10.89,1.26,21.22,16.2,1.52,1.54,1.53,0,3,37,16,25,78,5,2,6,0,9,0,13,23,35,51,6,15,0,59,16,26,50,1,2,0.85,0.09,0.6,1,0,1,77.67,53,52.64,16,0.38,1.22,0.03,1.9,1.9,1.88,774,50,106,81,537,88,117,68,501,0,0,100524,15,7,2,26,260.06,20.78,19.97,21,20.16,221,138,130,489,16,30,1,282,56,21,7.92,7.17,5.69,7,7,2,492.14,359,360.93,3.47,5.26,5.26,19,19.15,18.82,267.33,22.7,22.18,22.74,22.23,237,132,183,552,21,22,3,282,68,19,7.87,8.39,6.44,8,8,5,553.59,369,369.85,3.75,5.64,5.64,20.81,20.88,20.6,86.39,85.54,1621,1699,0,0,0,0,0,0
8481206,2024,John Ludvig,COL,D,all,8,6216,148,0.67,0.45,0.54,0.47,0.52,0.48,0.51,46,7.18,0.41,0.38,2,0.23,3.95,3.04,0.4,0.38,0.38,0,2,9,1,3,13,2,0,0,0,3,0,1,6,9,10,3,6,0,16,1,5,9,0,1,0.18,0,0.22,0,0,0,12.71,10,9.88,3,0.08,0,0,0.48,0.46,0.45,148,8,16,17,107,34,28,14,72,0,0,22843,6,2,1,6,53.27,4.16,4.03,4.08,3.94,49,25,21,95,2,4,1,54,16,4,1.25,1.72,1.19,0,1,1,90.9,74,71.69,0.65,0.83,0.83,3.97,3.86,3.83,58.44,5.12,4.98,5.29,5.14,60,21,26,107,6,8,0,57,20,4,1.64,2.55,0.93,3,3,0,112.13,81,84.86,0.79,1.06,1.06,4.86,5.06,4.98,25.38,21.4,416,378,0,0,0,0,0,0
8477919,2024,Frederick Gaudreau,MIN,C,all,82,77055,1533,26.21,0.43,0.52,0.43,0.49,0.42,0.5,495,108.23,10.88,7.19,24.32,3.64,61.57,45.39,10.55,11.05,10.72,14,5,110,43,45,198,37,18,10,1,16,1,45,63,92,135,4,8,529,47,24,50,108,37,8,3.35,4.35,3.18,7,6,5,198.78,153,154,19,1.54,2.72,1.71,10.71,10.79,10.66,1533,168,274,227,864,177,187,233,936,529,568,221529,8,8,4,61,540.1,51.79,48.78,52,48.97,519,229,304,1052,57,50,6,572,119,57,14.86,15.16,21.77,23,15,19,1050.33,748,749.72,7.57,10.53,10.53,48.83,48.9,47.07,752.01,69.24,64.77,69.45,64.97,693,354,375,1422,73,64,10,794,184,69,21.72,22.15,25.37,25,28,20,1424.99,1047,1050.48,11.65,16,16,64.9,65.09,62.39,185.65,168.9,3596,3681,0,0,0,0,0,0
8475455,2024,Brenden Dillon,NJD,D,all,82,91392,1941,17.55,0.43,0.58,0.45,0.55,0.44,0.54,346,70.44,3.47,3.69,21.54,2.47,38.55,29.28,3.19,3.46,3.18,1,13,48,51,78,177,16,2,9,0,20,0,27,41,46,97,27,67,0,191,8,74,90,5,4,1.54,0.65,1.28,2,0,0,177.04,99,99.72,46,0.77,1.2,1.6,2.64,2.64,2.55,1941,187,278,281,1195,214,283,278,1166,0,0,206416,67,39,12,108,721.71,68.99,66.92,69.6,67.52,630,359,420,1409,69,84,10,722,190,77,19.67,24.31,25,31,19,19,1424.73,989,1000.23,9.6,14.36,14.66,63.93,64.46,63.42,912.15,92.98,84.33,93.2,84.5,803,454,467,1724,88,104,16,938,210,109,26.58,26.57,39.83,31,33,24,1717.32,1257,1252.02,14.74,23.83,23.83,83.89,83.9,78.14,207.27,150.36,3592,2947,0,0,0,0,0,0
8481461,2024,Corey Schueneman,STL,D,all,4,3372,74,1.35,0.61,0.48,0.56,0.47,0.63,0.48,21,4.07,0.14,0.22,1.32,0.14,2.5,1.69,0.14,0.13,0.13,0,0,4,2,3,9,0,0,0,0,0,0,5,1,4,6,0,0,0,1,0,2,6,0,0,0.14,0,0,0,0,0,8.57,6,5.77,2,0.04,0,0,0.18,0.17,0.17,74,6,11,11,46,17,10,7,40,0,0,11501,0,0,0,7,32.41,2.96,2.83,3.04,2.9,35,11,14,60,1,5,0,38,4,4,1.17,0.51,1.29,0,0,1,59.14,46,45.68,0.4,1.27,1.27,2.09,2.08,2.07,20.01,1.9,1.87,1.89,1.86,17,10,21,48,1,0,0,17,10,0,0.56,1.34,0,0,1,0,48.42,27,27.1,0.31,0,0,2.21,2.2,2.17,8.28,8.96,168,186,0,0,0,0,0,0
8480990,2024,Declan Chisholm,MIN,D,all,66,67291,1329,16.72,0.54,0.49,0.52,0.46,0.52,0.46,282,65.41,2.03,3.68,17.77,2.13,40.78,28.6,1.98,2.05,2,6,4,69,26,66,161,12,2,8,0,21,0,31,33,67,93,6,10,0,33,27,83,93,2,0,1.78,0.25,0,2,0,0,162.83,95,96.18,52,0.76,2.11,0.04,2.76,2.78,2.7,1329,103,130,191,905,134,177,164,854,0,0,172186,10,4,2,69,572.16,46.59,44.43,46.74,44.57,526,276,307,1109,43,58,7,620,142,40,16.32,17.66,12.6,17,21,5,1117.9,802,807.59,8.19,11.71,11.61,43.18,43.33,42.51,523.18,40.35,38.94,40.57,39.17,482,244,288,1014,42,38,5,589,99,38,16.5,12.25,11.59,20,16,6,1012.23,726,725.04,6.71,8.2,8.2,38.87,39.11,38.29,145.66,153.37,2616,3108,0,0,0,0,0,0
8484164,2024,Dalibor Dvorsky,STL,R,all,2,1129,26,-0.45,0.11,0.45,0.31,0.44,0.29,0.44,23,1.58,0.06,0.07,0.45,0.05,0.82,0.55,0.06,0.06,0.06,0,0,2,0,0,2,0,0,0,0,1,0,0,1,2,2,0,0,3,0,0,1,2,0,0,0.06,0,0,0,0,0,2.03,2,2.03,0,0.01,0,0,0.07,0.07,0.07,26,4,0,4,18,4,8,2,12,3,3,6071,0,0,0,0,5.92,0.41,0.41,0.41,0.41,6,2,3,11,1,0,0,7,1,0,0.22,0.19,0,0,1,0,11.24,8,8.15,0.07,0,0,0.48,0.48,0.48,14.94,3.34,2.14,3.32,2.13,10,10,5,25,0,4,0,10,5,5,0.35,0.6,2.38,0,0,0,24.48,20,19.61,0.26,2.04,2.04,1.56,1.55,1.51,4.66,5.68,76,98,0,0,0,0,0,0
8478585,2024,Derek Ryan,EDM,C,all,36,20209,506,6.22,0.39,0.57,0.48,0.56,0.48,0.56,415,19.98,2.28,1.47,5.22,0.86,12.43,8.74,2.2,2.28,2.21,2,3,20,11,11,42,6,1,2,0,3,0,7,18,19,30,5,12,151,25,9,11,20,10,1,0.74,1.23,0.3,0,1,0,42.6,31,31.57,4,0.31,0.47,0.58,2,2.04,2.02,506,54,97,66,289,73,48,64,321,151,99,110141,12,4,2,21,149.89,10.53,10.27,10.51,10.25,141,67,93,301,9,9,0,164,38,6,4.36,4.58,1.59,4,5,0,304.71,208,211.12,1.91,1.89,1.89,10.55,10.59,10.46,168.46,16.41,15.48,16.46,15.52,160,69,98,327,17,22,3,166,40,23,4.4,4.87,7.15,5,7,5,323.73,229,227.29,2.33,5.4,5.4,13.34,13.26,12.92,113.1,84.35,2007,1573,0,0,0,0,0,0
8479442,2024,Troy Stecher,EDM,D,all,66,54939,1191,7.17,0.47,0.57,0.47,0.56,0.47,0.56,363,58.37,1.96,2.92,17.63,1.88,32.45,24.16,1.92,1.98,1.95,3,1,55,26,52,133,7,3,4,0,17,0,18,39,52,78,11,27,0,35,11,50,77,4,0,1.46,0.5,0,3,0,0,133.73,81,81.44,33,0.59,0.58,0.21,2.34,2.36,2.32,1191,100,122,164,805,150,184,122,735,0,0,184436,27,9,3,66,412.8,35.25,34.06,35.4,34.22,387,176,217,780,29,40,2,424,108,31,12.77,13.49,8.99,15,11,3,786.78,563,566.82,5.48,7.74,7.53,33.2,33.42,33.04,466.88,39.56,37.92,39.7,38.06,445,195,254,894,34,44,3,498,94,48,13.3,11.45,14.81,15,14,5,889.73,640,640.11,6.2,10.99,10.99,34.77,34.79,34.1,187.65,141.61,3368,2683,0,0,0,0,0,0
8482807,2024,Ethan Del Mastro,CHI,D,all,24,26365,510,4.13,0.47,0.41,0.47,0.42,0.46,0.41,102,17.51,0.89,0.98,4.89,0.58,10.34,7.32,0.89,0.89,0.88,3,1,19,6,25,50,6,2,2,0,1,0,11,9,17,23,3,6,0,40,6,25,22,2,1,0.44,0.24,0.21,2,0,0,48.84,25,24.43,17,0.2,0.37,0.15,0.94,0.93,0.92,510,30,54,88,338,68,78,67,297,0,0,61184,6,4,2,21,173.39,15.23,14.87,15.3,14.93,165,73,108,346,15,12,2,175,47,16,5.08,5.9,4.25,10,4,1,343.11,238,236.48,2.31,2.81,2.81,14.72,14.72,14.54,204.04,17.31,16.88,17.58,17.14,201,79,104,384,18,17,1,209,55,16,6.28,6.62,4.41,11,5,2,389.84,280,285.73,2.81,2.92,2.92,17.19,17.42,17.27,44.95,64.3,788,1092,0,0,0,0,0,0
8482110,2024,Dawson Mercer,NJD,C,all,82,87987,1830,38.88,0.51,0.54,0.49,0.53,0.48,0.52,310,156.46,23.91,11.73,33.12,5.23,74.76,58.25,23.23,23.93,23.24,12,5,141,66,73,280,36,19,20,4,20,0,66,82,122,188,7,16,96,41,18,56,115,57,35,3.82,7.68,12.41,3,5,11,280.52,207,207.32,25,2.67,4.91,5.11,21.47,21.5,21.21,1830,208,327,253,1042,240,184,270,1136,96,141,209821,16,12,6,60,729.54,81.02,77.51,81.53,78.03,658,330,434,1422,70,89,11,687,201,100,19.92,25.66,35.45,22,19,29,1434.21,988,995.19,11.14,17.92,18.12,74.03,74.51,72.94,775.18,78.96,73.5,78.85,73.38,677,387,412,1476,66,91,10,782,190,92,21.52,23.48,33.97,23,21,22,1466.22,1064,1057.32,12.27,19.94,19.94,71.3,71.08,68.84,195.23,164.37,3579,3195,0,0,0,0,0,0
8480849,2024,Barrett Hayton,UTA,C,all,82,79219,1806,63.42,0.59,0.49,0.59,0.49,0.59,0.49,440,185.85,30.51,14.93,42.57,6.67,89.46,61.87,28.37,30.52,28.41,13,13,155,91,60,306,46,20,26,4,37,0,78,85,135,226,16,35,552,31,16,46,109,89,48,3.86,11.61,15.04,4,11,5,305.22,246,245.75,15,3.47,5.45,10.85,23.11,23.24,22.5,1806,303,226,274,1003,254,242,262,1048,552,468,220434,35,47,22,44,815.4,89.51,83.91,89.97,84.37,721,398,447,1566,71,98,12,767,253,99,23.06,31.57,34.88,13,34,24,1576.49,1119,1126.81,12.31,19.86,19.86,81.96,82.44,79.23,584.94,62.99,60.09,63.08,60.16,528,265,286,1079,60,60,9,569,151,73,16.78,18.95,27.27,18,21,21,1077.92,793,792.72,8.01,13.8,13.8,57.2,57.16,55.51,183.18,187.27,3516,3673,0,0,0,0,0,0
8482740,2024,Wyatt Johnston,DAL,C,all,82,93115,1852,62.76,0.55,0.5,0.52,0.49,0.51,0.48,181,219.8,29.88,17.96,47.41,7.75,114.78,80.2,28.35,30.06,28.53,25,13,202,96,91,389,71,33,26,7,38,1,92,108,169,265,7,14,465,45,29,57,163,105,30,6.07,13.96,9.84,4,20,9,393.28,298,301.72,19,4.27,6.92,7.61,26.54,26.77,25.86,1852,379,294,247,932,216,249,293,1094,465,444,204543,14,24,12,47,857.57,102.26,95.7,102.74,96.17,786,381,480,1647,104,96,17,764,282,121,23.33,35.99,42.95,24,40,40,1659.14,1167,1176.44,14.6,21.68,21.77,95.1,95.55,91.91,810.44,83.21,79.84,82.99,79.61,729,381,392,1502,78,74,7,804,217,89,22.91,25.72,34.58,25,26,27,1485.25,1110,1100.41,11.79,13.54,13.54,81.46,81.24,79.25,167.58,170.24,3274,3349,0,0,0,0,0,0
8480281,2024,Alexey Toropchenko,STL,R,all,80,59964,1444,15.04,0.38,0.51,0.43,0.5,0.43,0.5,746,92.45,9.64,6.52,21.51,2.99,46.05,36.3,9.29,9.7,9.35,6,8,90,33,48,171,18,4,11,0,17,0,32,59,86,119,11,25,4,223,6,24,78,32,13,2.3,4.03,3.31,2,2,0,172.27,123,123.99,3,1.39,2.11,2.68,8.35,8.42,8.33,1444,84,214,303,843,179,209,183,873,4,5,231719,25,21,9,53,369.26,30.15,29.32,30.36,29.53,358,151,235,744,27,38,5,393,85,31,10.59,10.67,8.89,11,12,4,747.1,509,510.68,4.99,7.17,6.89,28.18,28.33,28.02,488.87,48.41,43.59,48.26,43.45,457,215,320,992,41,60,7,499,115,58,13.49,14.36,20.57,18,12,11,983.4,672,670.81,7.13,14.66,14.66,40.88,40.75,39.21,186.86,177.51,3663,3621,0,0,0,0,0,0
8477384,2024,Joshua Brown,EDM,D,all,10,7566,177,0.08,0.38,0.53,0.38,0.53,0.39,0.54,61,8.28,0.26,0.38,2.12,0.27,4.89,4.07,0.26,0.26,0.26,0,1,9,3,6,18,1,0,0,0,3,0,5,4,9,12,4,11,0,21,0,3,12,0,0,0.26,0,0,0,0,0,18.43,12,12.54,3,0.07,0,0,0.34,0.34,0.34,177,17,33,23,104,12,21,14,130,0,0,28434,11,7,2,18,49.14,3.78,3.62,3.86,3.7,49,18,26,93,3,2,0,56,8,3,1.53,0.9,1.34,0,2,1,94.41,67,68.85,0.58,0.46,0.46,3.89,4.01,3.95,75.72,6.14,5.78,6.13,5.78,75,30,44,149,8,7,1,88,11,6,2.52,1.33,2.3,5,2,1,148.19,105,104.25,1.06,1.24,1.24,5.96,5.92,5.7,26.64,23.91,499,439,0,0,0,0,0,0
8474145,2024,Robert Bortuzzo,UTA,D,all,17,11172,325,2.95,0.56,0.5,0.46,0.52,0.5,0.51,103,9.19,0.58,0.49,2.33,0.31,5.52,3.77,0.56,0.54,0.52,1,1,8,5,5,18,2,0,2,0,1,0,5,5,8,13,8,22,0,21,0,18,12,0,1,0.23,0,0.35,0,0,0,18.04,13,13.09,10,0.1,0.31,0.37,0.3,0.31,0.3,325,35,34,40,216,33,45,26,221,0,0,50985,22,14,4,26,83.21,7.43,7.2,7.52,7.28,73,41,38,152,3,12,2,84,20,10,2.2,2.53,2.7,1,1,1,153.71,114,115.22,1.1,2.46,2.46,6.07,6.2,6.13,82.39,5.9,5.78,5.85,5.73,76,40,66,182,7,2,0,94,17,5,2.4,1.95,1.55,3,3,1,179.22,116,114.91,1.19,0.28,0.28,6.81,6.77,6.61,43.69,43.42,854,800,0,0,0,0,0,0
8483448,2024,Isaiah George,NYI,D,all,33,30980,691,1.75,0.49,0.48,0.46,0.48,0.45,0.49,164,26.22,0.82,1.34,8.21,0.96,15.02,10.65,0.79,0.83,0.79,0,4,26,11,37,74,5,1,3,0,4,0,15,14,25,36,3,6,0,14,6,26,35,2,0,0.6,0.22,0,1,0,0,73.41,37,37.31,20,0.28,0.7,0.11,0.99,0.99,0.97,691,65,56,93,477,75,103,71,442,0,0,89049,6,0,0,34,227.05,22.1,21.31,22.05,21.26,193,119,141,453,18,25,3,228,57,27,6.66,7.07,8.38,6,8,4,450.47,312,311.86,3.08,5.59,5.94,19.24,19.2,18.91,279.9,22.94,22.12,23.4,22.54,242,144,142,528,22,24,2,294,73,19,7.89,9.56,5.49,9,9,4,532.96,386,390.23,3.7,5.15,5.15,21.49,21.81,21.48,68.71,74.56,1414,1507,0,0,0,0,0,0
8480291,2024,Skyler Brind'Amour,CAR,C,all,2,1990,42,0.32,0.37,0.53,0.4,0.58,0.38,0.58,10,2.33,0.79,0.18,0.55,0.09,0.81,0.59,0.62,0.78,0.62,0,0,1,2,2,5,1,1,1,1,0,0,1,0,0,2,1,2,17,1,0,4,1,0,2,0.03,0,0.76,0,0,1,5.16,3,3.06,4,0.04,0.39,0.76,0.07,0.07,0.06,42,5,4,6,27,4,8,3,27,17,8,5210,2,0,0,1,13.25,1.6,1.39,1.61,1.4,9,9,9,27,1,3,1,13,1,4,0.3,0.12,1.18,0,0,1,27.27,18,18.16,0.2,0.96,0.96,0.84,0.85,0.84,21.66,2.69,2.59,2.62,2.53,21,8,12,41,5,2,0,14,13,2,0.58,1.61,0.49,3,2,0,39.62,29,28.33,0.38,0.25,0.25,2.82,2.75,2.68,4.36,3.82,97,69,0,0,0,0,0,0
8479976,2024,Juuso Vlimki,UTA,D,all,43,42707,1003,9.8,0.46,0.51,0.49,0.51,0.48,0.52,208,44.93,2.68,2.52,12.39,1.57,25.19,18.65,2.62,2.7,2.64,2,1,40,23,46,109,5,2,2,1,14,0,22,23,38,61,7,14,0,23,11,40,53,7,3,1.2,0.77,0.72,0,1,1,109.58,63,63.71,28,0.52,0.56,0.61,2.59,2.62,2.59,1003,117,70,125,691,128,160,99,616,0,0,113978,14,20,10,49,340.4,29.03,28.01,29.08,28.07,303,162,201,666,23,23,4,349,89,27,10.43,10.73,7.87,9,7,7,667.81,465,466.51,4.34,4.82,4.82,28.55,28.74,28.23,371.15,34.61,33.58,34.62,33.61,352,152,203,707,35,40,5,366,101,37,10.62,12.3,11.7,15,13,7,709.3,504,506.71,5.01,8.91,8.91,30.71,30.95,30.38,103.6,98.28,1914,1825,0,0,0,0,0,0
8475786,2024,Zach Hyman,EDM,L,all,73,82701,1458,69.74,0.67,0.48,0.64,0.49,0.64,0.49,263,241.61,38.01,20.78,51.69,8.06,113.45,77.01,35.29,37.85,35.15,12,5,210,99,64,373,44,27,44,6,34,0,91,113,183,282,16,32,2,59,14,43,150,101,58,5.31,12.77,19.93,4,9,14,372.86,309,309.42,9,4.89,9.83,11.62,31.27,31.21,30.29,1458,343,116,234,765,184,183,291,800,2,3,182345,32,36,17,24,989.86,112.78,104.99,112.73,104.95,920,425,464,1809,107,126,16,931,280,134,28.59,34.71,49.47,29,38,40,1805.71,1345,1344.31,16.55,27.97,27.97,101.37,101.37,97.96,555.7,56.52,54.21,56.82,54.49,511,247,270,1028,60,46,9,548,154,56,16.11,19.35,21.05,22,28,10,1028.87,758,760.18,7.22,9.16,9.19,54.55,54.64,53.04,137.52,149.18,2840,2963,0,0,0,0,0,0
8476885,2024,Jacob Trouba,ANA,D,all,77,94794,1930,8.03,0.4,0.51,0.41,0.5,0.41,0.5,229,113.73,3.64,5.95,34.21,3.98,66.75,49.47,3.49,3.67,3.51,11,2,111,53,104,268,14,1,18,1,29,0,46,70,110,163,27,66,0,164,29,90,159,4,1,2.75,0.59,0.3,0,0,1,268.3,164,165.8,60,1.22,3.88,0.74,4.13,4.16,4.06,1930,169,345,291,1125,234,275,259,1162,0,0,185728,66,38,13,208,713.03,68.11,65.13,68.49,65.48,649,336,377,1362,69,71,8,749,155,81,20.9,19.44,27.78,33,21,15,1368.13,985,991.09,9.4,14.01,13.96,63.55,63.98,62.34,1046.54,102.43,96.96,102.69,97.21,973,469,539,1981,103,105,13,1087,243,112,33.76,30.12,38.55,39,34,30,1987.76,1442,1446.04,16.4,22.07,22.07,96.77,96.93,93.13,170.84,164.94,3121,3076,0,0,0,0,0,0
8477353,2024,Tyler Motte,DET,C,all,55,37337,888,8.8,0.38,0.53,0.4,0.51,0.42,0.52,557,71.05,8.5,4.69,16.77,2.41,35.61,29.03,8.18,8.52,8.2,4,1,66,31,37,134,9,4,4,1,4,1,33,51,62,93,3,6,60,72,16,31,63,23,11,2.02,2.93,3.55,1,1,2,134.15,97,96.98,17,1.01,1.1,2.02,7.47,7.43,7.31,888,93,127,140,528,141,116,106,525,60,85,162399,6,22,11,48,241.88,21.07,20.11,21.11,20.14,216,109,133,458,15,26,5,249,48,28,6.7,6.29,8.08,4,4,7,458.01,325,325.51,3.08,5.89,5.89,18.26,18.21,17.96,335.02,34.73,33.26,34.93,33.43,280,178,226,684,41,33,3,325,88,45,9.01,11,14.72,18,10,13,685.32,458,458.6,5.29,7.1,7.12,32.9,33.04,32.35,156.37,140.11,2713,2600,0,0,0,0,0,0
8480835,2024,Jack Drury,COL,C,all,72,55813,1268,31.78,0.49,0.56,0.55,0.58,0.56,0.57,592,111.32,10.51,7.19,27.43,3.68,59.76,44.43,10.29,10.66,10.45,5,5,93,60,40,193,18,8,8,0,24,1,48,64,85,145,11,22,431,45,12,34,116,28,9,3.47,3.49,3.55,3,2,3,196.67,153,154.52,17,1.56,0.86,1.88,10.18,10.25,10.13,1268,155,186,191,736,222,145,191,710,431,315,205822,22,8,4,50,505.92,41.48,40.05,41.99,40.54,443,261,282,986,32,39,0,555,110,39,14.45,13.57,13.46,13,13,6,1004.52,704,712.76,6.88,6.76,6.84,41.51,41.95,40.98,413.07,42.86,40.67,42.48,40.31,379,180,252,811,44,44,8,381,124,54,10.29,15.02,17.55,7,19,18,800.28,559,553.77,6.44,10.8,10.8,38.49,38.28,37.53,203.92,157.92,3977,2891,0,0,0,0,0,0
8477451,2024,Ryan Hartman,MIN,R,all,69,61978,1159,29.64,0.54,0.48,0.51,0.46,0.52,0.46,471,166.76,18.28,11.5,40.11,5.88,88.01,65.21,16.1,18.29,16.11,11,4,158,71,71,300,26,11,22,2,22,1,74,99,147,218,23,55,282,73,21,66,159,50,20,4.39,6.59,7.29,2,5,4,301.51,229,229.6,22,2.52,4.08,7.3,13.5,13.5,13.14,1159,157,154,169,679,149,174,186,650,282,308,189591,55,64,27,41,569.2,52.88,48.27,52.83,48.21,541,251,281,1073,48,59,4,609,125,58,16.59,16.08,20.21,22,12,14,1072.38,792,792.36,8.37,12.86,13.06,48.19,48.07,45.77,525.84,45.84,44.12,46.15,44.43,488,238,300,1026,45,38,3,556,126,44,15.36,15.29,15.2,18,15,12,1030.07,726,729.87,7,7.67,7.67,45.18,45.36,44.25,142.46,156.47,2826,3287,0,0,0,0,0,0
8479542,2024,Brandon Hagel,TBL,L,all,82,102057,1988,93.68,0.6,0.48,0.55,0.49,0.54,0.49,231,235.7,32.55,17.4,50.33,7.75,118.35,92.62,31.4,32.83,31.66,34,21,228,91,125,444,90,35,30,4,58,0,83,113,193,284,23,48,8,59,30,96,195,84,40,6.78,10.68,15.1,10,12,13,451.56,319,323.1,26,3.83,7.1,5.59,30.79,31,30.44,1988,324,353,353,958,358,250,336,1044,8,15,195898,48,50,25,60,991,119.33,114.5,120.37,115.48,908,447,554,1909,132,94,13,932,284,139,28.37,35.98,54.98,38,44,50,1935.45,1355,1369.18,16.68,21.01,20.89,115.12,115.97,113.42,821.19,80.47,74.94,80.09,74.6,755,378,423,1556,77,77,11,871,178,84,25.24,21.69,33.54,31,22,24,1538.02,1133,1125.78,12.33,14.37,14.37,78.43,78.24,74.88,152.4,162.42,3001,3136,0,0,0,0,0,0
8476454,2024,Ryan Nugent-Hopkins,EDM,C,all,78,88793,1668,56.63,0.57,0.53,0.56,0.53,0.56,0.53,254,171.98,25.09,12.71,37.11,5.53,88.85,61.71,23.44,25.03,23.4,22,7,164,67,62,293,49,20,21,2,33,0,72,85,144,211,12,24,270,26,29,49,132,61,38,4.1,7.37,13.62,5,9,6,294.31,231,231.57,20,2.98,4.34,8.21,19.86,19.83,19.35,1668,303,310,248,807,210,180,247,1031,270,287,194331,24,16,8,48,888.76,97.68,90.55,97.74,90.63,859,349,456,1664,91,100,11,866,221,121,24.23,26.93,46.51,29,26,36,1667.55,1208,1210.57,15.03,22.39,22.39,90.33,90.44,86.43,688.75,73.84,70.3,74.24,70.65,648,297,379,1324,68,58,10,698,164,83,20.2,20.25,33.41,23,25,20,1325.65,945,947.25,10.41,13.6,13.6,70.66,70.75,68.44,163.53,147.2,3270,2959,0,0,0,0,0,0
8478402,2024,Connor McDavid,EDM,C,all,67,88566,1413,110.09,0.66,0.46,0.65,0.47,0.64,0.48,104,207.15,26.91,15,44.09,6.97,110.37,78.67,25.99,27.03,26.1,50,24,196,86,88,370,100,26,34,5,28,1,93,100,170,256,12,27,370,40,32,74,178,76,28,7,9.4,10.51,7,9,10,373.19,282,283.99,20,3.35,5.89,5.96,24.3,24.44,23.97,1413,289,117,243,764,161,176,310,766,370,406,154813,27,46,23,18,1054.51,119.04,111.76,119.41,112.09,990,442,528,1960,126,122,14,994,299,139,31.13,36.57,51.34,34,49,43,1966.99,1432,1436.29,17.18,27.63,27.63,108.61,109.05,105.63,590.4,61.73,59.19,61.68,59.15,545,259,256,1060,68,49,8,567,174,63,16.95,21.72,23.06,30,26,12,1059.11,804,804.25,7.84,9.94,9.94,59.63,59.44,57.52,104.57,123.01,2278,2606,0,0,0,0,0,0
8482072,2024,Jack Ahcan,COL,D,all,2,1895,42,-0.07,0.49,0.45,0.48,0.47,0.51,0.52,10,1.51,0.05,0.06,0.4,0.05,0.8,0.64,0.05,0.05,0.05,0,0,1,1,1,3,0,0,2,0,0,0,0,0,1,2,1,2,0,3,0,3,2,0,0,0.05,0,0,0,0,0,2.81,2,1.91,2,0.01,0.47,0,0.06,0.06,0.06,42,1,4,7,30,5,4,2,31,0,0,5305,2,0,0,1,15.99,1.19,1.18,1.19,1.18,9,13,10,32,1,3,0,19,2,1,0.61,0.23,0.35,1,0,0,30.79,22,21.41,0.2,0.49,0.49,0.89,0.9,0.89,15.36,1.22,1.19,1.21,1.18,16,5,13,34,1,0,0,16,5,0,0.5,0.72,0,1,0,0,35.1,21,21.49,0.2,0,0,1.41,1.4,1.38,5.05,6.19,82,92,0,0,0,0,0,0
8481122,2024,Simon Benoit,TOR,D,all,78,77437,1930,-0.45,0.36,0.54,0.38,0.51,0.39,0.51,385,50.02,1.71,2.78,14.89,1.84,29.1,21.69,1.67,1.74,1.7,4,5,48,24,30,102,10,1,1,0,18,0,16,36,47,71,25,59,0,204,16,70,70,1,1,1.37,0.1,0.25,1,0,0,103.53,72,72.63,47,0.57,0.12,0.14,2.15,2.18,2.13,1930,69,261,235,1365,226,292,192,1220,0,0,205435,59,33,12,111,513.4,43.85,42.25,44.37,42.76,481,220,231,932,48,37,4,538,123,40,14.57,15.65,13.64,19,19,10,946.54,701,711.47,6.54,6.25,6.34,44.05,44.57,43.5,789.57,77.39,72.87,77.32,72.78,693,405,448,1546,58,104,10,807,207,84,23.37,26.02,28,23,15,20,1536.51,1098,1096.86,12.46,20.66,20.66,69.19,69.11,66.66,204.19,174.87,3467,3396,0,0,0,0,0,0
8479980,2024,Nicolas Hague,VGK,D,all,68,69344,1433,11.1,0.45,0.57,0.45,0.53,0.46,0.54,330,70.79,3.59,4.12,20.28,2.49,42.34,31.17,2.97,3.6,2.98,2,5,74,30,73,177,12,5,10,0,15,0,32,42,69,99,13,40,0,82,18,56,99,2,3,1.97,0.2,1.42,3,0,2,179.14,104,105.49,42,0.83,2.51,0.38,4.04,4.05,3.42,1433,130,152,226,925,228,215,175,815,0,0,177993,40,36,11,74,544.38,48.37,45.69,48.96,46.26,517,232,258,1007,41,54,6,565,129,55,16.12,15.47,16.78,18,16,7,1022.95,749,759.62,7.07,11.47,11.76,43.68,44.35,43.03,631.32,59.69,56.42,59.56,56.28,562,305,351,1218,53,83,9,648,147,72,19.1,18.24,22.35,22,16,15,1206.86,867,862.22,9.24,17.11,17.11,51.82,51.77,50.51,178.79,132.38,3091,2707,0,0,0,0,0,0
8483467,2024,Kirill Kudryavtsev,VAN,D,all,2,1696,34,0.9,0.68,0.7,0.51,0.6,0.51,0.57,12,2.62,0.04,0.12,0.71,0.08,1.79,1.26,0.04,0.04,0.04,0,0,2,2,1,5,0,0,0,0,0,0,1,3,2,4,0,0,0,0,0,2,4,0,0,0.04,0,0,0,0,0,4.85,4,3.91,2,0.02,0,0,0.06,0.06,0.06,34,2,3,1,28,6,6,4,18,0,0,5786,0,0,0,5,13.94,1.05,1.05,1.02,1.01,11,10,6,27,1,1,1,17,3,1,0.37,0.34,0.34,0,0,1,26.33,21,20.38,0.18,0.34,0.34,0.89,0.86,0.86,13.71,0.49,0.47,0.51,0.49,7,13,6,26,0,3,0,18,2,0,0.31,0.19,0,0,0,0,26.9,20,20.73,0.27,0.11,0.11,0.65,0.67,0.64,7.26,3.15,110,74,0,0,0,0,0,0
8479341,2024,Cam Dineen,EDM,D,all,4,4125,89,1.8,0.56,0.56,0.53,0.52,0.54,0.54,17,9.19,0.39,0.6,2.92,0.4,5.66,4.04,0.38,0.41,0.4,0,0,8,6,5,19,0,0,2,0,1,0,5,6,8,14,0,0,0,1,2,0,13,1,0,0.26,0.13,0,0,0,0,19.54,14,14.67,0,0.12,0.5,0,0.51,0.54,0.53,89,14,6,8,61,7,14,6,62,0,0,10568,0,2,1,6,39.07,2.64,2.61,2.73,2.7,33,22,20,75,3,4,0,47,5,3,1.32,0.62,0.71,2,1,0,75.83,55,56.35,0.52,0.7,0.7,2.46,2.51,2.49,32.58,2.08,2.06,2.12,2.09,26,21,19,66,3,4,1,39,7,1,1.03,0.82,0.23,2,1,0,66.95,47,47.33,0.42,0.44,0.44,2.06,2.08,2.07,8.65,6.9,170,155,0,0,0,0,0,0
8476822,2024,Luke Glendening,TBL,C,all,77,49826,1349,4.75,0.35,0.56,0.39,0.53,0.39,0.53,743,54.36,6.4,3.89,12.85,1.89,26.47,22.49,6.21,6.49,6.29,3,0,51,23,23,97,7,4,5,1,14,0,16,35,47,70,5,10,502,105,6,19,47,18,9,1.57,2.38,2.46,2,1,1,99.08,74,75.76,10,0.83,1.03,1.94,5.29,5.38,5.32,1349,143,370,174,662,156,156,170,867,502,379,229927,10,14,7,58,304.32,26.28,25.39,26.54,25.65,284,128,158,570,17,29,2,315,69,28,8.84,8.89,8.55,8,4,5,581.48,412,417.58,4.16,5.48,5.6,24.84,25.14,24.65,475.59,49.49,46.31,49.04,45.87,432,216,257,905,42,57,5,457,130,61,12.11,16.1,21.29,13,16,13,889.49,648,640.42,7.66,12.48,12.48,44.67,44.31,42.28,228.64,179.54,4046,3519,0,0,0,0,0,0
8483395,2024,Arshdeep Bains,VAN,L,all,13,8193,206,0.42,0.46,0.51,0.49,0.48,0.48,0.49,139,8.92,1.24,0.56,2.08,0.34,4.25,3.52,1.18,1.25,1.19,0,0,8,4,4,16,1,1,0,1,1,0,7,3,7,11,0,0,3,17,1,4,8,1,3,0.18,0.18,0.88,0,0,1,16.1,12,12.05,0,0.12,0,0.88,0.48,0.49,0.48,206,29,21,33,123,40,29,21,116,3,1,38783,0,0,0,7,65.51,5.44,5.28,5.52,5.35,56,35,41,132,3,8,1,72,13,6,1.86,1.65,1.93,1,0,2,132.94,91,91.13,0.88,2.08,2.08,4.24,4.3,4.23,70.7,6.42,6.1,6.49,6.17,68,29,38,135,8,9,2,73,17,7,1.94,2.3,2.18,6,0,2,137.02,97,97.64,0.93,2.27,2.27,5.07,5.11,5.02,29.95,29.06,572,608,0,0,0,0,0,0
8483503,2024,Owen Pickering,PIT,D,all,25,22223,518,2.92,0.39,0.47,0.44,0.49,0.43,0.48,132,18.34,0.63,1.01,6.06,0.65,11.15,7.5,0.62,0.63,0.62,0,2,15,12,24,51,3,1,2,0,7,0,6,11,14,26,3,6,0,13,5,11,26,0,1,0.37,0,0.27,1,0,0,50.9,27,26.83,6,0.2,0.23,0.27,0.57,0.57,0.56,518,31,69,70,348,70,73,46,329,0,0,69373,6,4,2,19,156.49,11.65,11.41,11.68,11.44,137,79,87,303,9,17,2,173,32,11,4.69,4.24,2.73,5,2,2,302.98,216,215.45,2.14,2.28,2.28,11.52,11.55,11.48,203.51,18.25,17.48,18.32,17.53,185,99,95,379,18,21,4,222,40,22,6.34,4.99,6.92,7,2,9,381.11,284,285.77,3.08,4.5,4.5,16.84,16.89,16.53,58.38,66.83,1151,1178,0,0,0,0,0,0
8477845,2024,Trevor van Riemsdyk,WSH,D,all,82,86879,1674,25.05,0.49,0.53,0.47,0.51,0.48,0.52,401,92.9,3.29,4.69,27,3.18,53.18,41.67,3.16,3.31,3.18,9,11,80,53,82,215,21,1,6,0,15,0,40,71,79,132,12,24,0,10,25,57,128,3,2,2.29,0.45,0.55,1,0,0,217.72,133,133.54,36,0.95,1.17,0.48,3.75,3.78,3.71,1674,132,192,214,1136,159,237,156,1122,0,0,211655,24,8,4,151,659.16,59.06,57.09,59.82,57.84,567,350,364,1281,65,49,6,680,177,60,18.42,22.52,18.12,30,23,12,1300.44,917,929.52,8.38,10.54,11.12,56.33,57.14,56.19,730.92,61.46,58.25,61.44,58.24,654,350,470,1474,53,69,8,780,160,64,21.94,20.57,18.96,25,18,10,1464.32,1004,1000.44,10.19,15.59,15.59,56.07,56.07,54.92,215.15,188.92,3603,3435,0,0,0,0,0,0
8481726,2024,Adam Edstrom,NYR,C,all,51,28377,690,6.66,0.47,0.5,0.45,0.5,0.45,0.5,563,44.75,7.11,3.72,10.04,1.55,21.36,15.21,6.84,7.07,6.82,3,1,40,19,13,72,9,5,3,0,5,1,23,22,35,54,7,17,0,94,7,19,24,24,11,0.92,3.04,3.15,1,3,1,72.88,59,59.47,4,0.81,0.35,1.34,6.59,6.63,6.53,690,40,119,111,420,119,103,94,374,0,4,156536,17,23,10,34,201.59,17.73,17.21,17.71,17.22,180,91,106,377,15,16,1,195,56,20,5.01,7.03,5.67,3,10,2,380.13,271,272.96,2.68,2.66,2.66,17.74,17.87,17.61,238.03,19.97,19.21,20.07,19.31,220,105,138,463,20,26,3,240,64,21,6.22,8.09,5.66,9,9,2,465.33,325,325.69,3.12,4.31,4.31,18.77,18.83,18.55,153.03,152.91,2724,2712,0,0,0,0,0,0
8479419,2024,Brett Murray,BUF,L,all,3,1424,35,-0.8,0.1,0.44,0.33,0.47,0.23,0.46,33,0,0,0,0,0,0,0,0,0,0,0,0,0,0,0,0,0,0,0,0,0,0,0,0,0,0,0,0,0,3,1,0,0,0,0,0,0,0,0,0,0,0,0,0,0,0,0,0,0,0,0,35,7,2,3,23,6,7,5,17,0,0,9665,0,0,0,0,4.96,0.18,0.18,0.19,0.18,5,2,8,15,0,1,0,6,1,0,0.09,0.09,0,0,0,0,15.32,7,7.15,0.05,0.09,0.09,0.14,0.15,0.14,16.16,1.64,1.61,1.58,1.56,15,8,8,31,2,2,0,17,5,1,0.4,0.76,0.48,0,1,1,30.33,23,22.41,0.22,0.34,0.34,1.52,1.48,1.45,7.57,9.63,138,156,0,0,0,0,0,0
8482159,2024,Tyson Foerster,PHI,R,all,81,81952,1771,38.63,0.53,0.51,0.5,0.47,0.51,0.5,385,164.35,20.46,12.33,35.76,5.38,85.41,61.65,19.63,20.47,19.63,9,9,142,79,66,287,43,25,27,3,24,0,57,88,117,196,18,39,0,75,16,41,141,53,27,4.98,6.55,8.93,8,10,7,286.19,221,221.59,15,2.72,4.83,4.55,18.64,18.6,18.31,1771,205,260,307,999,238,197,266,1070,0,2,214163,39,39,18,54,647.61,71.61,68.48,71.72,68.56,565,319,354,1238,60,77,10,614,177,93,18.65,22.24,30.73,20,21,19,1231.33,884,881.98,10.71,16.72,16.72,65.6,65.52,64.07,612.11,63.26,60.44,63.71,60.86,559,282,375,1216,69,63,11,622,147,72,17.77,18.08,27.41,25,19,25,1230.39,841,850.18,8.73,15.99,15.99,56,56.38,55.3,176.74,172.18,3296,3666,0,0,0,0,0,0
8483425,2024,Lian Bichsel,DAL,D,all,38,33951,711,8.47,0.45,0.5,0.49,0.48,0.47,0.48,193,40.25,1.57,2.18,12.98,1.49,22.38,16.39,1.56,1.6,1.59,2,3,39,18,43,100,9,4,5,0,5,0,17,26,35,53,19,41,0,155,4,22,56,0,1,1.21,0,0.37,3,0,1,100.84,57,57.6,17,0.45,0.34,0.09,1.93,1.96,1.95,711,72,67,96,476,97,126,102,386,0,0,104389,41,15,6,23,251.34,22.86,22.18,23.21,22.52,233,110,159,502,26,31,5,252,68,23,7.36,8.64,6.86,10,11,5,510.2,343,347.69,3.32,5.35,5.35,20.83,21.07,20.79,283.62,27.58,26.33,27.56,26.33,255,130,138,523,28,31,2,281,74,30,8.19,9.24,10.15,8,11,9,516.12,385,382.89,3.76,5.99,5.99,25.35,25.35,24.96,99.54,98.94,1708,1815,0,0,0,0,0,0
8473507,2024,Jeff Petry,DET,D,all,44,49887,1056,0.38,0.43,0.51,0.42,0.5,0.4,0.49,165,39.21,1.72,2.21,12.28,1.42,23.07,16.3,1.64,1.71,1.63,4,3,33,24,50,107,8,1,3,1,7,0,22,24,32,56,8,16,0,51,16,51,54,2,1,1.2,0.24,0.28,0,0,1,105.84,57,56.29,37,0.45,0.51,0.4,1.77,1.77,1.72,1056,118,132,140,666,152,175,137,592,0,0,109764,16,8,3,77,349.12,33.95,31.68,33.94,31.65,310,172,205,687,29,28,3,359,90,33,11.51,11.02,11.43,15,7,7,681.45,482,480.04,4.67,5.4,6.13,32.49,32.44,31.34,511.15,45.67,42.58,46.11,42.97,464,245,256,965,37,51,5,521,140,48,14.4,16.72,14.55,15,15,7,971.09,709,712.04,7.43,11.48,11.48,41.62,41.98,40.72,94.43,90.85,1711,1730,0,0,0,0,0,0
8476871,2024,Tanner Pearson,VGK,L,all,78,55161,1243,25.3,0.47,0.55,0.47,0.52,0.47,0.52,780,115.84,14.31,7.69,26.96,4.17,58.66,45.2,13.67,14.46,13.83,9,6,109,48,44,201,27,12,18,2,15,0,49,63,97,145,4,8,6,96,15,46,102,33,22,3.45,4.09,6.77,3,4,5,204.67,157,159.45,13,1.61,3.97,4.06,11.86,11.97,11.82,1243,129,131,233,750,188,165,150,740,6,18,228505,8,22,11,45,444.55,42.3,40.54,42.83,41.08,413,195,245,853,37,45,4,448,101,59,12.82,12,17.49,14,15,8,868.29,608,617.29,5.83,10.37,10.68,37.47,38.02,37.39,498.86,47.7,45.61,47.7,45.58,422,257,286,965,37,61,6,494,130,55,14.26,16.55,16.89,12,16,9,957.34,679,677.38,6.88,12.2,12.2,42.38,42.28,41.5,216.16,175.66,3856,3624,0,0,0,0,0,0
8483491,2024,Ivan Miroshnichenko,WSH,L,all,18,10090,220,4.4,0.59,0.52,0.52,0.51,0.56,0.51,202,18.74,2.99,1.17,4.24,0.59,9.25,6.76,2.96,3.03,3,2,1,14,11,7,32,4,1,0,0,2,0,11,11,13,24,0,0,0,28,3,11,16,5,4,0.54,0.6,1.84,0,0,1,32,25,24.91,4,0.24,0,0.91,2.33,2.35,2.35,220,19,37,32,132,43,36,24,117,0,0,55531,0,2,1,8,82.95,8.48,8.41,8.54,8.47,69,45,39,153,7,5,0,82,22,10,1.83,2.75,3.9,0,2,5,154.11,114,114.71,1.06,1.36,1.36,8.18,8.25,8.23,67.52,5.85,5.38,5.76,5.3,56,33,54,143,4,8,0,68,13,8,2,1.58,2.27,3,1,0,142.66,89,88.54,0.87,1.98,1.98,4.74,4.69,4.58,51.81,48.7,957,902,0,0,0,0,0,0
8481560,2024,Arthur Kaliyev,NYR,R,all,14,9417,216,4.48,0.48,0.54,0.5,0.51,0.47,0.51,141,20.11,1.8,1.32,4.87,0.65,10.54,7.82,1.75,1.82,1.77,1,0,21,6,8,35,4,3,0,1,1,1,9,13,18,24,1,2,0,7,0,4,22,3,2,0.71,0.46,0.63,2,0,1,35.05,27,26.94,1,0.27,0,0.83,1.25,1.24,1.22,216,32,10,29,145,30,27,24,135,0,0,41914,2,0,0,2,75.71,5.04,4.93,5.11,5,71,33,43,147,7,5,1,87,14,3,2.32,1.89,0.83,4,2,1,146.33,104,103.41,0.94,0.85,0.85,5.14,5.19,5.09,81.76,5.43,5.32,5.33,5.22,73,42,33,148,5,5,0,96,15,4,2.71,1.68,1.04,5,0,0,147.23,115,114.54,1.02,0.5,0.5,5.95,5.84,5.78,43.6,36.85,712,695,0,0,0,0,0,0
8474563,2024,Drew Doughty,LAK,D,all,30,43446,792,16.1,0.55,0.53,0.53,0.53,0.53,0.54,46,44.95,2.76,2.89,12.65,1.62,27.42,18.67,2.71,2.77,2.72,3,10,46,20,49,115,17,4,1,0,10,0,21,30,42,62,10,20,0,26,7,48,59,5,2,1.3,0.65,0.82,3,0,1,116.35,66,66.68,32,0.7,0.52,0.11,3.34,3.36,3.31,792,128,88,125,451,50,114,123,505,0,0,65681,20,0,0,45,407.66,40.78,39.36,40.96,39.54,347,214,213,774,41,38,3,407,112,42,11.77,13.8,15.2,19,9,13,779.91,561,565.7,6.33,7.61,7.61,39.51,39.64,38.8,364.92,33.01,31.46,33.07,31.51,327,176,195,698,28,33,3,381,91,31,10.69,11.13,11.19,12,9,7,693.29,503,499.58,5.14,6.02,6.02,32.14,32.14,31.54,51.21,46.1,1129,990,0,0,0,0,0,0
8481517,2024,Brett Leason,ANA,R,all,62,48290,1114,6.58,0.39,0.44,0.39,0.47,0.4,0.46,563,90.21,7.88,6,21.94,3.21,45.02,37.96,7.62,7.86,7.6,5,7,79,43,34,156,17,5,7,1,16,0,37,57,74,117,11,22,23,64,7,30,94,19,9,2.68,2.41,2.79,2,1,2,155.94,122,122.46,11,1.34,0.71,2.22,7,6.97,6.83,1114,98,213,149,654,163,173,140,638,23,58,178054,22,10,5,44,330.05,30.6,29.57,30.54,29.52,306,145,184,635,28,40,5,342,75,34,9.41,9.05,12.15,11,8,9,632.19,451,449.57,4.62,7.95,7.63,27.6,27.47,26.89,486.96,47.35,44.86,47.45,44.97,424,248,321,993,38,45,7,485,132,55,13.8,15.97,17.59,12,12,14,1001.79,672,675.38,7.85,9.95,9.95,45.26,45.35,43.85,146.79,183.23,2858,3272,0,0,0,0,0,0
8475726,2024,Tyler Toffoli,SJS,C,all,78,79230,1548,56.9,0.57,0.37,0.59,0.4,0.59,0.4,423,236.95,27.36,17.7,53.03,7.99,126.32,84.61,25.7,27.27,25.61,13,11,233,84,93,410,54,30,26,3,34,1,109,117,203,287,7,14,13,54,18,52,214,62,41,6.34,7.27,13.75,11,6,13,404.48,317,314.41,11,4.19,6.46,6.82,24.73,24.59,23.9,1548,298,159,278,813,154,169,251,974,13,11,204765,14,38,19,32,861.38,90.79,83.72,90.1,83.06,794,394,490,1678,83,90,10,871,204,113,24.5,24.92,41.37,29,22,32,1650.52,1188,1174.69,15.15,21.44,21.44,84.48,83.92,80.08,594.4,68.08,65.07,68.99,65.9,542,283,327,1152,76,79,7,584,154,87,17.08,19.16,31.84,35,19,22,1185.93,825,843.75,8.32,15.85,15.85,60.55,61.32,59.95,122.47,209.36,2725,4038,0,0,0,0,0,0
8478115,2024,Pierre Engvall,NYI,L,all,62,43961,975,17.33,0.5,0.48,0.52,0.49,0.53,0.5,566,84.94,7.95,5.37,19.58,2.85,46.45,34.8,7.71,7.95,7.71,2,5,93,24,45,162,15,8,9,2,16,0,39,45,85,109,8,16,10,47,7,36,90,19,8,2.92,2.44,2.58,5,0,3,160.78,117,116.15,10,1.12,1.19,2.12,6.95,6.87,6.73,975,98,93,161,623,158,131,120,566,10,24,181931,16,6,3,12,363.09,31.1,29.63,30.65,29.2,357,146,201,704,25,44,5,394,78,31,10.96,10.06,10.08,11,8,6,694.26,503,496.91,4.71,8.61,8.61,27.19,26.82,26.07,331.53,30.76,29.67,31.18,30.07,302,148,210,660,32,40,4,331,87,32,9.69,11.61,9.46,16,12,4,671.07,450,456.86,4.59,8.15,8.15,27.2,27.57,27.06,152.4,165.32,3100,3162,0,0,0,0,0,0
8480807,2024,Mattias Samuelsson,BUF,D,all,62,71809,1532,10.65,0.39,0.51,0.4,0.53,0.41,0.53,225,55.04,1.88,2.77,15.91,1.84,31.42,24.18,1.85,1.86,1.83,6,4,52,26,28,106,14,4,4,0,9,0,29,32,48,74,6,12,0,105,11,55,75,2,1,1.5,0.17,0.21,4,0,0,105.01,78,77.22,41,0.57,0.8,0.06,2.39,2.37,2.33,1532,112,323,258,839,209,193,226,904,0,0,153026,12,12,6,93,510.99,49.52,48.01,49.89,48.35,460,245,224,929,55,37,6,536,117,52,15.37,14.27,19.89,24,17,14,936.72,705,709.43,6.68,8.02,7.79,48.42,48.66,47.75,721.41,77.66,72.45,77.41,72.23,658,338,379,1375,85,70,9,718,183,95,21.05,22.83,33.79,23,31,31,1370.29,996,994.64,11.65,15.35,15.35,73.97,73.88,70.67,143.1,135.56,2682,2361,0,0,0,0,0,0
8484911,2024,Collin Graf,SJS,R,all,33,31402,656,6.61,0.4,0.46,0.42,0.48,0.43,0.49,207,40.45,4.23,3.07,8.28,1.28,20.83,17.31,4.22,4.13,4.12,4,2,40,15,9,64,11,5,2,0,6,0,18,24,35,50,4,8,4,20,7,15,39,11,5,1.58,1.4,1.26,2,2,1,63.02,55,54.32,11,0.68,0.69,0.35,4.56,4.47,4.46,656,66,112,89,389,80,90,79,407,4,8,88625,8,6,3,15,216.88,19.26,18.79,18.98,18.52,202,94,119,415,22,17,4,226,51,19,6.12,6.62,6.52,7,8,7,405.62,296,291.82,3.32,4.06,3.49,19.09,18.8,18.51,289.08,28.8,27.25,29.18,27.64,257,140,181,578,27,38,5,291,70,36,8.39,8.56,11.85,12,6,9,588.69,397,401.89,4.63,7.07,7.07,26.37,26.75,25.93,72.37,86.05,1447,1570,0,0,0,0,0,0
8477948,2024,Travis Sanheim,PHI,D,all,82,120517,2512,31.97,0.5,0.52,0.46,0.5,0.48,0.51,106,153.19,11.3,9.23,41.23,5.28,82.44,63.52,10.76,11.26,10.72,9,13,139,74,93,306,30,8,12,1,33,0,71,89,131,205,20,40,0,84,51,127,180,23,10,5.03,3.07,3.2,7,1,0,302.02,213,211.3,74,1.99,2.77,2.27,11.03,10.97,10.71,2512,197,400,456,1459,266,240,343,1663,0,0,179198,40,32,16,170,954.32,103.97,99.83,103.63,99.53,885,420,476,1781,96,89,9,918,266,121,27.4,33.64,42.93,38,29,29,1760.67,1305,1295.29,14.01,20.09,19.55,98.43,98.03,96.38,1051.67,103.95,99.1,104.64,99.73,943,498,668,2109,118,110,14,1068,254,119,31.87,31.52,40.55,52,35,31,2130.44,1441,1453.84,15.8,27.46,27.46,92.29,92.98,90.84,146.14,133.27,2799,2829,0,0,0,0,0,0
8482087,2024,Kaiden Guhle,MTL,D,all,55,69880,1345,15.22,0.45,0.45,0.43,0.49,0.44,0.49,162,81.51,3.45,4.04,23.46,2.64,45.53,35.88,3.36,3.42,3.33,9,3,71,44,56,171,18,6,6,0,15,0,42,46,65,109,19,47,0,104,14,47,108,6,1,2.52,0.65,0.28,6,0,0,169.1,115,114.57,30,0.82,1.33,0.16,4.11,4.07,3.98,1345,103,196,245,801,153,171,182,839,0,0,130437,47,31,11,124,492.27,52.13,50.43,51.9,50.2,444,241,281,966,52,38,4,473,163,49,14.77,19.78,17.58,17,20,15,960.02,685,682.39,6.38,8.43,8.43,50.09,49.73,48.53,649.13,63.53,60.19,64.21,60.84,581,302,406,1289,54,74,8,633,181,69,18.66,22.7,22.16,21,21,12,1299.84,883,890.93,9.54,15.54,15.27,57.79,58.31,56.81,102.69,126.62,2056,2160,0,0,0,0,0,0
8474150,2024,Mikael Backlund,CGY,C,all,76,85440,1827,43.37,0.48,0.5,0.49,0.52,0.5,0.51,240,192.58,18.84,12.07,48.05,6.89,100.73,80.41,18.15,18.99,18.3,12,5,175,92,81,348,32,15,18,2,38,2,83,111,160,252,15,32,703,41,35,68,197,49,21,5.29,6.21,7.34,7,3,5,349.37,267,268.37,22,2.64,2.64,5.55,15.93,16.07,15.83,1827,182,492,268,885,254,156,258,1159,703,749,192608,32,12,6,51,743.42,76.75,73.08,76.96,73.27,692,348,409,1449,64,79,5,772,176,92,22.19,22.12,32.44,30,11,23,1447.05,1040,1043.08,10.92,14.2,14.39,73.28,73.44,70.89,767.41,83.35,79.04,83.55,79.25,720,331,440,1491,76,79,12,758,201,92,22.57,25.16,35.63,24,20,32,1493.66,1051,1052.27,12.56,18.02,18.05,77.86,77.91,75.47,148.57,150.97,3336,3132,0,0,0,0,0,0
8477993,2024,Justin Kirkland,CGY,C,all,21,12223,307,4.64,0.39,0.5,0.38,0.52,0.39,0.52,222,12.46,1.31,0.84,3.43,0.48,6.65,5.29,1.22,1.36,1.26,4,2,9,9,5,23,8,2,0,2,2,0,7,7,7,16,4,11,54,45,3,8,13,3,2,0.24,0.43,0.65,0,0,2,22.94,18,17.97,4,0.17,0,0.65,0.84,0.81,0.76,307,17,53,31,206,38,56,34,179,54,72,65127,11,11,4,16,78.83,6.28,6.04,6.26,6.02,70,38,44,152,10,4,2,83,17,8,1.98,2.34,1.96,3,3,4,149.75,108,107.02,1.05,0.93,0.93,6.4,6.31,6.12,121.78,9.86,9.61,9.99,9.73,114,54,75,243,5,11,0,127,33,8,3.58,4.04,2.25,2,2,1,248.17,168,170.87,1.79,1.64,1.64,10,10.1,9.85,56.75,56.1,1187,1075,0,0,0,0,0,0
8482092,2024,Ridly Greig,OTT,C,all,78,79934,1907,27.24,0.48,0.5,0.48,0.52,0.48,0.52,391,137.36,18.6,10.61,32,5.11,72.08,50.59,17.88,18.77,18.04,14,7,119,70,46,235,34,13,21,5,22,1,55,77,106,176,26,60,208,138,20,35,119,43,27,3.96,5.35,9.29,1,3,9,237.24,189,191.14,10,2.41,5.04,3.87,17.15,17.29,16.96,1907,225,302,263,1117,268,255,290,1094,208,172,202845,60,44,19,47,655.43,70.68,67.61,71.11,68.03,602,303,358,1263,62,65,8,648,173,84,17.7,20.89,32.09,17,21,24,1270.29,905,911.78,9.68,13.35,13.35,67.01,67.35,65.25,714.39,76.45,72.16,76.39,72.11,675,307,413,1395,77,77,10,707,176,99,19.47,22.11,34.88,25,24,28,1397.07,982,983.01,11.25,17.21,17.45,70.25,70.3,68.77,170.65,167.52,3411,3198,0,0,0,0,0,0
8482652,2024,Walker Duehr,SJS,R,all,24,12677,302,-0.3,0.42,0.48,0.43,0.52,0.45,0.52,262,17.24,2.04,1.17,4.04,0.66,9.26,6.83,1.99,1.95,1.9,1,0,15,9,9,33,3,2,1,1,3,0,6,12,13,22,0,0,1,49,0,12,16,4,4,0.38,0.43,1.24,0,1,1,33.2,24,23.84,6,0.25,0.11,1.04,1.26,1.22,1.2,302,26,20,50,206,55,42,42,163,1,8,74218,0,0,0,15,91.52,7.82,7.71,7.66,7.55,81,47,50,178,4,12,1,96,22,10,2.44,2.65,2.73,1,1,2,176.06,128,126.92,1.3,2.33,2.33,6.79,6.7,6.64,113.37,10.59,10.25,10.83,10.47,104,55,73,232,16,12,3,120,29,10,3.42,3.57,3.61,7,4,5,237.61,159,162.24,1.55,2.56,2.56,9.59,9.78,9.65,62.5,66.64,1296,1198,0,0,0,0,0,0
8478400,2024,Colin White,SJS,C,all,3,1315,32,-0.29,0.36,0.46,0.43,0.48,0.5,0.49,35,2.62,0.41,0.27,0.5,0.08,1.07,0.66,0.41,0.4,0.4,0,0,1,2,0,3,0,0,0,0,0,0,2,1,1,3,0,0,3,2,0,1,0,3,0,0,0.41,0,0,0,0,2.97,3,2.97,1,0.06,0,0.13,0.33,0.33,0.33,32,1,3,5,23,2,6,4,20,3,10,9485,0,0,0,1,9.76,0.84,0.84,0.82,0.82,10,3,5,18,0,1,0,9,3,1,0.22,0.41,0.21,0,0,0,17.75,13,12.89,0.15,0.13,0.13,0.86,0.83,0.83,9.79,1.48,1.48,1.51,1.5,11,2,11,24,2,1,0,9,3,1,0.33,0.34,0.81,1,0,1,24.99,13,13.4,0.15,0.09,0.09,1.54,1.57,1.56,7.61,9.04,168,182,0,0,0,0,0,0
8479639,2024,Dylan Coghlan,WPG,D,all,6,5527,121,0.27,0.43,0.56,0.46,0.46,0.48,0.5,31,12.45,0.34,0.7,3.7,0.45,7.67,5.13,0.34,0.35,0.35,0,0,9,9,5,23,0,0,3,0,3,0,6,6,9,18,2,4,0,2,2,8,18,0,0,0.34,0,0,0,0,0,23.55,18,18.46,7,0.15,0.68,0,0.49,0.5,0.5,121,6,14,17,84,12,24,17,68,0,0,16147,4,0,0,7,48.8,4.25,4.16,4.3,4.21,41,26,19,86,3,8,0,50,10,7,1.26,1.13,1.87,2,0,1,87.31,67,67.9,0.7,1.45,1.45,3.51,3.53,3.49,53.08,5.58,5.28,5.63,5.33,42,30,28,100,2,6,0,52,12,8,1.19,1.6,2.79,0,1,1,99.45,72,72.17,0.75,1.35,1.35,4.98,5.02,4.93,12.73,10.07,232,268,0,0,0,0,0,0
8478498,2024,Jake DeBrusk,VAN,L,all,82,81914,1792,43.45,0.56,0.46,0.54,0.48,0.54,0.47,434,180.9,29.45,13.89,39.48,6.28,88.94,62.95,28.17,29.5,28.21,8,12,171,70,63,304,48,28,28,6,20,0,74,91,143,213,8,18,11,96,13,47,133,63,45,4.09,7.65,17.71,4,10,14,305.91,241,242.04,14,3.41,6.6,8.09,24.77,24.77,24.11,1792,323,174,292,1003,186,220,259,1127,11,18,218107,18,26,13,48,707.99,78.82,73.73,78.92,73.8,650,342,404,1396,84,78,14,719,166,107,19.57,20.14,39.13,29,27,28,1396.47,992,993.8,11.7,19.85,19.85,70.67,70.76,68,610.55,61.62,59.83,61.62,59.84,533,322,335,1190,70,57,6,645,142,68,17.93,17.81,25.88,31,16,23,1188.35,855,853.94,8.07,9.85,9.84,59.78,59.78,58.86,151.82,176.19,3199,3535,0,0,0,0,0,0
8484227,2024,Will Smith,SJS,C,all,74,70386,1343,34.45,0.49,0.4,0.52,0.43,0.52,0.43,445,137.21,13.46,9.21,31.93,4.68,75.72,52.02,13.11,13.24,12.91,20,7,127,60,90,277,45,18,10,2,24,0,52,83,109,169,9,18,65,13,13,73,134,40,13,4.09,4.54,4.82,8,5,5,272.17,187,184.79,17,2.05,2.09,2.3,13.2,13.11,12.94,1343,203,120,190,830,168,204,217,754,65,113,198823,18,12,6,16,658.81,61.44,58.35,60.84,57.78,596,309,346,1251,64,65,7,670,173,62,20.26,20.46,20.71,28,21,15,1228.04,905,893.43,10.66,12.66,12.7,59.4,58.84,57.26,601.95,64.62,61.73,65.93,62.97,540,292,302,1134,64,54,7,616,139,77,18.48,17.37,28.78,29,20,15,1172.61,832,852.83,8.2,12.69,13.17,59.64,60.71,59.38,135.94,203.21,2917,3790,0,0,0,0,0,0
8474189,2024,Lars Eller,WSH,C,all,80,63799,1427,27.38,0.48,0.51,0.49,0.51,0.49,0.51,660,108.66,11.81,7.27,25.1,3.61,56.04,44.16,11.05,11.94,11.17,10,2,104,44,57,205,22,10,11,1,24,0,38,65,94,138,18,36,392,57,16,50,101,34,13,3.28,4.53,4,7,1,2,205.43,148,148.04,17,1.54,2.16,2.73,10.62,10.67,10.47,1427,136,215,199,877,254,228,190,755,392,359,227895,36,28,14,35,499.63,49.01,46.94,49.4,47.33,446,242,282,970,38,53,4,506,118,64,14.13,14.94,19.95,17,8,13,974.82,688,691.31,6.69,10.86,10.86,44.84,45.14,44.39,524.71,52.55,49.41,52.88,49.75,466,251,292,1009,48,55,5,505,156,56,14.25,19.35,18.95,19,20,9,1017.78,717,721.84,7.73,11.7,11.79,48.48,48.81,46.91,212.47,200.53,3899,3799,0,0,0,0,0,0
8482070,2024,Mitchell Chaffee,TBL,R,all,66,47659,1027,11.92,0.47,0.54,0.49,0.51,0.48,0.51,574,74.91,10.06,5.33,15.43,2.37,39.62,27.19,9.9,10.22,10.06,3,3,68,32,21,121,18,12,3,4,22,0,26,37,56,88,9,21,4,133,10,29,57,33,10,1.69,4.1,4.27,2,4,6,122.84,100,101.12,3,1.23,1.02,3.25,8.04,8.16,8.07,1027,170,83,190,584,163,158,150,556,4,7,192035,21,31,14,21,361.41,31.99,30.73,32.29,31.02,316,180,193,689,33,28,7,374,91,31,9.53,11.28,11.18,13,10,10,699.74,496,501.16,5.65,6.61,6.61,31.03,31.31,30.78,388.22,35.53,33.21,35.22,32.94,359,172,188,719,29,46,1,387,109,35,11.07,13.84,10.63,10,15,4,706.65,531,523.73,5.37,9.49,9.93,30.98,30.71,30.23,187.99,162.69,3255,3126,0,0,0,0,0,0
8480043,2024,Timothy Liljegren,SJS,D,all,68,78320,1618,12.75,0.46,0.41,0.48,0.45,0.48,0.44,248,114.75,4.85,6.42,31.88,3.8,67.93,48.12,4.72,4.8,4.66,3,8,102,61,88,251,17,6,12,0,23,0,45,77,96,157,20,38,0,64,15,64,150,11,2,3.05,1.17,0.63,5,0,1,245.59,163,160.12,46,1.35,2.25,0.6,5.6,5.53,5.41,1618,155,197,250,1016,176,225,208,1009,0,0,169151,38,16,8,111,670.46,58.81,56.13,58.23,55.56,604,314,347,1265,49,73,7,690,170,58,19.68,20.85,18.27,23,13,13,1241.5,918,906.28,9.94,14.44,14.44,54.31,53.7,52.47,707.3,69.37,66.17,70.27,67.02,633,345,402,1380,74,80,13,730,160,88,20.73,19.49,29.15,28,24,22,1411.27,978,994.52,10.09,17.21,17.21,62.26,63.01,61.83,123.98,175.05,2546,3136,0,0,0,0,0,0
8478458,2024,Jack Roslovic,CAR,C,all,81,67171,1386,53.11,0.57,0.55,0.61,0.58,0.59,0.57,614,162.93,17.06,10.75,37.47,5.41,87.02,62.3,16.09,17.31,16.33,9,8,139,81,68,288,39,22,10,3,23,1,79,85,117,198,5,10,192,14,19,63,155,48,17,5.02,5.74,6.31,9,8,5,293.14,220,222.85,17,2.35,1.44,3.49,15.92,16.24,16.03,1386,254,112,223,797,265,195,208,718,192,163,226249,10,20,9,23,697.82,66.41,60.47,66.81,60.88,581,380,427,1388,54,75,5,715,177,69,20.51,21.49,24.42,25,19,10,1399.83,961,968.16,9.96,13.45,13.45,62.93,63.43,59.45,497.86,49.16,46.98,49.05,46.9,456,215,214,885,60,60,7,464,148,59,13.9,18.39,16.86,26,23,11,882.22,671,670.54,6.91,12.91,12.91,43.16,43.14,42.53,224.75,185.02,4325,3138,0,0,0,0,0,0
8484321,2024,Nikolas Matinpalo,OTT,D,all,41,31020,811,3.92,0.45,0.51,0.48,0.5,0.46,0.51,238,43.94,1.88,2.39,12.84,1.48,25.87,18.54,1.83,1.87,1.83,2,1,43,20,31,94,4,1,9,1,11,0,21,21,42,62,10,20,0,25,8,31,59,3,1,1.17,0.44,0.27,0,0,1,93.98,63,62.86,24,0.48,1.39,0.3,2.05,2.04,2.03,811,70,65,142,534,96,122,77,516,0,0,117784,20,6,3,29,230.24,19.74,18.97,19.89,19.11,209,108,137,454,16,28,2,239,58,20,6.78,7.2,5.75,9,4,3,455.71,317,318.22,3.05,5.65,5.65,17.13,17.19,16.88,265.74,24.28,23.07,24.24,23.05,240,129,128,497,18,43,5,274,67,28,7.69,8.97,7.62,4,11,3,497.91,369,369.44,3.65,8.07,8.07,19.85,19.85,19.56,111,105.97,1967,1974,0,0,0,0,0,0
8478146,2024,Matthew Highmore,OTT,C,all,41,27466,766,3.58,0.38,0.52,0.4,0.51,0.39,0.52,400,38.83,4.72,2.36,9.22,1.27,19.43,16,4.48,4.71,4.47,3,1,33,20,13,66,6,2,7,1,7,0,15,22,31,51,5,10,5,50,4,23,36,10,7,0.82,1.36,2.54,0,0,2,66.04,53,53.28,7,0.49,1.41,1.22,4,3.98,3.93,766,66,90,124,486,96,103,81,486,5,14,121330,10,22,11,19,167.41,14.09,13.5,14.11,13.51,152,82,114,348,9,19,1,184,34,16,4.92,4.25,4.92,4,2,3,348.38,234,234.82,2.17,3.4,3.4,12.87,12.8,12.6,269.64,22.93,21.82,22.91,21.81,253,120,141,514,21,30,5,286,59,28,7.7,7.15,8.07,8,6,7,512.95,373,373.44,4.15,5.29,5.29,21.79,21.73,21.12,116.95,105.94,2068,1969,0,0,0,0,0,0
8480075,2024,Cameron Crotty,MIN,D,all,1,308,6,0.05,0.86,0.77,0.75,0.68,0.75,0.71,6,0,0,0,0,0,0,0,0,0,0,0,0,0,0,0,0,0,0,0,0,0,0,0,0,0,0,0,0,0,0,0,0,0,0,0,0,0,0,0,0,0,0,0,0,0,0,0,0,0,0,0,6,0,0,0,6,0,0,1,5,0,0,3459,0,0,0,0,4.81,0.34,0.31,0.34,0.32,4,2,0,6,0,0,0,5,1,0,0.15,0.19,0,0,0,0,5.81,6,5.78,0.05,0,0,0.39,0.39,0.36,1.5,0.05,0.05,0.05,0.05,2,0,0,2,1,0,0,2,0,0,0.05,0,0,1,0,0,2.1,2,2.09,0.01,0,0,0.07,0.07,0.07,4.34,1.29,66,31,0,0,0,0,0,0
8477508,2024,Curtis Lazar,NJD,C,all,48,30433,772,-0.27,0.38,0.53,0.39,0.54,0.37,0.53,503,29.24,2.84,1.85,6.96,0.94,14.85,12.56,2.7,2.85,2.71,2,1,27,13,11,51,5,2,2,0,4,0,11,21,25,38,7,14,205,107,3,11,27,11,2,0.93,1.31,0.6,1,1,0,51.16,40,40.42,6,0.39,0.86,0.6,2.63,2.67,2.64,772,60,106,111,495,89,76,88,519,205,195,144259,14,14,7,17,161.83,15.8,15.18,15.89,15.28,146,73,112,331,10,15,2,159,39,21,4.01,4.85,6.95,4,2,4,333.5,219,220.53,2.1,3.66,3.66,14.26,14.38,14.13,273.74,26.33,24.07,26.37,24.1,251,127,130,508,20,34,2,289,57,32,8.31,7.42,10.59,8,9,3,508.05,378,377.37,4,7.95,7.95,22.37,22.32,21.65,136.03,119.02,2607,2217,0,0,0,0,0,0
8481656,2024,Aliaksei Protas,WSH,C,all,76,75040,1630,69.14,0.5,0.53,0.49,0.5,0.5,0.51,361,162.05,21.73,10.31,34.53,5.18,77.38,68.88,20.97,21.78,21.02,25,11,143,75,32,250,66,30,13,0,24,1,54,96,113,188,10,18,6,20,19,56,132,67,19,4.59,8.84,8.3,9,12,9,253.12,218,219.95,24,2.21,3.68,3.39,20.54,20.62,20.16,1630,246,175,262,947,209,287,259,875,6,19,201594,18,30,15,33,635.39,64.72,62.19,65.15,62.62,556,323,325,1204,87,46,6,639,180,60,19.05,22.83,22.83,31,34,22,1217.31,879,888.42,8.18,9.64,9.72,63.18,63.64,61.96,637.84,64.15,60.28,64.03,60.17,561,319,351,1231,58,70,5,635,167,78,18.06,21,25.1,19,25,14,1220.98,880,874.74,9.65,15.4,15.4,58.4,58.33,56.8,187.43,168.12,3321,3282,0,0,0,0,0,0
8476473,2024,Connor Murphy,CHI,D,all,68,84109,1668,12.4,0.39,0.45,0.41,0.47,0.41,0.46,204,80.62,3.57,4.63,21.89,2.72,49.12,36.08,3.52,3.54,3.49,3,14,84,34,75,193,19,2,8,0,21,0,34,53,82,116,24,52,0,117,17,64,112,4,2,2.4,0.49,0.68,1,0,1,190.75,118,116.7,42,0.93,1.59,0.67,3.83,3.8,3.76,1668,76,277,290,1025,200,198,220,1050,0,0,162944,52,40,17,160,554.88,48.32,46.67,48.42,46.81,545,214,289,1048,51,57,4,582,127,50,15.96,16.4,15.96,27,16,8,1039.2,759,756.03,7.18,12.18,11.55,43.95,44.08,43.68,792.12,75.09,71.31,75.12,71.33,726,360,446,1532,72,91,13,812,186,88,23.47,24.27,27.34,22,29,21,1537.71,1086,1091.6,12.78,17.25,17.25,70.61,70.47,68.37,124.13,152.27,2361,2703,0,0,0,0,0,0
8481528,2024,Dylan Cozens,OTT,C,all,82,83939,1904,45.19,0.52,0.48,0.54,0.49,0.53,0.49,389,186.97,22.91,13.28,42.81,6.18,99.04,68.78,22.18,22.98,22.23,20,11,188,65,79,332,47,16,22,2,35,0,81,99,172,237,22,58,587,205,15,68,163,63,27,5.56,7.77,9.57,9,4,3,333.12,253,254.45,26,3.03,4.53,6.06,19.88,19.97,19.65,1904,356,242,272,1034,257,283,341,1023,587,573,213456,58,32,13,45,818.7,86.31,79.59,86.34,79.62,771,351,437,1559,84,93,11,808,218,96,24.93,26.88,34.5,39,28,17,1559.15,1122,1122.49,13.55,21.54,21.04,78.82,78.81,75.49,709.52,80.27,76.41,80.64,76.77,666,313,333,1312,86,69,13,706,173,100,20.67,21.45,38.15,26,28,32,1311.89,979,982.1,10.22,14.77,14.77,75.72,76.05,73.88,176.45,188.6,3370,3573,0,0,0,0,0,0
8483499,2024,Liam Ohgren,MIN,L,all,24,15992,312,2.4,0.41,0.53,0.46,0.47,0.47,0.48,234,35.69,2.87,2.18,9.01,1.22,19.24,14.5,2.79,2.93,2.84,2,1,32,17,17,66,5,2,4,1,7,0,17,19,30,47,1,2,0,24,5,9,37,10,2,1.1,1.16,0.6,0,2,0,66.29,49,49.36,1,0.46,0.6,0.65,2.67,2.74,2.71,312,35,33,41,203,43,53,42,174,0,0,70674,2,2,1,12,122.03,7.36,7.19,7.54,7.36,113,56,72,241,9,10,1,142,25,2,3.51,3.25,0.6,6,3,0,244.78,169,172.14,1.62,1.1,1.1,7.88,8.08,7.97,138.96,10.64,10.43,10.61,10.39,122,72,86,280,13,6,1,145,42,7,3.93,4.94,1.77,7,3,3,279.73,194,193.86,1.84,1.11,1.11,11.37,11.31,11.17,64.97,58.64,1082,1235,0,0,0,0,0,0
8481065,2024,Angus Crookshank,OTT,L,all,8,4720,114,2.87,0.57,0.45,0.6,0.48,0.59,0.48,87,8.64,1.18,0.63,2.08,0.32,4.62,3.17,1.12,1.09,1.03,1,0,9,3,9,21,1,0,0,0,1,0,3,8,9,12,0,0,1,11,0,6,6,3,3,0.18,0.37,0.64,0,0,0,20.03,12,11.16,2,0.13,0,0.2,1.11,1.03,1,114,20,8,20,66,18,6,17,73,1,2,24228,0,2,1,4,33.65,2.76,2.68,2.58,2.52,32,15,33,80,3,1,0,36,7,4,1.03,0.89,0.84,3,0,0,75.7,47,44.21,0.45,0.2,0.2,3.01,2.82,2.78,24.61,2.1,2.06,2.21,2.16,26,7,20,53,4,2,0,25,7,1,0.79,1.05,0.27,1,2,1,55.8,33,35.08,0.3,0.27,0.27,2.13,2.24,2.23,20.17,24.75,409,436,0,0,0,0,0,0
8478500,2024,Ivan Provorov,CBJ,D,all,82,114901,2021,30.55,0.44,0.51,0.45,0.51,0.45,0.51,179,100.83,5.55,5.96,28.27,3.4,59.41,44.41,5.44,5.56,5.44,12,14,100,47,122,269,33,7,6,1,31,0,51,52,93,140,14,31,0,28,29,120,135,9,3,3.07,1,1.49,4,1,2,267.44,147,146.11,79,1.27,1.2,0.21,6.61,6.61,6.46,2021,206,325,337,1153,233,240,341,1207,0,0,183914,31,31,14,127,881.75,87.21,82.68,87.58,83.03,815,395,479,1689,96,94,13,893,217,100,24.07,26.33,36.81,24,44,28,1697.12,1210,1215.12,12.16,20.71,20.71,78.67,78.99,76.29,1082.19,113.03,105.14,113.5,105.52,987,496,576,2059,111,130,16,1063,288,132,30.72,36.55,45.76,34,42,35,2061.7,1483,1486.94,17.34,28.61,28.61,101.76,101.96,97.56,157.95,153.69,3180,3104,0,0,0,0,0,0
8476952,2024,Dominic Toninato,WPG,C,all,5,2479,61,-0.19,0.32,0.61,0.41,0.53,0.47,0.55,58,3.01,0.08,0.11,0.8,0.09,1.46,1.46,0.08,0.08,0.08,0,0,2,2,0,4,0,0,0,0,0,0,2,2,2,4,0,0,3,7,0,2,4,0,0,0.08,0,0,0,0,0,3.75,4,3.75,0,0.02,0,0,0.1,0.1,0.1,61,6,9,8,38,7,8,7,39,3,2,15521,0,0,0,3,13.14,0.44,0.44,0.43,0.43,13,5,11,29,0,0,0,16,2,0,0.27,0.17,0,0,0,0,28.35,18,17.57,0.11,0,0,0.56,0.54,0.54,14.21,0.95,0.94,0.98,0.97,11,9,22,42,0,1,0,17,1,2,0.27,0.1,0.57,0,0,0,42.43,20,20.01,0.17,0.22,0.22,0.89,0.93,0.93,15.55,10.04,279,246,0,0,0,0,0,0
8483506,2024,Sam Rinzel,CHI,D,all,9,12615,232,3.65,0.56,0.33,0.5,0.4,0.49,0.39,11,25.72,1.67,1.39,6.35,0.79,14.38,11.42,1.3,1.67,1.3,1,4,22,14,15,51,5,0,1,0,4,0,12,19,22,36,0,0,0,12,2,13,32,3,1,0.93,0.28,0.47,0,0,0,51.14,36,35.89,6,0.31,0.02,0,1.98,1.98,1.58,232,26,31,35,140,23,31,30,148,0,0,20733,0,2,1,4,116.21,14.7,13.48,14.74,13.53,100,57,46,203,13,11,2,103,36,18,2.98,4.54,7.19,3,4,6,203.84,157,157.47,1.75,2.52,2.96,13.49,13.59,12.59,116.02,11.76,11.34,11.78,11.35,101,61,43,205,12,17,0,116,32,14,3.64,4.02,4.11,7,3,2,203.93,162,160.74,1.84,2.96,2.96,10.64,10.64,10.43,12.13,24.9,245,375,0,0,0,0,0,0
8481032,2024,Paul Cotter,NJD,C,all,79,61991,1377,21.19,0.51,0.53,0.52,0.52,0.5,0.51,656,109.73,12.94,7.75,24.14,3.5,55.97,41.68,12.44,13.23,12.71,4,2,90,56,56,202,22,16,13,4,16,0,43,58,74,130,23,52,41,245,17,39,97,32,17,3.46,4.17,5.32,7,4,5,205.52,146,149,11,1.68,2.62,2.91,11.71,11.9,11.74,1377,143,128,178,928,202,176,169,830,41,37,224927,52,37,17,32,477.12,44.22,42.31,44.66,42.72,433,218,283,934,33,55,8,484,117,50,13.65,14.78,15.78,13,11,9,939.68,651,654.37,6.67,10.71,10.73,40.15,40.46,39.84,461.33,42.41,40.92,42.46,40.95,399,240,238,877,45,46,3,479,114,46,13.86,14.43,14.12,24,16,5,871.1,639,634.24,6.1,10.82,10.82,37.69,37.46,36.91,223.15,194.47,3897,3642,0,0,0,0,0,0
8484203,2024,Bradly Nadeau,CAR,L,all,2,1378,30,2,0.64,0.43,0.65,0.5,0.66,0.48,21,6.04,0.46,0.39,1.4,0.2,3.14,2.4,0.46,0.47,0.46,1,0,8,0,0,8,1,0,1,0,1,0,3,3,8,8,0,0,0,2,0,0,6,2,0,0.13,0.33,0,0,0,0,7.95,8,7.94,0,0.08,0.54,0.16,0.39,0.39,0.38,30,7,3,1,19,4,3,9,14,0,0,5822,0,0,0,1,20.32,1.79,1.69,1.83,1.73,21,6,3,30,2,3,1,21,5,1,0.52,0.74,0.54,0,1,1,30.25,27,27.3,0.29,0.73,0.73,1.36,1.4,1.38,9.49,1,1,1,0.99,9,5,2,16,2,0,0,13,0,1,0.42,0,0.58,1,0,1,16.01,14,13.95,0.11,0,0,1.11,1.1,1.1,4.16,5.51,94,94,0,0,0,0,0,0
8483609,2024,Adam Klapka,CGY,R,all,31,17953,423,9.85,0.55,0.5,0.49,0.53,0.49,0.52,322,43.87,4.84,3.18,10.81,1.41,22.5,16.25,4.6,4.8,4.55,4,0,44,15,16,75,10,6,5,1,14,0,13,21,38,53,8,19,6,108,6,11,36,19,4,0.95,2.6,1.29,1,4,1,74,59,58.86,7,0.66,1.17,1.32,4.19,4.15,4.1,423,48,29,50,296,65,61,57,240,6,11,95842,19,11,4,25,143.6,13.51,12.86,13.43,12.79,130,69,105,304,12,15,4,148,39,12,3.93,5.24,4.33,3,6,3,299.43,199,197.06,1.95,3.32,3.32,12.14,12.05,11.92,146.66,11.18,11.05,11.32,11.19,134,71,115,320,15,10,1,167,32,6,5.08,3.87,2.23,6,7,2,323.36,205,206.9,1.89,1.71,1.71,11.37,11.46,11.4,82.06,83.59,1734,1563,0,0,0,0,0,0
8481161,2024,Jake Christiansen,CBJ,D,all,68,51163,1005,4.5,0.41,0.48,0.43,0.49,0.44,0.49,365,62.7,1.75,2.98,19.18,2.26,35.03,26.81,1.72,1.75,1.73,4,3,58,30,47,135,8,1,9,0,22,1,18,37,57,87,4,11,0,50,8,51,87,0,1,1.5,0,0.26,1,0,0,135.94,88,88.45,32,0.6,1.32,0.29,2.06,2.06,2.04,1005,68,98,169,670,166,179,129,531,0,0,196623,11,7,2,65,383.55,31.08,29.5,31.36,29.77,361,167,199,727,39,50,3,408,88,32,10.38,11.04,9.67,15,20,4,734.05,528,532.84,5.01,9.54,9.54,26.55,26.86,26.42,496.4,43.84,41.81,43.98,41.9,429,254,280,963,36,58,10,507,134,42,14.25,17.2,12.39,11,14,11,961.42,683,684.07,6.83,11.61,11.61,39.05,39.04,38.18,166.33,181.01,3193,3382,0,0,0,0,0,0
8480834,2024,Ty Emberson,EDM,D,all,76,68917,1474,16.4,0.42,0.59,0.44,0.57,0.44,0.57,397,64.97,2.07,3.38,19.32,2.24,38.26,28.72,2.02,2.08,2.03,7,4,62,32,60,154,13,2,9,0,22,0,22,39,60,92,6,18,0,125,32,47,92,2,0,1.79,0.27,0,1,1,0,153.57,94,93.75,27,0.69,1.74,0.3,2.45,2.45,2.4,1474,98,217,165,994,184,169,150,971,0,0,206641,18,26,10,97,480.94,43.77,42.1,44.27,42.57,457,210,259,926,42,54,5,498,128,41,13.7,15.95,14.12,20,14,8,938.08,667,675.8,6.33,11.13,10.78,39.32,39.76,39.23,620.08,59.8,56.77,59.85,56.8,582,266,345,1193,63,62,11,648,130,70,18.77,15.88,25.15,28,19,16,1186.2,848,845.12,9.45,14.8,14.8,54.45,54.28,52.42,209.72,147.01,3855,2939,0,0,0,0,0,0
8475149,2024,Marcus Johansson,MIN,L,all,72,70776,1313,29.52,0.53,0.49,0.51,0.47,0.52,0.47,396,127.41,12.42,8.75,28.78,3.99,67.6,50.46,12.12,12.53,12.23,16,7,121,51,67,239,34,11,11,1,19,0,56,75,110,161,6,12,5,49,12,41,130,28,14,4.43,3.63,4.35,6,2,3,239.89,172,172.9,17,1.95,1.9,2.11,12.25,12.36,12.17,1313,179,158,225,751,204,192,183,734,5,15,191808,12,22,10,25,611.03,54.83,52.27,54.97,52.39,563,285,334,1182,51,61,5,647,142,59,17.88,17.75,19.2,22,18,11,1178.56,848,846.76,8.97,12.69,12.69,51.11,51.16,49.71,570.18,48.9,46.29,49.21,46.59,540,254,341,1135,49,46,3,631,108,55,17.59,12.96,18.34,22,14,13,1143.8,794,799.85,7.43,9.78,9.78,46.54,46.83,45.4,154.55,158.71,2959,3332,0,0,0,0,0,0
8483549,2024,Lucas Condotta,MTL,L,all,7,3445,82,1.03,0.43,0.51,0.5,0.52,0.46,0.51,84,4.94,0.69,0.33,0.98,0.14,2.78,2.09,0.68,0.69,0.68,0,0,5,2,3,10,1,1,0,0,0,0,1,5,4,6,0,0,17,10,0,2,3,3,1,0.07,0.37,0.24,0,1,0,10.07,7,6.94,0,0.07,0,0,0.75,0.76,0.75,82,9,7,9,57,8,9,10,55,17,12,21755,0,0,0,3,20.4,1.44,1.43,1.45,1.43,15,14,22,51,2,1,0,23,5,1,0.61,0.6,0.24,1,1,0,50.47,29,28.7,0.25,0.05,0,1.69,1.69,1.68,24.88,1.88,1.87,1.95,1.94,26,8,17,51,4,1,1,25,7,2,0.53,0.82,0.52,0,2,2,52.18,34,34.71,0.29,0.29,0.29,1.88,1.91,1.91,17.33,16.79,325,296,0,0,0,0,0,0
8478831,2024,Kevin Stenlund,UTA,C,all,82,70607,1783,30.3,0.38,0.56,0.41,0.55,0.42,0.55,593,112.43,12.47,6.5,25.55,3.57,56.36,46.55,12.16,12.63,12.3,8,6,103,48,46,197,28,14,5,0,18,0,53,61,89,137,19,40,623,50,16,50,100,39,12,3.13,4.51,4.83,6,4,4,199.13,151,153.42,22,1.36,0.96,2.08,11.76,11.81,11.71,1783,188,501,236,858,225,168,242,1148,623,430,229046,40,34,17,64,499.7,43.56,41.97,43.76,42.17,429,252,277,958,40,42,2,511,128,42,15.01,15.2,13.35,21,10,9,964.52,681,687.01,6.38,7.51,7.51,42.43,42.65,41.88,686.52,69.67,65.92,69.52,65.8,625,310,422,1357,74,68,13,682,179,74,19.52,22.57,27.58,23,25,26,1356.86,935,932.99,11.46,13.86,13.86,67.27,67.21,64.72,229.14,180.59,4124,3395,0,0,0,0,0,0
8482858,2024,Ryker Evans,SEA,D,all,73,85325,1520,14.88,0.45,0.48,0.46,0.49,0.47,0.49,252,77.72,3.21,3.99,21.68,2.54,44.29,33.28,3.07,3.17,3.03,10,10,59,50,65,174,25,5,5,1,23,0,35,41,54,104,15,30,0,123,12,73,102,6,1,2.12,0.83,0.25,4,1,0,170.97,109,107.22,47,0.83,0.55,0.39,3.65,3.61,3.51,1520,155,168,224,973,190,249,221,860,0,0,179322,30,18,9,106,646.36,52.44,50.03,51.88,49.51,584,319,321,1224,56,54,7,716,142,45,20.22,17.85,14.37,29,20,7,1203.06,903,891.58,8.88,11.96,12.42,48.91,48.46,47.15,734.89,64.86,62.7,65.8,63.61,646,379,413,1438,74,68,11,783,182,60,22.59,22.29,19.98,30,27,17,1465.68,1025,1041.81,10.49,13.23,13.23,62.12,62.92,61.78,158.77,173.42,3026,3129,0,0,0,0,0,0
8481743,2024,Marc Del Gaizo,NSH,D,all,46,46236,1007,10.4,0.51,0.5,0.48,0.52,0.49,0.51,214,71.99,3.31,4.14,20.22,2.55,42.67,30.1,3.18,3.31,3.19,4,3,76,27,55,158,9,2,6,0,13,1,33,48,74,101,9,21,0,71,19,38,93,10,0,2.09,1.22,0,2,0,0,156.74,103,102.51,30,0.85,1.05,0.39,3.77,3.78,3.64,1007,69,91,141,706,127,141,119,620,0,0,120526,21,7,2,53,367.94,33.37,31.45,33.42,31.51,352,155,210,717,29,46,6,372,101,34,10.16,12.82,10.39,9,14,6,713.01,507,505.2,5.04,9.65,9.65,28.75,28.81,28.2,377.72,31.7,30.54,31.82,30.65,366,155,249,770,33,33,3,398,92,31,11.74,10.79,9.17,15,12,6,773.98,521,523.47,5.11,5.87,5.87,30.95,31.04,30.46,109.63,111.64,1991,1869,0,0,0,0,0,0
8478397,2024,Rasmus Andersson,CGY,D,all,81,116568,2658,37.17,0.44,0.53,0.48,0.54,0.48,0.53,135,182.89,9.51,10.35,49.05,6.28,107.05,75.76,9.26,9.54,9.3,7,13,163,95,120,378,31,11,13,0,53,2,77,102,152,247,26,60,0,36,30,107,236,15,7,5.21,1.82,2.48,9,1,1,373.81,258,256.04,56,2.28,2.54,1.43,10.36,10.38,10.18,2658,258,430,381,1589,233,258,349,1818,0,0,179951,60,38,19,196,1030.23,96.71,93.08,96.68,93.03,950,480,563,1993,72,94,8,1090,225,115,29.13,28.14,39.44,27,17,28,1982.88,1430,1424.83,14.81,17.11,17.11,94.42,94.26,91.81,1144.64,124.15,117.99,124.65,118.45,1048,532,618,2198,129,102,17,1149,293,138,33.04,35.89,55.22,35,47,47,2211.21,1580,1588.28,17.84,24.05,24.05,117.95,118.3,114.92,142.52,125.31,3164,2695,0,0,0,0,0,0
8481624,2024,Ilya Mikheyev,CHI,R,all,80,75249,1571,28.7,0.43,0.43,0.44,0.44,0.44,0.44,480,138.37,16.3,9.35,29.66,4.35,66.75,56.62,15.59,16.28,15.58,7,7,138,45,38,221,34,20,18,3,14,0,49,82,118,163,8,16,1,34,21,54,119,43,21,3.79,5.51,6.99,7,9,4,220.19,183,182.88,17,1.99,3.48,3.97,14.31,14.31,14.16,1571,122,226,288,935,194,189,209,979,1,11,215311,16,10,5,15,492.92,44.65,42.83,44.52,42.72,461,221,249,931,60,54,6,530,102,50,14.66,12.57,17.42,27,17,16,919.58,682,676.1,6.53,10.98,10.95,40.22,40.17,39.65,637.38,59.48,56.28,59.72,56.52,601,280,317,1198,73,65,9,676,142,63,19.51,17.23,22.73,28,29,16,1204.78,881,886.03,10.11,13.62,13.62,55.97,56.16,54.82,158.93,213.61,3030,3823,0,0,0,0,0,0
8480844,2024,Grigori Denisenko,VGK,L,all,1,507,12,-0.11,0.49,0.53,0.54,0.52,0.38,0.54,12,0.74,0.05,0.05,0.18,0.02,0.45,0.25,0.05,0.06,0.06,0,0,0,1,1,2,0,0,0,0,0,0,0,1,0,1,1,2,0,5,0,0,1,0,0,0.05,0,0,0,0,0,2.13,1,1.1,0,0.01,0,0,0.06,0.07,0.07,12,4,1,1,6,3,3,0,6,0,1,3093,2,0,0,0,2.02,0.09,0.09,0.1,0.1,2,1,4,7,0,0,0,3,0,0,0.09,0,0,0,0,0,7.37,3,3.23,0.03,0,0,0.11,0.12,0.12,3.62,0.09,0.09,0.09,0.09,2,3,1,6,0,0,0,5,0,0,0.09,0,0,0,0,0,5.6,5,4.69,0.03,0,0,0.12,0.11,0.11,3.87,3.41,65,60,0,0,0,0,0,0
8471677,2024,Jack Johnson,CBJ,D,all,41,31668,627,0.82,0.35,0.53,0.4,0.52,0.39,0.52,220,25.4,0.87,1.33,6.97,0.83,15.43,11.57,0.85,0.86,0.84,2,4,23,14,23,60,6,0,4,0,11,0,9,13,23,37,1,2,0,21,8,19,36,1,0,0.69,0.18,0,0,0,0,58.52,37,36.33,12,0.26,0.5,0,1.13,1.11,1.09,627,42,76,86,423,89,97,102,339,0,0,117890,2,4,1,35,215.99,18.28,17,18.15,16.91,201,98,125,424,21,26,4,238,34,27,6.32,4.46,7.49,9,6,6,418.57,299,295.88,2.78,5.27,5.27,15.79,15.71,15.1,341.49,34.18,32.82,34.56,33.18,306,162,156,624,45,43,7,336,98,34,9.73,12.29,12.16,18,11,16,629.99,468,472.96,5.49,8.12,8.12,31.55,31.88,31.21,110.12,98.42,2092,1951,0,0,0,0,0,0
8480336,2024,Sean Walker,CAR,D,all,82,82822,1706,47.5,0.54,0.56,0.6,0.58,0.59,0.57,410,157.84,8.75,8.7,44.34,5.17,90.57,64.48,7.43,8.73,7.43,6,5,144,78,153,375,16,5,13,0,36,0,78,90,139,217,22,46,0,91,40,67,202,15,5,4.62,1.76,2.37,3,2,0,376,222,223.11,40,1.89,2.48,0.76,9.87,9.91,8.64,1706,247,148,285,1026,283,226,246,951,0,0,214198,46,16,8,90,820.11,71.93,67,72.26,67.36,698,424,488,1610,48,86,5,837,207,78,24.48,25.31,22.14,27,18,3,1624.35,1122,1129.96,11.17,15.88,16.12,66.98,67.33,63.9,591.41,61.28,58.48,61.34,58.55,538,257,287,1082,59,72,9,540,180,75,16.02,22.29,22.96,22,23,14,1079.97,795,795.58,8.67,16.64,16.64,53.31,53.46,52.53,221.14,175.57,4150,3000,0,0,0,0,0,0
8477392,2024,Hudson Fasching,NYI,R,all,43,28591,653,10.77,0.55,0.47,0.54,0.5,0.54,0.5,409,53.99,5.59,3.93,13.17,1.96,26.33,20.03,5.23,5.45,5.1,1,1,51,20,19,90,4,2,6,1,12,0,25,26,49,69,3,6,2,28,9,27,40,27,4,1.09,3.36,1.14,0,2,0,88.35,71,70.15,9,0.84,1.43,1.43,5,4.88,4.75,653,62,61,125,405,110,97,74,372,2,8,128037,6,8,4,17,258.45,22.71,21.42,22.31,21.03,245,107,146,498,10,30,2,257,75,20,7.22,9.62,5.86,5,4,1,489.44,352,346.6,3.6,6.58,6.58,19.72,19.44,18.91,214.56,18.51,17.84,18.58,17.92,190,104,125,419,14,19,2,222,57,15,6.56,7.29,4.66,9,4,1,426.68,294,297.27,2.9,4.12,4.12,17.29,17.38,17.05,112.71,125.07,2257,2235,0,0,0,0,0,0
8480890,2024,Jan Jenik,OTT,C,all,2,923,22,-0.86,0.1,0.39,0.29,0.5,0.17,0.48,22,0,0,0,0,0,0,0,0,0,0,0,0,0,0,2,2,0,0,0,0,0,0,0,0,0,0,0,0,1,2,0,0,0,0,0,0,0,0,0,0,0,1.86,0,0,0,0,0,0,0,0,0,22,0,0,3,19,5,3,3,11,1,2,6418,0,0,0,0,2.91,0.11,0.11,0.11,0.11,4,0,6,10,0,0,0,4,0,0,0.11,0,0,0,0,0,9.57,4,3.85,0.03,0,0,0.14,0.14,0.14,14.59,1.05,1,1.05,1,16,4,4,24,1,2,1,16,2,2,0.29,0.23,0.52,0,0,1,25.15,20,20.91,0.18,0.52,0.52,0.71,0.72,0.71,4.79,7.39,110,111,0,0,0,0,0,0
8478445,2024,Mathew Barzal,NYI,C,all,30,36629,648,31.62,0.63,0.41,0.63,0.48,0.63,0.48,53,83.66,8.2,5.83,19.37,2.94,47.77,31.89,7.84,8.2,7.83,11,3,78,38,55,171,20,6,5,0,17,1,45,42,72,110,2,4,22,24,10,36,86,21,9,2.78,2.5,2.92,1,2,3,170.84,116,116.36,10,1.29,0.75,1.2,8.3,8.31,8.01,648,112,64,102,370,117,75,93,363,22,30,72348,4,10,5,24,414.25,41.26,39.63,41.47,39.82,378,200,237,815,37,34,4,405,135,38,12.55,16.27,12.44,10,19,8,817.26,578,578.93,6.79,6.71,6.71,41.35,41.53,40.23,247.48,24.42,23.5,24.53,23.6,232,104,148,484,22,25,0,250,57,29,7.31,7.56,9.54,8,5,9,486.92,336,337.95,3.41,5.56,5.56,22.28,22.29,21.83,46.43,65.74,1144,1255,0,0,0,0,0,0
8478042,2024,Viktor Arvidsson,EDM,L,all,67,60286,1227,41.77,0.58,0.54,0.57,0.53,0.57,0.54,398,166.81,16.18,10.16,41.2,5.58,85.06,64.81,15.27,16.23,15.32,9,3,158,65,78,301,27,15,14,2,31,0,67,96,143,208,12,24,17,32,15,67,165,39,19,4.91,4.79,6.49,5,4,6,303.05,223,225.11,15,2.18,4.05,4.94,13.43,13.45,13.3,1227,190,130,198,709,214,176,163,674,17,35,182967,24,16,8,23,616.19,55.54,52.82,55.75,53.01,572,269,308,1149,44,53,5,642,140,59,17.7,17.4,20.45,18,13,13,1151.27,841,846.83,8.33,12.51,12.73,51.14,51.26,50.27,452.7,40.34,38.97,40.59,39.19,427,195,246,868,45,44,9,460,122,40,13.85,14.94,11.56,18,17,10,873.78,622,624.7,6.04,8.98,8.98,37.4,37.55,37.05,174.18,147.23,3157,2776,0,0,0,0,0,0
8479407,2024,Jesper Bratt,NJD,L,all,81,92088,1903,82.52,0.61,0.48,0.58,0.48,0.57,0.48,270,209.18,26.19,14.95,46.6,6.76,110.61,78.88,25.03,26.28,25.1,36,31,180,104,107,391,88,21,23,0,38,1,87,114,159,263,8,18,0,96,11,62,196,54,34,6.55,6.64,13,10,4,7,391.15,284,284.9,18,3.37,5.29,4.41,25.16,25.13,24.44,1903,352,112,266,1173,181,243,278,1201,0,3,202120,18,26,13,42,1004.75,125.31,117.27,125.76,117.66,901,462,561,1924,121,107,13,921,282,160,28.44,35.07,61.81,34,36,51,1933.44,1363,1370.42,17.76,25.59,25.78,117.29,117.6,112.28,749.07,81.52,76.78,81.89,77.11,677,356,364,1397,76,85,14,750,191,92,21.49,23.69,36.34,24,27,25,1395.35,1033,1032.79,11.2,19.1,19.1,73.63,73.74,70.7,148.24,159.31,3013,3220,0,0,0,0,0,0
8480828,2024,Michael Callahan,BOS,D,all,17,14426,341,-1.83,0.37,0.5,0.42,0.5,0.41,0.5,101,10.75,0.26,0.46,3.08,0.33,6.07,4.79,0.25,0.26,0.25,0,0,9,6,14,29,1,1,1,0,3,0,3,7,8,14,2,7,0,8,1,11,15,0,0,0.26,0,0,1,0,0,28.96,15,15.18,10,0.09,0.01,0,0.35,0.35,0.33,341,5,42,43,251,60,48,35,198,0,0,47241,7,5,1,12,106.78,7.55,7.29,7.48,7.22,99,51,56,206,9,9,0,121,23,6,3,2.96,1.6,2,6,1,204.53,150,149.16,1.33,1.11,1.07,7.81,7.77,7.69,156.67,13.07,12.56,13.22,12.71,136,81,67,284,14,17,0,169,39,9,5.07,4.83,3.17,11,3,0,284.98,217,217.09,2.06,4,4,11.14,11.25,11.03,42.08,41.49,774,767,0,0,0,0,0,0
8476881,2024,Tomas Hertl,VGK,C,all,73,74971,1417,65.71,0.66,0.48,0.6,0.47,0.61,0.47,343,203,33.02,16.77,43.27,6.62,101.16,64.17,29.83,33.24,30.02,16,13,177,88,55,320,61,32,26,7,29,1,94,83,145,233,10,20,536,99,29,45,133,75,57,4.29,9.66,19.08,6,10,16,323.36,265,267.59,17,4.03,6.49,10.09,26.95,27.11,24.95,1417,347,172,177,721,187,192,260,778,536,422,190124,20,16,8,56,841.52,102.74,94.26,103.21,94.7,789,351,394,1534,98,96,10,780,217,143,23.53,26.95,52.25,25,29,44,1546.91,1140,1145.61,14.33,21.54,21.5,95.56,95.93,90.37,518.34,52.66,48.99,52.63,48.98,454,263,324,1041,57,62,11,531,121,65,15.68,14.85,22.13,24,14,19,1038.77,717,716.75,7.2,14.14,14.47,45.4,45.46,44.32,148.65,159.92,2925,3288,0,0,0,0,0,0
8484255,2024,Jason Polin,COL,R,all,2,622,14,0.48,0.64,0.5,0.52,0.5,0.55,0.47,23,2.01,0.11,0.11,0.64,0.09,1.12,0.93,0.1,0.11,0.1,0,0,3,0,3,6,0,0,0,0,0,0,1,2,3,3,0,0,1,1,0,0,3,0,0,0.11,0,0,0,0,0,5.93,3,2.98,0,0.02,0,0,0.13,0.13,0.12,14,1,1,3,9,4,1,0,9,1,0,6841,0,2,1,1,4.21,0.53,0.52,0.51,0.49,3,3,5,11,0,0,0,4,1,1,0.13,0.09,0.31,0,0,0,10.84,6,5.89,0.06,0,0,0.59,0.56,0.55,3.14,0.3,0.28,0.3,0.27,1,4,5,10,0,2,0,3,2,0,0.11,0.2,0,0,0,0,9.62,5,4.92,0.06,0.09,0.09,0.28,0.28,0.26,4.15,4.19,111,111,0,0,0,0,0,0
8480459,2024,Pius Suter,VAN,C,all,81,84292,1890,42,0.49,0.49,0.48,0.5,0.47,0.5,345,142.92,19.84,10.58,31.32,4.93,72.49,55.81,18.49,19.87,18.52,12,9,138,57,68,263,46,25,19,2,22,0,61,68,113,170,9,18,372,59,19,52,116,52,27,4.31,6.44,9.09,8,10,7,263.31,195,195.73,17,2.38,3.94,5.32,16.89,16.99,16.32,1890,197,352,276,1065,230,197,262,1201,372,502,212036,18,10,5,43,631.64,69.27,65.38,69.45,65.57,589,293,365,1247,74,74,13,655,133,94,17.92,15.84,35.52,25,21,28,1254.89,882,888.87,9.28,18.46,18.46,60.1,60.38,58.72,714.44,70.95,67.63,70.88,67.57,626,368,366,1360,75,64,11,746,166,82,20.41,20.56,29.97,30,16,29,1361.64,994,994.86,11.29,14.05,14.05,68.19,68.08,66,158.97,164.78,3289,3308,0,0,0,0,0,0
8480003,2024,Jesper Boqvist,FLA,C,all,78,61991,1525,25.22,0.46,0.56,0.48,0.58,0.46,0.57,640,95.87,10.54,6.71,22.83,3.33,50.81,37.77,9.9,10.68,10.03,6,5,87,45,35,167,23,12,9,1,20,0,46,45,75,120,7,14,71,191,18,33,85,34,13,2.8,3.98,3.77,5,5,2,170,132,134.16,12,1.42,1.44,3.12,8.84,8.93,8.78,1525,206,156,222,941,249,210,212,854,71,97,221726,14,20,10,27,453.39,39.33,37.57,39.41,37.67,412,220,293,925,38,48,7,488,105,39,14.25,13.07,12.01,19,11,8,935.6,632,637.98,6.18,9.74,9.74,35.77,35.95,35.33,541.12,47.06,45.52,47.26,45.72,483,266,241,990,54,51,3,576,126,47,16.25,15.55,15.26,21,21,12,989.08,749,747.99,8.01,9.15,9.15,45.92,46.04,45.06,233.99,181,4268,3151,0,0,0,0,0,0
8482511,2024,Mason Lohrei,BOS,D,all,77,90217,1835,23.4,0.49,0.46,0.52,0.46,0.51,0.46,267,108.23,6.36,6.81,28.53,3.6,63.65,44.06,6.26,6.37,6.26,9,19,92,61,105,258,33,5,8,0,29,0,39,72,87,148,9,16,0,25,36,104,135,14,4,3.6,1.56,1.19,3,1,1,257.21,153,153.2,64,1.53,1.09,0.52,7.36,7.38,7.28,1835,300,158,253,1124,183,282,269,1101,0,0,190220,16,20,10,103,792.99,79.64,74.07,79.67,74.04,714,362,482,1558,78,83,9,773,212,91,21.53,26.44,31.67,20,36,22,1553.23,1076,1074.72,12.33,18.02,18.05,73.91,73.83,71.35,756.24,81.27,78.19,81.83,78.72,711,334,412,1457,105,69,14,755,190,100,21.46,23.59,36.22,42,30,33,1470.95,1045,1054.51,10.09,15.26,15.26,76.1,76.47,75.05,139.12,160.52,2714,3182,0,0,0,0,0,0
8481462,2024,Mason Morelli,VGK,L,all,1,451,11,-0.25,0.08,0.42,0.33,0.43,0.25,0.41,12,0,0,0,0,0,0,0,0,0,0,0,0,0,0,1,1,0,0,0,0,0,0,0,0,0,0,0,0,0,4,0,0,0,0,0,0,0,0,0,0,0,1.03,0,0,0,0,0,0,0,0,0,11,0,0,2,9,2,1,2,6,0,0,3449,0,0,0,0,0.65,0.01,0.01,0.01,0.01,1,0,1,2,0,0,0,1,0,0,0.01,0,0,0,0,0,2.01,1,0.96,0.01,0,0,0.02,0.02,0.02,2.25,0.17,0.17,0.17,0.17,3,0,1,4,1,0,0,2,1,0,0.08,0.09,0,1,0,0,4.19,3,3.07,0.03,0,0,0.2,0.19,0.19,3.09,4.3,50,67,0,0,0,0,0,0
8476525,2024,Colin Miller,WPG,D,all,60,52265,1139,19.75,0.55,0.53,0.51,0.49,0.51,0.5,324,74.06,2.92,4.08,22.92,2.53,43.81,30.74,2.88,2.92,2.88,6,5,68,39,80,187,15,4,8,0,17,0,36,42,64,103,14,28,0,84,12,53,102,4,1,2.11,0.45,0.36,2,1,1,188.74,107,107.68,38,0.85,1.04,0.32,3.45,3.46,3.43,1139,93,87,146,813,160,176,140,663,0,0,165202,28,26,13,50,425.36,38.53,37.07,39.18,37.7,372,213,250,835,34,51,7,440,98,47,11.94,12.4,14.19,16,9,9,850.42,585,594.12,5.84,10.23,10.23,34.13,34.73,34.2,400,31.42,30.33,31.03,29.95,370,198,229,797,23,34,3,451,88,29,12.34,10.27,8.81,12,5,6,784.52,568,562.45,5.31,5.73,5.73,31,30.67,30.04,154.83,137.54,2654,2770,0,0,0,0,0,0
8479520,2024,Brandon Duhaime,WSH,R,all,82,65651,1612,21.45,0.4,0.55,0.41,0.52,0.41,0.53,704,101.7,13.01,6.76,23.03,3.27,52.16,39.77,12.8,13.24,13.02,7,5,83,55,39,177,21,9,8,2,28,0,36,57,74,129,24,78,18,165,12,38,90,32,16,3.05,4.26,5.7,3,2,4,180.85,138,140.92,12,1.42,0.98,2.61,11.82,12.01,11.94,1612,46,470,291,805,233,181,200,998,18,25,232883,78,80,25,65,427.7,40.68,39.98,41.13,40.41,378,219,260,857,34,33,5,451,101,45,12.25,12.79,15.66,12,11,11,869.06,597,605.5,5.43,7.33,7.33,38.78,39.2,38.86,626.34,60.06,56.58,59.74,56.27,549,314,395,1258,55,59,8,649,152,62,18.78,18.98,22.3,14,19,22,1248.43,863,857.08,10.09,12.98,12.98,57.17,56.94,54.92,233.54,190.32,4027,3651,0,0,0,0,0,0
8475692,2024,Mats Zuccarello,MIN,R,all,69,81377,1290,48.35,0.61,0.43,0.55,0.43,0.56,0.44,208,159.77,15.66,10.69,35.19,5.21,90.27,62.98,14.82,15.74,14.91,22,13,151,69,74,294,54,19,18,0,25,0,72,86,132,201,11,22,14,32,29,77,166,34,20,4.96,4.08,6.62,8,9,2,295.67,220,221.36,25,2.43,4.24,2.44,15.64,15.7,14.95,1290,295,128,220,647,144,198,248,700,14,21,169471,22,50,25,48,809.97,91.5,84.41,91.84,84.72,766,351,399,1516,88,89,10,803,210,104,22.65,25.98,42.88,30,32,26,1523,1117,1122.23,13.78,22.44,22.24,83.04,83.29,79.87,638.92,59.68,57.01,60.15,57.46,587,305,333,1225,58,64,9,685,134,73,18.76,16.6,24.33,21,18,19,1230.02,892,896.87,8.55,13.17,13.17,55.07,55.39,53.59,106.52,141.69,2340,3049,0,0,0,0,0,0
8480145,2024,Neal Pionk,WPG,D,all,69,91329,1914,43.13,0.49,0.54,0.49,0.49,0.5,0.5,178,147.37,5.26,7.8,42.42,4.83,85.02,64.67,5.14,5.33,5.21,17,12,123,87,92,302,39,10,14,1,37,0,68,81,113,200,17,34,0,114,30,72,204,4,2,3.95,0.52,0.79,7,1,2,305.91,210,213.18,47,1.67,2.75,0.47,6.45,6.5,6.38,1914,164,258,273,1219,231,224,260,1199,0,0,159198,34,10,5,101,795.44,78.51,74.58,79.38,75.46,735,366,387,1488,92,77,10,820,195,86,22.54,24.3,31.68,37,24,31,1513.69,1101,1118.28,11.28,15.67,15.67,74.11,75.07,72.87,781.88,80.49,76.95,80.29,76.73,700,382,438,1520,69,79,7,814,178,90,22.54,22.27,35.68,27,15,27,1499.87,1082,1070.46,11.94,15.23,15.23,77.19,76.84,74.79,140.18,117.51,2562,2614,0,0,0,0,0,0
8481093,2024,Rafael Harvey-Pinard,MTL,L,all,1,534,11,-0.2,0.17,0.38,0.36,0.52,0.25,0.49,12,0,0,0,0,0,0,0,0,0,0,0,0,0,0,0,0,0,0,0,0,0,0,0,0,0,0,0,0,0,1,0,0,0,0,0,0,0,0,0,0,0,0,0,0,0,0,0,0,0,0,0,11,0,0,1,10,1,1,1,8,0,0,3066,0,0,0,0,1.4,0.04,0.04,0.04,0.04,2,0,3,5,0,0,0,2,0,0,0.04,0,0,0,0,0,4.67,2,1.94,0.01,0,0,0.06,0.05,0.05,4.19,0.2,0.2,0.22,0.22,4,2,3,9,0,0,0,6,0,0,0.2,0,0,0,0,0,9.84,6,6.54,0.04,0,0,0.24,0.26,0.26,2.31,3.71,54,49,0,0,0,0,0,0
8483472,2024,Maveric Lamoureux,UTA,D,all,15,14512,350,5.57,0.5,0.47,0.54,0.51,0.52,0.51,70,20.03,0.84,0.99,6.1,0.83,11.19,8.06,0.81,0.87,0.84,1,1,17,11,13,41,3,1,4,0,2,0,13,8,16,27,13,32,0,18,3,16,25,3,0,0.45,0.39,0,1,0,0,41.61,28,28.18,13,0.2,0.28,0.3,0.73,0.75,0.74,350,34,38,40,238,49,57,46,198,0,0,39982,32,9,3,11,110.08,8.82,8.57,9,8.73,91,61,79,231,10,9,1,113,32,7,2.99,3.97,1.86,3,5,2,232.57,152,153.92,1.36,1.3,1.3,8.88,9.03,8.9,104.37,8.69,8.6,8.65,8.56,100,42,53,195,9,3,1,108,27,7,3.21,3.29,2.19,6,0,3,195.21,142,142.38,1.46,0.53,0.53,9.62,9.58,9.48,32.86,37.08,668,631,0,0,0,0,0,0
8480001,2024,Urho Vaakanainen,NYR,D,all,51,50217,1070,10.85,0.42,0.5,0.44,0.52,0.45,0.52,260,50.89,2.02,2.4,14.8,1.75,28.51,22.51,1.95,2.02,1.95,6,8,42,30,35,107,16,2,5,0,15,0,20,30,40,70,9,18,0,19,10,40,65,6,1,1.17,0.62,0.23,1,0,1,106.47,72,71.72,29,0.48,0.69,0.02,2.48,2.48,2.4,1070,41,108,137,784,141,151,124,654,0,0,134925,18,16,8,49,381.77,30.09,29.29,30.07,29.29,324,203,190,717,36,35,5,402,99,26,10.93,11.73,7.43,18,13,5,719.96,527,529.07,4.67,7.35,7.11,27.64,27.74,27.37,472.98,41.85,39.65,41.75,39.59,415,229,251,895,34,46,7,484,111,49,13.35,13.47,15.02,15,11,8,895.17,644,641.65,6.62,11.44,11.44,37.02,36.99,36.26,133.49,135.25,2396,2224,0,0,0,0,0,0
8482742,2024,Zachary L'Heureux,NSH,L,all,62,44796,1033,14.96,0.51,0.49,0.5,0.52,0.49,0.51,599,92.88,11.74,6.9,21.45,3.16,47.55,36.21,11.37,11.77,11.4,5,5,78,49,24,151,15,5,13,1,15,0,36,58,73,122,18,53,0,198,14,33,80,34,13,2.57,4.38,4.79,0,2,3,152.21,127,128.01,11,1.48,1.92,2.5,10.72,10.76,10.62,1033,74,127,170,662,161,127,108,637,0,4,180348,53,40,14,25,356.68,33.12,32.24,33.26,32.37,318,173,218,709,29,40,4,362,94,35,10.19,11.56,11.37,8,10,11,709.24,491,490.35,5.04,7.35,7.35,30.8,30.93,30.58,363.86,31.27,30.16,31.43,30.32,355,150,211,716,35,32,3,389,89,27,12.09,10.59,8.58,23,9,3,720.82,505,509.13,4.98,5.93,5.93,30.31,30.5,29.81,161.33,166.29,3061,2806,0,0,0,0,0,0
8477503,2024,Max Domi,TOR,C,all,74,62920,1386,23.6,0.52,0.49,0.5,0.47,0.51,0.47,542,98.9,8.84,6.62,23.3,3.25,54.97,39.02,8.52,8.85,8.55,19,6,93,43,51,187,33,8,8,2,23,0,40,57,85,128,27,66,273,32,21,69,105,24,7,3.32,2.98,2.54,2,6,0,187.68,136,136.35,20,1.47,0.87,1.5,8.81,8.81,8.57,1386,185,107,170,924,182,187,170,847,273,271,205915,66,36,12,30,548.74,50.1,48.3,50.36,48.57,491,263,286,1040,53,39,6,589,113,52,15.94,14.37,19.79,18,21,14,1044.84,754,756.3,7.89,7.66,7.95,50.04,50.26,48.98,524.19,45.95,43.79,45.89,43.75,461,261,316,1038,39,54,3,560,115,47,15.22,14.88,15.85,16,19,4,1036.87,722,723.32,6.76,10.35,10.35,42.35,42.38,41.43,187.18,195.03,3191,3643,0,0,0,0,0,0
8480196,2024,Jacob Bryson,BUF,D,all,48,41450,990,2.2,0.4,0.49,0.45,0.51,0.44,0.5,257,20.36,1.16,1.16,6.45,0.69,11.39,8.15,1.14,1.13,1.12,5,2,20,9,25,54,7,0,0,0,6,0,13,10,20,29,5,10,0,15,8,33,24,4,1,0.45,0.41,0.29,0,0,0,53.86,29,28.64,26,0.24,0,0.37,1.02,1.01,1.01,990,63,119,165,643,129,153,125,583,0,0,133479,10,6,3,51,291.68,25.94,25.04,25.94,25.06,250,156,163,569,29,36,3,309,68,29,9.1,8.44,8.4,16,9,4,570.34,406,406.7,3.93,7.17,7.17,22.7,22.74,22.36,380.92,38.3,36.15,38.19,36.06,327,196,186,709,43,41,7,364,119,40,10.73,15.06,12.5,14,18,11,703.05,523,521.41,5.71,8.66,9.36,34.64,34.54,33.19,117.08,123.05,2241,2155,0,0,0,0,0,0
8481024,2024,Linus Karlsson,VAN,C,all,23,15088,359,7.37,0.58,0.48,0.54,0.49,0.53,0.47,243,34.42,5.84,2.97,8.74,1.27,15.01,10.17,5.34,5.86,5.38,2,1,28,16,13,57,6,3,7,1,4,0,19,11,25,41,3,6,1,27,3,6,20,14,10,0.74,2.02,3.08,0,1,2,57.86,44,44.39,2,0.66,1.25,2.61,3.9,3.95,3.83,359,29,20,55,255,56,57,28,218,1,4,69480,6,4,2,8,126.31,12.74,12.07,12.74,12.11,106,68,78,252,12,19,1,125,31,18,2.96,4.12,5.65,5,4,3,255.78,174,176.48,2,3.6,3.6,11.14,11.23,11.05,110.53,9.14,8.86,9.02,8.75,90,66,59,215,5,10,1,118,29,9,3.17,3.64,2.33,4,1,0,211.76,156,153.69,1.45,2.21,2.21,8.38,8.21,8.07,56.39,60.52,1067,1118,0,0,0,0,0,0
8482132,2024,Brett Berard,NYR,L,all,35,22501,531,9.16,0.45,0.46,0.46,0.51,0.47,0.51,350,59.09,5.06,3.88,13.12,1.76,30.88,23.3,4.88,5.04,4.86,1,3,59,19,30,108,10,6,11,0,11,1,19,30,53,72,4,8,3,53,7,18,59,14,5,1.72,1.75,1.58,5,1,0,110,78,79.53,5,0.81,2.16,1.19,4.68,4.72,4.7,531,62,44,78,347,87,77,68,299,3,4,104245,8,18,8,20,180.76,15.73,15.02,15.88,15.13,163,82,96,341,13,24,3,187,41,17,5.27,5.35,5.11,7,4,2,346.64,245,249.42,2.45,5.08,5.08,13.1,13.26,13.05,204.02,19.59,18.75,19.71,18.87,183,95,121,399,19,19,4,199,52,27,5.45,6.66,7.48,7,7,5,399.96,278,277.35,2.83,3.96,3.96,18.46,18.52,18.25,88.09,101.81,1780,1698,0,0,0,0,0,0
8477073,2024,Kurtis MacDermid,NJD,L,all,23,7971,227,-3.18,0.37,0.56,0.37,0.52,0.36,0.51,273,9.01,0.91,0.64,2.03,0.29,4.65,3.48,0.9,0.91,0.9,0,0,7,5,3,15,0,0,1,0,0,0,7,4,7,12,7,23,0,40,1,9,7,5,0,0.23,0.68,0,0,0,0,15.14,12,11.88,6,0.14,0.3,0,1.05,1.04,1.03,227,25,7,31,164,27,34,22,144,0,0,75591,23,15,3,8,33.61,2.65,2.58,2.64,2.57,33,14,27,74,1,2,0,36,9,2,0.92,1.18,0.55,1,0,0,74.77,47,46.95,0.46,0.32,0.32,2.79,2.76,2.73,60.03,4.45,4.35,4.43,4.33,47,35,46,128,6,5,0,68,9,5,1.92,1.28,1.26,4,2,0,126.63,82,81.23,0.73,0.66,0.66,4.53,4.51,4.45,84.55,65.65,1318,1221,0,0,0,0,0,0
8480185,2024,Eetu Luostarinen,FLA,C,all,80,73384,1740,33.05,0.45,0.57,0.49,0.58,0.49,0.56,537,102.94,13.82,7.45,24.13,3.61,51.34,40.66,13.15,13.74,13.09,8,7,87,54,44,185,24,9,13,2,20,0,50,49,78,132,13,28,33,183,20,43,85,42,14,3.05,5.63,5.13,0,6,3,185.21,141,140.95,14,1.61,1.97,3.6,11.83,11.79,11.46,1740,249,262,273,956,280,197,230,1033,33,40,217816,28,26,13,60,567.35,50.77,48.67,50.85,48.77,514,271,313,1098,45,53,4,604,128,53,16.56,15.92,18.27,18,16,11,1101.06,785,786.16,7.56,11.44,11.44,46.88,47,45.92,605.29,61.1,57.99,61.39,58.28,539,290,297,1126,48,58,4,611,153,65,16.52,19.29,25.3,12,19,17,1129.46,829,832.42,9.37,12.41,12.41,58.07,58.29,56.46,229.7,170.45,4231,3119,0,0,0,0,0,0
8481806,2024,Louis Crevier,CHI,D,all,32,33188,736,-1.85,0.37,0.43,0.38,0.44,0.37,0.43,143,32.7,1.07,1.56,8.99,1.46,18.24,14.69,1.05,1.04,1.02,0,1,28,18,26,72,4,3,3,0,4,0,8,28,25,43,5,10,0,70,4,30,44,2,0,0.75,0.32,0,2,1,0,70.3,46,44.97,24,0.31,0.53,0.07,1.3,1.27,1.26,736,34,105,124,473,73,98,85,480,0,0,83190,10,4,2,49,192.74,17.79,16.69,17.52,16.44,170,95,112,377,19,19,2,203,42,20,5.27,5.7,6.82,11,6,2,370.46,265,261.26,2.51,3.59,3.59,16.71,16.52,15.75,321.63,30.8,28.23,31.08,28.51,299,149,161,609,32,32,2,345,69,34,9.07,8.69,13.04,14,9,9,615.26,448,453.5,4.93,8.16,8.16,27.56,27.85,26.92,61.13,81.27,1124,1437,0,0,0,0,0,0
8484829,2024,Justin Hryckowian,DAL,C,all,5,2364,59,0.73,0.48,0.6,0.42,0.53,0.49,0.52,59,2.86,0.19,0.19,0.67,0.1,1.7,1.16,0.19,0.19,0.19,1,0,3,1,0,4,1,0,2,0,0,0,0,2,3,4,0,0,3,8,0,2,3,1,0,0.1,0.1,0,0,0,0,3.87,4,3.93,0,0.04,0.34,0,0.23,0.23,0.23,59,6,6,6,41,7,9,3,40,3,2,15636,0,2,1,0,17.07,1.21,1.16,1.2,1.15,15,9,4,28,1,2,1,20,3,1,0.56,0.32,0.32,0,0,1,28.25,24,24.22,0.2,0.34,0.34,1.06,1.06,1.04,18.74,1.33,1.33,1.34,1.34,20,5,14,39,0,0,0,19,5,1,0.51,0.58,0.25,0,0,0,38.32,25,24.55,0.21,0,0,1.53,1.54,1.54,17.56,11.76,290,254,0,0,0,0,0,0
8480011,2024,Klim Kostin,SJS,C,all,35,22421,507,0.5,0.41,0.47,0.46,0.48,0.45,0.48,358,30.57,4.07,2.42,6.78,1.06,16.38,11.29,3.87,4.04,3.85,2,4,28,14,10,52,7,1,5,0,5,0,17,14,27,41,12,27,4,111,5,27,24,13,5,0.93,1.39,1.74,0,1,0,51.26,42,42.1,9,0.54,0.91,1.54,3.07,3.05,2.96,507,60,56,81,310,74,81,60,292,4,9,104851,27,21,9,17,181.72,15.44,14.84,15.32,14.72,173,74,105,352,16,22,1,186,45,16,5.33,5.06,5.03,8,4,4,344.71,247,243.9,2.8,3.99,3.99,14.24,14.12,13.79,218.55,22.57,21.8,23.03,22.23,195,103,117,415,16,27,3,205,64,29,5.89,8.25,8.43,4,6,6,430.6,298,306.9,3.01,5.48,5.48,20.09,20.46,20.14,84.63,96.49,1677,1813,0,0,0,0,0,0
8475218,2024,Mattias Ekholm,EDM,D,all,65,86565,1635,58.68,0.53,0.56,0.56,0.52,0.56,0.53,151,149.19,7.78,8.79,39.29,5.02,86.3,64.81,7.56,7.78,7.55,9,15,143,69,116,328,33,9,13,1,38,0,63,89,134,203,15,30,0,42,35,83,194,12,6,4.6,1.48,1.7,3,3,3,328.29,212,211.58,44,1.91,2.97,0.34,9.35,9.35,9.09,1635,195,245,251,944,199,154,265,1017,0,0,149088,30,14,7,95,856.67,87.04,82.51,87.04,82.5,809,352,458,1619,83,94,16,832,229,100,25.75,28.25,33.03,26,32,25,1620.75,1161,1164.88,12.27,21.71,21.62,77.69,77.81,76.11,678.65,76.52,72.71,76.59,72.77,619,309,338,1266,83,63,8,659,181,88,19.04,21.89,35.58,27,28,28,1264.81,928,928.24,10.18,13.07,13.07,73.63,73.67,70.66,136.14,107.78,2483,2318,0,0,0,0,0,0
8480023,2024,Robert Thomas,STL,C,all,70,83824,1727,73.21,0.53,0.47,0.53,0.47,0.53,0.48,127,163.47,16.88,11.27,36.61,5.15,88.9,63.18,16.36,16.92,16.39,35,25,145,77,86,308,81,21,10,3,19,2,68,102,124,201,10,20,733,13,22,99,152,53,17,5.2,6.48,5.21,7,9,5,309.51,222,222.02,24,2.51,1.8,3.19,16.21,16.23,16,1727,322,305,264,836,178,204,300,1045,733,605,171593,20,30,14,48,784.13,86.99,82.61,87.43,83.03,722,349,398,1469,102,78,14,747,218,106,23.01,26.97,37,36,31,35,1472.02,1071,1071.89,12.72,16.09,16.09,83.55,83.98,81.21,705.94,76.13,72.27,76.49,72.6,669,300,344,1313,76,75,7,685,187,97,19.37,23.01,33.76,16,33,27,1308.81,969,972.12,10.81,15.96,15.77,71.17,71.47,69.03,106.97,120.88,2409,2690,0,0,0,0,0,0
8479402,2024,Jake Bean,CGY,D,all,64,57942,1398,17.97,0.48,0.5,0.53,0.51,0.5,0.51,324,79.66,2.82,4.14,24.63,2.66,45.17,31.59,2.75,2.85,2.78,2,3,71,40,59,170,7,2,9,1,23,0,31,46,69,109,4,8,0,22,27,46,105,4,2,1.91,0.46,0.45,1,0,1,169.35,111,110.91,27,0.85,1.42,0.39,3.28,3.27,3.2,1398,91,76,136,1095,230,229,151,788,0,0,176575,8,8,4,43,491.94,39.18,37.77,39.21,37.79,435,247,333,1015,29,56,5,534,103,45,13.91,12.69,12.58,10,12,7,1007.1,682,680.82,6.35,10.67,10.67,34.86,34.8,34.37,492.12,41.86,40.43,42.54,41.09,455,225,235,915,32,52,4,525,121,34,14.92,15.34,11.59,14,14,4,922.87,680,684.65,6.4,9.33,9.33,38.93,39.57,38.95,152.85,154.07,3088,2928,0,0,0,0,0,0
8482803,2024,Olen Zellweger,ANA,D,all,62,70525,1376,24.95,0.51,0.43,0.53,0.44,0.52,0.44,224,143.95,6.59,8.31,39.5,4.42,80.9,59.28,6.31,6.51,6.24,8,5,130,69,103,302,20,7,11,0,37,0,63,81,123,192,10,20,0,37,21,61,188,9,2,4.84,1.07,0.68,4,3,0,297.45,199,197.39,41,1.82,2.81,0.88,7.53,7.47,7.17,1376,246,130,184,816,206,253,174,743,0,0,156421,20,24,12,72,680.53,63.58,60.29,63.13,59.86,619,309,362,1290,57,68,5,687,171,70,21.08,20.43,22.05,23,22,12,1277.57,928,921.64,9.97,15.4,15.4,58.14,57.81,56.46,612.97,60.17,58.22,60.64,58.7,573,276,317,1166,47,51,4,619,164,66,18.19,20.72,21.26,17,22,8,1185.28,849,860.61,8.27,11.08,11.08,57.36,57.81,56.97,122.59,164.26,2392,3051,0,0,0,0,0,0
8481133,2024,Cole Reinhardt,OTT,L,all,17,8366,226,-0.27,0.37,0.45,0.44,0.49,0.44,0.49,191,12.44,1.4,0.84,3.03,0.39,6.7,4.65,1.39,1.42,1.41,1,0,13,4,5,22,2,1,0,0,2,0,6,8,12,16,6,15,1,37,1,7,10,6,1,0.4,0.73,0.27,0,1,0,22.27,17,17.2,4,0.17,0,0.44,1.13,1.15,1.14,226,20,25,36,145,38,31,28,129,1,0,52834,15,7,2,2,55.86,3.81,3.79,3.83,3.81,53,25,30,108,4,2,0,62,13,3,1.72,1.4,0.7,2,2,0,107.05,78,77.36,0.69,0.44,0.44,4.06,4.08,4.04,72.8,6.42,6.17,6.3,6.05,63,38,39,140,8,8,3,73,21,7,1.81,2.66,1.95,2,3,3,138.05,101,99.35,0.96,1.98,1.98,5.4,5.28,5.22,45.7,55.07,871,902,0,0,0,0,0,0
8481542,2024,Moritz Seider,DET,D,all,82,123355,2278,51,0.51,0.47,0.51,0.47,0.52,0.47,97,181.16,9.67,10.58,48.63,5.8,106.29,75.02,9.16,9.62,9.1,14,24,162,94,112,368,46,8,9,0,41,1,102,95,154,248,20,40,0,212,30,85,234,15,7,4.84,1.9,2.93,5,1,2,365.65,256,254.96,58,2.38,2.08,0.67,11.38,11.32,10.83,2278,334,386,398,1160,263,238,349,1428,0,0,175082,40,42,21,181,1118.72,125.39,119.1,125.46,119.15,1033,486,538,2057,119,105,10,1062,313,144,30.5,39.41,55.49,37,38,44,2052.4,1519,1518.5,17.69,22.27,22.17,120.92,120.86,116.85,1033.48,119.27,112.99,119.78,113.49,914,495,579,1988,113,97,8,987,281,141,27.72,34.21,57.34,28,36,49,1994.08,1409,1411.94,15.61,21.11,21.11,113.78,114.14,110.36,131.87,147.9,2623,2981,0,0,0,0,0,0
8475794,2024,Tyler Seguin,DAL,C,all,20,19379,425,22,0.61,0.49,0.58,0.51,0.55,0.5,106,49.59,8.21,3.72,10.58,1.72,25.49,17.28,7.79,8.28,7.84,8,4,46,21,26,93,21,9,5,2,8,0,12,33,37,58,2,4,92,5,4,13,35,19,13,1.39,2.42,4.4,2,2,5,93.6,67,67.58,2,0.86,0.52,1.96,7.11,7.13,6.95,425,79,57,65,224,60,44,62,259,92,82,52621,4,2,1,6,186.93,24.62,23.94,24.82,24.14,178,75,110,363,32,20,2,160,60,33,4.75,7.48,12.4,12,5,15,366.78,253,256.32,2.95,4.05,4.05,23.52,23.74,23.37,150.48,15.84,15.32,15.62,15.11,138,68,61,267,12,15,1,149,41,16,4.99,5.06,5.8,5,4,3,263.35,206,201.7,2.27,2.8,2.8,15.31,15.13,14.71,41.95,44.33,876,831,0,0,0,0,0,0
8477429,2024,Andrew Copp,DET,C,all,56,49400,1100,19.29,0.47,0.49,0.46,0.49,0.46,0.48,400,72.89,12.34,5.36,15.87,2.42,36.79,26.21,11.9,12.33,11.91,10,3,68,31,20,119,23,10,5,1,14,0,27,43,58,89,4,8,318,9,18,37,55,27,17,1.92,3.51,6.91,1,2,7,119.28,99,99.06,9,1.19,1.4,3.2,10.33,10.37,10.24,1100,164,167,169,600,161,142,162,635,318,309,154732,8,10,5,35,377.88,39.68,38.32,39.32,37.99,343,173,198,714,35,36,3,371,102,43,10.74,12.73,16.21,10,12,13,706.63,516,512.08,5.27,8.66,8.6,36.35,36.09,35.54,434.34,44.61,41.6,45.02,41.99,399,200,246,845,41,40,4,431,117,51,12.66,13.99,17.96,17,11,13,854.49,599,603.96,6.45,9.34,9.34,41.73,42.21,40.69,134.65,138.96,2475,2562,0,0,0,0,0,0
8480355,2024,Mark Kastelic,BOS,C,all,61,39294,999,8.6,0.46,0.49,0.43,0.5,0.44,0.5,619,69.21,6.23,4.71,17.34,2.35,35.88,26.5,5.93,6.36,6.05,6,3,67,26,26,119,14,5,11,1,15,1,21,40,62,88,27,86,199,218,12,26,66,22,5,1.98,2.88,1.37,4,1,0,120.21,93,93.71,10,0.98,2.65,1.83,5.38,5.47,5.42,999,49,205,189,556,145,140,108,606,199,167,183155,86,77,22,39,247.1,21.82,21.06,21.95,21.18,220,120,146,486,21,27,3,262,55,23,6.74,6.99,8.08,10,8,3,482.37,340,339.32,3.22,5.57,5.57,19.47,19.54,19.34,316.1,25.79,24.64,26.29,25.07,286,147,215,648,26,36,6,334,78,21,9.32,10.38,6.08,13,11,2,653.4,433,437.07,4.21,6.93,6.93,23.06,23.3,22.84,154.04,161.28,3003,2976,0,0,0,0,0,0
8481559,2024,Jack Hughes,NJD,C,all,62,77751,1411,79.12,0.65,0.46,0.62,0.46,0.61,0.45,106,237.28,25.43,16.72,49.72,7.85,130.84,90.45,23.68,25.64,23.86,29,14,229,92,144,465,70,27,24,2,41,1,112,116,202,294,8,18,251,7,22,87,228,66,27,7.88,7.99,9.55,7,11,9,467.83,321,322.64,15,3.86,5.71,3.89,25.4,25.6,24.37,1411,261,49,181,920,170,230,243,768,251,416,147367,18,32,16,29,896.24,109.22,101.88,109.72,102.35,829,388,509,1726,102,101,12,822,259,136,25.73,31.72,51.78,30,31,41,1734.12,1217,1223.23,15.83,24.83,25.17,99.88,100.32,95.71,565.87,57.89,56.11,57.96,56.17,513,263,300,1076,52,57,8,562,153,61,16.47,18.94,22.49,18,20,14,1073.66,776,775.51,7.84,10.51,10.51,55.23,55.17,54.6,109,127.6,2140,2522,0,0,0,0,0,0
8474716,2024,Jared Spurgeon,MIN,D,all,66,80986,1663,37.53,0.57,0.46,0.52,0.46,0.54,0.46,218,109.12,5.45,6.36,30.55,3.55,63.88,45.2,5.23,5.42,5.21,11,14,107,48,85,240,32,7,10,1,20,1,52,65,100,148,7,14,0,53,22,52,142,9,4,2.89,1.11,1.46,4,2,1,238.98,155,154.36,30,1.39,1.96,0.33,6.51,6.5,6.27,1663,172,174,249,1068,137,184,199,1143,0,0,159480,14,4,1,119,722.18,69.1,65.48,68.75,65.14,675,325,380,1380,68,80,9,751,166,83,20.11,20.66,28.32,22,27,19,1372,1000,994.6,10.71,18.04,17.85,61.95,61.64,60.04,627.09,51.91,50.29,52.66,51.03,594,275,385,1254,56,51,5,682,136,51,18.42,16.05,17.43,25,15,16,1272.49,869,881.18,8.63,9.32,9.32,51.21,51.96,51.07,122.71,142.34,2392,2849,0,0,0,0,0,0
8479421,2024,Jacob Moverare,LAK,D,all,49,34865,779,12.8,0.56,0.53,0.52,0.53,0.54,0.53,283,29.91,1.01,1.61,9.33,1.21,18.26,12.6,1,1.01,1,2,5,30,14,32,76,8,1,6,0,7,0,13,17,29,43,5,10,0,31,7,24,43,1,0,0.9,0.1,0,1,0,0,77.79,44,44.96,16,0.33,1.17,0.18,1.16,1.17,1.16,779,55,64,123,537,92,127,80,480,0,0,143366,10,2,1,60,288.82,24.45,23.44,24.86,23.82,247,156,157,560,26,33,8,312,66,25,9.1,8.22,7.13,10,8,8,573.94,403,410.98,3.88,7.23,7.23,21.1,21.34,21.05,249.96,19.3,18.76,19.24,18.7,229,111,169,509,24,22,4,264,57,19,6.77,7.24,5.29,14,5,5,503.76,340,337.96,3.42,4.26,4.26,18.46,18.35,18.16,127.17,113.53,2521,2209,0,0,0,0,0,0
8481477,2024,Nico Sturm,FLA,C,all,62,38736,943,13.91,0.39,0.48,0.44,0.49,0.43,0.48,638,63.14,6.83,4.68,13.98,2.13,33.92,25.45,6.52,6.86,6.55,5,2,59,28,28,115,14,7,5,2,9,1,32,33,52,80,7,20,248,107,7,20,57,22,8,1.88,2.74,2.21,3,2,2,114.68,87,86.98,6,0.98,1.42,2,5.81,5.8,5.73,943,69,157,145,572,115,120,101,607,248,174,186953,20,22,8,34,296.62,24.22,22.89,24.17,22.85,257,148,172,577,18,35,3,312,62,31,7.94,7.66,8.63,10,4,4,572.02,405,403.31,3.89,7.86,8.27,19.85,19.81,19.34,382.95,37.74,35.17,38.08,35.47,350,179,211,740,36,52,7,391,97,41,11.4,11.92,14.42,12,12,12,749.86,529,532.54,6,10.93,10.93,32.81,32.98,32.06,156.88,172.41,3098,3241,0,0,0,0,0,0
8476913,2024,Devin Shore,MIN,C,all,55,28551,619,-1.23,0.39,0.5,0.4,0.48,0.41,0.48,617,43.95,4.19,2.97,10.9,1.6,23.69,17.65,4.1,4.21,4.12,2,2,41,20,16,77,5,1,3,0,14,1,18,24,40,60,3,6,51,76,7,14,41,16,4,1.3,1.84,1.04,0,1,0,75.81,61,60.23,7,0.62,0.43,1.17,3.63,3.6,3.55,619,53,59,101,406,74,106,49,390,51,52,171728,6,8,4,37,192.94,14.39,14.15,14.35,14.11,171,99,110,380,7,17,0,211,45,14,5.43,5.35,3.61,2,5,0,375.92,270,267.57,2.46,3.08,3.08,13.77,13.68,13.53,281.34,22.44,21.64,22.65,21.84,251,133,180,564,16,24,2,301,60,23,8.2,7.98,6.25,5,8,3,568.29,384,385.51,3.83,4.95,4.95,21.32,21.5,21.08,145.06,145.62,2695,2961,0,0,0,0,0,0
8482145,2024,Mavrik Bourque,DAL,C,all,73,55556,1255,28.94,0.52,0.53,0.52,0.5,0.49,0.5,677,96.91,12.74,6.72,21.21,3.08,48.56,36.69,11.78,12.87,11.9,7,7,80,49,36,165,25,11,16,2,14,0,37,51,69,118,4,8,161,46,12,39,74,40,15,2.65,4.78,5.31,3,4,4,166.76,129,129.55,13,1.45,3.57,2.55,11.64,11.7,11.23,1255,144,155,176,780,201,177,155,722,161,187,209693,8,30,14,37,432.88,40.64,38.58,40.9,38.81,404,188,300,892,42,49,7,440,106,46,12.76,13.24,14.64,15,18,9,896.85,592,594.27,5.99,9.75,9.75,36.88,37.05,36.07,445.67,38.15,36.82,38.33,36.99,411,201,206,818,35,37,4,465,110,37,13.44,13.6,11.12,13,13,9,816.64,612,611.12,6.16,6.96,6.85,37.46,37.44,36.71,201.96,181.33,3528,3464,0,0,0,0,0,0
8476456,2024,Jonathan Huberdeau,CGY,L,all,81,94974,1997,63.54,0.53,0.46,0.55,0.49,0.54,0.49,224,156.94,25.34,11.28,34.75,5.08,75.68,53.87,22.73,25.36,22.74,26,8,153,53,61,267,62,28,10,4,29,2,68,69,125,178,17,34,13,50,23,88,115,58,33,3.67,7.52,14.15,4,11,13,265.52,206,205.75,26,2.63,1.62,5.85,22.13,22.13,20.42,1997,418,206,334,1039,179,292,290,1236,13,26,201545,34,46,23,64,907.38,94.42,87.89,94.36,87.85,825,425,559,1809,93,68,8,938,199,113,25.82,24.89,43.7,33,29,31,1799.28,1250,1246.26,14.36,15.9,15.9,92.88,92.77,87.66,761.85,82.59,79.1,83.34,79.82,701,344,417,1462,80,65,7,752,206,87,21.44,26.85,34.3,24,35,21,1472.6,1045,1052.65,11.29,14.8,15.1,78.78,79.37,77.86,144.8,166.89,3348,3431,0,0,0,0,0,0
8473986,2024,Alex Killorn,ANA,L,all,82,84998,1776,38.3,0.45,0.45,0.5,0.45,0.5,0.45,340,147.7,15.81,9.77,33.77,4.79,79.73,60.14,15.13,15.79,15.13,11,7,134,70,84,288,37,19,13,2,19,1,71,81,115,185,15,30,8,77,11,62,140,47,17,4.21,5.91,5.68,5,7,7,284.72,204,201.93,19,2.16,2.91,3.08,14.89,14.92,14.64,1776,284,295,236,961,271,274,250,981,8,13,214358,30,26,12,23,732.55,69.25,65.83,68.97,65.56,667,353,410,1430,71,71,4,777,172,71,23.03,21.9,24.32,29,26,16,1420.02,1020,1014.91,10.8,14.48,14.86,65.19,65.03,63.52,735.45,85.34,80.59,85.63,80.88,681,335,387,1403,83,62,13,727,181,108,22.12,22.02,41.21,27,22,34,1415.73,1016,1023.67,11.44,15.04,15.04,81.73,81.98,78.57,172.09,211.37,3325,4146,0,0,0,0,0,0
8482745,2024,Mason McTavish,ANA,C,all,76,76953,1510,41.38,0.53,0.41,0.51,0.44,0.51,0.44,352,205.69,25.42,14.68,47.31,7.02,111.51,73.06,24.31,25.38,24.28,12,18,180,99,73,352,52,22,17,3,46,0,98,96,158,257,19,38,487,70,18,51,172,74,33,5.76,8.96,10.7,8,6,8,351.57,279,278.88,10,3.36,3.95,4.46,24.31,24.26,23.51,1510,292,179,210,829,221,248,242,799,487,474,200563,38,46,23,31,754.47,76.79,72.51,76.53,72.25,670,361,381,1412,77,90,12,743,200,88,22.09,24.62,30.08,30,25,22,1398.25,1031,1024.38,11.89,19.39,19.39,69.29,69.02,66.83,726.09,68.26,66.01,68.76,66.49,639,361,347,1347,59,58,7,757,170,73,22.58,21.6,24.07,26,17,16,1362.39,1000,1008.02,9.57,11.54,11.54,66.3,66.64,65.47,145.06,206.69,2998,3785,0,0,0,0,0,0
8484387,2024,Matvei Michkov,PHI,R,all,80,80085,1560,54.97,0.56,0.49,0.55,0.45,0.57,0.47,404,200.28,23.65,16.15,46.5,7.61,113.07,76.03,22.69,23.65,22.7,22,15,200,83,76,359,63,26,27,4,32,1,87,110,174,257,18,36,19,29,14,82,198,51,34,5.48,6.33,11.84,8,8,10,357.97,283,282.82,23,3.68,7.04,6.07,21.26,21.24,20.92,1560,340,90,211,919,172,242,249,897,19,22,211830,36,42,20,23,808.44,86.92,80.64,86.99,80.7,747,367,398,1512,84,100,12,793,214,107,22.92,26.52,37.48,27,31,26,1502.37,1114,1111.1,13.94,22.17,22.33,78.54,78.5,75.43,621.12,67.12,65.61,68.06,66.52,588,263,391,1242,83,54,3,627,152,72,19.47,19.21,28.45,31,27,25,1266.69,851,866.21,8.18,12.88,12.8,62.5,63.41,62.81,157.33,164.08,2958,3567,0,0,0,0,0,0
8482702,2024,Logan Stankoven,CAR,C,all,78,70627,1459,52.56,0.59,0.52,0.59,0.52,0.58,0.5,536,206.1,22.47,13.48,48.33,6.88,104.7,79.15,21.62,22.65,21.8,11,13,194,81,68,343,38,14,26,4,40,0,85,110,180,261,4,8,87,48,20,51,182,70,23,5.92,9.03,7.51,2,7,5,347.34,275,278.05,14,2.94,4.85,4.84,20.57,20.72,20.26,1459,233,159,238,829,284,185,205,785,87,106,212154,8,48,23,33,733.94,75.73,72.6,76.36,73.2,673,319,414,1406,63,78,12,700,214,78,20.96,27.11,27.66,19,18,26,1423.36,992,1002.07,10.83,15.44,15.44,71.12,71.6,70.05,531.5,51.55,49.34,51.41,49.21,485,238,266,989,51,50,9,526,143,54,15.76,17.31,18.48,15,24,12,980.96,723,717.03,7.03,11.49,11.49,47.1,46.94,46.18,190.6,173.19,3558,3336,0,0,0,0,0,0
8475193,2024,Tomas Tatar,NJD,L,all,74,49297,1224,18.01,0.56,0.53,0.54,0.51,0.53,0.5,739,68.79,8.69,4.89,15.21,2.18,34,25.04,8.27,8.89,8.47,4,6,66,24,40,130,17,7,9,3,9,0,22,43,59,83,10,20,10,56,7,35,51,27,12,1.59,3.23,3.87,1,4,2,133.64,90,92.29,13,1.07,2.23,3.65,6.11,6.31,6.26,1224,109,89,194,832,204,138,130,752,10,9,219543,20,14,7,19,387.56,36.87,35.78,37.19,36.11,346,180,248,774,32,46,6,377,104,45,9.86,12.86,14.13,14,8,10,784.65,526,532.8,5.56,9.59,9.61,32.82,33.12,32.86,344.22,28.83,27.98,28.89,28.01,297,178,173,648,32,38,3,367,78,30,9.61,9.87,9.35,10,13,9,645.75,475,474.27,4.41,6.18,6.18,27.06,27.05,26.79,210.47,186.09,3737,3589,0,0,0,0,0,0
8478021,2024,William Lagesson,DET,D,all,7,6119,138,-0.63,0.38,0.48,0.41,0.51,0.4,0.53,39,4.66,0.1,0.26,1.24,0.14,3.02,2.23,0.1,0.1,0.1,0,1,5,2,3,10,1,0,0,0,1,0,2,4,5,7,2,4,0,6,0,7,7,0,0,0.1,0,0,0,0,0,10.03,7,6.86,3,0.05,0,0,0.15,0.15,0.15,138,10,11,22,95,9,25,12,92,0,0,19339,4,2,1,7,39.27,2.92,2.88,2.94,2.9,39,14,22,75,3,2,0,43,6,4,1.16,0.83,0.93,1,0,2,73.44,53,52.61,0.49,0.36,0.36,3.05,3.06,3.01,55.55,4.87,4.67,4.82,4.63,45,33,30,108,4,9,1,59,13,6,1.66,1.57,1.63,1,1,2,109.92,78,78.34,0.78,1.41,1.41,4.24,4.26,4.23,15.42,16.38,311,298,0,0,0,0,0,0
8482117,2024,Lukas Reichel,CHI,L,all,70,50027,1050,6.33,0.45,0.43,0.43,0.45,0.44,0.44,707,68.53,6.8,4.68,15.94,2.25,36.24,27.09,6.62,6.76,6.56,8,6,72,21,24,117,22,8,6,1,11,0,20,48,64,85,6,12,142,24,13,36,58,31,4,1.8,3.92,1.08,1,6,1,116.27,93,92.35,8,1.01,1.3,1.45,6.37,6.27,6.22,1050,106,73,150,721,133,161,130,626,142,214,204305,12,6,3,29,362.29,34.24,33.31,34.05,33.14,349,146,166,661,30,41,4,366,94,35,9.95,11.93,12.36,11,9,10,655.71,495,491.75,5.24,9.2,9.23,30.24,30.09,29.75,466.32,42.57,40.77,43.02,41.22,427,215,231,873,41,51,2,485,106,51,14.15,13.31,15.11,19,13,9,882.98,642,648.3,6.35,9.59,9.59,39.32,39.73,38.93,142.18,189.44,2818,3457,0,0,0,0,0,0
8474166,2024,Alec Martinez,CHI,D,all,44,49443,984,-0.15,0.39,0.4,0.4,0.44,0.39,0.43,173,45.4,1.6,2.67,13.18,1.54,28.26,19.74,1.56,1.59,1.55,0,7,38,29,49,116,12,5,4,0,9,0,24,25,33,62,3,8,0,24,9,41,67,0,0,1.6,0,0,5,0,0,115.39,67,66.4,27,0.57,0.47,0.07,2.1,2.08,2.03,984,79,113,135,657,83,158,142,601,0,0,110569,8,0,0,81,339.53,29.92,28.66,29.94,28.73,313,154,188,655,32,45,5,350,80,37,9.64,9.75,10.53,13,12,7,651.16,467,464.64,4.83,7.48,7.48,27.28,27.34,26.9,525.68,47.16,45.05,47.31,45.2,488,237,249,974,50,59,5,544,137,44,15.83,17.48,13.85,19,22,9,978.14,725,728.8,7.75,9.29,9.29,45.62,45.77,44.67,70.4,104.64,1449,1865,0,0,0,0,0,0
8474679,2024,Gustav Nyquist,MIN,R,all,79,79886,1687,29.9,0.53,0.5,0.55,0.49,0.53,0.49,373,120.57,16.51,8.65,25.91,4.21,64.02,48.71,15.78,16.51,15.77,8,9,103,65,66,234,28,11,7,0,30,1,57,62,92,157,8,16,11,44,19,59,111,38,19,3.7,4.98,7.83,3,2,6,232.79,168,167.66,7,1.99,1.46,2.59,15.91,15.86,15.45,1687,227,206,240,1014,233,198,235,1021,11,19,207145,16,30,14,30,751.04,82.46,77.02,82.17,76.73,667,378,432,1477,53,74,5,748,195,102,22.02,24.34,36.09,16,16,21,1465.72,1045,1039.87,12.26,15.18,15.18,79.55,79.19,75.43,656.33,72.21,68.56,72.62,68.99,593,318,318,1229,79,60,5,641,188,82,19.12,22.12,30.97,30,23,26,1244.04,911,920.13,9.95,11.47,11.47,70.69,71.14,68.61,169.96,169.7,3350,3446,0,0,0,0,0,0
8479066,2024,Ryan Lomberg,CGY,L,all,80,41544,980,8.49,0.44,0.49,0.46,0.52,0.46,0.51,894,74.58,5.78,4.61,18.25,2.41,39.12,29.83,5.46,5.71,5.39,7,3,66,34,27,127,13,3,9,1,20,0,21,47,63,97,17,57,5,120,11,18,76,20,4,2.04,2.62,1.12,1,1,1,125.77,100,98.79,7,0.96,1.48,1.59,5.15,5.11,5.09,980,62,82,113,723,181,148,129,522,5,11,251375,57,47,13,19,300.13,21.46,20.55,21.47,20.58,280,137,178,595,19,32,6,336,60,21,7.96,7.7,5.79,7,5,7,592.43,417,417.6,3.78,5.62,5.58,19.66,19.72,19.45,349.01,26.95,26.32,27.09,26.44,320,164,214,698,25,31,2,383,78,23,10.85,9.57,6.54,15,9,1,702.94,484,485.76,4.43,6.27,6.27,25.12,25.25,24.94,215.1,221.36,4485,4146,0,0,0,0,0,0
8478874,2024,Adam Gaudette,OTT,R,all,81,50653,1267,29.62,0.58,0.48,0.56,0.49,0.56,0.5,808,99.64,11.85,7.39,23.63,3.63,53.6,36.89,11.43,11.91,11.48,4,3,90,47,54,191,26,19,7,3,19,0,44,48,71,118,6,12,176,68,8,38,93,27,17,3.26,3.36,5.24,6,7,6,190.01,137,136.07,13,1.61,1.2,2.74,10.73,10.66,10.38,1267,215,66,173,813,206,174,158,729,176,174,243082,12,6,3,28,449.97,42.44,40.72,42.63,40.91,421,204,285,910,42,55,6,474,100,51,13.02,12.51,16.91,20,10,12,913.43,625,626.66,6.67,11.61,11.31,37.8,37.84,36.96,360.27,30.23,29.41,30.2,29.38,342,159,203,704,22,37,3,381,90,30,10.23,11.53,8.47,10,6,6,702.73,501,501.29,4.64,5.37,5.37,29.5,29.43,29.06,207.01,222.28,3967,4072,0,0,0,0,0,0
8482829,2024,Michael Milne,MIN,L,all,1,394,8,-0.2,0.25,0.47,0.25,0.5,0.4,0.46,12,0,0,0,0,0,0,0,0,0,0,0,0,0,0,0,0,0,0,0,0,0,0,0,0,0,0,0,0,0,3,0,0,0,0,0,0,0,0,0,0,0,0,0,0,0,0,0,0,0,0,0,8,0,0,3,5,0,2,1,5,0,0,3206,0,0,0,0,1.53,0.03,0.03,0.03,0.03,1,1,0,2,0,0,0,2,0,0,0.03,0,0,0,0,0,1.83,2,1.83,0.01,0,0,0.04,0.04,0.04,2.12,0.1,0.1,0.1,0.1,2,1,3,6,0,0,0,3,0,0,0.1,0,0,0,0,0,6.19,3,3.09,0.02,0,0,0.12,0.13,0.13,1.99,2.29,60,60,0,0,0,0,0,0
8475857,2024,Kevin Gravel,NSH,D,all,6,6421,142,1.1,0.51,0.47,0.44,0.48,0.46,0.49,26,7.32,0.2,0.39,2.1,0.23,4.76,3.32,0.2,0.2,0.19,1,0,6,5,8,19,1,0,0,0,3,0,4,4,6,11,0,0,0,7,0,7,11,0,0,0.2,0,0,0,0,0,18.92,11,10.95,4,0.08,0,0,0.28,0.27,0.27,142,8,15,18,101,13,19,15,95,0,0,15179,0,0,0,8,49.07,5.61,5.53,5.72,5.64,47,21,22,90,5,4,0,51,12,5,1.54,1.58,2.49,2,2,1,91.33,68,69.34,0.63,0.97,0.97,5.27,5.36,5.34,58.98,5.45,5.36,5.46,5.37,56,24,36,116,5,5,0,59,16,5,1.85,2.05,1.55,1,2,2,115.58,80,79.54,0.88,0.59,0.59,5.74,5.76,5.71,13.98,15.49,244,266,0,0,0,0,0,0
8483465,2024,Joakim Kemell,NSH,R,all,2,1241,25,0.6,0.83,0.41,0.58,0.46,0.69,0.45,22,6.42,0.6,0.59,1.57,0.26,3.74,2.24,0.57,0.59,0.56,0,0,8,1,2,11,0,0,1,0,0,0,4,4,8,9,0,0,0,4,0,1,6,2,1,0.15,0.23,0.22,0,0,0,10.62,9,8.82,0,0.14,0.15,0.39,0.35,0.35,0.35,25,1,0,6,18,2,2,4,17,0,0,5959,0,2,1,1,13.29,1.82,1.54,1.81,1.54,15,3,4,22,1,5,0,12,3,3,0.34,0.33,1.15,1,0,0,21.72,18,17.88,0.3,1.31,1.31,0.81,0.8,0.79,5.94,0.36,0.36,0.38,0.37,7,1,8,16,1,0,0,7,1,0,0.2,0.16,0,1,0,0,16.44,8,8.16,0.07,0,0,0.43,0.45,0.45,4.59,6.7,94,109,0,0,0,0,0,0
8478891,2024,Mason Appleton,WPG,C,all,71,63181,1400,25.18,0.51,0.52,0.48,0.5,0.48,0.51,473,107.29,10.88,6.48,26.4,3.77,56.42,45.04,10.3,10.93,10.36,8,4,108,41,37,186,22,10,10,2,20,0,48,61,98,139,9,22,10,76,15,38,105,32,12,2.81,3.95,4.13,5,3,2,189.12,149,150.94,10,1.36,1.95,2.39,9.86,9.91,9.74,1400,102,252,293,753,251,181,190,778,10,12,194526,22,20,10,29,521.97,49.91,47.59,50.57,48.25,466,259,263,988,39,60,6,533,127,65,13.01,15.8,21.09,16,10,13,1012.92,725,740.18,6.93,12.89,12.89,43.93,44.54,43.7,570.53,48.39,46.07,48,45.66,494,294,296,1084,34,70,5,619,120,49,17.75,15.56,15.1,19,5,10,1061.74,788,776.58,8.2,12.77,12.77,43.83,43.41,42.42,172.45,157.46,3126,3134,0,0,0,0,0,0
8477987,2024,Ryan Donato,CHI,C,all,80,78284,1459,47.23,0.48,0.4,0.5,0.41,0.49,0.41,413,190.03,20.68,13.73,42.09,6.36,104.47,73.68,19.44,20.79,19.54,25,6,182,79,75,336,62,31,13,6,16,2,80,119,151,230,14,31,234,104,23,48,183,58,20,6.09,7.03,7.56,11,11,9,334.41,261,260.06,17,3.05,2.79,3.52,20.21,20.32,19.39,1459,216,153,231,859,158,207,246,848,234,291,212386,31,33,15,18,654.75,68.49,64.4,68.8,64.68,604,291,343,1238,85,66,13,650,162,83,19.55,20.42,28.53,30,28,27,1231.76,895,892.93,10.32,15.97,15.97,62.83,63.07,60.97,670.84,75.22,72.43,75.74,72.94,633,296,327,1256,75,70,7,681,156,92,20.42,19.77,35.03,27,20,28,1269.39,929,937.35,9.31,14.75,14.75,69.78,70.23,68.73,130.86,197.69,2674,3783,0,0,0,0,0,0
8477021,2024,Alexander Kerfoot,UTA,C,all,81,74132,1749,38.87,0.44,0.54,0.46,0.53,0.47,0.53,517,113.29,16.23,7.42,26.76,3.76,51.43,41.47,15.47,16.41,15.66,12,5,101,47,29,177,28,11,12,2,14,3,53,55,90,137,7,14,259,59,30,78,84,37,27,2.44,4.94,8.85,2,4,5,178.59,148,149.45,25,1.61,2.75,4.39,13.38,13.57,13.37,1749,188,376,260,925,244,200,238,1067,259,235,221921,14,30,16,67,597.26,58.46,56.38,58.81,56.71,511,306,322,1139,40,53,2,590,159,68,16.84,19.16,22.46,18,9,13,1144.88,817,822.62,7.74,10.75,10.75,55.38,55.65,54.61,684.53,73.47,69.19,73.57,69.3,623,302,388,1313,69,74,11,644,202,79,18.97,25.01,29.49,22,23,24,1313.38,925,924.57,11.05,16.28,16.28,68.25,68.39,65.73,208.89,174.96,3873,3391,0,0,0,0,0,0
8481581,2024,Thomas Harley,DAL,D,all,78,109429,1944,61.42,0.56,0.49,0.54,0.48,0.53,0.47,156,176.64,9.84,10.09,50.35,5.96,99.79,72.97,9.42,9.83,9.4,14,20,171,78,147,396,50,16,20,1,42,0,87,84,155,233,8,16,0,33,29,118,225,18,6,5.82,2.27,1.75,9,5,2,396.12,249,250.11,79,2.24,4.02,1.38,10.7,10.69,10.34,1944,254,241,269,1180,186,291,301,1166,0,0,173829,16,8,4,110,1019.27,112.49,107.9,113.46,108.82,926,460,571,1957,124,127,16,953,310,123,29.38,39.84,43.27,35,48,41,1973.55,1386,1398.32,15.63,24.34,23.98,104.14,104.97,102.43,901.69,87.11,83.3,86.59,82.82,793,439,423,1655,69,88,12,897,240,95,26.03,29.27,31.81,22,24,23,1639.5,1232,1221.07,12.8,18.23,18.23,81.69,81.11,79.24,144.62,152.1,2752,2985,0,0,0,0,0,0
8481580,2024,Connor McMichael,WSH,C,all,82,82698,1748,54.78,0.57,0.5,0.52,0.49,0.53,0.49,363,193.12,26.65,14.65,44.74,6.74,95.46,68.75,24.26,26.92,24.53,13,18,178,79,65,322,57,26,41,6,28,0,71,91,152,231,18,39,51,39,20,68,149,72,36,5.71,9.51,11.42,8,8,10,328.03,257,260.66,18,3.31,9.55,8.2,21.77,22.02,20.92,1748,293,211,264,980,228,291,276,953,51,58,215836,39,25,11,36,805.35,94.79,88.18,95.36,88.75,716,390,406,1512,94,104,14,759,231,116,23.36,29.5,41.92,32,26,36,1524.77,1106,1113.98,12.26,23.14,23.14,83.91,84.51,80.7,710.68,70.23,67.58,70.41,67.74,631,338,411,1380,60,69,7,704,181,84,20.22,21.99,28.02,24,19,17,1374.94,969,970.64,9.93,15.01,15.01,65.16,65.31,63.84,179.43,180.15,3372,3529,0,0,0,0,0,0
8482787,2024,Nikita Chibrikov,WPG,R,all,4,2737,55,2.2,0.69,0.44,0.44,0.44,0.49,0.45,41,6.63,1.06,0.62,1.5,0.23,3.41,2.18,0.98,1.05,0.97,0,1,6,3,1,10,3,2,0,1,2,0,1,4,4,7,0,0,0,9,1,3,5,2,2,0.21,0.21,0.64,1,0,1,10.44,9,9.22,1,0.13,0,0.64,0.55,0.55,0.54,55,3,3,8,41,5,10,5,35,0,0,11890,0,4,2,4,25.7,3.22,2.89,3.2,2.87,24,12,7,43,4,4,2,24,7,5,0.64,0.86,1.71,1,1,2,44.4,36,36.77,0.44,1.43,1.43,2.23,2.21,2.18,27.09,1.42,1.41,1.41,1.4,26,12,17,55,1,1,0,31,7,0,0.62,0.8,0,1,0,0,53.48,38,37.28,0.32,0.15,0.15,1.59,1.58,1.57,8.89,11.54,170,216,0,0,0,0,0,0
8477496,2024,Elias Lindholm,BOS,C,all,82,88943,1982,48.59,0.52,0.45,0.52,0.46,0.52,0.46,332,176.17,25.21,13.73,38.99,6.03,89.1,62.94,22.56,25.32,22.65,16,14,152,84,65,301,47,17,23,3,29,1,66,100,135,219,7,14,759,114,22,39,134,65,37,3.92,8.17,13.13,6,5,6,300.79,236,236.65,11,3.26,4.38,8.45,20.02,20.06,19.42,1982,377,346,298,961,197,247,314,1224,759,615,209494,14,24,12,79,847.64,93.45,87.1,93.59,87.2,770,382,433,1585,87,89,9,824,209,119,23.07,26.2,44.18,27,29,31,1583.75,1152,1154.5,14.35,19.39,19.39,88.41,88.53,85.02,760.06,86.08,82.68,86.48,83.08,709,346,390,1445,92,66,9,771,182,102,21.84,22.98,41.26,32,24,36,1455.79,1055,1062.09,11.64,13.99,14.06,83.66,83.94,81.88,143.32,172.47,3018,3478,0,0,0,0,0,0
8479359,2024,Beck Malenstyn,BUF,L,all,76,48021,1187,9.97,0.38,0.49,0.41,0.51,0.41,0.51,791,73.32,7.04,5.04,17.87,2.7,40.7,31.65,6.87,7.07,6.91,5,1,67,38,28,133,10,4,6,1,17,0,30,48,63,101,13,29,19,191,10,39,71,27,7,1.89,3.22,1.93,1,2,1,134.82,105,105.63,14,1.06,1.67,1.41,6.68,6.72,6.62,1187,83,132,228,744,178,167,154,688,19,15,228406,29,41,18,63,291.03,24.03,23.5,24.13,23.6,261,144,171,576,18,24,4,311,69,25,8.36,8.3,7.38,8,5,5,581.85,405,407.72,3.78,5.48,5.48,22.32,22.43,22.2,418.8,39.58,38.08,39.35,37.88,361,216,243,820,45,54,14,421,109,47,12.12,13.68,13.79,10,18,17,812.56,577,572.47,6.49,10.39,11.1,34.98,34.78,34.12,209.65,217.89,3903,3750,0,0,0,0,0,0
8482482,2024,Adam Wilsby,NSH,D,all,23,24976,541,7.63,0.54,0.5,0.51,0.54,0.49,0.52,88,31.52,1.64,1.65,8.24,0.99,17.84,13.62,1.64,1.63,1.63,1,3,33,11,31,75,5,1,3,0,11,0,12,17,32,43,3,6,0,18,10,24,38,6,0,0.87,0.78,0,1,0,0,75.15,44,44.39,13,0.35,0.52,0,1.99,1.98,1.98,541,30,61,79,371,64,60,58,359,0,0,58226,6,6,3,17,189.02,19.07,18.63,19.15,18.7,181,75,119,375,17,17,2,180,58,18,5.19,7.27,6.62,4,8,5,374.47,256,256.46,2.61,4.07,4.07,17.62,17.7,17.55,190.04,16.45,16.15,16.43,16.13,179,83,102,364,18,12,2,204,43,15,5.59,5.12,5.73,11,3,4,363.53,262,261.19,2.54,2.3,2.3,16.69,16.68,16.44,54.18,54.98,1063,921,0,0,0,0,0,0
8482699,2024,Dylan Guenther,UTA,R,all,70,71388,1445,64.96,0.61,0.49,0.59,0.49,0.6,0.49,314,240.42,23.81,14.28,56.37,7.9,134.59,91.05,22.86,24,23.06,18,15,204,124,122,450,60,27,15,4,44,0,116,126,177,301,12,26,10,53,18,55,242,67,19,7.65,7.88,8.28,10,6,11,454.92,328,331.28,16,3.26,3.56,2.38,24.7,24.92,24.08,1445,323,84,220,818,184,225,243,793,10,19,184770,26,24,12,42,760.32,84.74,81.58,85.2,82.02,667,375,393,1435,89,57,9,734,225,83,21.91,27.19,35.63,25,30,34,1441.78,1042,1047.12,11.97,12.54,12.54,84.16,84.67,82.37,511.99,55.07,53.1,55.31,53.32,478,225,294,997,52,49,9,499,147,57,14.77,17.9,22.4,15,16,21,997.59,703,704.51,6.52,9.84,9.84,51.74,51.94,51.11,151.31,160.22,2929,3057,0,0,0,0,0,0
8483524,2024,Shane Wright,SEA,C,all,79,66683,1396,35.01,0.54,0.45,0.53,0.47,0.53,0.47,643,116.09,17.16,8.81,25.46,4.07,62.63,42.86,16,17.15,15.99,15,10,91,70,43,204,44,19,7,3,18,0,56,61,72,142,9,18,369,54,14,73,91,50,20,3.36,6.16,7.64,6,5,8,203.17,161,160.76,21,2.07,2.65,3.95,15.28,15.24,14.77,1396,216,134,194,852,194,188,205,809,369,461,220042,18,20,10,62,622.73,63.78,59.28,63.77,59.3,556,306,318,1180,76,57,9,638,156,68,17.73,19.58,26.47,24,28,24,1172.66,862,858.73,9.58,14.48,14.24,59.12,59.22,57.21,549.12,53.75,51.58,54.31,52.14,486,284,296,1066,50,70,6,585,129,56,16.79,16.77,20.18,22,15,13,1084.38,770,782.36,7.35,11.92,11.92,49.17,49.62,48.85,166.68,205.47,3442,3888,0,0,0,0,0,0
8476892,2024,Colton Parayko,STL,D,all,64,91210,1797,37.73,0.43,0.53,0.45,0.52,0.46,0.51,120,125.62,7.89,7.53,32.41,4.34,71,54.84,7.24,7.85,7.19,10,10,125,53,73,251,36,16,8,4,34,0,46,74,109,162,4,8,0,92,27,86,158,12,8,3.85,1.34,2.69,9,2,5,248.25,178,176.89,57,1.58,2.33,2.25,7.22,7.18,6.88,1797,174,374,300,949,211,164,252,1170,0,0,142285,8,10,5,149,673.83,60.6,58.27,60.78,58.43,649,278,349,1276,74,53,11,718,139,70,20.54,17.17,22.89,37,17,20,1275.24,927,927.16,8.99,12.98,13.62,55.96,56.21,55.09,797.65,79.67,75.25,80.07,75.6,748,350,492,1590,87,91,11,801,208,89,22.3,25.08,32.29,26,38,23,1594.3,1098,1105.99,12.46,19.54,19.54,72.59,72.93,70.68,115.16,101.2,2286,2093,0,0,0,0,0,0
8482125,2024,Alexander Holtz,VGK,R,all,53,36840,790,11.06,0.49,0.55,0.49,0.51,0.5,0.52,512,81.92,7.85,5.55,20.78,2.82,42.51,30.5,7.38,7.95,7.48,4,4,69,41,26,136,12,4,13,0,24,1,30,38,65,106,5,10,3,39,3,35,79,20,11,2.39,2.38,3.07,1,2,1,138.75,110,111.5,7,1.19,2.04,2.54,6.49,6.58,6.4,790,92,51,132,515,126,116,88,460,3,10,155834,10,8,4,15,305.96,25.88,24.41,25.97,24.51,275,141,167,583,21,40,2,317,70,29,9.25,8.69,7.95,8,10,3,588.4,416,419.2,4.21,7.74,7.74,22.36,22.55,22.02,304.39,26.95,25.52,27.04,25.62,271,153,173,597,22,37,3,320,75,29,8.86,9.61,8.48,11,8,3,595.82,424,425.47,4.23,7.94,7.94,23.24,23.37,22.91,155.83,129.66,2656,2568,0,0,0,0,0,0
8475151,2024,Kyle Palmieri,NYI,C,all,82,91100,1850,41.55,0.49,0.48,0.5,0.5,0.51,0.5,287,204.17,23.5,14.85,46.36,6.96,110.7,75.63,22.27,23.56,22.32,12,12,169,109,85,363,48,24,20,5,43,1,99,91,145,254,10,20,13,54,18,55,199,49,30,7.03,5.95,10.51,6,10,8,361.7,278,277.88,18,3.35,4.32,6.21,20.64,20.68,19.9,1850,323,211,246,1070,216,252,299,1083,13,20,207582,20,28,14,48,865.46,85.41,81.19,85.38,81.16,769,413,442,1624,78,102,10,864,217,101,25.97,27.15,32.3,19,37,22,1617.75,1182,1178.9,14.75,20.73,21.29,78.87,78.82,76.18,834.82,87.65,83.08,88.44,83.82,755,395,458,1608,91,80,10,841,209,100,23.99,26.18,37.48,34,26,31,1621.41,1150,1157.48,12.42,18.62,18.62,81.45,82.01,80.23,157.65,171.67,3409,3439,0,0,0,0,0,0
8483493,2024,Frank Nazar,CHI,C,all,53,50471,1021,18.32,0.46,0.41,0.45,0.43,0.45,0.42,295,103.15,13.26,7.15,22.35,3.43,49.71,40.11,12.77,13.25,12.76,8,6,91,45,35,171,26,12,6,3,19,0,45,54,79,124,7,14,170,30,8,57,73,48,15,2.46,6.22,4.57,4,5,3,169.16,136,134.91,19,1.57,1.21,2.9,11.93,11.92,11.73,1021,127,108,135,651,107,141,158,615,170,211,142485,14,34,18,35,380.38,41.61,38.86,41.51,38.75,339,173,188,700,39,35,6,349,112,51,10.17,14.08,17.36,17,13,9,690.37,512,506.65,5.73,7.85,7.85,39.49,39.3,37.3,464.42,49.49,47.54,50.32,48.34,425,211,228,864,48,49,3,465,107,64,13.4,14.15,21.93,20,15,13,882.26,636,647.17,7.01,11.4,11.4,45.1,45.73,44.94,93.93,136.49,1841,2462,0,0,0,0,0,0
8481068,2024,Yegor Sharangovich,CGY,C,all,73,72963,1522,38.3,0.53,0.47,0.56,0.5,0.54,0.5,398,148.84,17.75,9.71,34.88,5.09,78.74,57.84,16.47,17.79,16.51,10,5,128,76,85,289,32,17,13,2,27,1,72,74,111,187,4,8,146,14,17,51,149,31,24,4.48,3.97,9.29,3,5,9,288.57,204,203.7,19,2.24,3.28,3.53,16.46,16.42,15.48,1522,227,119,203,973,205,225,207,885,146,171,194119,8,12,6,31,664.77,62.99,58.16,63.2,58.35,642,280,414,1336,52,65,8,721,127,74,19.51,15.53,27.96,19,14,19,1332.56,922,921.56,9.89,14.32,14.32,58.57,58.62,55.2,565.28,56.7,54.42,57.17,54.84,520,262,283,1065,50,57,6,568,156,58,16.33,19.52,20.85,14,23,13,1069.48,782,786.19,7.81,12.35,12.35,52.16,52.48,51.53,147.42,167.2,3297,3301,0,0,0,0,0,0
8476442,2024,Matt Nieto,PIT,L,all,32,23520,566,1.56,0.31,0.53,0.37,0.53,0.36,0.52,303,29.79,2.63,2.02,7.54,1,14.89,11.93,2.61,2.63,2.61,1,1,31,9,6,46,3,1,1,0,3,0,11,24,30,39,2,4,2,39,1,19,28,10,2,0.78,1.42,0.43,0,1,0,45.71,40,39.41,5,0.43,0.13,0,3.06,3.06,3.04,566,18,167,70,311,90,60,72,344,2,3,93276,4,2,1,20,123.52,9.44,9.32,9.53,9.4,121,52,84,257,6,6,1,136,30,7,3.62,3.84,1.99,1,4,1,258.32,173,172.78,1.63,1.15,1.06,10.03,10.07,10.01,216.91,20.67,19.87,20.69,19.9,198,107,124,429,23,20,2,234,50,21,6.7,5.66,8.31,9,6,8,427.69,305,304.93,3.67,4.03,4.03,20.3,20.38,19.84,93.05,81.42,1698,1507,0,0,0,0,0,0
8482507,2024,Chase Bradley,COL,L,all,2,669,16,0,0.55,0.65,0.47,0.62,0.57,0.64,24,0,0,0,0,0,0,0,0,0,0,0,0,0,0,2,2,0,0,0,0,0,0,0,0,0,0,0,0,0,1,0,0,0,0,0,0,0,0,0,0,0,1.94,0,0,0,0,0,0,0,0,0,16,0,2,3,11,2,1,1,12,0,0,6831,0,0,0,1,2.6,0.15,0.15,0.15,0.15,2,2,4,8,0,0,0,3,1,0,0.05,0.11,0,0,0,0,7.76,4,3.88,0.03,0,0,0.18,0.17,0.17,2.24,0.13,0.13,0.13,0.13,3,0,6,9,0,0,0,3,0,0,0.13,0,0,0,0,0,9.35,3,3.11,0.03,0,0,0.15,0.16,0.16,8.05,4.41,141,86,0,0,0,0,0,0
8479337,2024,Alex DeBrincat,DET,R,all,82,87926,1701,73.19,0.58,0.44,0.57,0.44,0.58,0.44,315,266.21,32.1,19.44,58.4,8.7,143.07,96.3,30.05,32.16,30.1,23,8,244,114,98,456,70,39,29,3,28,2,113,147,205,319,12,29,26,33,29,71,232,87,39,7.78,10.61,13.72,10,16,13,458.31,358,358.88,19,4.41,7.5,5.83,30.69,30.75,29.56,1701,350,159,254,938,242,218,290,951,26,32,210511,29,53,25,38,946.78,102.94,95.96,102.86,95.91,876,411,423,1710,105,98,11,897,269,121,26.9,32.43,43.61,34,37,34,1706.84,1287,1285.61,15.63,23.48,23.75,94.82,94.87,91.46,669.91,73.84,70.25,74.6,70.95,622,296,346,1264,69,67,6,669,165,84,19.16,20.65,34.03,28,17,24,1277.85,918,925.01,8.84,13.54,13.56,69.12,69.66,67.72,154.33,193.33,2970,3705,0,0,0,0,0,0
8478449,2024,Roope Hintz,DAL,C,all,76,77024,1723,60.76,0.55,0.5,0.53,0.49,0.52,0.48,324,170.86,27.45,12.19,36.2,5.63,85.05,59.48,25.62,27.55,25.72,27,12,160,66,59,285,67,28,20,2,21,0,78,79,132,198,15,30,458,53,17,70,111,84,31,4.12,10.9,12.42,5,13,10,286.39,226,227.19,21,2.82,5.06,4.6,25.67,25.76,25.23,1723,333,234,284,872,197,216,239,1071,458,392,199034,30,36,18,46,728.64,85.85,80.6,86.42,81.13,671,315,411,1397,92,86,11,660,227,99,19.84,29.41,36.6,22,36,34,1408.74,986,993.34,12.13,18.43,18.34,79.65,80.05,77.2,664.88,70.48,66.76,70.42,66.68,607,307,316,1230,55,67,10,671,160,83,19.27,19.58,31.63,16,9,30,1219.84,914,906.96,9.62,14.15,14.15,65.97,65.81,63.83,166.54,165.87,3168,3271,0,0,0,0,0,0
8481604,2024,Pavel Dorofeyev,VGK,L,all,82,81311,1531,65.48,0.64,0.5,0.59,0.48,0.6,0.48,414,260.18,28.05,18.31,58.79,8.51,146.26,95.07,26.12,28.29,26.33,8,9,253,102,81,436,52,35,26,2,56,0,126,112,218,320,14,30,3,28,24,55,255,73,27,8.83,8.88,10.35,14,11,10,440.98,355,357.6,17,4.14,5.34,5.81,26.38,26.55,25.75,1531,334,148,179,870,212,206,256,857,3,13,216755,30,22,11,37,874.13,92.78,84.73,93.49,85.38,825,371,378,1574,91,94,9,859,224,113,25.34,27.9,39.54,31,30,30,1589.07,1196,1204.1,14.11,19.98,19.98,86.92,87.45,82.39,562.48,52,49.92,51.75,49.7,499,283,314,1096,55,53,8,595,132,55,17.74,16.04,18.22,25,17,13,1088.21,782,778.55,7.37,10.13,10.13,49.24,49.08,48.33,182.98,180.08,3389,3693,0,0,0,0,0,0
8476921,2024,Jordan Martinook,CAR,L,all,79,72506,1641,56.63,0.52,0.56,0.53,0.6,0.53,0.59,500,141.44,18.83,9.65,32.53,4.97,73.7,58.32,18.39,19,18.56,14,7,112,86,53,251,36,15,15,3,20,1,65,82,97,183,9,18,35,84,18,53,114,59,25,3.45,7.68,7.71,4,5,6,254.7,198,200.89,16,2.04,2.2,6.24,14.63,14.76,14.64,1641,220,360,345,716,267,161,220,993,35,37,213714,18,16,7,52,656.41,63.21,61.71,63.69,62.18,540,368,371,1279,52,74,5,653,183,72,16.94,23.03,23.26,13,20,19,1292.4,908,916.72,8.73,13.26,13.26,58.69,59.1,58.37,600.93,58.45,54.65,58.42,54.63,522,295,308,1125,46,71,7,586,163,68,16.68,19.58,22.19,19,12,15,1119.51,817,814.93,10.24,15.79,15.79,52.91,52.9,50.7,219.57,169.2,4284,2807,0,0,0,0,0,0
8481486,2024,Jimmy Schuldt,SJS,D,all,8,6616,153,-1,0.38,0.41,0.41,0.47,0.42,0.46,44,4.28,0.12,0.19,1.43,0.14,2.35,1.78,0.12,0.11,0.11,0,0,4,2,3,9,0,0,0,0,1,0,3,2,4,6,0,0,0,13,1,6,6,0,0,0.12,0,0,0,0,0,8.52,6,5.68,5,0.04,0,0,0.16,0.15,0.15,153,13,19,20,101,15,29,17,92,0,0,22466,0,2,1,5,39.8,2.88,2.86,2.8,2.78,33,22,20,75,1,1,0,45,8,2,1.35,1.1,0.43,0,1,0,71.84,55,53.16,0.49,0.22,0.22,3.15,3.06,3.05,55.27,4.7,4.59,4.85,4.74,52,24,33,109,5,5,1,60,8,8,1.31,1.14,2.25,1,2,2,114.71,76,79.24,0.77,1.46,1.46,4.01,4.17,4.12,15.03,22.07,327,375,0,0,0,0,0,0
8476425,2024,Joseph LaBate,CBJ,C,all,6,3278,82,-0.94,0.4,0.51,0.27,0.48,0.3,0.49,71,3.05,0.38,0.17,0.82,0.11,1.39,1.13,0.37,0.37,0.37,0,1,3,1,1,5,1,0,1,0,0,0,1,2,3,4,2,10,0,14,0,1,3,0,1,0.1,0,0.27,0,0,0,4.8,4,3.9,0,0.04,0.02,0.27,0.14,0.14,0.14,82,5,11,12,54,9,9,11,53,0,2,18322,10,10,2,11,15.21,1.52,1.5,1.55,1.54,15,6,8,29,3,4,0,16,2,3,0.37,0.32,0.83,1,1,1,28.89,21,20.94,0.19,0.66,0.66,1.04,1.07,1.06,34.64,2.32,2.15,2.32,2.15,36,14,27,77,2,6,0,41,8,1,1,1.09,0.22,1,1,0,77.62,50,49.76,0.44,0.7,0.7,2.06,2.05,1.99,20.18,19.71,296,322,0,0,0,0,0,0
8477955,2024,Jared McCann,SEA,L,all,82,84677,1749,57.69,0.51,0.46,0.51,0.47,0.51,0.47,350,227.03,22.73,14.18,51.81,7.52,121.76,94.01,22.24,22.62,22.13,26,13,202,110,106,418,61,22,17,2,32,1,100,140,180,290,9,18,109,47,29,66,240,52,20,6.61,6.55,9.57,6,7,9,414.68,312,309.66,17,3.25,2.14,2,23.97,23.82,23.47,1749,295,261,239,954,227,217,262,1043,109,135,212848,18,42,21,50,776.8,81.49,77.59,80.95,77.07,687,390,383,1460,85,62,6,793,206,78,23.31,25.77,32.4,30,32,23,1444.46,1077,1068.06,12.66,11.54,11.54,82.61,82.14,79.08,741.55,79.67,75.43,80.12,75.91,626,413,378,1417,76,77,7,765,177,97,21.76,21.6,36.31,27,21,28,1434.37,1039,1051.24,11.18,15.21,15.21,75.64,76.07,73.51,156.8,187.74,3328,3732,0,0,0,0,0,0
8482634,2024,Alex Steeves,TOR,C,all,7,4154,99,2.33,0.52,0.54,0.48,0.47,0.52,0.49,79,7.99,0.85,0.54,1.84,0.26,4.43,3.08,0.82,0.87,0.83,0,1,7,4,1,12,2,1,0,0,2,0,3,5,6,10,0,0,0,19,0,0,7,3,1,0.24,0.33,0.27,0,1,0,12.54,11,11.31,0,0.11,0,0.27,0.69,0.7,0.7,99,6,15,17,61,19,13,12,55,0,0,21547,0,2,1,1,29.33,2.25,2.16,2.29,2.2,30,12,13,55,3,1,0,32,8,2,0.87,0.81,0.57,1,2,0,55.72,42,42.49,0.38,0.27,0.27,2.36,2.39,2.32,28.56,2.11,2.08,2.1,2.08,24,15,20,59,0,1,0,31,6,2,0.89,0.75,0.47,0,0,0,58.41,39,39.07,0.38,0.14,0.14,2.34,2.33,2.3,25.21,21.5,348,390,0,0,0,0,0,0
8475760,2024,Nick Bjugstad,UTA,C,all,66,48773,1183,24.99,0.54,0.51,0.53,0.51,0.53,0.51,642,121.12,12.02,7.59,28.31,3.87,62.77,46.44,11.26,12.08,11.31,8,3,115,46,43,204,19,8,11,2,16,1,51,74,107,153,8,16,207,104,12,39,119,26,16,3.91,3.03,5.09,2,2,4,205.42,161,162.2,12,1.61,2.14,3.34,10.29,10.34,10,1183,148,133,236,666,212,174,138,659,207,230,192187,16,18,9,29,450.63,39.81,37.67,40.09,37.95,407,204,230,841,31,48,3,461,103,47,13.47,12.16,14.18,16,8,7,849.14,611,617.25,6.02,9.79,9.79,36.05,36.23,35.26,392.42,34.23,33.34,34.2,33.32,359,174,210,743,32,32,8,395,105,33,11.57,12.28,10.37,8,13,11,737.4,533,529.39,4.91,8.1,8.1,31.04,30.97,30.6,174.63,166.43,3223,3103,0,0,0,0,0,0
8480748,2024,Kiefer Sherwood,VAN,L,all,78,69681,1604,41.05,0.43,0.51,0.49,0.5,0.48,0.49,508,155.07,12.07,9.1,37.18,5.09,83.15,68.4,11.75,12.18,11.86,14,7,141,74,65,280,40,19,16,2,31,1,56,92,122,196,16,35,24,462,26,49,177,27,11,4.7,3.65,3.71,11,4,4,282.42,215,216.73,12,1.92,3.23,2.74,11.24,11.34,11.28,1604,119,173,263,1049,241,229,233,901,24,32,215940,35,37,17,30,528.34,45.05,43.55,45.32,43.79,477,256,318,1051,58,48,8,589,94,50,15.67,12.23,17.15,26,17,15,1055.67,733,736.48,7.03,10.33,10.14,41.94,42.09,41.36,581.9,59.77,57.29,60.05,57.59,514,284,314,1112,65,65,12,586,139,73,15.97,17.86,25.93,28,16,21,1116.18,798,801.74,8.64,15.2,15.54,52.86,53.12,52.07,174.63,166.71,3328,3384,0,0,0,0,0,0
8483733,2024,Nikita Grebenkin,TOR,R,all,7,3674,90,-1.24,0.55,0.48,0.42,0.45,0.42,0.47,77,3.55,0.64,0.39,0.74,0.1,1.35,0.78,0.63,0.63,0.62,0,0,2,2,2,6,0,0,0,0,1,0,1,2,2,4,1,2,1,13,1,1,2,0,2,0.08,0,0.56,0,0,0,5.98,4,3.99,0,0.1,0,0,0.74,0.73,0.72,90,9,6,14,61,18,15,11,46,1,0,21526,2,2,1,1,25.29,2.78,2.7,2.76,2.68,19,15,12,46,1,3,0,25,5,4,0.79,0.59,1.4,0,0,1,45.79,34,33.63,0.44,0.34,0.34,2.89,2.86,2.81,33.05,2.29,2.24,2.28,2.23,31,16,16,63,3,5,1,37,9,1,0.92,1.13,0.23,1,2,0,62.62,47,46.42,0.43,0.49,0.49,2.23,2.23,2.21,18.19,19.88,316,390,0,0,0,0,0,0
8476462,2024,Dougie Hamilton,NJD,D,all,64,76246,1512,49.7,0.63,0.48,0.59,0.48,0.59,0.47,214,196.1,12.29,11.65,54.4,6.79,116.41,76.46,11.55,12.32,11.58,14,17,186,92,146,424,40,9,25,0,47,0,91,106,177,269,15,30,0,74,20,94,245,21,12,5.69,2.23,4.37,6,0,3,426.18,278,280.02,57,2.66,4.59,2,12.95,12.97,12.23,1512,248,102,192,970,117,251,242,902,0,0,156072,30,14,7,85,880.24,100.57,94.06,101.09,94.56,814,380,482,1676,98,125,15,838,224,132,24.29,27.73,48.54,33,26,39,1686.21,1194,1202.19,15.15,26.02,25.83,89.88,90.33,86.14,601.16,58.14,56.34,58.12,56.28,556,273,321,1150,56,50,6,620,148,61,17.89,18.59,21.66,22,19,15,1142.41,829,823.74,7.94,11.47,11.47,54.62,54.35,53.74,123.98,132.4,2308,2545,0,0,0,0,0,0
8475235,2024,Nicolas Deslauriers,PHI,L,all,31,14202,323,2.91,0.51,0.48,0.5,0.47,0.5,0.48,362,31.92,3.59,2.19,7.37,1.02,16.91,11.91,3.42,3.54,3.36,0,1,25,18,12,55,3,2,4,1,6,0,11,20,23,41,3,15,1,85,1,9,27,12,4,0.64,1.7,1.26,1,0,1,52.65,43,41.47,1,0.48,1.11,1.21,2.86,2.77,2.75,323,28,16,63,216,62,49,40,172,1,2,99306,15,15,3,9,108.02,9.19,8.9,9.07,8.77,89,58,67,214,8,11,1,116,21,10,3.33,3.01,2.85,7,0,1,205.62,147,142.78,1.41,2.65,2.65,7.95,7.75,7.69,106.68,8.87,8.67,8.97,8.78,108,38,66,212,17,8,1,109,29,8,3.44,3.38,2.05,9,7,1,218.45,146,149.11,1.37,1.92,1.92,8.32,8.5,8.43,80.15,86.62,1485,1689,0,0,0,0,0,0
8477034,2024,Jaycob Megna,FLA,D,all,8,7728,179,1.93,0.34,0.58,0.51,0.6,0.51,0.59,43,5.65,0.19,0.29,1.74,0.23,3.2,2.35,0.18,0.18,0.18,0,0,5,3,6,14,0,0,0,0,1,0,5,2,5,8,1,2,0,3,1,6,8,0,0,0.19,0,0,0,0,0,13.61,8,7.75,2,0.06,0,0.05,0.19,0.18,0.18,179,14,18,25,122,24,25,15,115,0,0,21372,2,2,1,9,56.31,3.5,3.43,3.47,3.39,48,34,33,115,1,5,0,70,12,0,1.87,1.63,0,0,1,0,113.16,82,81.15,0.72,0.65,0.65,3.57,3.54,3.51,56.42,6.92,6.4,6.96,6.44,48,30,32,110,6,3,0,46,27,5,1.07,3.42,2.42,0,3,3,112.51,78,78.92,0.94,0.25,0.25,7.6,7.66,7.13,21.39,15.18,423,284,0,0,0,0,0,0
8479378,2024,Logan Stanley,WPG,D,all,63,58906,1282,9.22,0.41,0.57,0.43,0.52,0.44,0.53,318,57.52,1.74,3.02,17.3,1.9,33.78,25.27,1.69,1.74,1.69,4,9,49,34,51,134,14,1,5,0,17,1,27,32,48,82,22,58,0,88,11,59,83,0,0,1.74,0,0,1,0,0,134.62,83,83.64,38,0.61,0.81,0.02,2.32,2.33,2.26,1282,68,147,183,884,196,195,143,748,0,0,170020,58,30,9,76,418.21,34.91,33.82,35.46,34.35,379,200,219,798,30,44,9,443,103,33,11.93,13.32,9.65,10,13,7,812.1,579,587.2,5.46,8.26,8.26,32.11,32.57,32.04,537.85,49.21,46.39,49.22,46.39,496,247,310,1053,37,58,2,575,107,61,15.67,13.34,20.2,15,8,14,1039.93,743,737.8,7.9,11.27,11.27,45.84,45.8,44.72,164.3,124.88,2915,2657,0,0,0,0,0,0
8478020,2024,Michael Amadio,OTT,R,all,72,60894,1498,27.05,0.52,0.49,0.48,0.51,0.48,0.51,542,93.68,13.32,6.74,22.25,3.26,46.9,34.53,12.55,13.42,12.66,13,3,85,42,38,165,27,11,14,3,12,1,37,52,74,116,9,18,49,108,24,36,72,38,17,2.46,4.7,6.15,3,3,5,165.89,127,128,12,1.44,2.58,5.13,9.64,9.74,9.59,1498,147,202,238,911,237,209,191,861,49,47,200300,18,26,13,44,476.87,47.89,46.13,47.99,46.23,436,222,279,937,48,52,5,488,117,53,13.1,14.55,20.23,14,19,15,939.14,658,658.84,6.41,10.61,10.72,43.57,43.61,42.89,507.99,44.81,42.07,44.8,42.08,467,232,311,1010,34,41,6,538,116,45,15.29,14.57,14.95,15,11,8,1012.65,699,699.75,7.15,8.89,8.74,43.23,43.3,41.39,172.83,179.65,3408,3252,0,0,0,0,0,0
8478211,2024,Dryden Hunt,CGY,L,all,5,3497,87,1.79,0.46,0.44,0.43,0.53,0.4,0.5,48,4.24,0.58,0.28,0.96,0.13,2.27,1.78,0.58,0.57,0.57,2,1,5,1,2,8,3,0,0,0,1,0,0,5,5,6,0,0,2,10,2,4,4,1,1,0.16,0.13,0.29,0,0,0,7.77,6,5.93,1,0.06,0,0,0.64,0.63,0.63,87,11,5,13,58,11,12,12,52,2,0,14914,0,2,1,3,23.92,1.93,1.92,2.01,2,26,7,14,47,3,0,0,25,7,1,0.74,0.9,0.29,2,1,0,47.38,33,34.19,0.31,0,0.04,2.2,2.29,2.28,35.4,2.27,2.23,2.21,2.17,29,21,12,62,4,5,2,43,6,1,1.22,0.8,0.25,1,2,1,60.72,50,49.05,0.38,0.55,0.55,2.09,2.03,2.02,9.76,12.64,261,235,0,0,0,0,0,0
8481557,2024,Matt Boldy,MIN,L,all,82,99818,1627,75.51,0.61,0.43,0.56,0.43,0.57,0.43,204,308.86,33.7,21.83,68.51,10.05,172.12,119.8,31.12,33.75,31.16,23,23,272,154,125,551,73,27,24,0,44,0,168,163,245,399,24,51,58,52,43,84,309,81,36,9.34,9.65,14.7,8,10,9,553.29,426,427.9,17,4.94,6.11,6.83,31.82,31.85,30.04,1627,301,190,325,811,200,234,291,902,58,67,198766,51,37,17,69,1006.82,115.77,107.56,116.07,107.84,925,463,482,1870,102,108,13,996,260,132,28.38,31.92,55.47,27,31,44,1876.51,1388,1393.33,16.87,25.98,25.98,106.68,106.91,102.85,741.89,74.45,70.52,75.01,71.06,695,342,427,1464,76,69,13,777,169,91,22.52,21.07,30.86,24,23,29,1470.37,1037,1042.82,10.36,14.96,14.96,69.85,70.29,68,121.66,163.69,2778,3639,0,0,0,0,0,0
8479356,2024,Kieffer Bellows,NSH,L,all,19,12169,267,3.36,0.54,0.52,0.5,0.52,0.5,0.53,211,33.52,2.69,2.33,8.01,1.05,17.08,12.85,2.6,2.68,2.6,1,1,28,16,13,57,4,2,3,1,6,0,16,17,26,42,3,6,2,35,3,10,34,8,2,1.05,0.98,0.65,1,0,1,57.04,44,43.86,3,0.49,1.43,0.86,2.32,2.3,2.27,267,15,25,42,185,54,34,33,146,2,1,56590,6,6,3,6,91.74,7.89,7.63,7.92,7.66,87,37,51,175,5,10,2,98,20,6,2.76,2.42,2.71,2,1,2,174.63,124,124.2,1.29,2.66,3.15,6.03,6.04,5.93,88.99,6.84,6.66,6.85,6.67,76,48,52,176,8,9,0,102,17,5,3.21,2.33,1.3,4,3,1,178.74,124,124.7,1.18,0.94,0.94,7.08,7.09,6.93,51.1,46.42,907,832,0,0,0,0,0,0
8479362,2024,Riley Tufte,BOS,L,all,6,3310,82,-0.63,0.34,0.56,0.48,0.53,0.44,0.53,63,0.65,0.03,0.04,0.14,0.01,0.4,0.37,0.03,0.03,0.03,0,0,1,0,4,5,0,0,0,0,1,0,0,0,1,1,2,4,1,8,0,3,1,0,0,0.03,0,0,0,0,0,4.65,1,0.96,1,0.01,0,0,0.04,0.04,0.04,82,9,8,17,48,14,20,5,43,1,1,18682,4,2,1,1,18.92,1.05,1.04,1.03,1.02,18,8,13,39,0,0,0,24,1,1,0.67,0.12,0.26,0,0,0,38.1,26,25.56,0.24,0,0,1.29,1.27,1.26,24.75,2.04,2.01,2.11,2.07,23,10,9,42,3,3,0,23,7,3,0.36,0.85,0.83,1,1,1,42.36,33,33.44,0.28,0.51,0.51,1.81,1.85,1.81,17.18,13.69,342,298,0,0,0,0,0,0
8482470,2024,Ilya Solovyov,CGY,D,all,5,4701,123,1,0.34,0.53,0.41,0.49,0.42,0.5,23,6.34,0.08,0.24,1.94,0.2,3.86,2.67,0.08,0.08,0.08,1,0,6,3,9,18,1,0,0,0,2,0,3,4,6,9,1,2,0,12,3,6,9,0,0,0.08,0,0,0,0,0,18,9,8.97,2,0.05,0,0,0.12,0.12,0.12,123,9,14,9,91,12,20,12,79,0,0,13477,2,2,1,8,35.11,2.17,2.15,2.2,2.19,31,19,22,72,1,0,0,43,6,1,1.13,0.82,0.21,0,1,0,72.71,50,50.89,0.43,0,0,2.6,2.64,2.63,50.18,4.29,4.08,4.29,4.08,44,25,33,102,5,4,2,52,9,8,1.31,0.96,2.02,1,0,4,101.45,69,68.43,0.8,1.06,1.06,4.04,4.04,3.98,11.82,10.65,232,245,0,0,0,0,0,0
8476960,2024,Andreas Athanasiou,CHI,C,all,8,4813,108,-0.89,0.35,0.46,0.35,0.46,0.38,0.47,89,9.41,1.01,0.53,2.31,0.28,4.34,3.52,1.01,1.04,1.04,0,0,8,4,3,15,1,1,0,0,1,0,2,8,7,11,0,0,26,6,2,2,7,3,2,0.16,0.44,0.41,0,0,1,15.13,12,12.13,2,0.11,0,0.03,1.1,1.13,1.13,108,11,4,21,72,17,13,13,65,26,30,24071,0,0,0,6,33.13,2.48,2.44,2.47,2.43,32,13,10,55,4,2,1,37,4,4,0.93,0.59,0.96,2,0,2,54.43,45,43.92,0.35,0.25,0.25,2.57,2.57,2.56,53.11,4.66,4.24,4.69,4.27,41,32,28,101,5,10,1,56,11,6,1.58,1.44,1.64,1,2,2,101.65,73,73.83,0.77,1.31,1.31,4.11,4.16,3.94,19.71,22.9,363,429,0,0,0,0,0,0
8479393,2024,Noah Gregor,SJS,L,all,52,34651,898,0.96,0.35,0.48,0.41,0.51,0.41,0.52,511,80.41,5.57,4.44,18.85,2.56,40.03,35.55,5.51,5.65,5.59,2,1,60,47,38,145,7,4,5,0,12,0,31,55,56,103,11,28,4,94,7,17,84,19,4,2,2.37,1.19,1,2,1,147.27,107,108.46,6,0.92,0.69,1.02,5.47,5.55,5.51,898,75,70,138,615,129,148,117,504,4,3,154477,28,22,8,33,228.22,15.53,15.32,15.7,15.49,191,123,128,442,8,11,0,256,45,13,6.2,5.43,3.9,3,4,1,445.62,314,315.48,2.69,2.53,2.53,15.69,15.84,15.7,330.8,28.49,27.21,28.49,27.22,315,141,180,636,35,42,5,351,74,31,9.46,9.4,9.62,15,13,7,639.63,456,457.63,4.8,7.96,7.96,25.32,25.37,24.7,130.25,141.99,2649,2513,0,0,0,0,0,0
8480073,2024,Erik Brannstrom,VAN,D,all,28,25092,615,8.83,0.47,0.47,0.49,0.48,0.49,0.48,151,33.76,1.07,1.77,9.43,1.24,20.23,15.26,1.06,1.06,1.05,3,2,33,16,32,81,8,3,2,0,5,0,18,21,30,46,7,17,0,14,6,26,47,2,0,0.79,0.28,0,3,0,0,81.81,49,48.95,19,0.37,0.52,0.07,1.35,1.35,1.34,615,66,26,72,451,76,89,65,385,0,0,77062,17,17,7,39,178.81,15.1,14.56,15.13,14.6,162,89,110,361,16,16,1,199,36,16,5.39,4.73,4.97,9,2,5,364.29,251,252.45,2.4,3.47,3.47,14.02,14.13,13.96,192.61,17.25,16.47,17.38,16.6,174,90,109,373,18,18,4,193,50,21,5.01,6.18,6.06,6,7,5,377.75,264,267.1,2.62,3.64,3.98,15.88,16.07,15.73,58.04,64.45,1148,1259,0,0,0,0,0,0
8480070,2024,Ian Mitchell,BOS,D,all,15,14040,312,-1.25,0.39,0.43,0.43,0.46,0.44,0.46,85,13.33,0.47,0.71,3.61,0.43,8.04,5.74,0.46,0.48,0.47,0,1,10,9,7,26,1,0,3,0,0,0,9,7,10,19,1,2,0,5,5,13,19,0,0,0.47,0,0,0,0,0,25.47,19,18.97,6,0.15,0.28,0,0.62,0.62,0.61,312,33,26,38,215,35,54,30,193,0,0,40249,2,4,2,23,91.65,6.72,6.54,6.84,6.66,81,46,49,176,8,5,0,97,27,3,2.66,3.24,0.82,2,5,1,176.41,127,127.97,1.26,0.7,1.01,6.97,7.1,7,116.35,10.43,10.06,10.45,10.08,110,52,70,232,10,13,2,122,30,10,3.48,4.04,2.91,3,7,0,233.69,162,163.57,1.52,2.2,2.2,9.75,9.8,9.6,31.03,40.82,593,692,0,0,0,0,0,0
8482859,2024,Zack Ostapchuk,SJS,C,all,56,31649,832,-0.43,0.41,0.48,0.44,0.5,0.44,0.51,604,32.32,3.47,2.19,7.63,1.04,17.18,12.48,3.28,3.53,3.33,1,2,26,18,9,53,4,1,3,0,5,0,9,26,25,43,13,35,137,110,8,19,32,6,6,1.28,0.7,1.48,1,0,0,52.76,44,43.79,4,0.46,0.35,0.87,3.06,3.08,2.98,832,70,56,134,572,120,132,73,507,137,145,171843,35,31,11,21,213.77,15.73,15.11,15.88,15.24,190,105,124,419,8,19,1,235,44,16,6.12,5.31,4.3,5,1,2,418.5,295,294.68,2.7,3.44,3.44,14.98,15.08,14.75,274.25,22.42,21.79,22.57,21.94,256,124,160,540,19,28,4,292,64,24,7.72,8.15,6.54,6,8,5,544.46,380,382.43,3.71,5,5,21.12,21.26,21,143.41,156.75,2861,2845,0,0,0,0,0,0
8478401,2024,Pavel Zacha,BOS,C,all,82,93787,1947,40.87,0.5,0.47,0.51,0.47,0.5,0.47,246,149.77,20.95,11.13,31.06,4.78,76.99,54.07,19.7,21.05,19.8,21,12,132,67,58,257,47,14,9,0,26,0,65,85,118,185,9,21,393,63,24,62,116,56,27,4.61,6.68,9.65,6,6,2,256.08,199,199.35,21,2.62,1.48,4.58,18.99,19.13,18.35,1947,401,233,259,1054,206,277,322,1142,393,346,204650,21,21,9,26,841.37,88.93,83.16,88.9,83.14,770,380,430,1580,87,69,7,835,213,102,25.34,25.18,38.4,32,30,25,1571.55,1150,1146.6,13.45,15.97,15.97,86.41,86.43,83.19,821.4,89.49,85.32,89.83,85.64,779,359,381,1519,98,74,7,834,201,103,23.8,24.14,41.55,37,31,30,1530.21,1138,1146.51,12.28,15.18,15.27,86.49,86.93,84.78,147.85,169.06,3023,3404,0,0,0,0,0,0
8476448,2024,William Karlsson,VGK,C,all,53,54105,1101,41.86,0.56,0.56,0.54,0.51,0.54,0.52,240,134.81,13.43,8.12,30.71,4.28,70.45,55.01,12.98,13.64,13.19,14,6,119,63,60,242,29,9,14,2,31,0,53,75,110,173,2,4,410,20,14,50,133,34,15,3.93,4.28,5.21,4,3,2,244.55,182,184.16,19,1.77,3.06,2.03,13.17,13.37,13.18,1101,166,172,172,591,150,150,154,647,410,296,138557,4,16,8,37,504.35,49.1,46.57,49.66,47.09,467,224,268,959,43,39,3,514,126,51,14.85,16.26,17.99,16,16,11,969.82,691,698.36,7.2,7.82,7.84,48.46,48.91,47.27,426.07,38.4,36.24,38.45,36.27,371,214,226,811,27,35,3,446,99,40,13.08,12.18,13.14,8,9,10,807.42,585,584.26,6.37,7.84,7.84,36.93,36.87,35.78,132.31,105.56,2317,2236,0,0,0,0,0,0
8479323,2024,Adam Fox,NYR,D,all,74,103225,1933,72.78,0.54,0.43,0.58,0.44,0.58,0.44,121,149.55,12.52,9.02,39.28,5.02,82.29,59.87,11.81,12.52,11.8,30,21,135,73,131,339,61,10,13,2,30,0,66,89,125,198,16,32,0,40,40,76,174,22,12,4.69,2.81,5.02,6,0,4,337.43,208,207.56,37,2.09,2.28,2.39,12.22,12.16,11.72,1933,396,239,256,1042,134,228,304,1267,0,0,164571,32,24,12,108,1109.24,121.77,113.86,122.45,114.48,985,532,569,2086,112,121,16,1080,299,138,31.08,37.61,53.08,44,28,40,2091.83,1517,1522.82,18.3,26.6,26.37,113.7,114.12,109.63,822.01,102.6,98.21,102.67,98.3,760,355,394,1509,98,80,9,767,218,130,22.32,27.89,52.39,23,36,39,1511.77,1115,1115.85,12.55,18.68,18.68,96.46,96.65,94.03,110.74,148.27,2335,3030,0,0,0,0,0,0
8475825,2024,Jani Hakanp,TOR,D,all,2,1690,41,-0.4,0.36,0.58,0.38,0.49,0.38,0.51,12,1.42,0.03,0.06,0.43,0.05,0.79,0.65,0.03,0.03,0.03,0,0,2,0,3,5,0,0,0,0,0,0,0,2,2,2,0,0,0,1,0,6,2,0,0,0.03,0,0,0,0,0,4.95,2,2,4,0.01,0,0,0.04,0.04,0.04,41,2,0,2,37,4,10,6,21,0,0,5803,0,0,0,4,11.15,0.82,0.79,0.8,0.77,12,3,6,21,1,1,1,11,3,1,0.2,0.4,0.22,0,1,0,20.39,15,14.51,0.15,0.14,0.14,0.83,0.82,0.82,18.26,1.48,1.47,1.5,1.5,19,6,10,35,2,0,0,18,6,1,0.49,0.75,0.23,0,2,0,36.54,25,25.94,0.25,0,0,1.73,1.76,1.76,5.84,4.3,96,100,0,0,0,0,0,0
8480853,2024,Liam Foudy,NYI,C,all,2,894,23,-0.57,0.12,0.59,0.26,0.59,0.24,0.61,24,0.91,0.1,0.11,0.15,0.03,0.37,0.24,0.1,0.11,0.11,0,0,1,0,2,3,0,0,0,0,0,0,0,1,1,1,0,0,0,0,1,0,0,1,0,0,0.1,0,0,0,0,3.31,1,1.1,0,0.02,0,0,0.12,0.14,0.14,23,4,1,5,13,2,5,3,13,0,0,6375,0,0,0,1,2.98,0.15,0.15,0.15,0.15,2,2,2,6,0,0,0,3,1,0,0.04,0.1,0,0,0,0,6.34,4,4.13,0.05,0,0,0.19,0.2,0.2,9.64,1.03,1.03,0.97,0.96,8,5,4,17,1,2,1,9,2,2,0.21,0.28,0.55,0,0,1,16.23,13,12.21,0.12,0.55,0.55,0.61,0.57,0.57,5.65,3.92,116,80,0,0,0,0,0,0
8480865,2024,Noah Dobson,NYI,D,all,71,99140,2034,54.05,0.56,0.44,0.56,0.47,0.57,0.47,138,206.59,9.54,12.92,57.75,6.62,125.22,82.95,9.1,9.52,9.08,16,13,196,99,142,437,39,10,21,1,35,1,108,120,186,285,15,28,0,57,36,108,270,20,5,5.66,2.32,1.56,5,3,2,436.27,295,294.12,59,2.95,4.79,0.47,12.02,11.97,11.47,2034,265,206,258,1305,212,244,301,1277,0,0,159786,28,20,10,126,989.49,96.49,91.49,96.96,91.93,887,473,508,1868,80,111,13,1004,253,103,28.91,31.27,36.31,22,32,26,1867.91,1360,1362.06,16.58,22.07,22.35,90.72,90.95,87.6,758.53,75.78,73.41,76.25,73.86,703,341,427,1471,88,78,5,786,165,93,22.72,20.83,32.23,40,22,26,1484.67,1044,1053.83,10.69,16.3,16.3,70.17,70.59,69.43,116.05,147.7,2496,2855,0,0,0,0,0,0
8476374,2024,Sean Kuraly,CBJ,C,all,82,57879,1198,17.6,0.44,0.49,0.46,0.49,0.46,0.49,791,105.69,10.28,6.68,25.08,3.6,54.48,43.87,9.55,10.3,9.58,9,2,88,56,50,194,17,6,13,0,22,0,47,56,82,138,17,40,316,163,17,38,101,31,12,2.44,3.86,3.98,1,3,2,193.99,144,143.54,15,1.41,3.09,3.02,8.66,8.69,8.37,1198,87,186,175,750,229,173,188,608,316,266,240936,40,34,13,45,446.73,37.93,36.17,38.3,36.53,398,218,281,897,32,57,2,472,96,48,11.87,11.82,14.25,15,12,5,903.94,616,619.34,5.81,11.73,11.73,32.02,32.32,31.72,522.04,48.35,46.08,48.2,45.93,480,242,329,1051,47,68,10,529,143,50,14.9,18.44,15,16,19,12,1047.38,722,721.35,7.75,14.46,14.46,41.63,41.48,40.31,207.24,218.39,3972,4112,0,0,0,0,0,0
8479982,2024,Conor Timmins,PIT,D,all,68,69042,1673,22.78,0.48,0.5,0.48,0.48,0.48,0.49,333,75.31,3.04,4.37,22.09,2.61,45.31,32.58,2.99,3.06,3.01,6,6,69,41,79,189,15,3,9,0,28,0,21,49,66,107,15,30,0,55,11,59,103,6,1,2.08,0.72,0.23,3,0,0,188.17,110,109.63,35,0.9,1.69,0.32,3.61,3.64,3.59,1673,140,194,215,1124,172,250,167,1084,0,0,177591,30,14,7,90,573.08,53.79,51.07,54.13,51.36,519,267,298,1084,46,53,6,585,138,63,16.68,17.6,19.51,17,17,12,1081.87,786,785.29,7.68,11.68,11.68,49.78,50.02,49.15,611.61,57.59,53.86,57.92,54.11,564,284,317,1165,48,67,7,639,143,66,17.75,17.96,21.88,15,18,15,1167.3,848,852.07,9.33,14.03,14.03,52.89,52.99,51.34,165.45,165.73,2845,3057,0,0,0,0,0,0
8483464,2024,Marco Kasper,DET,C,all,77,71383,1555,39.39,0.52,0.48,0.51,0.48,0.51,0.48,485,153.27,19.4,11.03,34.45,5.27,78.7,58.16,18.36,19.31,18.3,7,11,145,62,46,253,37,19,16,3,30,2,63,77,126,188,12,24,281,156,9,47,133,50,24,4.4,6.5,8.5,3,8,8,251.72,207,206.93,20,2.44,3.85,5.24,16.59,16.57,16.25,1555,196,156,253,950,243,228,198,886,281,345,209054,24,22,11,48,644.13,63.52,60.91,63.67,61.07,595,281,338,1214,55,67,3,643,158,75,18.1,19.58,25.85,16,22,17,1212.1,876,878.52,9.27,14.36,14.36,58.42,58.56,57.38,607.63,59.59,56.57,60.14,57.07,545,284,322,1151,51,60,6,607,153,69,16.88,18.82,23.89,21,13,17,1158.85,829,833.71,8.57,14.05,14.06,54.11,54.52,53.32,174.89,187.99,3181,3491,0,0,0,0,0,0
8482109,2024,Alexis Lafrenire,NYR,L,all,82,83667,1693,49.59,0.5,0.48,0.56,0.47,0.55,0.48,423,173.95,17,12.16,40.76,5.64,96.01,67.43,16.39,17.17,16.56,21,7,153,86,63,302,45,17,11,3,40,0,88,83,136,222,13,28,13,119,25,46,168,54,17,5.07,6.42,5.52,6,7,4,304.84,239,241.01,16,2.66,2.8,4.28,15.39,15.57,15.22,1693,310,112,253,1018,270,240,298,885,13,26,213320,28,26,13,27,813.92,76.24,72.87,76.79,73.43,708,420,455,1583,77,74,10,847,206,75,24.59,25.42,26.23,38,22,17,1593.25,1128,1137.14,12.36,16.06,16.06,72.53,73.08,71.11,676.55,75.95,72.57,76.25,72.88,603,318,334,1255,78,66,7,648,179,94,19.08,21.71,35.15,28,31,19,1260.76,921,927.22,8.94,14.83,14.83,70.05,70.35,68.67,182.43,201.03,3356,3738,0,0,0,0,0,0
8477380,2024,Jonny Brodzinski,NYR,C,all,51,35726,819,16,0.46,0.49,0.47,0.5,0.46,0.5,471,79.3,7.79,5.24,19.12,2.51,43.16,30.18,7.47,7.84,7.52,3,4,73,35,31,139,19,12,8,0,13,0,32,43,61,96,2,4,81,27,11,26,78,20,10,2.51,2.72,2.57,7,4,1,140.39,108,108.93,6,1.14,1.98,1.59,7.34,7.39,7.15,819,87,88,143,501,120,107,102,490,81,89,148653,4,10,5,19,276.73,23.8,22.84,24.21,23.23,250,130,160,540,24,26,1,286,68,26,7.87,8.76,7.17,11,10,3,552.21,380,388.57,3.86,4.78,4.78,22.88,23.25,22.5,332.08,28.45,27.34,28.3,27.18,322,131,156,609,17,40,6,336,88,29,9.27,11.01,8.17,6,8,3,606.44,453,450.89,4.43,7.73,7.73,25.15,25.06,24.62,132.39,139.57,2472,2450,0,0,0,0,0,0
8480192,2024,Johnathan Kovacevic,NJD,D,all,81,96296,1956,23.05,0.47,0.56,0.46,0.54,0.45,0.53,270,90.73,3.8,4.7,26.25,3.01,52.16,40.08,3.72,3.8,3.72,10,6,76,54,92,222,17,1,7,0,18,0,40,64,75,129,30,72,0,102,28,100,124,5,1,2.45,0.46,0.89,1,0,0,223.21,130,130.14,68,0.95,1.15,0.13,4.62,4.62,4.54,1956,121,358,341,1136,257,171,268,1260,0,0,197912,72,36,12,99,675.94,69.14,66.49,69.28,66.67,576,347,395,1318,55,75,4,672,167,84,19.64,20.96,28.53,25,16,14,1325.34,923,929.13,9.12,15.46,15.6,62.67,63.08,62.19,814.17,77.17,69.41,77.19,69.42,709,413,440,1562,69,89,10,842,189,91,24.19,22.93,30.04,26,25,18,1549.07,1122,1116.19,13.34,16.95,16.95,73.56,73.4,67.71,204.4,163.68,3619,3055,0,0,0,0,0,0
8475765,2024,Vladimir Tarasenko,DET,R,all,80,70948,1609,25.86,0.49,0.49,0.5,0.48,0.5,0.49,567,146.89,15.46,9.75,34.99,5.1,77.34,56.37,14.71,15.43,14.67,12,10,133,66,82,281,33,11,14,1,26,0,63,85,122,188,3,6,0,63,16,61,136,50,13,4.75,5.96,4.75,5,4,2,279.99,199,199.2,18,2.15,2.79,3.12,14.49,14.43,14.11,1609,251,166,242,950,219,224,221,945,0,2,220289,6,22,11,35,605.01,58.07,55.54,58.18,55.62,544,286,322,1152,55,56,6,616,152,62,17.42,19.25,21.4,21,14,20,1147.84,830,829.11,9.14,11.51,11.51,55.7,55.69,54.22,608.87,60.71,57.67,61.02,58.02,546,296,311,1153,54,50,0,616,157,69,17.36,19.12,24.23,22,18,14,1156.61,842,844.81,8.27,10.44,10.44,58.54,59,56.92,193.49,199.22,3420,3689,0,0,0,0,0,0
8481524,2024,Bowen Byram,BUF,D,all,82,111670,2327,35.85,0.46,0.49,0.48,0.51,0.48,0.5,182,104,8.81,6.52,27.94,3.45,56.23,41.05,8.53,8.73,8.45,14,17,94,50,65,209,38,7,9,0,28,0,39,61,87,137,18,36,0,75,15,84,120,14,10,3.23,1.83,3.75,5,2,0,207.25,144,142.77,59,1.44,1.52,2.34,7.91,7.85,7.73,2327,319,340,394,1274,257,363,403,1304,0,0,186657,36,22,11,116,910.72,90.48,85.93,90.57,86.01,821,423,454,1698,100,82,9,934,207,103,27.95,25.94,36.6,51,29,20,1693.82,1244,1242.35,13.15,20.35,20.96,82.68,82.81,80.93,982.23,105.66,99.05,105.8,99.19,880,473,489,1842,107,109,20,968,254,131,27.73,32,45.93,37,32,38,1842.12,1353,1356.42,14.98,24.44,25.14,95.49,95.66,92.67,164.75,171.81,3162,3067,0,0,0,0,0,0
8476479,2024,Phillip Danault,LAK,C,all,80,84832,1763,60.02,0.54,0.54,0.55,0.52,0.55,0.52,370,133.6,15.06,9.99,30.92,4.65,69.99,52.37,14.42,15.15,14.5,28,7,123,60,57,240,43,8,18,4,26,1,60,70,115,175,13,26,635,83,25,86,115,51,17,3.95,6.41,4.7,3,2,3,243.03,183,185.38,40,2.17,3.44,4.97,12.26,12.31,12.1,1763,206,288,245,1024,218,183,231,1131,635,581,205769,26,34,17,73,806,74.03,70.89,74.83,71.63,698,408,406,1512,68,97,13,825,199,82,22.68,24.93,26.43,33,16,19,1531.36,1106,1119.27,12.12,20.09,20.13,66.02,66.57,65.37,649.81,64.19,60.59,64.21,60.59,588,303,360,1251,57,73,10,643,176,72,18.23,21.95,24.01,20,19,18,1238.8,891,886.55,10.48,14.09,14.09,60.58,60.49,59.07,170.99,144.35,3430,3164,0,0,0,0,0,0
8477409,2024,Carter Verhaeghe,FLA,C,all,81,86844,1748,70.63,0.63,0.5,0.64,0.52,0.62,0.51,346,256.17,28.59,18.9,58.34,8.65,139.9,94.62,26.86,28.71,26.97,18,15,242,107,132,481,53,20,25,3,50,1,136,117,222,329,23,46,16,95,23,81,237,78,34,8.21,9.05,11.33,10,6,4,486.98,349,352.1,18,4.3,6.81,7.94,24.96,25.12,23.94,1748,332,162,296,958,311,236,321,880,16,28,207956,46,32,16,28,1033.69,115.55,104.31,115.77,104.5,961,466,536,1963,92,116,13,1023,260,144,30.51,31.29,53.75,31,27,34,1977.69,1427,1434.01,17.47,29.1,29.1,103.93,104.24,98.23,630.14,68.4,64.45,68.03,64.11,592,272,264,1128,74,50,8,637,153,74,17.69,18.56,32.15,21,27,26,1125.5,864,859.4,8.06,12.99,13.1,63.37,63.14,60.99,168.07,165.73,3421,3152,0,0,0,0,0,0
8482175,2024,JJ Peterka,BUF,R,all,77,84010,1701,58.79,0.56,0.43,0.56,0.46,0.55,0.46,267,200.22,21.93,13.71,45.45,6.67,111.99,75.25,20.31,22.01,20.38,18,23,173,102,109,384,68,27,15,1,40,0,88,105,146,248,12,24,2,30,22,87,196,55,24,6.34,6.45,9.15,11,12,4,385.71,275,275.94,26,3.14,3.22,5.24,19.83,19.97,19.01,1701,380,160,284,877,242,279,311,869,2,10,195728,24,28,14,16,864.45,96.69,88.38,96.84,88.51,757,423,442,1622,114,91,10,870,200,110,26.82,24.44,45.43,49,33,32,1623.65,1180,1181.4,14.18,22.1,22.1,88.77,88.98,85.15,689.25,77.48,74.1,77.67,74.28,641,308,329,1278,83,81,14,660,189,100,19.56,23.62,34.29,26,24,33,1278.09,949,951.78,9.56,16.26,16.26,70.78,70.91,69.35,142.43,186.74,2905,3384,0,0,0,0,0,0
8482155,2024,Alex Laferriere,LAK,R,all,77,76377,1483,61.13,0.58,0.53,0.59,0.51,0.59,0.51,478,222.59,21.98,16.06,52.56,7.44,118.73,83.22,20.91,22.32,21.2,16,7,193,107,84,384,42,19,28,5,36,1,101,115,174,281,10,20,36,124,14,48,209,70,21,7.16,8.81,6.01,9,4,6,391.19,300,304.68,12,3.59,5.38,6.65,18.92,19.13,18.72,1483,222,145,196,920,187,181,189,926,36,61,203424,20,26,13,43,756.2,69.9,66.87,70.81,67.72,658,381,418,1457,74,82,13,784,176,79,23.53,21.7,24.68,31,17,26,1478.93,1039,1054.16,11.71,16.3,16.3,65.31,65.99,64.48,528.94,49.6,48.16,49.63,48.18,472,251,302,1025,41,49,6,546,122,55,15.22,15.27,19.12,14,18,9,1016.24,723,717.19,7.06,9.92,9.92,46.74,46.64,45.96,165.66,149.67,3277,3200,0,0,0,0,0,0
8476469,2024,Joel Armia,MTL,R,all,81,69508,1440,21.12,0.4,0.48,0.41,0.48,0.4,0.49,596,112.77,13.42,7.21,26.21,3.77,57.39,49,13.27,13.3,13.15,13,5,104,53,75,232,29,11,9,0,26,0,47,64,93,146,8,16,3,87,19,48,112,29,16,3.89,3.55,5.98,3,4,4,230.19,157,155.57,21,1.57,2.38,1.43,13.55,13.4,13.34,1440,96,296,254,794,208,189,207,836,3,11,225801,16,16,8,35,440.9,49.59,47.47,49.38,47.25,377,234,287,898,44,32,2,436,121,54,13.17,14.77,21.64,15,15,14,893.26,611,607,6.08,6.84,7.07,48.6,48.35,46.57,672.23,74.08,67.03,74.66,67.56,591,324,373,1288,64,74,8,641,181,93,19.4,22.87,31.8,25,23,16,1296.28,915,920.22,11.46,17.81,17.81,67.73,68.09,64.41,189.49,206.78,3624,3871,0,0,0,0,0,0
8481043,2024,Cole Koepke,BOS,L,all,73,49258,1211,13.06,0.45,0.47,0.43,0.5,0.44,0.49,733,98.49,11.43,6.21,22.52,3.11,47.94,37.79,10.99,11.64,11.18,5,2,85,44,33,162,17,10,12,1,12,0,38,57,75,119,6,17,0,177,8,33,86,26,17,2.39,3.43,5.61,2,7,1,163.46,129,130.48,10,1.31,2.44,2.87,9.88,9.98,9.83,1211,77,157,215,762,162,172,131,746,0,2,216196,17,21,9,26,330.03,30.78,28.84,31.23,29.22,276,173,166,615,26,38,4,344,63,42,8.9,8.07,13.8,10,12,4,616.58,449,452.41,4.36,9.5,9.5,25.63,25.95,25.51,416.25,37.65,36.16,38.02,36.48,370,203,256,829,34,47,8,437,100,36,11.98,12.84,12.84,14,11,9,834.5,573,577.08,5.68,10.18,10.18,33.16,33.35,32.85,176.41,195.77,3453,3508,0,0,0,0,0,0
8480078,2024,Filip Chytil,VAN,C,all,56,50292,1039,30.51,0.56,0.5,0.54,0.49,0.54,0.49,365,145.43,14.28,10.09,32.78,4.43,77.21,56.2,13.06,14.64,13.32,7,6,133,62,60,255,26,13,15,2,23,1,65,78,120,182,9,18,264,19,15,36,143,36,16,4.54,4.58,5.16,4,5,4,256.21,195,196.09,10,2.15,2.99,2.46,13.97,14.19,13.61,1039,177,67,171,624,164,166,169,540,264,300,153310,18,34,17,13,491.41,48.7,45.85,49.57,46.52,450,220,240,910,41,49,7,497,115,58,14.06,15.38,19.25,14,14,13,916.32,670,674.91,7.46,10.76,10.76,45.4,45.8,44.5,419.26,38.37,36.44,38.58,36.66,385,189,194,768,38,42,4,428,102,44,12.22,12.48,13.68,16,12,10,771.45,574,574.79,5.63,9.34,9.34,34.66,34.88,34.42,139.02,139.98,2500,2631,0,0,0,0,0,0
8476459,2024,Mika Zibanejad,NYR,C,all,82,92311,1915,55.04,0.52,0.46,0.53,0.48,0.54,0.48,267,221.13,24.53,15.19,49.78,7.82,122.93,83.74,22.81,24.49,22.77,31,11,183,121,79,383,62,20,27,4,44,2,91,120,163,284,11,22,549,44,29,83,212,60,32,5.89,7.21,11.43,6,6,8,382.8,304,303.62,29,3.59,5.72,4.77,23.36,23.35,22.27,1915,333,308,357,917,234,214,306,1161,549,507,204676,22,32,16,46,942.71,105.05,96.68,104.99,96.63,828,466,457,1751,88,100,14,917,254,123,25.93,31.96,47.17,33,22,33,1748.28,1294,1293.05,15.79,23.47,23.46,97.39,97.42,92.66,813.52,98.61,93.54,98.82,93.77,753,364,408,1525,98,86,10,784,209,124,21.86,26.2,50.55,27,36,35,1526.05,1117,1116.98,12.62,18.12,18.12,93.1,93.26,89.8,153.62,178.37,3188,3468,0,0,0,0,0,0
8476457,2024,Adam Larsson,SEA,D,all,82,104234,1828,29.65,0.41,0.51,0.43,0.51,0.43,0.52,216,123.27,6.58,6.81,34.01,4.33,71.57,56.7,6.49,6.54,6.45,9,12,112,68,83,263,28,7,16,0,27,0,49,81,105,173,14,31,0,104,33,55,166,9,5,3.22,1.16,2.2,4,1,2,257.26,180,177.81,37,1.4,2.43,0.83,7.16,7.1,7.03,1828,190,359,298,981,202,224,289,1113,0,0,193291,31,11,4,148,818.07,76.32,73.91,76.1,73.7,762,378,408,1548,93,80,11,864,201,75,24.02,25.7,26.6,40,28,25,1534.25,1140,1133.39,10.63,14.42,14.03,72.91,72.64,71.4,1092.05,110.82,102.53,111.92,103.6,963,539,569,2071,103,116,10,1117,240,145,31.52,30.51,48.79,39,35,29,2095.79,1502,1520.05,17.61,26.19,26.32,102.11,103,97.37,161.97,156.59,3240,3078,0,0,0,0,0,0
8477498,2024,Darnell Nurse,EDM,D,all,76,102011,2025,47.55,0.51,0.58,0.49,0.57,0.51,0.57,180,196.68,7.96,9.39,52.98,6.2,104.17,90.28,7.69,7.94,7.68,16,12,188,83,122,393,33,5,13,0,37,0,85,131,183,266,25,62,0,161,16,69,255,13,3,5.44,1.4,1.12,5,0,0,394.99,271,272.35,42,1.97,2.11,0.57,9.36,9.38,9.12,2025,224,255,318,1228,256,253,273,1243,0,0,173913,62,33,12,136,910.86,84.1,80.83,84.11,80.85,864,375,431,1670,80,96,12,910,246,83,26.32,30.98,26.79,34,30,16,1678.64,1239,1244.35,12.34,19.06,19.14,77.3,77.34,76.03,881.74,82.14,77.97,82.57,78.37,843,365,503,1711,89,89,9,922,194,92,26.03,23.77,32.34,35,31,23,1711.92,1208,1212.13,12.54,18.72,18.72,75.96,76.14,74.29,175.65,126.72,3174,2410,0,0,0,0,0,0
8477463,2024,Steven Santini,TBL,D,all,1,697,18,0.23,0.65,0.79,0.53,0.55,0.67,0.52,6,2.33,0.04,0.09,0.96,0.07,1.08,0.76,0.04,0.04,0.04,0,0,1,2,0,3,0,0,0,0,1,0,1,1,1,3,0,0,0,1,0,0,3,0,0,0.04,0,0,0,0,0,3.28,3,3.22,0,0.02,0,0,0.06,0.06,0.06,18,0,2,1,15,3,2,2,11,0,0,2903,0,0,0,2,5.85,0.15,0.15,0.17,0.17,3,5,2,10,1,0,0,8,0,0,0.15,0,0,1,0,0,10.94,8,8.8,0.06,0,0,0.21,0.24,0.24,2.99,0.08,0.08,0.08,0.08,4,0,5,9,1,0,0,4,0,0,0.08,0,0,1,0,0,8.31,4,3.85,0.03,0,0,0.11,0.11,0.11,4.9,1.27,52,42,0,0,0,0,0,0
8483567,2024,Georgii Merkulov,BOS,C,all,6,4944,108,0.77,0.56,0.45,0.45,0.48,0.47,0.47,47,8.68,0.85,0.55,2.1,0.28,4.98,3.23,0.81,0.86,0.82,1,0,7,5,1,13,1,0,1,0,0,0,3,8,7,12,1,2,0,2,1,2,9,2,1,0.27,0.29,0.3,0,0,0,12.99,12,12.02,0,0.12,0.4,0.3,0.67,0.64,0.63,108,14,9,12,73,16,19,16,57,0,1,16829,2,2,1,7,42.88,4.44,4.21,4.33,4.11,39,18,15,72,4,5,1,38,14,5,0.95,2.11,1.38,0,3,1,70.17,57,56.05,0.63,1.2,1.2,3.87,3.77,3.73,45.9,3.51,3.42,3.64,3.54,36,28,24,88,4,3,0,52,6,6,1.23,0.68,1.6,0,2,2,90.01,64,66.3,0.58,0.54,0.54,3.55,3.65,3.63,11.23,13.9,243,261,0,0,0,0,0,0
8479324,2024,Ryan Lindgren,COL,D,all,72,85121,1823,23.13,0.42,0.53,0.45,0.54,0.44,0.54,232,75.24,3.72,3.97,21.45,2.49,44.31,33.06,3.69,3.7,3.66,5,13,63,46,96,205,22,4,4,0,18,0,38,45,59,105,20,40,0,80,12,72,103,5,1,2.21,0.58,0.93,2,2,0,201.87,109,107.58,43,0.81,0.79,0.21,4.31,4.28,4.24,1823,202,287,268,1066,173,220,221,1209,0,0,176681,40,30,14,128,646.28,58.89,57,59.06,57.16,582,303,378,1263,56,63,5,656,172,57,18.78,21.7,18.42,29,21,6,1264.05,885,885.68,8.7,11.5,11.5,56.08,56.35,55.42,819.79,82.01,77.77,82.16,77.93,768,338,439,1545,78,88,11,784,212,110,21.3,26.22,34.5,23,25,30,1543.78,1106,1105.06,13.26,19.84,20.24,75.03,75.18,73.14,168.28,146.86,3197,2756,0,0,0,0,0,0
8482929,2024,Emil Lilleberg,TBL,D,all,76,69685,1540,13.4,0.46,0.55,0.47,0.52,0.46,0.52,395,68.18,2.75,3.82,19.58,2.3,40.37,29.18,2.71,2.77,2.74,8,10,46,52,65,163,19,1,6,0,11,0,37,43,45,97,35,95,0,114,12,56,93,3,2,1.85,0.34,0.56,1,0,0,166.34,98,98.86,38,0.77,1.52,0.08,3.44,3.47,3.43,1540,144,151,208,1037,217,229,158,936,0,0,206670,95,54,18,61,509.6,45.83,44.09,46.6,44.8,450,246,287,983,43,39,7,512,135,49,14.62,16.91,14.3,24,11,8,1007.24,696,708.13,6.85,8.42,9.11,43.56,44.26,43.67,593.57,53.5,51.15,52.83,50.54,531,278,286,1095,50,69,5,591,159,59,16.87,19.29,17.34,24,20,6,1072.79,809,799.08,8.67,14.27,14.27,47.9,47.49,46.53,204.12,167.41,3558,3274,0,0,0,0,0,0
8482206,2024,Ethan Cardwell,SJS,R,all,6,4151,91,-0.17,0.37,0.48,0.4,0.41,0.36,0.43,57,5.75,0.5,0.42,1.6,0.21,3.16,2.11,0.49,0.48,0.47,0,0,5,3,3,11,1,1,1,0,0,0,1,5,4,7,1,2,1,8,1,5,6,2,0,0.16,0.35,0,1,0,0,11.28,8,8.03,2,0.09,0.19,0.2,0.4,0.39,0.38,91,9,10,12,60,8,11,10,62,1,1,17449,2,4,2,3,25.21,2.03,1.94,1.99,1.9,21,14,23,58,2,6,0,25,10,0,0.61,1.42,0,2,0,0,58.41,35,35.33,0.37,0.7,0.7,1.7,1.67,1.62,43.97,3.42,3.33,3.5,3.41,40,21,27,88,5,5,1,48,11,2,1.53,1.36,0.53,3,2,0,88.37,61,61.23,0.66,0.74,0.74,3.33,3.41,3.33,14.52,15.97,258,375,0,0,0,0,0,0
8480893,2024,Kirill Marchenko,CBJ,R,all,79,88084,1637,81.22,0.57,0.43,0.58,0.44,0.57,0.45,233,218.48,20.45,14.67,51.84,7.36,119.02,85.65,19.34,20.52,19.4,29,14,207,92,135,434,74,31,24,3,40,1,96,107,176,268,10,20,13,55,36,84,235,39,25,7.48,4.56,8.4,16,8,7,435.72,299,299.6,28,3.33,5.08,4.09,19.68,19.71,19.01,1637,343,146,326,822,216,243,289,889,13,28,199664,20,36,17,38,948.97,99.6,92.94,99.81,93.11,899,398,507,1804,116,109,17,952,219,126,26.89,26.83,45.88,44,37,35,1811.16,1297,1299.26,14.84,24.57,24.23,90.21,90.32,86.55,701.09,73.74,70.22,74.11,70.54,627,336,352,1315,58,84,9,696,180,87,20.29,22.55,30.9,23,15,20,1321.96,963,967.51,9.57,18.04,18.51,64.81,65.05,63.22,137.45,184.77,2893,3640,0,0,0,0,0,0
8480800,2024,Quinn Hughes,VAN,D,all,68,104975,1720,84.97,0.61,0.38,0.61,0.4,0.6,0.4,89,210.26,8.9,13.37,55.02,6.52,130.25,89.94,8.48,8.96,8.54,34,26,193,111,189,493,76,16,23,0,57,1,104,103,177,288,8,19,0,13,25,97,285,16,3,6.36,1.68,0.86,14,1,1,492.77,304,304.99,60,3.04,8.14,0.43,11.51,11.57,11.08,1720,277,134,308,1001,134,224,298,1064,0,0,143920,19,36,16,67,1058.22,110,104.69,110.29,104.96,964,511,553,2028,122,117,20,1097,242,136,30.15,29.96,49.89,45,33,44,2030.93,1475,1478.33,17.16,28.96,28.87,98.28,98.59,95.73,707.25,69.89,67.03,70.25,67.37,647,331,325,1303,85,67,11,726,174,78,20.97,21.73,27.19,37,24,24,1306.29,978,981.8,9.56,15.12,15.12,64.25,64.46,63.4,78.97,127.31,1744,2606,0,0,0,0,0,0
8479368,2024,Max Jones,EDM,L,all,26,14634,341,-1.73,0.35,0.54,0.45,0.52,0.42,0.53,286,23.29,2.15,1.65,5.43,0.68,11.77,8.32,2.12,2.19,2.16,1,0,17,13,14,44,2,1,1,0,3,0,7,18,16,29,9,18,0,71,1,8,22,6,2,0.79,0.77,0.59,0,1,0,44.89,30,30.78,2,0.34,0.19,0.49,2,2.02,2,341,32,27,57,225,50,64,47,180,0,0,79477,18,6,2,8,89.61,6.11,6.04,6.12,6.06,76,45,68,189,3,6,0,95,21,5,2.33,2.48,1.31,0,3,0,189.66,121,122.27,1.07,0.84,0.84,6.33,6.33,6.29,122,11.34,10.83,11.52,11.01,111,57,61,229,16,18,3,126,28,14,3.4,3.47,4.48,5,7,4,235.99,168,170.3,1.59,4.42,4.42,8.51,8.63,8.54,77.64,66.62,1382,1271,0,0,0,0,0,0
8482126,2024,Emil Andrae,PHI,D,all,42,43709,954,11.95,0.55,0.48,0.53,0.45,0.54,0.47,186,53.45,3.23,3.08,15.2,1.93,30.82,21.74,3.09,3.21,3.07,4,2,52,24,51,127,7,1,6,1,14,0,28,27,51,75,8,16,0,46,16,44,68,5,3,1.56,0.52,1.14,0,1,0,126.27,76,75.72,24,0.64,1.54,0.72,3.15,3.14,3.09,954,101,61,113,679,100,123,112,619,0,0,110358,16,6,3,50,360.91,36.41,35.24,36.48,35.32,337,160,188,685,30,45,6,353,102,42,10.16,13.36,12.88,7,16,7,686.3,497,498.83,5.55,8.86,8.86,33.09,33.05,32.69,305.2,29.75,28.89,29.88,29.02,291,129,181,601,33,29,3,308,78,34,9.19,9.5,11.07,14,13,6,609.92,420,424.06,4.21,6.22,6.22,27.75,27.89,27.47,90.22,98.75,1606,1993,0,0,0,0,0,0
8477365,2024,Connor Clifton,BUF,D,all,73,70293,1536,9.03,0.37,0.52,0.4,0.53,0.4,0.52,354,72.93,3.32,4.05,19.11,2.3,41.71,32.5,3.25,3.32,3.26,6,9,63,40,76,179,16,1,5,0,14,0,36,47,62,102,21,45,0,208,26,67,94,5,4,1.86,0.56,0.91,0,0,1,177.57,103,102.5,44,0.83,0.65,0.29,3.85,3.84,3.76,1536,74,301,236,925,222,218,220,876,0,0,195634,45,23,10,116,480.03,42.59,41,42.75,41.2,410,253,255,918,45,52,3,498,118,47,13.75,14.55,14.28,20,16,9,921.81,663,665.72,6.41,9.73,9.35,39.64,39.87,39.26,713.39,73.86,69.79,73.93,69.87,648,343,368,1359,78,77,11,722,182,87,19.44,23.14,31.28,22,35,21,1352.46,991,989.25,11.49,17.74,17.74,67.61,67.6,65.93,181.64,169.14,3397,2972,0,0,0,0,0,0
8478465,2024,Guillaume Brisebois,VAN,D,all,3,2845,72,0.1,0.39,0.48,0.46,0.51,0.45,0.52,18,3.13,0.07,0.18,0.93,0.1,2.21,1.51,0.06,0.07,0.07,0,0,2,3,1,6,0,0,0,0,0,0,3,2,2,5,0,0,0,2,1,0,5,0,0,0.07,0,0,0,0,0,6.41,5,5.18,0,0.04,0,0,0.1,0.11,0.1,72,7,1,6,58,6,11,9,46,0,0,8255,0,0,0,4,17.6,0.86,0.85,0.86,0.85,16,9,11,36,1,2,0,23,1,1,0.52,0.12,0.21,1,0,0,37.75,25,25.94,0.18,0.23,0.23,0.81,0.83,0.82,21.62,1.32,1.31,1.31,1.3,20,11,12,43,1,0,0,28,3,0,0.81,0.51,0,1,0,0,42.15,31,30.44,0.24,0,0,1.57,1.55,1.54,5.46,5.83,131,125,0,0,0,0,0,0
8480762,2024,Eric Robinson,CAR,L,all,82,60325,1292,50.51,0.52,0.56,0.57,0.59,0.55,0.58,748,123.94,17.58,9.08,27.44,4.24,61.89,47.77,16.91,17.5,16.85,14,4,110,58,46,214,32,14,15,3,17,0,53,69,96,154,5,10,7,123,9,42,89,53,26,3.42,6.75,7.4,3,6,5,214.96,168,168.75,13,1.94,2.87,4.81,14.71,14.71,14.56,1292,192,104,223,773,218,182,189,703,7,26,236695,10,20,10,16,560.52,49.86,48.1,50.16,48.41,479,289,295,1063,53,61,10,565,152,51,16.21,18.98,14.66,18,23,12,1077.3,768,777.57,7.39,12.1,12.1,45.16,45.53,44.84,455.52,45.18,43.27,45.06,43.16,422,194,191,807,44,56,3,420,142,54,12.93,17.45,14.8,19,16,9,802.34,616,614.45,6.73,11.32,11.32,40.6,40.53,39.83,243.21,191.67,4697,3275,0,0,0,0,0,0
8476889,2024,Radek Faksa,STL,C,all,70,54699,1306,15.06,0.4,0.51,0.44,0.49,0.43,0.49,599,76.87,6.64,4.98,19.07,2.62,40.01,32.67,6.47,6.79,6.61,7,3,68,38,37,143,15,5,8,0,10,0,34,49,63,101,15,30,432,115,13,32,79,20,7,2.44,2.33,1.87,3,2,0,144.45,106,106.96,12,1.07,1.24,1.3,6.41,6.54,6.48,1306,82,229,252,743,165,160,175,806,432,326,200833,30,18,9,50,344.48,28.32,27.54,28.59,27.79,335,143,216,694,29,34,3,370,76,32,10.13,9.37,8.82,12,9,8,696.87,478,479.75,4.67,6.41,6.41,26.52,26.67,26.38,454.23,41.89,39.97,42.01,40.08,412,211,274,897,43,58,8,463,107,53,11.95,13.57,16.38,15,15,13,893.67,623,623.4,6.91,11.05,11.06,37.74,37.87,36.75,160.29,154.44,3143,3213,0,0,0,0,0,0
8479388,2024,Riley Stillman,CAR,D,all,5,2154,52,0.38,0.7,0.45,0.58,0.51,0.62,0.5,33,2.8,0.08,0.17,0.9,0.11,1.59,1.14,0.08,0.09,0.08,0,0,1,3,1,5,0,0,0,0,0,0,2,2,1,4,2,7,0,8,0,4,4,0,0,0.08,0,0,0,0,0,5.37,4,4.18,2,0.04,0,0,0.12,0.12,0.12,52,2,5,10,35,3,8,5,36,0,0,15846,7,5,1,1,22.17,2.06,1.84,2.1,1.89,21,8,9,38,2,4,1,23,2,4,0.65,0.23,1.18,1,0,1,39.8,29,29.94,0.3,0.98,0.98,1.38,1.43,1.4,13.46,0.9,0.9,0.89,0.89,10,8,10,28,3,0,0,14,4,0,0.43,0.47,0,2,1,0,27.2,18,17.75,0.15,0,0,1.05,1.03,1.03,10.43,12.91,252,242,0,0,0,0,0,0
8482667,2024,William Eklund,SJS,L,all,77,90336,1639,55.04,0.51,0.39,0.54,0.42,0.54,0.42,208,179.63,22.93,14.21,38.53,6.17,97.34,65.82,21.61,22.69,21.37,28,13,151,94,79,324,58,17,12,3,30,0,100,86,134,228,8,19,11,54,15,75,154,67,24,5.22,8.51,9.2,5,6,6,320.24,245,243.56,22,3.32,2.98,5.5,20.76,20.58,19.73,1639,231,211,275,922,196,213,269,961,11,25,190059,19,47,21,46,880.18,90.36,85.74,90.02,85.38,806,416,483,1705,94,84,13,890,226,106,25.39,26.9,38.08,33,25,36,1681.2,1222,1211.86,15.11,17.82,17.82,87.66,87.26,83.99,741.16,85.7,82.27,86.16,82.71,699,328,416,1443,91,84,5,739,178,110,21.39,22.57,41.74,36,21,34,1469.57,1027,1038.85,11.26,17.75,17.75,79.21,79.77,77.74,121.87,191.66,2661,3706,0,0,0,0,0,0
8483487,2024,Rutger McGroarty,PIT,R,all,8,7013,163,4.96,0.59,0.48,0.6,0.53,0.58,0.51,63,13.91,1.36,1.04,2.94,0.48,8.68,5.5,1.31,1.35,1.29,2,0,11,9,2,22,3,1,1,0,5,0,5,8,10,19,0,0,0,12,2,5,15,4,1,0.57,0.56,0.24,0,1,0,21.85,20,19.9,1,0.24,0.18,0.24,1.36,1.35,1.29,163,26,12,32,93,29,28,21,85,0,1,21995,0,2,1,5,72.6,7.84,7.59,7.82,7.58,66,34,32,132,6,5,0,74,17,9,2.21,2.33,3.3,0,2,4,130.83,100,99.09,1.07,1.12,1.12,7.8,7.79,7.66,53.62,5.35,5.23,5.46,5.33,45,28,16,89,5,2,0,52,17,4,1.44,2.15,1.76,0,4,1,91.32,73,74.91,0.69,0.54,0.54,5.5,5.6,5.48,19.91,21.32,376,339,0,0,0,0,0,0
8475722,2024,Jason Zucker,BUF,L,all,73,70053,1470,46.56,0.58,0.44,0.56,0.47,0.56,0.46,422,172.53,23.61,12.25,40.26,5.95,87,60.93,21.96,23.76,22.11,24,8,143,87,49,279,53,21,13,4,25,2,70,99,122,209,16,37,42,68,20,73,146,51,33,4.04,6.55,13.02,4,8,9,280.45,230,231.48,22,2.86,2.39,5.46,21.01,21.1,20.11,1470,274,166,265,765,236,207,244,783,42,64,195793,37,31,15,22,732.74,81.64,76.11,81.77,76.24,652,351,352,1355,88,68,13,714,193,96,20.84,23.19,37.61,31,29,28,1356.5,1003,1003.42,12.11,16.83,16.83,76.93,77,73.65,557.92,58.83,56.73,58.75,56.66,519,255,292,1066,56,58,9,565,146,63,16.56,19.12,23.15,19,18,19,1059.24,774,772.72,7.43,11.04,11.04,55.23,55.23,54.04,146.74,184.37,2971,3325,0,0,0,0,0,0
8477953,2024,Kasperi Kapanen,EDM,R,all,67,47917,1013,13.44,0.47,0.56,0.49,0.52,0.49,0.53,613,70.55,5.73,4.26,15.9,2.21,35.31,30.58,5.57,5.8,5.63,6,2,66,28,29,123,14,6,5,2,14,0,24,45,60,88,8,16,39,88,9,42,71,19,4,2.11,2.34,1.28,0,5,1,124.47,94,95.13,12,0.88,0.9,1.6,5.01,5.03,4.98,1013,121,88,148,656,163,135,125,590,39,55,194897,16,26,12,14,371.63,30.19,28.99,30.32,29.1,353,152,199,704,23,42,7,391,87,27,11.01,10.96,8.22,7,10,6,711.48,505,509.31,4.72,8.11,8.49,26.42,26.54,26.15,382.96,34.24,33.12,34.33,33.22,356,170,196,722,47,36,7,404,88,34,11.9,10.94,11.4,20,17,10,722.21,526,527.89,5.1,7.56,7.56,31.78,31.77,31.22,192.4,154.2,3400,3081,0,0,0,0,0,0