Number,PLAYER_ID,PLAYER_NAME,GP,MIN,FGM,FGA,FG_PCT,FG3M,FG3A,FG3_PCT,FTM,FTA,FT_PCT,OREB,DREB,REB,AST,STL,BLK,TOV,PF,PTS,AST_TOV,STL_TOV,EFG_PCT,TS_PCT
2649,1630579,Jericho Sims,223,3029,246,336,0.732,0,1,0,56,95,0.589,326,543,869,123,50,93,128,325,548,0.961,0.391,0.732,0.725
1763,1629057,Robert Williams III,267,5271,836,1155,0.724,4,19,0.211,206,303,0.68,650,1150,1800,355,193,430,224,484,1882,1.585,0.862,0.726,0.73
2366,1641726,Dereck Lively II,98,2242,366,505,0.725,0,2,0,95,164,0.579,253,432,685,158,60,144,101,265,827,1.564,0.594,0.725,0.716
1212,1629655,Daniel Gafford,408,8107,1541,2189,0.704,0,1,0,644,948,0.679,872,1445,2317,422,213,624,399,1009,3726,1.058,0.534,0.704,0.715
1483,1629011,Mitchell Robinson,370,8771,1200,1719,0.698,0,0,0,399,779,0.512,1395,1550,2945,245,336,659,256,1011,2799,0.957,1.313,0.698,0.679
1756,1631117,Walker Kessler,201,5090,831,1220,0.681,17,64,0.266,231,424,0.545,685,1177,1862,241,99,474,226,453,1910,1.066,0.438,0.688,0.679
2894,1630539,Kai Jones,107,1081,163,243,0.671,6,26,0.231,45,66,0.682,80,179,259,44,33,55,55,123,377,0.8,0.6,0.683,0.693
446,201599,DeAndre Jordan,1113,27889,3860,5730,0.674,2,13,0.154,1770,3730,0.475,3195,7600,10795,1045,571,1567,1443,2685,9492,0.724,0.396,0.674,0.644
2018,1627745,Damian Jones,279,3782,536,817,0.656,26,74,0.351,268,375,0.715,292,577,869,193,92,182,175,530,1366,1.103,0.526,0.672,0.696
2712,1641737,Adem Bona,95,1522,188,283,0.664,2,6,0.333,108,162,0.667,156,235,391,36,39,119,89,203,486,0.404,0.438,0.668,0.686
1494,1629637,Jaxson Hayes,404,6675,1063,1615,0.658,31,116,0.267,572,827,0.692,542,1046,1588,289,182,271,283,819,2729,1.021,0.643,0.668,0.69
353,203497,Rudy Gobert,874,26852,4104,6232,0.659,0,18,0,2740,4308,0.636,2975,7235,10210,1201,607,1794,1397,2335,10948,0.86,0.435,0.659,0.674
1404,1631105,Jalen Duren,244,6553,1250,1928,0.648,0,6,0,545,780,0.699,842,1670,2512,495,166,228,434,739,3045,1.141,0.382,0.648,0.67
2774,203512,Lucas Nogueira,141,1754,182,288,0.632,9,34,0.265,73,114,0.64,120,268,388,72,89,144,75,221,446,0.96,1.187,0.648,0.659
2697,1631255,Karlo Matković,78,1248,211,357,0.591,39,106,0.368,42,59,0.712,94,227,321,70,32,67,61,164,503,1.148,0.525,0.646,0.657
601,1628386,Jarrett Allen,604,17002,3096,4853,0.638,20,124,0.161,1553,2171,0.715,1696,3823,5519,1017,407,732,820,1182,7765,1.24,0.496,0.64,0.668
2158,1631218,Trayce Jackson-Davis,164,2501,466,735,0.634,1,5,0.2,162,286,0.566,304,459,763,217,65,133,110,221,1095,1.973,0.591,0.635,0.636
2253,1629674,Neemias Queta,154,2439,408,643,0.635,0,8,0,146,212,0.689,291,459,750,135,71,130,102,304,962,1.324,0.696,0.635,0.653
883,1627751,Jakob Poeltl,616,13851,2436,3850,0.633,3,7,0.429,640,1149,0.557,1661,2654,4315,1128,397,768,754,1545,5515,1.496,0.527,0.633,0.633
1789,1631109,Mark Williams,148,3517,732,1158,0.632,1,5,0.2,353,463,0.762,434,844,1278,192,121,161,174,346,1818,1.103,0.695,0.633,0.668
1737,1630208,Nick Richards,285,4917,761,1206,0.631,1,5,0.2,444,604,0.735,540,1069,1609,164,64,235,265,568,1967,0.619,0.242,0.631,0.668
2707,1629646,Charles Bassey,115,1288,217,347,0.625,3,13,0.231,58,91,0.637,183,315,498,95,44,98,88,192,495,1.08,0.5,0.63,0.639
1202,1629651,Nic Claxton,354,9298,1612,2569,0.627,10,52,0.192,517,930,0.556,798,1919,2717,709,252,594,403,828,3751,1.759,0.625,0.629,0.63
2226,1628396,Tony Bradley,231,2523,434,699,0.621,8,17,0.471,128,187,0.684,351,527,878,116,50,115,123,318,1004,0.943,0.407,0.627,0.643
1007,203939,Dwight Powell,737,13044,1794,2965,0.605,124,422,0.294,1144,1560,0.733,1134,1985,3119,765,434,321,482,1598,4856,1.587,0.9,0.626,0.665
1387,1628418,Thomas Bryant,365,6202,1227,2120,0.579,187,541,0.346,463,594,0.779,491,1292,1783,340,122,246,246,570,3104,1.382,0.496,0.623,0.652
1621,1630573,Sam Hauser,301,5791,808,1818,0.444,642,1539,0.417,49,57,0.86,159,745,904,293,140,74,113,353,2307,2.593,1.239,0.621,0.626
768,1626149,Montrezl Harrell,515,10544,2506,4050,0.619,9,83,0.108,1199,1807,0.664,930,1658,2588,675,269,404,550,1058,6220,1.227,0.489,0.62,0.642
2011,1631260,AJ Green,205,3829,458,1059,0.432,392,920,0.426,67,80,0.838,40,348,388,243,76,14,97,337,1375,2.505,0.784,0.618,0.628
1218,1630168,Onyeka Okongwu,353,8386,1459,2500,0.584,167,483,0.346,622,819,0.759,847,1576,2423,548,259,372,380,1017,3707,1.442,0.682,0.617,0.648
2583,202962,Greg Smith,149,1834,243,394,0.617,0,1,0,110,191,0.576,165,324,489,41,32,59,65,290,596,0.631,0.492,0.617,0.623
2485,1626257,Salah Mejri,204,2430,280,464,0.603,12,41,0.293,121,205,0.59,259,549,808,94,72,190,123,382,693,0.764,0.585,0.616,0.625
1371,1629634,Brandon Clarke,309,6412,1341,2218,0.605,51,192,0.266,411,590,0.697,560,1129,1689,410,224,246,221,595,3144,1.855,1.014,0.616,0.634
736,1627826,Ivica Zubac,624,14666,2706,4399,0.615,1,12,0.083,1124,1548,0.726,1679,3500,5179,885,234,609,783,1471,6537,1.13,0.299,0.615,0.643
561,203991,Clint Capela,702,17839,3530,5741,0.615,0,6,0,1029,1893,0.544,2522,4635,7157,695,469,978,721,1591,8089,0.964,0.65,0.615,0.615
2297,1630643,Jay Huff,142,1815,325,654,0.497,153,420,0.364,101,122,0.828,84,253,337,110,43,158,79,214,904,1.392,0.544,0.614,0.639
1130,1626158,Richaun Holmes,489,9359,1715,2834,0.605,49,182,0.269,685,912,0.751,854,1752,2606,479,243,449,406,1202,4164,1.18,0.599,0.614,0.644
1607,1629234,Drew Eubanks,414,6304,942,1560,0.604,22,57,0.386,433,607,0.713,558,1232,1790,377,147,332,349,646,2339,1.08,0.421,0.611,0.64
2679,1642345,Oso Ighodaro,108,1984,226,370,0.611,0,3,0,59,113,0.522,133,295,428,152,73,56,98,221,511,1.551,0.745,0.611,0.609
1846,1627780,Gary Payton II,315,4600,726,1308,0.555,144,432,0.333,103,166,0.62,286,616,902,380,285,92,201,535,1699,1.891,1.418,0.61,0.615
941,203925,Joe Harris,504,12300,1891,3949,0.479,1026,2354,0.436,377,489,0.771,264,1257,1521,790,241,95,522,1009,5185,1.513,0.462,0.609,0.623
2765,1630678,Terry Taylor,98,1172,194,335,0.579,19,66,0.288,46,67,0.687,140,117,257,63,22,16,39,104,453,1.615,0.564,0.607,0.621
2414,1641744,Zach Edey,77,1700,313,531,0.589,19,57,0.333,115,159,0.723,275,395,670,77,43,106,114,219,760,0.675,0.377,0.607,0.632
1424,201148,Brandan Wright,428,6949,1271,2095,0.607,0,12,0,434,644,0.674,586,974,1560,199,198,425,202,574,2976,0.985,0.98,0.607,0.626
1666,200779,Steve Novak,467,5657,751,1717,0.437,575,1337,0.43,100,114,0.877,68,523,591,132,91,38,81,371,2177,1.63,1.123,0.605,0.616
2116,1630249,Vít Krejčí,182,3544,416,898,0.463,254,627,0.405,84,111,0.757,76,352,428,338,108,54,133,338,1170,2.541,0.812,0.605,0.618
2084,1631165,Keon Ellis,194,3717,418,910,0.459,264,637,0.414,123,160,0.769,110,287,397,235,221,112,129,364,1223,1.822,1.713,0.604,0.624
2331,1642851,Kon Knueppel,46,1469,300,622,0.482,151,358,0.422,111,124,0.895,56,198,254,164,33,10,102,104,862,1.608,0.324,0.604,0.637
1465,1628392,Isaiah Hartenstein,403,8021,1192,1997,0.597,27,110,0.245,442,647,0.683,929,1743,2672,828,299,369,462,1031,2853,1.792,0.647,0.604,0.625
2566,1642285,Cam Spencer,68,1280,199,426,0.467,116,264,0.439,101,108,0.935,34,115,149,279,39,5,71,91,615,3.93,0.549,0.603,0.649
1380,1630167,Obi Toppin,365,6322,1206,2315,0.521,378,1072,0.353,326,420,0.776,268,983,1251,433,161,131,260,483,3116,1.665,0.619,0.603,0.623
2348,1631217,Moussa Diabaté,147,2551,334,556,0.601,1,8,0.125,173,275,0.629,388,479,867,123,89,92,112,238,842,1.098,0.795,0.602,0.622
2659,1642419,Jamison Battle,93,1341,194,429,0.452,127,307,0.414,22,27,0.815,47,162,209,67,22,12,40,120,537,1.675,0.55,0.6,0.609
106,203999,Nikola Jokić,777,24754,6575,11702,0.562,881,2418,0.364,3127,3788,0.826,2080,6450,8530,5734,993,560,2289,2084,17158,2.505,0.434,0.6,0.642
2159,1642276,Kel'el Ware,107,2445,455,831,0.548,86,234,0.368,99,132,0.75,254,639,893,84,76,119,99,180,1095,0.848,0.768,0.599,0.616
147,600014,Artis Gilmore,909,29685,5732,9570,0.599,1,13,0.077,4114,5768,0.713,2639,6522,9161,1777,470,1747,2347,2986,15579,0.672,0.182,0.599,0.643
2761,1627738,Deyonta Davis,107,1299,200,334,0.599,0,1,0,54,85,0.635,105,241,346,47,21,61,43,177,454,1.093,0.488,0.599,0.611
2076,1629626,Bol Bol,202,2750,504,925,0.545,98,295,0.332,137,183,0.749,130,579,709,126,55,153,178,183,1243,0.708,0.309,0.598,0.618
1526,1631096,Chet Holmgren,156,4520,955,1790,0.534,230,617,0.373,447,575,0.777,253,1018,1271,331,99,346,257,379,2587,1.288,0.385,0.598,0.633
1680,1628436,Luke Kornet,390,6162,855,1555,0.55,148,461,0.321,286,367,0.779,597,881,1478,454,137,346,152,503,2144,2.987,0.901,0.597,0.625
2255,1627767,Cheick Diallo,183,2186,401,673,0.596,2,7,0.286,154,199,0.774,179,580,759,78,56,73,117,273,958,0.667,0.479,0.597,0.63
677,1629028,Deandre Ayton,438,13413,3151,5299,0.595,28,122,0.23,747,1000,0.747,1318,3192,4510,681,318,418,747,1144,7077,0.912,0.426,0.597,0.617
2002,1630543,Isaiah Jackson,198,3020,554,934,0.593,7,35,0.2,281,415,0.677,358,529,887,141,114,239,174,493,1396,0.81,0.655,0.597,0.625
738,1629008,Michael Porter Jr.,382,11257,2455,4935,0.497,981,2423,0.405,640,795,0.805,522,1953,2475,604,244,209,495,743,6531,1.22,0.493,0.597,0.618
445,2199,Tyson Chandler,1160,31622,3558,5964,0.597,0,11,0,2393,3714,0.644,3529,6938,10467,967,630,1335,1656,3268,9509,0.584,0.38,0.597,0.626
3058,1642461,Spencer Jones,62,1121,107,218,0.491,46,126,0.365,29,44,0.659,56,92,148,42,44,23,30,135,289,1.4,1.467,0.596,0.609
692,203486,Mason Plumlee,874,18921,2729,4581,0.596,2,51,0.039,1484,2571,0.577,1776,4031,5807,2061,602,703,1207,2295,6944,1.708,0.499,0.596,0.608
1344,2740,Andris Biedrins,516,11147,1432,2409,0.594,0,2,0,383,766,0.5,1190,2441,3631,467,331,580,479,1626,3247,0.975,0.691,0.594,0.591
555,1628381,John Collins,515,14916,3157,5779,0.546,552,1497,0.369,1259,1589,0.792,1100,2911,4011,733,326,514,783,1551,8125,0.936,0.416,0.594,0.627
924,1629130,Duncan Robinson,466,12245,1799,4146,0.434,1325,3338,0.397,387,453,0.854,100,1129,1229,857,254,90,454,1053,5310,1.888,0.559,0.594,0.611
2426,203186,Willie Reed,152,1885,319,539,0.592,2,6,0.333,111,198,0.561,213,362,575,46,33,99,66,240,751,0.697,0.5,0.594,0.6
1511,1630231,KJ Martin,309,6674,1059,1943,0.545,186,566,0.329,348,517,0.673,350,897,1247,371,144,145,245,550,2652,1.514,0.588,0.593,0.611
1009,1628379,Luke Kennard,502,11621,1721,3726,0.462,971,2200,0.441,436,493,0.884,157,1231,1388,1139,282,59,481,664,4849,2.368,0.586,0.592,0.615
790,1629627,Zion Williamson,247,7678,2312,3933,0.588,32,101,0.317,1349,1952,0.691,564,1054,1618,1032,255,158,684,559,6005,1.509,0.373,0.592,0.627
1280,1630557,Corey Kispert,319,8074,1246,2633,0.473,619,1624,0.381,357,444,0.804,162,720,882,475,147,64,289,456,3468,1.644,0.509,0.591,0.613
1969,1630241,Sam Merrill,197,3439,487,1165,0.418,398,997,0.399,92,101,0.911,83,297,380,302,101,22,88,287,1464,3.432,1.148,0.589,0.605
56,2730,Dwight Howard,1242,39458,7051,12016,0.587,22,103,0.214,5361,9455,0.567,4151,10476,14627,1676,1081,2228,3302,3912,19485,0.508,0.327,0.588,0.602
1479,1630198,Isaiah Joe,360,6217,932,2158,0.432,671,1672,0.401,277,329,0.842,129,611,740,414,187,52,178,454,2812,2.326,1.051,0.587,0.611
745,202355,Hassan Whiteside,511,12645,2687,4583,0.586,8,26,0.308,1068,1765,0.605,1608,3915,5523,326,271,1143,756,1341,6450,0.431,0.358,0.587,0.602
2420,1642281,Jaylon Tyson,90,1654,287,584,0.491,108,247,0.437,74,96,0.771,126,209,335,141,53,23,92,171,756,1.533,0.576,0.584,0.604
1755,200797,Ryan Hollins,518,6134,687,1177,0.584,0,1,0,539,830,0.649,457,683,1140,151,94,271,384,1037,1913,0.393,0.245,0.584,0.62
693,203500,Steven Adams,796,20469,2874,4925,0.584,1,17,0.059,1181,2210,0.534,2910,3481,6391,1193,668,723,1118,1863,6930,1.067,0.597,0.584,0.588
848,204060,Joe Ingles,738,17550,2021,4520,0.447,1229,3006,0.409,461,595,0.775,222,1978,2200,2602,629,101,1064,1279,5732,2.445,0.591,0.583,0.599
1443,1628464,Daniel Theis,411,7732,1154,2148,0.537,195,599,0.326,401,552,0.726,605,1334,1939,514,190,339,325,1019,2904,1.582,0.585,0.583,0.607
887,203552,Seth Curry,552,12411,2013,4268,0.472,947,2187,0.433,517,599,0.863,175,953,1128,1038,361,73,529,820,5490,1.962,0.682,0.583,0.606
9,406,Shaquille O'Neal,1207,41917,11330,19457,0.582,1,22,0.045,5935,11252,0.527,4209,8890,13099,3026,739,2732,3310,4146,28596,0.914,0.223,0.582,0.586
1778,1626246,Boban Marjanovic,331,2883,700,1211,0.578,10,42,0.238,425,558,0.762,402,787,1189,154,60,96,210,344,1835,0.733,0.286,0.582,0.63
1025,1628960,Grayson Allen,433,11121,1581,3534,0.447,951,2327,0.409,628,735,0.854,227,1080,1307,926,338,121,448,707,4741,2.067,0.754,0.582,0.615
18,201939,Stephen Curry,1063,36145,8982,19070,0.471,4225,10017,0.422,4208,4613,0.912,685,4270,4955,6725,1595,280,3289,2383,26397,2.045,0.485,0.582,0.626
1304,1629021,Moritz Wagner,368,6116,1203,2296,0.524,265,817,0.324,704,870,0.809,370,1082,1452,442,188,109,423,800,3375,1.045,0.444,0.582,0.63
781,101161,Amir Johnson,870,18322,2558,4490,0.57,107,322,0.332,879,1307,0.673,1723,2969,4692,1073,524,839,932,2578,6102,1.151,0.562,0.582,0.602
2505,1627790,Ante Zizic,113,1517,273,470,0.581,0,0,0,128,180,0.711,150,296,446,64,22,40,82,170,674,0.78,0.268,0.581,0.614
372,1627734,Domantas Sabonis,663,20409,4172,7459,0.559,315,919,0.343,2005,2749,0.729,1802,5272,7074,3234,513,301,1709,2077,10664,1.892,0.3,0.58,0.615
761,770,Mark West,1090,20215,2528,4356,0.58,0,4,0,1203,2117,0.568,1785,3562,5347,428,326,1403,1208,3136,6259,0.354,0.27,0.58,0.592
1620,1631128,Christian Braun,251,5916,892,1704,0.523,193,517,0.373,334,444,0.752,245,711,956,431,177,95,188,437,2311,2.293,0.941,0.58,0.608
697,201580,JaVale McGee,909,14676,2955,5110,0.578,15,78,0.192,982,1627,0.604,1624,2953,4577,386,345,1258,896,1923,6907,0.431,0.385,0.58,0.593
1154,1627777,Georges Niang,544,9494,1455,3272,0.445,883,2214,0.399,253,297,0.852,172,1182,1354,534,176,78,379,983,4046,1.409,0.464,0.58,0.595
1228,202722,Davis Bertans,475,8546,1186,2810,0.422,885,2234,0.396,404,468,0.863,147,1012,1159,448,205,167,250,770,3661,1.792,0.82,0.58,0.607
1049,1626174,Christian Wood,339,7858,1671,3252,0.514,415,1117,0.372,860,1239,0.694,460,1906,2366,469,183,295,487,637,4617,0.963,0.376,0.578,0.608
1500,1630598,Aaron Wiggins,307,6260,1038,2095,0.495,343,886,0.387,278,353,0.788,280,701,981,426,214,84,275,444,2697,1.549,0.778,0.577,0.599
1736,1629048,Goga Bitadze,359,5261,784,1414,0.554,64,279,0.229,336,502,0.669,588,940,1528,419,167,383,251,674,1968,1.669,0.665,0.577,0.602
2314,1630568,Luka Garza,161,1584,319,617,0.517,74,211,0.351,173,237,0.73,228,176,404,89,36,31,67,246,885,1.328,0.537,0.577,0.613
1731,1629020,Jarred Vanderbilt,345,6880,802,1451,0.553,68,229,0.297,313,489,0.64,679,1431,2110,485,357,143,334,686,1985,1.452,1.069,0.576,0.596
2172,101177,Fabricio Oberto,336,4871,481,835,0.576,0,4,0,119,193,0.617,443,732,1175,300,89,75,225,733,1081,1.333,0.396,0.576,0.588
1178,1630202,Payton Pritchard,392,8486,1434,3164,0.453,776,1986,0.391,265,310,0.855,306,843,1149,1123,221,41,328,493,3909,3.424,0.674,0.576,0.592
1289,1630245,Ayo Dosunmu,319,8851,1354,2691,0.503,387,1029,0.376,340,431,0.789,180,738,918,1049,263,121,426,706,3435,2.462,0.617,0.575,0.596
2977,1641775,Jordan Walsh,102,1248,126,260,0.485,47,135,0.348,34,47,0.723,80,186,266,58,51,30,41,132,333,1.415,1.244,0.575,0.593
136,1626157,Karl-Anthony Towns,688,23327,5745,11036,0.521,1191,2993,0.398,3079,3670,0.839,1927,5699,7626,2163,561,799,1857,2354,15760,1.165,0.302,0.575,0.623
1409,1626172,Kevon Looney,616,10545,1278,2236,0.572,13,74,0.176,454,746,0.609,1319,2159,3478,981,310,330,358,1332,3023,2.74,0.866,0.574,0.589
256,202685,Jonas Valančiūnas,972,24048,5023,8956,0.561,242,712,0.34,2303,2902,0.794,2609,6293,8902,1345,386,889,1572,2700,12591,0.856,0.246,0.574,0.615
2353,201141,Greg Oden,105,2028,317,552,0.574,0,0,0,206,313,0.658,256,400,656,51,40,130,138,374,840,0.37,0.29,0.574,0.609
296,2594,Kyle Korver,1232,31183,4103,9278,0.442,2450,5715,0.429,1297,1479,0.877,345,3298,3643,2114,804,403,1290,2522,11953,1.639,0.623,0.574,0.602
2334,1629650,Moses Brown,163,1911,342,596,0.574,0,0,0,174,320,0.544,302,499,801,25,54,89,103,236,858,0.243,0.524,0.574,0.582
822,1630169,Tyrese Haliburton,333,10998,2110,4423,0.477,856,2184,0.392,766,896,0.855,210,1008,1218,2947,490,199,711,440,5842,4.145,0.689,0.574,0.606
1105,1626204,Larry Nance Jr.,566,12866,1755,3280,0.535,253,722,0.35,510,734,0.695,1021,2372,3393,1038,632,272,513,1195,4273,2.023,1.232,0.574,0.593
41,203507,Giannis Antetokounmpo,889,29110,7839,14155,0.554,557,1946,0.286,5142,7432,0.692,1683,7148,8831,4456,988,1086,2686,2609,21377,1.659,0.368,0.573,0.613
2319,202379,Jeremy Evans,250,2626,364,640,0.569,6,26,0.231,145,211,0.687,239,402,641,107,90,121,85,291,879,1.259,1.059,0.573,0.6
1410,49,Gheorghe Muresan,307,6722,1265,2206,0.573,0,1,0,490,761,0.644,658,1299,1957,150,171,455,446,958,3020,0.336,0.383,0.573,0.594
788,203926,Doug McDermott,704,13642,2256,4802,0.47,992,2417,0.41,518,644,0.804,260,1200,1460,666,146,64,439,991,6022,1.517,0.333,0.573,0.592
1503,1630188,Jalen Smith,310,5150,1004,2005,0.501,290,857,0.338,376,502,0.749,510,1190,1700,271,88,220,237,563,2674,1.143,0.371,0.573,0.601
1078,1630530,Trey Murphy III,296,8468,1497,3257,0.46,737,1937,0.38,702,799,0.879,244,1000,1244,629,290,130,298,493,4433,2.111,0.973,0.573,0.614
2301,1631221,Collin Gillespie,103,1989,316,716,0.441,188,443,0.424,77,93,0.828,70,219,289,322,98,17,110,124,897,2.927,0.891,0.573,0.593
1905,1630549,Day'Ron Sharpe,234,3554,641,1145,0.56,29,108,0.269,262,400,0.655,594,753,1347,330,136,152,271,488,1573,1.218,0.502,0.572,0.595
1706,1630182,Josh Green,314,6786,774,1610,0.481,295,769,0.384,209,302,0.692,254,571,825,473,238,48,276,603,2052,1.714,0.862,0.572,0.589
647,77134,Steve Johnson,626,13618,2841,4965,0.572,0,4,0,1663,2622,0.634,1193,2257,3450,777,290,530,1477,2409,7345,0.526,0.196,0.572,0.6
503,76539,Darryl Dawkins,726,17235,3477,6079,0.572,2,15,0.133,1777,2593,0.685,1125,3307,4432,917,345,1023,1621,2784,8733,0.549,0.204,0.572,0.605
1944,1630572,Sandro Mamukelashvili,237,3224,563,1151,0.489,191,536,0.356,187,257,0.728,284,552,836,274,84,77,133,261,1504,2.06,0.632,0.572,0.595
1037,1630559,Austin Reaves,303,9252,1528,3158,0.484,555,1504,0.369,1053,1218,0.865,212,975,1187,1340,231,91,565,551,4664,2.372,0.409,0.572,0.631
1030,1629661,Cameron Johnson,368,9877,1625,3580,0.454,843,2140,0.394,629,742,0.848,287,1155,1442,730,299,114,339,641,4722,2.153,0.882,0.572,0.604
2175,1626245,Cristiano Felicio,252,3554,431,754,0.572,0,14,0,216,321,0.673,381,611,992,183,72,50,155,358,1078,1.181,0.465,0.572,0.602
1198,1627884,Derrick Jones Jr.,514,10496,1414,2777,0.509,343,1042,0.329,595,840,0.708,609,1066,1675,386,358,332,325,967,3766,1.188,1.102,0.571,0.598
547,76583,James Donaldson,957,26222,3105,5442,0.571,0,0,0,1993,2722,0.732,2060,5432,7492,765,336,1267,1454,2025,8203,0.526,0.231,0.571,0.618
1972,1630194,Paul Reed,292,3645,629,1137,0.553,39,125,0.312,159,232,0.685,480,684,1164,247,223,206,193,532,1456,1.28,1.155,0.57,0.588
517,699,Brent Barry,912,23640,2896,6301,0.46,1395,3442,0.405,1301,1581,0.823,450,2330,2780,2892,955,253,1289,1754,8488,2.244,0.741,0.57,0.607
2209,1630551,Justin Champagnie,161,2699,398,807,0.493,124,355,0.349,111,152,0.73,259,468,727,142,119,76,99,227,1031,1.434,1.202,0.57,0.59
1044,2588,Matt Bonner,792,13357,1749,3768,0.464,797,1923,0.414,337,432,0.78,622,1749,2371,552,285,213,299,1307,4632,1.846,0.953,0.57,0.585
2091,1630192,Zeke Nnaji,285,3477,452,892,0.507,112,319,0.351,195,288,0.677,254,411,665,120,94,134,121,404,1211,0.992,0.777,0.57,0.594
2275,1642270,Donovan Clingan,111,2533,372,700,0.531,53,179,0.296,135,214,0.631,419,602,1021,161,56,168,118,294,932,1.364,0.475,0.569,0.587
943,1630596,Evan Mobley,311,10147,2063,3803,0.542,200,641,0.312,838,1224,0.685,702,2074,2776,954,260,501,602,746,5164,1.585,0.432,0.569,0.595
2019,1630164,James Wiseman,152,2857,575,1026,0.56,16,61,0.262,197,289,0.682,243,595,838,113,30,103,182,380,1363,0.621,0.165,0.568,0.591
1684,1629726,Garrison Mathews,329,5681,604,1490,0.405,484,1267,0.382,423,505,0.838,97,473,570,233,170,63,131,583,2115,1.779,1.298,0.568,0.618
984,448,Bo Outlaw,914,20742,2005,3534,0.567,3,38,0.079,957,1837,0.521,1685,2752,4437,1441,855,1193,1056,2164,4970,1.365,0.81,0.568,0.572
1859,1629111,Jock Landale,262,3781,652,1253,0.52,118,357,0.331,249,336,0.741,453,541,994,286,81,108,183,399,1671,1.563,0.443,0.567,0.596
2320,1642261,Dalton Knecht,114,1944,323,708,0.456,157,431,0.364,75,100,0.75,48,224,272,79,32,17,53,130,878,1.491,0.604,0.567,0.584
2720,201934,Hasheem Thabeet,224,2357,182,321,0.567,0,0,0,119,206,0.578,203,392,595,27,59,184,123,453,483,0.22,0.48,0.567,0.587
1103,202334,Ed Davis,722,13756,1773,3128,0.567,0,4,0,745,1277,0.583,1590,3026,4616,539,349,566,532,1749,4291,1.013,0.656,0.567,0.581
911,1629675,Naz Reid,453,9704,2031,4186,0.485,683,1816,0.376,626,857,0.73,509,1770,2279,657,300,409,559,1088,5371,1.175,0.537,0.567,0.589
2195,1627824,Guerschon Yabusele,183,2735,383,804,0.476,145,405,0.358,138,194,0.711,196,384,580,197,74,41,128,254,1049,1.539,0.578,0.567,0.59
2701,1629744,Matt Thomas,126,1226,178,411,0.433,109,270,0.404,37,46,0.804,19,136,155,61,22,4,38,74,502,1.605,0.579,0.566,0.582
1538,203086,Meyers Leonard,456,7272,972,2016,0.482,334,856,0.39,267,329,0.812,333,1438,1771,396,85,127,315,981,2545,1.257,0.27,0.565,0.589
1829,1629750,Javonte Green,308,5291,631,1270,0.497,173,504,0.343,294,389,0.756,283,657,940,221,281,122,161,458,1729,1.373,1.745,0.565,0.6
1341,203473,Dewayne Dedmon,515,8896,1287,2445,0.526,187,557,0.336,494,676,0.731,784,2186,2970,358,258,409,496,1290,3255,0.722,0.52,0.565,0.593
2449,1642366,Quinten Post,90,1546,267,604,0.442,148,394,0.376,42,53,0.792,83,256,339,120,38,43,70,179,724,1.714,0.543,0.565,0.577
891,70,Steve Kerr,910,16203,2042,4263,0.479,726,1599,0.454,627,726,0.864,186,874,1060,1658,476,46,504,847,5437,3.29,0.944,0.564,0.593
842,78041,Jeff Ruland,332,11088,2105,3734,0.564,3,19,0.158,1550,2159,0.718,1082,2296,3378,1002,249,267,1212,1218,5763,0.827,0.205,0.564,0.615
2756,1630611,Gui Santos,116,1404,164,352,0.466,69,203,0.34,61,83,0.735,118,201,319,133,47,20,79,163,458,1.684,0.595,0.564,0.589
488,1628969,Mikal Bridges,602,20106,3349,6901,0.485,1079,2891,0.373,1148,1365,0.841,542,1868,2410,1709,720,356,739,1119,8925,2.313,0.974,0.563,0.595
2364,1629308,Juan Toscano-Anderson,202,3127,332,662,0.502,82,249,0.329,84,130,0.646,98,503,601,372,119,59,181,347,830,2.055,0.657,0.563,0.577
2010,1629723,John Konchar,335,5662,525,1118,0.47,209,585,0.357,117,163,0.718,329,975,1304,465,269,135,164,387,1376,2.835,1.64,0.563,0.578
1235,1629611,Terance Mann,452,10116,1392,2797,0.498,363,984,0.369,489,623,0.785,452,1132,1584,935,258,101,362,877,3636,2.583,0.713,0.563,0.592
2510,1629117,Wenyen Gabriel,150,1939,262,500,0.524,38,122,0.311,103,170,0.606,203,311,514,72,53,63,101,293,665,0.713,0.525,0.562,0.578
542,203482,Kelly Olynyk,828,18267,2946,6069,0.485,929,2519,0.369,1415,1782,0.794,993,3184,4177,2010,645,371,1302,2313,8236,1.544,0.495,0.562,0.601
2487,78527,Michael Wiley,94,1284,279,497,0.561,0,7,0,134,189,0.709,89,157,246,63,48,22,99,165,692,0.636,0.485,0.561,0.596
1355,1629622,Max Strus,309,7884,1129,2645,0.427,709,1926,0.368,242,298,0.812,198,859,1057,728,171,71,301,600,3209,2.419,0.568,0.561,0.578
1841,1629731,Dean Wade,322,6412,599,1407,0.426,380,1047,0.363,127,183,0.694,213,951,1164,346,206,115,120,519,1705,2.883,1.717,0.561,0.573
1971,1641717,Cason Wallace,195,4754,571,1228,0.465,233,611,0.381,82,106,0.774,158,395,553,386,288,82,145,365,1457,2.662,1.986,0.56,0.572
1790,2212,Steven Hunter,400,5991,735,1313,0.56,0,1,0,347,715,0.485,482,782,1264,79,49,422,249,656,1817,0.317,0.197,0.56,0.558
1,76003,Kareem Abdul-Jabbar,1560,57446,15837,28307,0.559,1,18,0.056,6712,9304,0.721,2975,9394,17440,5660,1160,3189,2527,4657,38387,1.156,0.302,0.559,0.592
1029,1626220,Royce O'Neale,647,17101,1669,3927,0.425,1055,2725,0.387,331,431,0.768,426,2677,3103,1577,540,277,673,1512,4724,2.343,0.802,0.559,0.574
698,1628384,OG Anunoby,528,16034,2578,5443,0.474,931,2492,0.374,811,1059,0.766,601,1739,2340,911,698,313,729,1263,6898,1.25,0.957,0.559,0.584
2715,1628397,Ivan Rabb,85,1237,202,364,0.555,3,15,0.2,78,105,0.743,123,241,364,86,29,27,70,145,485,1.229,0.414,0.559,0.591
973,1627732,Ben Simmons,383,11910,2076,3720,0.558,5,36,0.139,864,1459,0.592,641,2199,2840,2754,568,255,1151,1059,5021,2.393,0.493,0.559,0.576
3105,1641998,Trey Jemison III,69,1004,119,213,0.559,0,0,0,35,59,0.593,113,136,249,44,21,45,61,144,273,0.721,0.344,0.559,0.571
476,1626181,Norman Powell,658,16198,3166,6721,0.471,1177,2959,0.398,1594,1930,0.826,236,1567,1803,1051,555,171,851,1231,9103,1.235,0.652,0.559,0.601
2385,1630264,Anthony Gill,252,2267,294,570,0.516,48,158,0.304,170,225,0.756,148,268,416,125,46,43,81,242,806,1.543,0.568,0.558,0.602
747,1630217,Desmond Bane,358,10806,2355,5019,0.469,889,2204,0.403,833,934,0.892,280,1361,1641,1375,349,141,675,891,6432,2.037,0.517,0.558,0.592
30,787,Charles Barkley,1073,39331,8435,15605,0.541,538,2020,0.266,6349,8643,0.735,4260,8286,12546,4215,1648,888,3376,3287,23757,1.249,0.488,0.558,0.612
2648,1630237,Anthony Lamb,88,1618,194,434,0.447,96,272,0.353,64,81,0.79,83,203,286,121,34,25,73,168,548,1.658,0.466,0.558,0.583
2719,1628539,Mychal Mulder,84,1209,169,409,0.413,118,320,0.369,27,38,0.711,13,94,107,39,18,15,29,89,483,1.345,0.621,0.557,0.567
1389,1629656,Quentin Grimes,286,7257,1066,2411,0.442,555,1498,0.37,409,518,0.79,174,738,912,648,230,85,351,550,3096,1.846,0.655,0.557,0.587
1237,1628449,Chris Boucher,415,7307,1291,2651,0.487,372,1108,0.336,676,868,0.779,710,1392,2102,204,202,391,222,780,3630,0.919,0.91,0.557,0.598
1405,1630191,Isaiah Stewart,348,8505,1191,2336,0.51,220,640,0.344,442,601,0.735,776,1629,2405,455,136,415,403,932,3044,1.129,0.337,0.557,0.585
1102,1631114,Jalen Williams,239,7448,1673,3291,0.508,318,846,0.376,641,795,0.806,196,906,1102,1059,326,135,443,575,4305,2.391,0.736,0.557,0.591
1296,202357,Nemanja Bjelica,449,9172,1279,2746,0.466,498,1296,0.384,356,469,0.759,486,1565,2051,825,288,184,459,1058,3412,1.797,0.627,0.556,0.578
1012,101115,Andrew Bynum,418,10690,1917,3446,0.556,1,9,0.111,987,1431,0.69,1007,2214,3221,490,133,657,644,1028,4822,0.761,0.207,0.556,0.592
2716,1628427,Vlatko Čančar,143,1527,180,381,0.472,64,181,0.354,61,72,0.847,54,197,251,123,39,22,74,137,485,1.662,0.527,0.556,0.588
1077,1630183,Jaden McDaniels,411,11894,1745,3593,0.486,508,1426,0.356,451,585,0.771,456,1272,1728,691,382,350,497,1262,4449,1.39,0.769,0.556,0.578
1023,1629060,Rui Hachimura,372,10411,1861,3743,0.497,441,1134,0.389,591,774,0.764,368,1395,1763,470,229,112,328,616,4754,1.433,0.698,0.556,0.582
1489,1629684,Grant Williams,387,8830,958,2130,0.45,453,1212,0.374,392,508,0.772,368,1049,1417,559,208,202,391,981,2761,1.43,0.532,0.556,0.587
2174,201611,Henry Walker,181,3016,386,865,0.446,190,515,0.369,117,154,0.76,55,346,401,153,93,27,142,375,1079,1.077,0.655,0.556,0.578
1475,201168,Tiago Splitter,355,6812,1073,1932,0.555,2,14,0.143,668,958,0.697,576,1203,1779,423,198,209,384,685,2816,1.102,0.516,0.556,0.598
2588,1628395,Jordan Bell,161,1937,257,466,0.552,4,20,0.2,75,118,0.636,153,344,497,201,62,122,118,200,593,1.703,0.525,0.556,0.572
97,959,Steve Nash,1217,38073,6321,12892,0.49,1685,3939,0.428,3060,3384,0.904,643,2999,3642,10335,899,102,3478,1982,17387,2.972,0.258,0.556,0.605
2115,1629312,Haywood Highsmith,218,4356,445,992,0.449,212,567,0.374,69,114,0.605,204,477,681,233,160,87,137,377,1171,1.701,1.168,0.555,0.562
442,1626167,Myles Turner,685,19679,3516,7098,0.495,853,2336,0.365,1696,2199,0.771,957,3622,4579,883,468,1480,953,1996,9581,0.927,0.491,0.555,0.594
98,1450,Kevin McHale,971,30118,6830,12334,0.554,41,157,0.261,3634,4554,0.798,2358,4764,7122,1670,344,1690,1893,2758,17335,0.882,0.182,0.555,0.605
897,203490,Otto Porter Jr.,527,13400,2088,4376,0.477,684,1724,0.397,559,701,0.797,602,1997,2599,783,586,221,399,919,5419,1.962,1.469,0.555,0.578
2146,1642271,Kyle Filipowski,118,2546,420,859,0.489,114,338,0.337,163,243,0.671,187,538,725,234,80,42,160,299,1117,1.463,0.5,0.555,0.578
290,200755,JJ Redick,940,23965,4009,8976,0.447,1950,4704,0.415,2060,2310,0.892,172,1731,1903,1862,420,88,1040,1417,12028,1.79,0.404,0.555,0.602
1771,1630570,Trendon Watford,242,4204,707,1362,0.519,98,278,0.353,338,447,0.756,206,665,871,473,115,77,287,484,1850,1.648,0.401,0.555,0.593
5,201142,Kevin Durant,1165,42785,10932,21758,0.502,2290,5863,0.391,7527,8533,0.882,760,7300,8060,5097,1204,1313,3683,2226,31681,1.384,0.327,0.555,0.621
2490,201965,Jeff Ayres,237,2322,287,519,0.553,2,5,0.4,114,147,0.776,196,436,632,99,37,66,132,360,690,0.75,0.28,0.555,0.591
2492,1631230,Dominick Barlow,132,2054,276,519,0.532,24,93,0.258,112,158,0.709,203,275,478,127,63,72,60,225,688,2.117,1.05,0.555,0.585
140,202695,Kawhi Leonard,766,24375,5671,11377,0.498,1282,3266,0.393,3029,3505,0.864,904,3963,4867,2350,1324,492,1281,1269,15653,1.835,1.034,0.555,0.606
2920,1630695,Micah Potter,80,1256,123,277,0.444,61,179,0.341,53,60,0.883,73,223,296,63,25,26,51,98,360,1.235,0.49,0.554,0.593
2265,203143,Pablo Prigioni,270,4566,334,786,0.425,203,535,0.379,75,86,0.872,145,360,505,765,268,6,257,429,946,2.977,1.043,0.554,0.574
1156,203493,Reggie Bullock Jr.,556,12558,1441,3395,0.424,879,2284,0.385,278,336,0.827,188,1263,1451,647,318,81,301,783,4039,2.15,1.056,0.554,0.57
2185,1630590,Scotty Pippen Jr.,106,2242,389,809,0.481,118,294,0.401,168,235,0.715,89,241,330,447,141,41,196,266,1064,2.281,0.719,0.554,0.583
1626,1630541,Moses Moody,301,5356,798,1795,0.445,391,1044,0.375,299,384,0.779,200,516,716,297,167,102,185,390,2286,1.605,0.903,0.553,0.582
1395,200783,Craig Smith,403,6826,1221,2207,0.553,1,27,0.037,637,963,0.661,543,1024,1567,322,183,91,413,957,3080,0.78,0.443,0.553,0.585
717,1627736,Malik Beasley,578,13739,2429,5702,0.426,1453,3715,0.391,427,555,0.769,249,1363,1612,789,387,67,474,779,6738,1.665,0.816,0.553,0.567
1508,1629026,Kenrich Williams,419,8210,1073,2270,0.473,366,1005,0.364,154,278,0.554,509,1189,1698,741,312,104,300,764,2666,2.47,1.04,0.553,0.557
1507,78387,Dave Twardzik,280,6921,891,1614,0.552,4,7,0.571,880,1069,0.823,202,409,611,940,396,24,416,748,2666,1.666,0.644,0.553,0.64
1439,1630174,Aaron Nesmith,314,6966,1024,2279,0.449,473,1244,0.38,399,484,0.824,243,834,1077,364,207,128,269,819,2920,1.353,0.77,0.553,0.586
1833,1631108,Max Christie,228,4817,589,1330,0.443,293,736,0.398,249,294,0.847,70,551,621,319,115,69,182,266,1720,1.753,0.632,0.553,0.589
1357,203488,Mike Muscala,548,8240,1144,2538,0.451,519,1390,0.373,399,481,0.83,428,1271,1699,464,174,248,302,780,3206,1.536,0.576,0.553,0.583
1716,1630577,Julian Champagnie,219,5039,672,1604,0.419,429,1152,0.372,251,295,0.851,164,703,867,292,154,100,188,288,2024,1.553,0.819,0.553,0.584
1233,1626192,Pat Connaughton,617,11594,1331,3035,0.439,692,1940,0.357,288,375,0.768,412,1641,2053,843,288,160,332,703,3642,2.539,0.867,0.553,0.569
963,1628976,Wendell Carter Jr.,426,11743,1908,3751,0.509,329,1028,0.32,943,1286,0.733,978,2516,3494,858,277,314,638,1262,5088,1.345,0.434,0.553,0.589
2125,1631157,Ryan Rollins,126,2389,433,926,0.468,157,392,0.401,127,162,0.784,66,272,338,366,121,41,177,231,1150,2.068,0.684,0.552,0.577
2722,204014,Damjan Rudez,146,1638,175,413,0.424,106,284,0.373,24,31,0.774,18,74,92,84,31,7,69,143,480,1.217,0.449,0.552,0.563
1928,1641729,Brice Sensabaugh,147,2942,543,1222,0.444,263,705,0.373,182,207,0.879,93,350,443,232,89,19,207,229,1531,1.121,0.43,0.552,0.583
1622,2038,Joel Przybilla,592,11733,896,1624,0.552,0,3,0,501,900,0.557,1112,2553,3665,256,157,836,574,1604,2293,0.446,0.274,0.552,0.568
579,101162,Marcin Gortat,806,20689,3401,6168,0.551,3,20,0.15,1146,1686,0.68,1759,4648,6407,915,383,885,958,1775,7951,0.955,0.4,0.552,0.575
1893,203121,Darius Miller,271,5358,545,1300,0.419,344,898,0.383,163,194,0.84,51,396,447,367,123,66,171,523,1597,2.146,0.719,0.552,0.576
532,202683,Enes Freedom,748,16100,3426,6254,0.548,46,159,0.289,1451,1868,0.777,2223,3599,5822,638,296,363,1076,1606,8349,0.593,0.275,0.551,0.59
2470,1631216,Caleb Houstan,178,2464,233,593,0.393,188,501,0.375,54,64,0.844,85,178,263,96,50,18,51,192,708,1.882,0.98,0.551,0.57
663,201980,Danny Green,832,20899,2546,6047,0.421,1577,3946,0.4,535,665,0.805,501,2326,2827,1277,853,634,825,1454,7204,1.548,1.034,0.551,0.568
2178,204028,Tarik Black,220,3320,439,798,0.55,2,14,0.143,195,335,0.582,393,638,1031,110,83,116,163,516,1075,0.675,0.509,0.551,0.569
961,1628978,Donte DiVincenzo,463,12111,1795,4222,0.425,1065,2804,0.38,444,575,0.772,427,1572,1999,1398,557,136,667,861,5099,2.096,0.835,0.551,0.57
1340,1630,Mikki Moore,564,10257,1269,2304,0.551,2,13,0.154,717,965,0.743,777,1419,2196,409,179,306,537,1541,3257,0.762,0.333,0.551,0.597
1196,1627854,Bryn Forbes,431,8582,1359,3119,0.436,720,1757,0.41,338,409,0.826,69,649,718,523,163,14,297,594,3776,1.761,0.549,0.551,0.572
1406,1630552,Jalen Johnson,228,5901,1186,2351,0.504,219,661,0.331,443,598,0.741,256,1357,1613,819,220,141,411,410,3034,1.993,0.535,0.551,0.58
342,1627741,Buddy Hield,755,20886,4004,9257,0.433,2189,5535,0.395,857,999,0.858,552,2482,3034,1832,648,236,1193,1498,11054,1.536,0.543,0.551,0.57
489,77193,Bobby Jones,774,20177,3412,6199,0.55,0,16,0,2087,2674,0.78,1288,2968,4256,1888,1050,982,1217,2104,8911,1.334,0.71,0.55,0.604
162,201143,Al Horford,1165,36449,6129,12068,0.508,1018,2708,0.376,1616,2115,0.764,2193,6885,9078,3684,887,1328,1594,2448,14892,2.311,0.556,0.55,0.573
350,2034,Mike Miller,1032,27817,4016,8747,0.459,1590,3910,0.407,1351,1757,0.769,632,3744,4376,2666,573,229,1561,2043,10973,1.708,0.367,0.55,0.576
2016,1641824,Matas Buzelis,126,2792,497,1070,0.464,183,509,0.36,192,242,0.793,105,413,518,171,61,138,152,243,1369,1.125,0.401,0.55,0.582
1266,1629013,Landry Shamet,419,8815,1170,2820,0.415,760,1963,0.387,401,485,0.827,100,600,700,623,202,61,274,697,3501,2.274,0.737,0.55,0.577
813,1628404,Josh Hart,565,17199,2157,4567,0.472,705,2040,0.346,866,1150,0.753,742,3239,3981,1868,599,186,812,1333,5885,2.3,0.738,0.549,0.58
111,433,Buck Williams,1307,42470,6404,11661,0.549,5,30,0.167,3971,5979,0.664,4526,8491,13017,1646,1080,1100,2784,4267,16784,0.591,0.388,0.549,0.587
338,202711,Bojan Bogdanovic,719,20891,3872,8424,0.46,1511,3831,0.394,1929,2245,0.859,381,2178,2559,1194,398,55,1205,1185,11184,0.991,0.33,0.549,0.594
1572,1628964,Mo Bamba,366,6121,953,2000,0.477,291,818,0.356,264,387,0.682,556,1426,1982,306,132,461,287,751,2461,1.066,0.46,0.549,0.567
1604,1641708,Amen Thompson,175,5261,935,1747,0.535,49,232,0.211,442,611,0.723,466,847,1313,667,235,151,339,409,2361,1.968,0.693,0.549,0.586
1463,1628467,Maxi Kleber,460,10057,1010,2289,0.441,494,1402,0.352,348,448,0.777,489,1482,1971,522,185,383,304,936,2862,1.717,0.609,0.549,0.576
2296,1641871,Duop Reath,146,1941,333,739,0.451,145,406,0.357,94,121,0.777,147,233,380,103,50,60,75,230,905,1.373,0.667,0.549,0.571
108,202691,Klay Thompson,908,28752,6333,14114,0.449,2823,6894,0.409,1552,1811,0.857,418,2730,3148,2050,747,458,1464,1748,17041,1.4,0.51,0.549,0.571
1188,1628963,Marvin Bagley III,325,7165,1545,2936,0.526,132,449,0.294,616,890,0.692,757,1336,2093,306,149,207,374,611,3838,0.818,0.398,0.549,0.577
1307,1631099,Keegan Murray,252,8264,1272,2836,0.449,568,1553,0.366,255,315,0.81,371,1043,1414,365,224,200,206,590,3367,1.772,1.087,0.549,0.566
1226,203503,Tony Snell,601,13093,1335,3097,0.431,728,1848,0.394,274,324,0.846,172,1199,1371,669,266,138,329,846,3672,2.033,0.809,0.549,0.567
2500,1641854,Craig Porter Jr.,145,1921,272,548,0.496,57,143,0.399,79,115,0.687,101,228,329,319,76,57,122,114,680,2.615,0.623,0.548,0.568
0,2544,LeBron James,1590,59975,15721,31043,0.506,2602,7453,0.349,8766,11892,0.737,1819,10080,11899,11772,2375,1168,5549,2822,42810,2.121,0.428,0.548,0.59
726,201162,Jared Dudley,904,20118,2408,5197,0.463,883,2247,0.393,934,1276,0.732,805,2044,2849,1395,710,167,763,1636,6633,1.828,0.931,0.548,0.576
356,2403,Nene,965,25237,4175,7621,0.548,7,53,0.132,2552,3864,0.66,1688,4140,5828,1719,1041,721,1688,2934,10909,1.018,0.617,0.548,0.585
2327,1628981,Bruno Fernando,220,2325,351,646,0.543,6,49,0.122,164,251,0.653,235,477,712,161,58,102,160,362,872,1.006,0.363,0.548,0.576
785,1628989,Kevin Huerter,523,14532,2286,5166,0.443,1088,2935,0.371,392,515,0.761,295,1491,1786,1518,477,189,629,1160,6052,2.413,0.758,0.548,0.561
413,1628973,Jalen Brunson,528,15653,3650,7486,0.488,901,2316,0.389,1766,2138,0.826,248,1433,1681,2697,377,52,943,995,9967,2.86,0.4,0.548,0.591
1451,1630583,Santi Aldama,277,6494,1084,2339,0.463,394,1138,0.346,321,467,0.687,350,1157,1507,570,182,170,270,410,2883,2.111,0.674,0.548,0.567
473,1628374,Lauri Markkanen,484,15173,3143,6872,0.457,1241,3344,0.371,1614,1857,0.869,699,2744,3443,732,348,240,679,908,9141,1.078,0.513,0.548,0.594
2094,1626188,Quinn Cook,188,2653,479,1039,0.461,180,441,0.408,62,78,0.795,46,268,314,298,52,7,135,201,1200,2.207,0.385,0.548,0.559
344,201586,Serge Ibaka,919,25126,4575,8916,0.513,614,1709,0.359,1264,1669,0.757,1894,4619,6513,749,373,1759,1187,2480,11028,0.631,0.314,0.548,0.571
894,202702,Kenneth Faried,478,11728,2190,4009,0.546,10,45,0.222,1040,1590,0.654,1465,2419,3884,470,351,392,626,1180,5430,0.751,0.561,0.548,0.577
1730,1629660,Ty Jerome,229,4140,729,1592,0.458,285,748,0.381,243,286,0.85,94,373,467,648,166,22,225,331,1986,2.88,0.738,0.547,0.578
989,1627827,Dorian Finney-Smith,605,16739,1808,4157,0.435,931,2578,0.361,406,564,0.72,897,1812,2709,860,490,267,521,1305,4953,1.651,0.94,0.547,0.562
1314,203457,Nerlens Noel,467,10282,1375,2518,0.546,3,15,0.2,585,893,0.655,898,1936,2834,501,588,683,593,1192,3338,0.845,0.992,0.547,0.573
1652,1629599,Amir Coffey,350,6169,759,1674,0.453,312,822,0.38,372,443,0.84,123,516,639,374,143,45,171,419,2202,2.187,0.836,0.547,0.589
138,77685,Larry Nance,920,30697,6370,11664,0.546,8,55,0.145,2939,3892,0.755,2299,5053,7352,2393,872,2027,1711,2703,15687,1.399,0.51,0.546,0.586
52,304,John Stockton,1504,47766,7039,13658,0.515,845,2202,0.384,4788,5796,0.826,966,3085,4051,15806,3265,315,4244,3942,19711,3.724,0.769,0.546,0.608
245,1628983,Shai Gilgeous-Alexander,508,16831,4446,8780,0.506,698,1945,0.359,3178,3673,0.865,374,2039,2413,2646,725,407,1163,1138,12768,2.275,0.623,0.546,0.614
2187,77864,Charlie Pittman,234,3292,379,694,0.546,0,5,0,302,425,0.711,278,440,718,204,75,73,310,454,1060,0.658,0.242,0.546,0.602
1281,1630228,Jonathan Kuminga,278,6148,1299,2581,0.503,220,664,0.331,649,928,0.699,301,853,1154,506,173,116,408,595,3467,1.24,0.424,0.546,0.58
92,901,Otis Thorpe,1257,39824,6872,12593,0.546,3,64,0.047,3852,5610,0.687,3446,6924,10370,2730,840,501,2774,4146,17599,0.984,0.303,0.546,0.584
1641,203584,Troy Daniels,339,5045,767,1914,0.401,555,1404,0.395,143,179,0.799,74,372,446,185,100,21,187,429,2232,0.989,0.535,0.546,0.56
384,77487,Cedric Maxwell,835,23769,3433,6293,0.546,1,19,0.053,3598,4592,0.784,2108,3153,5261,1862,671,433,1841,2273,10465,1.011,0.364,0.546,0.629
2299,1642274,Yves Missi,114,2742,371,680,0.546,0,2,0,159,259,0.614,380,457,837,149,51,154,115,218,901,1.296,0.443,0.546,0.567
189,203897,Zach LaVine,688,22557,5086,10812,0.47,1624,4150,0.391,2456,2944,0.834,299,2460,2759,2674,594,192,1792,1449,14252,1.492,0.331,0.546,0.589
2332,1630322,Lindy Waters III,182,2242,301,760,0.396,227,626,0.363,31,39,0.795,51,268,319,139,69,37,51,175,860,2.725,1.353,0.545,0.553
1659,435,Carlos Rogers,298,5654,888,1658,0.536,32,124,0.258,388,690,0.562,503,769,1272,182,128,235,297,515,2196,0.613,0.431,0.545,0.56
2784,211,Eric Mobley,113,1568,180,333,0.541,3,4,0.75,77,162,0.475,139,212,351,57,27,61,103,194,440,0.553,0.262,0.545,0.544
1225,1626161,Willie Cauley-Stein,422,9277,1552,2853,0.544,6,32,0.188,565,923,0.612,694,1776,2470,598,349,335,384,974,3675,1.557,0.909,0.545,0.564
2752,1641707,Taylor Hendricks,75,1408,167,379,0.441,79,218,0.362,49,63,0.778,79,217,296,57,46,42,49,124,462,1.163,0.939,0.545,0.568
1499,1628470,Torrey Craig,458,8914,1029,2277,0.452,423,1196,0.354,216,308,0.701,576,1226,1802,476,234,255,294,930,2697,1.619,0.796,0.545,0.559
706,2201,Eddy Curry,527,13106,2578,4734,0.545,2,2,1,1662,2588,0.642,947,1778,2725,287,155,384,1174,1562,6820,0.244,0.132,0.545,0.581
2632,1630209,Omer Yurtseven,113,1334,245,458,0.535,9,42,0.214,62,95,0.653,165,360,525,80,27,40,82,152,561,0.976,0.329,0.545,0.561
2352,1642349,Ajay Mitchell,79,1726,313,640,0.489,71,197,0.36,143,166,0.861,47,170,217,221,86,18,97,161,840,2.278,0.887,0.545,0.589
1407,1630171,Isaac Okoro,372,9702,1097,2345,0.468,359,1027,0.35,479,653,0.734,350,684,1034,594,285,146,285,848,3032,2.084,1,0.544,0.576
1162,1628420,Monte Morris,426,9875,1569,3317,0.473,472,1216,0.388,388,471,0.824,143,853,996,1519,304,74,308,431,3998,4.932,0.987,0.544,0.567
1303,203089,John Henson,445,8751,1438,2661,0.54,20,80,0.25,487,857,0.568,802,1566,2368,496,211,642,496,998,3383,1,0.425,0.544,0.557
2033,200767,Josh Boone,256,4482,567,1042,0.544,0,0,0,206,463,0.445,484,774,1258,125,99,178,169,466,1340,0.74,0.586,0.544,0.538
25,397,Reggie Miller,1389,47620,8241,17499,0.471,2560,6486,0.395,6237,7026,0.888,883,3299,4182,4141,1505,299,2409,2730,25279,1.719,0.625,0.544,0.614
1075,77845,Drazen Petrovic,290,7669,1705,3369,0.506,255,583,0.437,796,946,0.841,240,429,669,701,265,27,596,751,4461,1.176,0.445,0.544,0.589
2780,1629618,Jalen Pickett,108,1391,168,388,0.433,86,216,0.398,19,23,0.826,31,146,177,219,36,8,60,85,441,3.65,0.6,0.544,0.554
2872,1641748,Andre Jackson Jr.,144,1681,154,331,0.465,52,144,0.361,29,45,0.644,113,197,310,153,55,22,94,225,389,1.628,0.585,0.544,0.554
1069,76822,Mike Glenn,593,9617,1958,3611,0.542,8,28,0.286,572,669,0.855,152,558,710,952,318,43,429,893,4496,2.219,0.741,0.543,0.576
1545,1626195,Willy Hernangomez,344,5149,974,1827,0.533,37,121,0.306,539,756,0.713,709,1273,1982,364,145,134,347,573,2524,1.049,0.418,0.543,0.584
582,101181,Jose Calderon,895,23643,3038,6440,0.472,920,2260,0.407,925,1060,0.873,303,1845,2148,5148,716,71,1339,1476,7921,3.845,0.535,0.543,0.573
1528,1626143,Jahlil Okafor,248,4830,1092,2016,0.542,6,27,0.222,376,556,0.676,377,793,1170,226,73,195,347,515,2566,0.651,0.21,0.543,0.568
1710,1641739,Toumani Camara,196,5914,749,1670,0.449,316,875,0.361,228,313,0.728,395,649,1044,390,230,106,288,560,2042,1.354,0.799,0.543,0.565
319,203083,Andre Drummond,940,24940,4838,8949,0.541,35,187,0.187,1833,3756,0.488,3890,7412,11302,1135,1153,1180,1655,2673,11544,0.686,0.697,0.543,0.544
1674,1627863,Danuel House Jr.,294,6271,734,1692,0.434,368,1024,0.359,319,419,0.761,156,723,879,335,165,98,214,467,2155,1.565,0.771,0.543,0.574
2730,1628462,Milos Teodosic,60,1284,168,400,0.42,98,259,0.378,43,53,0.811,19,123,142,241,26,6,118,130,477,2.042,0.22,0.543,0.563
195,1629029,Luka Dončić,487,17062,4750,10152,0.468,1509,4320,0.349,3118,4131,0.755,458,3711,4169,4025,613,222,1936,1126,14127,2.079,0.317,0.542,0.59
3002,1629685,Dylan Windler,101,1090,111,261,0.425,61,176,0.347,36,45,0.8,44,168,212,78,36,15,51,90,319,1.529,0.706,0.542,0.568
2373,200835,Walter Herrmann,152,1939,312,681,0.458,114,299,0.381,81,103,0.786,78,241,319,66,31,12,61,143,819,1.082,0.508,0.542,0.564
1120,203210,JaMychal Green,544,10933,1579,3311,0.477,430,1170,0.368,620,791,0.784,891,2095,2986,496,298,226,570,1389,4208,0.87,0.523,0.542,0.575
1834,1629680,Matisse Thybulle,351,7318,648,1476,0.439,303,877,0.345,119,178,0.669,200,514,714,391,552,279,200,653,1718,1.955,2.76,0.542,0.553
2723,77486,Marlon Maxey,98,1146,182,336,0.542,0,3,0,115,168,0.685,141,222,363,22,27,51,78,188,479,0.282,0.346,0.542,0.584
1787,1629056,Terence Davis,228,3668,661,1525,0.433,330,902,0.366,166,201,0.826,101,524,625,306,151,51,225,395,1818,1.36,0.671,0.542,0.563
1848,203101,Miles Plumlee,346,5658,748,1381,0.542,0,0,0,201,370,0.543,547,1015,1562,178,153,256,308,540,1697,0.578,0.497,0.542,0.55
1257,2735,Josh Childress,391,10433,1343,2571,0.522,99,301,0.329,763,980,0.779,732,1118,1850,609,339,184,439,725,3548,1.387,0.772,0.542,0.591
2017,1928,Todd MacCulloch,223,3438,568,1049,0.541,0,0,0,233,363,0.642,340,548,888,121,61,177,154,478,1369,0.786,0.396,0.541,0.566
534,201577,Robin Lopez,992,20938,3484,6488,0.537,57,192,0.297,1301,1751,0.743,2147,2513,4660,819,219,1045,1063,1858,8326,0.77,0.206,0.541,0.574
550,445,Wesley Person,733,20737,3128,6843,0.457,1150,2754,0.418,786,1010,0.778,423,1979,2402,1234,579,230,680,965,8192,1.815,0.851,0.541,0.562
438,1628389,Bam Adebayo,606,18562,3679,6951,0.529,164,501,0.327,2100,2768,0.759,1348,4053,5401,2151,645,519,1288,1435,9622,1.67,0.501,0.541,0.589
1297,1641705,Victor Wembanyama,149,4558,1227,2573,0.477,330,956,0.345,628,770,0.816,305,1310,1615,531,166,515,496,347,3412,1.071,0.335,0.541,0.586
949,2404,Chris Wilcox,628,12474,2101,3884,0.541,0,18,0,948,1474,0.643,970,2106,3076,455,322,246,705,1517,5150,0.645,0.457,0.541,0.568
249,1627759,Jaylen Brown,646,19949,4765,9955,0.479,1237,3441,0.359,1941,2651,0.732,660,2840,3500,1800,658,245,1432,1641,12708,1.257,0.459,0.541,0.571
32,76504,Adrian Dantley,955,34151,8169,15121,0.54,7,41,0.171,6832,8351,0.818,2207,3248,5455,2830,944,150,2503,2550,23177,1.073,0.341,0.54,0.617
2494,1631100,AJ Griffin,92,1572,266,595,0.447,111,298,0.372,44,49,0.898,39,132,171,78,43,14,50,93,687,1.56,0.86,0.54,0.557
1805,1631212,Peyton Watson,215,4654,670,1393,0.481,164,460,0.357,289,414,0.698,151,598,749,274,138,243,197,391,1793,1.391,0.701,0.54,0.569
75,202681,Kyrie Irving,779,26880,6787,14313,0.474,1876,4763,0.394,2983,3360,0.888,638,2535,3173,4365,1022,337,1942,1770,18433,2.248,0.526,0.54,0.584
84,904,Chris Mullin,986,32172,6740,13243,0.509,815,2120,0.384,3616,4178,0.865,1026,3008,4034,3450,1530,549,2315,2050,17911,1.49,0.661,0.54,0.594
7,76375,Wilt Chamberlain,1045,47859,12681,23497,0.54,,,,6057,11862,0.511,,,23924,4643,,,,2075,31419,,,0.54,0.547
1452,76158,Walter Berry,205,4863,1201,2227,0.539,1,5,0.2,479,751,0.638,398,573,971,292,122,151,404,586,2882,0.723,0.302,0.54,0.563
1933,1629002,Chimezie Metu,260,3565,589,1191,0.495,107,359,0.298,237,301,0.787,174,734,908,197,139,95,199,325,1522,0.99,0.698,0.539,0.575
2030,1642258,Zaccharie Risacher,111,2730,513,1117,0.459,179,503,0.356,140,202,0.693,120,267,387,144,84,56,125,229,1345,1.152,0.672,0.539,0.558
655,203992,Bogdan Bogdanović,519,14660,2649,6080,0.436,1257,3296,0.381,746,882,0.846,251,1474,1725,1659,513,129,738,1110,7301,2.248,0.695,0.539,0.564
925,76093,Gene Banks,468,13074,2134,3961,0.539,2,46,0.043,1035,1418,0.73,1009,1709,2718,1335,436,101,835,1289,5305,1.599,0.522,0.539,0.579
751,1629640,Keldon Johnson,416,11707,2361,4972,0.475,637,1793,0.355,1022,1338,0.764,531,1734,2265,858,291,99,536,799,6381,1.601,0.543,0.539,0.574
2351,1630548,Johnny Juzang,120,1946,304,722,0.421,170,475,0.358,62,79,0.785,62,212,274,105,49,13,56,171,840,1.875,0.875,0.539,0.555
920,201627,Anthony Morrow,564,12280,1956,4380,0.447,807,1937,0.417,608,691,0.88,309,906,1215,494,317,75,380,897,5327,1.3,0.834,0.539,0.569
1546,1630256,Jae'Sean Tate,323,6607,996,2018,0.494,182,585,0.311,344,491,0.701,438,828,1266,610,251,109,350,865,2518,1.743,0.717,0.539,0.564
2095,1741,Jelani McCoy,260,3822,510,947,0.539,0,0,0,180,367,0.49,285,636,921,135,75,193,245,521,1200,0.551,0.306,0.539,0.541
2622,1642907,Cedric Coward,41,1095,206,442,0.466,64,186,0.344,93,110,0.845,61,203,264,116,23,16,69,83,569,1.681,0.333,0.538,0.58
1721,1641764,Brandin Podziemski,186,4967,761,1681,0.453,288,758,0.38,204,285,0.716,213,755,968,658,185,35,231,310,2014,2.848,0.801,0.538,0.557
130,2405,Amar'e Stoudemire,846,26253,5911,11009,0.537,30,127,0.236,4142,5444,0.761,2029,4603,6632,1050,636,1054,1953,2685,15994,0.538,0.326,0.538,0.597
570,201988,Patty Mills,921,18316,2855,6742,0.423,1546,4012,0.385,748,873,0.857,268,1223,1491,2010,581,80,861,1164,8004,2.334,0.675,0.538,0.562
1543,63,Michael Smith,449,10544,950,1767,0.538,1,7,0.143,626,1183,0.529,1122,2071,3193,661,361,248,526,1137,2527,1.257,0.686,0.538,0.552
270,1627783,Pascal Siakam,674,21165,4733,9521,0.497,776,2261,0.343,2155,2854,0.755,1030,3467,4497,2441,619,395,1229,1809,12397,1.986,0.504,0.538,0.575
2560,1641774,Tristan Vukcevic,75,1008,219,463,0.473,60,198,0.303,124,161,0.77,49,188,237,81,24,50,82,122,622,0.988,0.293,0.538,0.583
868,93,Hubert Davis,685,15144,2108,4600,0.458,728,1651,0.441,639,763,0.837,209,836,1045,1172,297,44,646,1011,5583,1.814,0.46,0.537,0.566
800,77689,Swen Nater,489,13868,2432,4528,0.537,1,4,0.25,1078,1419,0.76,1538,3759,5297,954,258,226,982,1501,5943,0.862,0.208,0.537,0.577
1398,202389,Timofey Mozgov,454,8182,1230,2301,0.535,11,58,0.19,601,814,0.738,769,1456,2225,250,139,383,527,998,3072,0.474,0.264,0.537,0.578
1086,202687,Bismack Biyombo,878,16976,1724,3211,0.537,0,3,0,956,1735,0.551,1651,3465,5116,585,236,1101,796,1884,4404,0.735,0.296,0.537,0.554
1518,203516,James Ennis III,395,8023,907,1985,0.457,317,880,0.36,498,625,0.797,393,913,1306,373,244,113,303,792,2629,1.231,0.805,0.537,0.582
531,202324,Derrick Favors,790,19200,3420,6407,0.534,38,192,0.198,1476,2225,0.663,1933,3675,5608,851,577,939,995,1976,8354,0.855,0.58,0.537,0.566
31,305,Robert Parish,1611,45704,9614,17914,0.537,0,6,0,4106,5694,0.721,4598,10117,14715,2180,1219,2361,3183,4443,23334,0.662,0.366,0.537,0.571
665,1628401,Derrick White,538,15586,2479,5618,0.441,1072,2956,0.363,1142,1335,0.855,342,1670,2012,2301,461,510,779,1112,7172,2.954,0.592,0.537,0.578
1076,201229,Anthony Tolliver,730,14197,1466,3538,0.414,865,2320,0.373,654,848,0.771,545,1871,2416,650,272,215,462,1171,4451,1.407,0.589,0.537,0.569
759,53,Mario Elie,732,18655,2123,4492,0.473,574,1572,0.365,1445,1692,0.854,520,1497,2017,1875,671,129,960,1438,6265,1.953,0.699,0.537,0.598
522,1626171,Bobby Portis,699,15987,3404,7113,0.479,824,2115,0.39,780,1022,0.763,1294,3687,4981,923,420,254,762,1342,8412,1.211,0.551,0.536,0.556
2119,1629676,Isaiah Roby,151,2858,440,908,0.485,94,268,0.351,185,274,0.675,185,482,667,216,106,78,188,325,1159,1.149,0.564,0.536,0.563
877,201171,Carl Landry,513,11524,2086,3898,0.535,9,30,0.3,1360,1732,0.785,994,1539,2533,355,216,203,603,1208,5541,0.589,0.358,0.536,0.595
870,202718,Chandler Parsons,440,13246,2129,4611,0.462,687,1844,0.373,626,878,0.713,356,1616,1972,1201,412,152,657,865,5571,1.828,0.627,0.536,0.557
912,2555,Nick Collison,910,18600,2212,4146,0.534,21,101,0.208,914,1265,0.723,1766,2935,4701,939,446,469,878,2507,5359,1.069,0.508,0.536,0.57
1384,1628380,Zach Collins,388,7321,1184,2442,0.485,250,749,0.334,492,643,0.765,577,1306,1883,700,162,259,525,965,3110,1.333,0.309,0.536,0.571
87,201572,Brook Lopez,1144,34186,6765,13678,0.495,1132,3226,0.351,3107,3894,0.798,2174,4666,6840,1648,651,2099,1782,2929,17769,0.925,0.365,0.536,0.577
60,203076,Anthony Davis,807,27741,7269,13923,0.522,385,1306,0.295,4462,5627,0.793,2148,6488,8636,2065,1055,1848,1614,1882,19385,1.279,0.654,0.536,0.591
490,344,Dana Barros,850,19479,3281,7140,0.46,1090,2652,0.411,1249,1456,0.858,232,1377,1609,2837,740,46,1213,1074,8901,2.339,0.61,0.536,0.572
2547,202970,Gustavo Ayon,135,2251,284,530,0.536,0,1,0,67,133,0.504,188,401,589,173,100,73,122,272,635,1.418,0.82,0.536,0.539
66,107,Dale Ellis,1209,34780,7323,15275,0.479,1719,4266,0.403,2639,3365,0.784,1533,2668,4201,1746,974,183,1771,2480,19004,0.986,0.55,0.536,0.567
399,203932,Aaron Gordon,743,21717,3835,7910,0.485,804,2407,0.334,1689,2423,0.697,1289,3327,4616,1997,538,449,1092,1444,10163,1.829,0.493,0.536,0.566
849,204456,T.J. McConnell,740,15509,2561,4952,0.517,183,534,0.343,424,542,0.782,400,1729,2129,3706,889,140,1169,1023,5729,3.17,0.76,0.536,0.552
332,101135,David Lee,829,24293,4587,8566,0.535,1,29,0.034,2057,2666,0.772,2150,5170,7320,1825,625,329,1454,2170,11232,1.255,0.43,0.536,0.577
909,291,Ed Pinckney,793,15695,1915,3577,0.535,0,18,0,1548,2024,0.765,1487,2465,3952,727,612,435,845,1531,5378,0.86,0.724,0.535,0.602
1506,1630529,Herbert Jones,266,7986,964,2065,0.467,283,793,0.357,458,556,0.824,319,688,1007,657,417,186,348,822,2669,1.888,1.198,0.535,0.578
1240,932,Oliver Miller,493,11340,1536,2874,0.534,5,43,0.116,548,858,0.639,940,1953,2893,1061,455,758,921,1460,3625,1.152,0.494,0.535,0.557
660,1629639,Tyler Herro,372,12110,2630,5855,0.449,1008,2641,0.382,960,1097,0.875,160,1694,1854,1490,274,75,828,513,7228,1.8,0.331,0.535,0.57
886,203933,T.J. Warren,385,10365,2274,4502,0.505,271,772,0.351,678,869,0.78,480,1035,1515,446,353,181,365,867,5497,1.222,0.967,0.535,0.563
633,1630178,Tyrese Maxey,362,11909,2690,5816,0.463,845,2214,0.382,1262,1452,0.869,125,1011,1136,1704,378,147,558,726,7487,3.054,0.677,0.535,0.58
1992,1630214,Xavier Tillman,273,4281,601,1183,0.508,64,256,0.25,154,267,0.577,351,652,1003,322,219,128,176,378,1420,1.83,1.244,0.535,0.546
2450,1628035,Alfonzo McKinnie,182,2113,287,615,0.467,84,258,0.326,63,108,0.583,154,300,454,57,51,27,71,266,721,0.803,0.718,0.535,0.544
1917,1629672,Eric Paschall,158,3086,580,1173,0.494,95,291,0.326,297,392,0.758,140,369,509,214,53,25,164,244,1552,1.305,0.323,0.535,0.577
708,101106,Andrew Bogut,706,19862,2986,5585,0.535,3,25,0.12,833,1495,0.557,1754,4358,6112,1546,442,1091,1204,2186,6808,1.284,0.367,0.535,0.545
1160,77516,Tim McCormick,483,10390,1547,2893,0.535,1,16,0.063,935,1330,0.703,777,1589,2366,491,139,187,619,1256,4030,0.793,0.225,0.535,0.579
1201,2365,Chris Andersen,695,12272,1336,2512,0.532,15,68,0.221,1068,1632,0.654,1176,2317,3493,337,312,991,513,1342,3755,0.657,0.608,0.535,0.581
2205,1631204,Marcus Sasser,141,2287,380,862,0.441,162,427,0.379,111,128,0.867,30,177,207,392,88,18,152,187,1033,2.579,0.579,0.535,0.562
1353,101133,Ian Mahinmi,618,10353,1201,2254,0.533,8,50,0.16,799,1305,0.612,937,1768,2705,357,357,443,601,1635,3209,0.594,0.594,0.535,0.567
2824,1630288,Jeff Dowtin Jr.,87,1130,165,349,0.473,43,114,0.377,44,60,0.733,29,92,121,146,45,17,30,48,417,4.867,1.5,0.534,0.555
1609,1629134,Kendrick Nunn,193,4576,911,2022,0.451,338,934,0.362,176,201,0.876,57,411,468,458,136,36,260,326,2336,1.762,0.523,0.534,0.553
131,78404,Kiki Vandeweghe,810,24521,6139,11699,0.525,218,592,0.368,3484,3997,0.872,893,1892,2785,1668,468,243,1310,1560,15980,1.273,0.357,0.534,0.594
1176,201585,Kosta Koufos,686,11271,1750,3277,0.534,0,4,0,413,710,0.582,1198,2254,3452,359,291,506,479,1398,3913,0.749,0.608,0.534,0.545
1472,76213,Tom Boswell,366,7046,1096,2058,0.533,6,11,0.545,623,860,0.724,676,1033,1709,591,142,111,474,1102,2821,1.034,0.238,0.534,0.579
2947,201595,Joey Dorsey,130,1488,142,266,0.534,0,1,0,60,160,0.375,198,315,513,55,67,44,86,256,344,0.64,0.779,0.534,0.511
1051,77905,Kurt Rambis,880,16299,1802,3376,0.534,0,14,0,999,1450,0.689,1640,3321,4961,931,761,456,1033,2036,4603,0.901,0.737,0.534,0.573
324,201587,Nicolas Batum,1176,33538,4063,9313,0.436,1814,4903,0.37,1529,1839,0.831,1110,4477,5587,3583,1064,716,1693,2025,11469,2.116,0.628,0.534,0.567
586,76516,Brad Davis,961,22302,2970,5820,0.51,270,841,0.321,1656,2001,0.828,301,1437,1738,4709,756,146,1377,2139,7866,3.42,0.549,0.534,0.587
2090,1629162,Jordan McLaughlin,307,4165,452,1017,0.444,181,485,0.373,128,172,0.744,93,336,429,822,235,32,196,214,1213,4.194,1.199,0.533,0.555
211,1628369,Jayson Tatum,585,20185,4789,10429,0.459,1546,4181,0.37,2660,3167,0.84,512,3781,4293,2243,639,384,1389,1232,13784,1.615,0.46,0.533,0.583
88,77142,Magic Johnson,906,33245,6211,11951,0.52,325,1074,0.303,4960,5850,0.848,1601,4958,6559,10141,1724,374,3506,2050,17707,2.892,0.492,0.533,0.61
907,1630578,Alperen Sengun,323,9367,2096,4049,0.518,125,453,0.276,1063,1519,0.7,930,1848,2778,1396,344,281,819,1013,5380,1.705,0.42,0.533,0.57
370,1627750,Jamal Murray,578,18289,3938,8592,0.458,1284,3318,0.387,1551,1781,0.871,423,1778,2201,2819,584,212,1185,1049,10711,2.379,0.493,0.533,0.571
2045,1629642,Nassir Little,237,3734,479,1060,0.452,172,521,0.33,183,249,0.735,162,526,688,170,73,93,123,310,1313,1.382,0.593,0.533,0.561
743,1629014,Anfernee Simons,435,11552,2298,5331,0.431,1087,2844,0.382,793,901,0.88,156,929,1085,1378,226,54,680,784,6476,2.026,0.332,0.533,0.565
2564,1642348,Justin Edwards,79,1670,232,532,0.436,103,292,0.353,49,65,0.754,63,139,202,110,68,24,71,152,616,1.549,0.958,0.533,0.549
1098,1800,Damon Jones,657,13461,1517,3730,0.407,941,2414,0.39,351,483,0.727,115,959,1074,1806,257,20,551,688,4326,3.278,0.466,0.533,0.549
228,203954,Joel Embiid,478,15199,4339,8670,0.5,561,1672,0.336,3940,4751,0.829,1067,4115,5182,1754,427,766,1626,1422,13179,1.079,0.263,0.533,0.612
737,203914,Gary Harris,653,17184,2404,5386,0.446,931,2510,0.371,795,981,0.81,361,1106,1467,1179,688,144,648,1108,6534,1.819,1.062,0.533,0.562
1649,101142,Ronny Turiaf,473,8020,856,1607,0.533,0,7,0,497,782,0.636,520,1237,1757,618,181,593,358,1116,2209,1.726,0.506,0.533,0.566
2744,241,Darrin Hancock,133,1398,196,370,0.53,2,6,0.333,73,126,0.579,58,111,169,89,56,10,97,157,467,0.918,0.577,0.532,0.549
2546,1630587,Isaiah Livers,118,2300,221,541,0.409,134,376,0.356,61,77,0.792,72,224,296,102,66,47,71,206,637,1.437,0.93,0.532,0.554
212,978,Peja Stojakovic,804,26966,4825,10719,0.45,1760,4392,0.401,2237,2500,0.895,747,3035,3782,1408,747,106,1090,1398,13647,1.292,0.685,0.532,0.577
1892,202130,Reggie Williams,206,3736,599,1313,0.456,199,545,0.365,201,268,0.75,105,388,493,301,88,13,142,241,1598,2.12,0.62,0.532,0.558
389,921,Brad Daugherty,548,20029,3823,7189,0.532,2,14,0.143,2741,3670,0.747,1207,4020,5227,2028,422,397,1511,1466,10389,1.342,0.279,0.532,0.59
1812,1630534,Ochai Agbaji,240,5231,681,1521,0.448,256,756,0.339,152,202,0.752,211,461,672,278,138,100,177,415,1770,1.571,0.78,0.532,0.55
1403,1627936,Alex Caruso,449,9869,1075,2450,0.439,456,1233,0.37,445,585,0.761,276,1016,1292,1246,602,225,511,900,3051,2.438,1.178,0.532,0.563
2554,1641796,Pelle Larsson,94,1699,225,487,0.462,68,207,0.329,111,155,0.716,58,149,207,192,52,16,63,165,629,3.048,0.825,0.532,0.566
1786,202337,Luke Babbitt,381,5332,650,1593,0.408,394,979,0.402,124,166,0.747,111,735,846,224,89,58,165,520,1818,1.358,0.539,0.532,0.546
834,1627752,Taurean Prince,590,14573,2059,4813,0.428,1000,2602,0.384,676,833,0.812,262,1842,2104,1013,481,226,808,1209,5794,1.254,0.595,0.532,0.559
1286,203459,Allen Crabbe,381,9125,1226,2888,0.425,617,1596,0.387,384,462,0.831,109,964,1073,434,223,104,285,764,3453,1.523,0.782,0.531,0.559
1430,1630200,Tre Jones,335,7464,1141,2300,0.496,162,517,0.313,509,605,0.841,206,733,939,1612,304,42,372,389,2953,4.333,0.817,0.531,0.575
1569,1627814,Damion Lee,315,6188,855,1973,0.433,386,1032,0.374,371,421,0.881,142,860,1002,421,195,28,248,477,2467,1.698,0.786,0.531,0.572
809,78195,Larry Smith,883,22879,2519,4743,0.531,0,7,0,866,1630,0.531,3401,4724,8125,941,699,457,1280,2966,5904,0.735,0.546,0.531,0.541
945,1630166,Deni Avdija,402,11174,1780,3838,0.464,516,1511,0.341,1079,1407,0.767,390,2156,2546,1299,322,185,767,1011,5155,1.694,0.42,0.531,0.578
1774,1631323,Simone Fontecchio,237,4387,638,1533,0.416,352,963,0.366,211,259,0.815,179,506,685,273,112,49,198,332,1839,1.379,0.566,0.531,0.558
3098,1630586,Usman Garuba,105,1227,106,227,0.467,29,80,0.363,35,56,0.625,144,253,397,82,55,43,55,165,276,1.491,1,0.531,0.548
2215,1631119,Jaylin Williams,198,3201,351,846,0.415,196,531,0.369,126,168,0.75,146,748,894,388,97,89,139,356,1024,2.791,0.698,0.531,0.557
127,202699,Tobias Harris,1000,31551,6128,12819,0.478,1350,3694,0.365,2407,2877,0.837,999,5107,6106,2367,795,546,1376,1984,16013,1.72,0.578,0.531,0.568
1209,203118,Mike Scott,555,9183,1434,3168,0.453,494,1365,0.362,374,494,0.757,378,1349,1727,499,183,74,357,822,3736,1.398,0.513,0.531,0.552
95,202696,Nikola Vučević,1017,31894,7442,14946,0.498,976,2783,0.351,1617,2094,0.772,2528,8052,10580,2985,851,873,1733,2445,17477,1.722,0.491,0.531,0.551
347,899,Mark Price,722,21557,3939,8345,0.472,976,2428,0.402,2135,2362,0.904,409,1439,1848,4863,860,76,1790,964,10989,2.717,0.48,0.53,0.586
139,204,Jeff Hornacek,1077,33961,5929,11957,0.496,828,2055,0.403,2973,3390,0.877,919,2727,3646,5281,1536,226,1971,2364,15659,2.679,0.779,0.53,0.582
1974,690,Don Reid,403,5373,583,1099,0.53,0,1,0,288,438,0.658,437,732,1169,143,182,282,253,1135,1454,0.565,0.719,0.53,0.563
1216,2592,James Jones,709,11098,1205,3003,0.401,776,1937,0.401,531,632,0.84,226,1050,1276,366,226,218,231,930,3717,1.584,0.978,0.53,0.566
28,951,Ray Allen,1300,46350,8567,18955,0.452,2973,7429,0.4,4398,4920,0.894,1230,4042,5272,4361,1451,244,2709,2858,24505,1.61,0.536,0.53,0.58
171,1628378,Donovan Mitchell,583,19748,5170,11439,0.452,1785,4853,0.368,2492,2966,0.84,472,2062,2534,2784,805,183,1583,1408,14617,1.759,0.509,0.53,0.573
125,203468,CJ McCollum,830,26563,6166,13616,0.453,2100,5300,0.396,1784,2238,0.797,536,2481,3017,3162,735,341,1497,1745,16216,2.112,0.491,0.53,0.555
610,1629636,Darius Garland,408,13484,2805,6195,0.453,956,2477,0.386,1105,1275,0.867,206,872,1078,2738,468,47,1200,751,7671,2.282,0.39,0.53,0.568
506,905,Dale Davis,1094,29606,3592,6779,0.53,0,8,0,1522,2708,0.562,3303,5302,8605,978,691,1270,1090,2878,8706,0.897,0.634,0.53,0.546
2263,2758,David Harrison,189,2687,374,706,0.53,0,0,0,201,383,0.525,184,365,549,47,64,185,216,538,949,0.218,0.296,0.53,0.543
1117,2570,Kendrick Perkins,782,17162,1705,3219,0.53,0,14,0,804,1353,0.594,1305,3227,4532,813,263,903,1233,2142,4214,0.659,0.213,0.53,0.552
678,1627763,Malcolm Brogdon,463,13481,2601,5621,0.463,752,1940,0.388,1123,1285,0.874,363,1554,1917,2156,370,108,789,846,7077,2.733,0.469,0.53,0.572
2015,1631222,Jake LaRavia,181,3803,468,1065,0.439,192,527,0.364,242,322,0.752,228,414,642,329,164,59,199,349,1370,1.653,0.824,0.53,0.568
396,1630162,Anthony Edwards,418,14562,3581,7931,0.452,1238,3358,0.369,1795,2237,0.802,305,1905,2210,1735,550,263,1201,841,10195,1.445,0.458,0.53,0.572
1547,1629004,Svi Mykhailiuk,370,6330,892,2168,0.411,512,1408,0.364,220,283,0.777,147,542,689,538,197,36,321,365,2516,1.676,0.614,0.53,0.549
1021,1630170,Devin Vassell,336,9447,1775,4017,0.442,703,1903,0.369,520,642,0.81,152,1122,1274,866,349,147,364,536,4773,2.379,0.959,0.529,0.555
393,77691,Calvin Natt,599,18818,4003,7580,0.528,16,73,0.219,2269,2954,0.768,1370,2700,4070,1306,525,191,1256,1386,10291,1.04,0.418,0.529,0.579
523,2203,Shane Battier,977,30004,2982,6819,0.437,1250,3254,0.384,1194,1606,0.743,1273,2809,4082,1717,988,906,878,2208,8408,1.956,1.125,0.529,0.559
2729,1628388,T.J. Leaf,146,1238,204,415,0.492,31,91,0.341,38,65,0.585,95,188,283,43,26,28,32,103,477,1.344,0.813,0.529,0.538
443,201588,George Hill,915,24500,3377,7393,0.457,1066,2808,0.38,1725,2141,0.806,533,2198,2731,2807,806,233,1091,1759,9545,2.573,0.739,0.529,0.573
535,1628991,Jaren Jackson Jr.,449,12925,2952,6314,0.468,774,2203,0.351,1632,2063,0.791,585,1913,2498,680,453,842,857,1645,8310,0.793,0.529,0.529,0.575
1847,1628966,Keita Bates-Diop,283,4567,634,1337,0.474,146,438,0.333,283,377,0.751,208,640,848,241,146,99,154,242,1697,1.565,0.948,0.529,0.565
1081,1626224,Cedi Osman,476,10817,1605,3711,0.432,714,1998,0.357,503,707,0.711,216,1195,1411,933,312,71,483,908,4427,1.932,0.646,0.529,0.55
631,1628970,Miles Bridges,470,14563,2796,6078,0.46,834,2460,0.339,1069,1293,0.827,516,2393,2909,1295,344,318,740,875,7495,1.75,0.465,0.529,0.564
720,23,Dennis Rodman,911,28842,2766,5310,0.521,82,355,0.231,1069,1832,0.584,4329,7625,11954,1600,611,531,1484,2843,6683,1.078,0.412,0.529,0.546
187,297,Alonzo Mourning,838,25977,5116,9701,0.527,22,89,0.247,4057,5862,0.692,2184,4953,7137,946,414,2356,2209,2810,14311,0.428,0.187,0.529,0.583
699,1629632,Coby White,447,13286,2432,5599,0.434,1052,2848,0.369,964,1124,0.858,165,1462,1627,1736,310,74,830,953,6880,2.092,0.373,0.528,0.565
188,203084,Harrison Barnes,1039,32327,5035,10972,0.459,1523,3976,0.383,2701,3329,0.811,1050,3827,4877,1838,705,185,1167,1520,14294,1.575,0.604,0.528,0.575
1065,183,Bison Dele,413,10004,1847,3499,0.528,2,14,0.143,840,1215,0.691,853,1711,2564,440,320,355,822,1297,4536,0.535,0.389,0.528,0.562
226,203114,Khris Middleton,807,24584,4804,10459,0.459,1437,3732,0.385,2169,2472,0.877,512,3313,3825,3168,929,160,1664,2034,13214,1.904,0.558,0.528,0.572
1223,202344,Trevor Booker,532,10872,1548,3003,0.515,75,246,0.305,508,799,0.636,1029,1903,2932,565,355,277,540,1063,3679,1.046,0.657,0.528,0.548
2306,1629139,Yuta Watanabe,213,2839,320,751,0.426,153,413,0.37,102,151,0.675,106,391,497,137,83,61,87,234,895,1.575,0.954,0.528,0.547
2350,1677,Harold Ellis,145,1923,312,592,0.527,1,21,0.048,215,329,0.653,177,114,291,89,159,18,111,252,840,0.802,1.432,0.528,0.57
874,77820,John Paxson,772,17257,2403,4812,0.499,273,770,0.355,481,598,0.804,167,739,906,2758,517,44,651,1430,5560,4.237,0.794,0.528,0.548
787,1629018,Gary Trent Jr.,456,12686,2148,5109,0.42,1096,2824,0.388,649,791,0.82,159,873,1032,662,506,77,309,710,6041,2.142,1.638,0.528,0.554
2078,1631107,Nikola Jović,143,2940,428,994,0.431,193,549,0.352,188,246,0.764,81,458,539,325,93,43,172,240,1237,1.89,0.541,0.528,0.561
879,2217,Brendan Haywood,816,18679,2110,3999,0.528,0,4,0,1318,2246,0.587,2081,2794,4875,442,320,1109,851,2043,5538,0.519,0.376,0.528,0.555
1563,201600,Omer Asik,471,9216,947,1795,0.528,0,1,0,585,1062,0.551,1036,2326,3362,280,167,339,542,928,2479,0.517,0.308,0.528,0.548
1106,203090,Maurice Harkless,621,14020,1686,3554,0.474,378,1182,0.32,509,816,0.624,658,1540,2198,572,583,399,521,1265,4259,1.098,1.119,0.528,0.544
440,203095,Evan Fournier,704,19515,3447,7823,0.441,1359,3631,0.374,1354,1694,0.799,277,1601,1878,1760,615,108,1083,1648,9607,1.625,0.568,0.527,0.561
2072,1641715,Cam Whitmore,119,2061,468,1039,0.45,160,459,0.349,153,215,0.712,99,290,389,97,76,38,110,133,1249,0.882,0.691,0.527,0.551
2509,203481,Jeff Withey,207,2072,249,474,0.525,2,14,0.143,166,232,0.716,181,337,518,64,56,156,76,229,666,0.842,0.737,0.527,0.578
2192,202332,Cole Aldrich,339,3389,435,825,0.527,0,0,0,180,244,0.738,334,797,1131,183,137,233,199,509,1050,0.92,0.688,0.527,0.563
1998,203920,Khem Birch,282,4825,537,1032,0.52,14,70,0.2,314,450,0.698,544,697,1241,274,136,154,153,460,1402,1.791,0.889,0.527,0.57
1690,1631170,Jaime Jaquez Jr.,183,4695,814,1660,0.49,122,394,0.31,352,455,0.774,222,574,796,559,171,43,302,331,2102,1.851,0.566,0.527,0.565
2233,1628410,Edmond Sumner,161,2256,356,758,0.47,87,255,0.341,198,244,0.811,51,193,244,182,91,34,133,242,997,1.368,0.684,0.527,0.576
2208,1627853,Ryan Arcidiacono,257,3938,358,851,0.421,181,491,0.369,134,166,0.807,53,399,452,487,122,7,135,359,1031,3.607,0.904,0.527,0.558
2059,1442,Zeljko Rebraca,215,3279,488,926,0.527,0,0,0,300,379,0.792,196,492,688,88,57,160,203,512,1276,0.433,0.281,0.527,0.584
99,203078,Bradley Beal,807,27681,6364,13712,0.464,1724,4588,0.376,2854,3475,0.821,691,2560,3251,3442,885,339,1947,1819,17306,1.768,0.455,0.527,0.568
1441,1630172,Patrick Williams,318,8241,1084,2430,0.446,393,997,0.394,351,461,0.761,275,970,1245,452,261,200,394,527,2912,1.147,0.662,0.527,0.553
902,1629631,De'Andre Hunter,368,10901,1885,4205,0.448,655,1794,0.365,978,1184,0.826,236,1276,1512,584,250,103,516,1001,5403,1.132,0.484,0.526,0.572
281,76385,Maurice Cheeks,1101,34845,4906,9374,0.523,52,204,0.255,2331,2938,0.793,713,2375,3088,7392,2310,294,2268,2258,12195,3.259,1.019,0.526,0.572
482,2571,Leandro Barbosa,850,18384,3403,7409,0.459,988,2556,0.387,1241,1511,0.821,319,1401,1720,1775,693,121,1061,1651,9035,1.673,0.653,0.526,0.56
1050,203458,Alex Len,690,11754,1780,3491,0.51,112,348,0.322,936,1380,0.678,1186,2438,3624,589,248,615,738,1615,4608,0.798,0.336,0.526,0.562
867,1629023,P.J. Washington,423,12937,2084,4649,0.448,722,2034,0.355,697,987,0.706,520,2000,2520,939,413,429,696,1050,5587,1.349,0.593,0.526,0.55
1045,36,Sarunas Marciulionis,363,8136,1571,3109,0.505,127,344,0.369,1362,1773,0.768,292,527,819,807,459,31,715,971,4631,1.129,0.642,0.526,0.595
1036,78467,Kermit Washington,507,12815,1778,3382,0.526,0,4,0,1110,1691,0.656,1522,2710,4232,695,403,550,629,1630,4666,0.862,0.482,0.526,0.565
806,15,Eric Piatkowski,789,14611,2044,4711,0.434,865,2168,0.399,966,1152,0.839,508,1208,1716,778,404,115,628,1152,5919,1.239,0.643,0.526,0.567
469,1887,Wally Szczerbiak,651,20058,3486,7193,0.485,590,1453,0.406,1633,1899,0.86,671,1931,2602,1532,388,160,970,1380,9195,1.579,0.4,0.526,0.573
2114,1627774,Jake Layman,243,3099,458,996,0.46,131,437,0.3,128,178,0.719,102,315,417,127,99,71,122,254,1175,1.041,0.811,0.526,0.547
2281,203518,Alex Abrines,174,2777,305,789,0.387,219,595,0.368,95,108,0.88,49,199,248,88,92,22,72,291,924,1.222,1.278,0.525,0.552
950,77395,Lewis Lloyd,388,9406,2172,4144,0.524,10,46,0.217,776,1006,0.771,488,704,1192,1138,365,133,820,833,5130,1.388,0.445,0.525,0.559
120,1460,James Worthy,926,30001,6878,13204,0.521,117,486,0.241,2447,3184,0.769,1561,3147,4708,2791,1041,624,1859,1975,16320,1.501,0.56,0.525,0.559
2157,77098,Mike Iuzzolino,122,3049,381,833,0.457,113,280,0.404,221,277,0.798,58,180,238,522,82,7,221,180,1096,2.362,0.371,0.525,0.574
1878,1628021,David Nwaba,237,4583,603,1231,0.49,87,272,0.32,329,489,0.673,236,630,866,246,177,106,163,447,1622,1.509,1.086,0.525,0.561
1092,203469,Cody Zeller,552,11511,1649,3172,0.52,33,150,0.22,1045,1438,0.727,1067,2058,3125,740,332,330,552,1359,4376,1.341,0.601,0.525,0.575
248,76362,Bill Cartwright,963,27491,4656,8868,0.525,0,2,0,3401,4412,0.771,1812,4294,6106,1390,460,668,1892,2833,12713,0.735,0.243,0.525,0.588
2160,1626155,Sam Dekker,201,3097,451,944,0.478,89,309,0.288,103,170,0.606,191,416,607,160,101,37,98,201,1094,1.633,1.031,0.525,0.537
452,181,Kenny Smith,737,22210,3527,7352,0.48,664,1665,0.399,1679,2026,0.829,281,1173,1454,4073,759,65,1649,1185,9397,2.47,0.46,0.525,0.57
403,204001,Kristaps Porziņģis,518,15819,3549,7696,0.461,981,2683,0.366,2051,2472,0.83,889,3086,3975,959,374,931,851,1549,10130,1.127,0.439,0.525,0.577
192,201152,Thaddeus Young,1172,33012,6143,12202,0.503,522,1593,0.328,1417,2143,0.661,2296,4318,6614,2135,1612,458,1641,2486,14225,1.301,0.982,0.525,0.541
1322,1630230,Naji Marshall,345,7747,1217,2581,0.472,275,908,0.303,603,767,0.786,270,1091,1361,813,281,59,422,532,3312,1.927,0.666,0.525,0.567
2305,201974,Derrick Brown,171,2554,354,687,0.515,13,41,0.317,174,273,0.637,167,246,413,119,89,32,109,208,895,1.092,0.817,0.525,0.554
1747,1630540,Miles McBride,271,5034,693,1686,0.411,383,1023,0.374,166,211,0.787,117,327,444,511,198,39,129,385,1935,3.961,1.535,0.525,0.544
465,2397,Yao Ming,486,15819,3380,6445,0.524,2,10,0.2,2485,2984,0.833,1233,3261,4494,769,189,920,1311,1596,9247,0.587,0.144,0.525,0.596
1743,1631106,Tari Eason,185,4239,765,1642,0.466,192,517,0.371,226,310,0.729,416,743,1159,234,255,131,227,424,1948,1.031,1.123,0.524,0.548
1527,203124,Kyle O'Quinn,472,6714,1085,2099,0.517,31,142,0.218,367,496,0.74,628,1538,2166,643,189,453,458,960,2568,1.404,0.413,0.524,0.554
1837,1627823,Juancho Hernangomez,339,5269,590,1379,0.428,266,777,0.342,265,392,0.676,268,863,1131,216,131,71,167,365,1711,1.293,0.784,0.524,0.551
828,77917,Clifford Ray,784,19940,2333,4450,0.524,0,2,0,1155,1963,0.588,1657,3630,6953,1728,501,638,532,2618,5821,0.974,0.368,0.524,0.548
474,2564,Boris Diaw,1064,28769,3805,7711,0.493,475,1413,0.336,1054,1470,0.717,1258,3376,4634,3684,648,510,1897,2269,9139,1.942,0.342,0.524,0.547
1583,203093,Terrence Jones,234,5563,985,1968,0.501,93,313,0.297,368,593,0.621,395,939,1334,238,146,270,219,392,2431,1.087,0.667,0.524,0.545
725,203496,Robert Covington,614,17333,2235,5469,0.409,1263,3493,0.362,904,1114,0.811,552,2833,3385,884,938,578,861,1738,6637,1.027,1.089,0.524,0.557
2337,203098,John Jenkins,171,2183,311,705,0.441,117,319,0.367,116,137,0.847,36,214,250,138,31,14,95,95,855,1.453,0.326,0.524,0.559
776,333,Kevin Gamble,649,14509,2562,5106,0.502,228,634,0.36,802,990,0.81,370,1087,1457,1300,470,176,587,1228,6154,2.215,0.801,0.524,0.555
1516,203141,Mirza Teletovic,324,5765,927,2285,0.406,541,1460,0.371,241,319,0.755,189,853,1042,273,104,82,255,552,2636,1.071,0.408,0.524,0.543
1899,1641709,Ausar Thompson,163,3963,658,1291,0.51,37,181,0.204,241,396,0.609,330,618,948,362,238,131,226,460,1594,1.602,1.053,0.524,0.544
1057,203476,Gorgui Dieng,628,12625,1736,3500,0.496,196,552,0.355,923,1167,0.791,1048,2486,3534,837,468,549,687,1339,4591,1.218,0.681,0.524,0.572
2658,1641763,Julian Phillips,150,1738,192,439,0.437,76,235,0.323,78,101,0.772,99,146,245,59,60,33,43,180,538,1.372,1.395,0.524,0.556
148,1740,Rashard Lewis,1049,33543,5644,12479,0.452,1787,4625,0.386,2504,3111,0.805,1418,4015,5433,1765,1115,541,1577,2430,15579,1.119,0.707,0.524,0.563
544,1629012,Collin Sexton,445,13027,2972,6303,0.472,660,1707,0.387,1610,1914,0.841,373,845,1218,1653,350,58,1036,987,8214,1.596,0.338,0.524,0.575
1462,201971,DeJuan Blair,424,7054,1242,2371,0.524,0,9,0,381,627,0.608,810,1343,2153,349,316,127,471,1003,2865,0.741,0.671,0.524,0.541
1031,468,Jon Barry,821,13880,1595,3672,0.434,657,1676,0.392,868,1023,0.848,318,1195,1513,1784,722,111,808,1016,4715,2.208,0.894,0.524,0.572
8,201935,James Harden,1194,41536,8489,19364,0.438,3306,9129,0.362,8496,9847,0.863,897,5783,6680,8665,1772,670,4418,2938,28780,1.961,0.401,0.524,0.607
654,783,Frank Brickowski,731,16279,2873,5538,0.519,55,170,0.324,1501,2028,0.74,1007,2403,3410,1384,644,285,1372,2298,7302,1.009,0.469,0.524,0.568
779,1630532,Franz Wagner,317,10252,2261,4761,0.475,463,1423,0.325,1144,1343,0.852,323,1244,1567,1160,324,109,608,721,6129,1.908,0.533,0.524,0.573
2495,203120,Justin Hamilton,113,1961,268,577,0.464,68,220,0.309,83,104,0.798,132,271,403,91,61,73,73,169,687,1.247,0.836,0.523,0.552
929,77438,Kyle Macy,551,14246,2175,4339,0.501,192,568,0.338,717,821,0.873,311,903,1214,2198,631,49,712,1081,5259,3.087,0.886,0.523,0.559
694,1628370,Malik Monk,562,12815,2496,5741,0.435,1017,2865,0.355,921,1085,0.849,204,1251,1455,1755,343,190,898,927,6930,1.954,0.382,0.523,0.557
1090,203953,Jabari Parker,310,8535,1767,3579,0.494,212,651,0.326,634,853,0.743,449,1254,1703,610,271,118,534,627,4380,1.142,0.507,0.523,0.554
193,201569,Eric Gordon,931,28959,4833,11235,0.43,2092,5616,0.373,2409,2976,0.809,339,1776,2115,2511,780,326,1679,1613,14167,1.496,0.465,0.523,0.565
1072,1515,Anthony Parker,494,13752,1661,3744,0.444,596,1474,0.404,560,705,0.794,241,1333,1574,1129,439,85,495,792,4478,2.281,0.887,0.523,0.552
1502,203107,Tomas Satoransky,388,8617,997,2132,0.468,237,670,0.354,445,543,0.82,312,805,1117,1586,309,60,513,658,2676,3.092,0.602,0.523,0.564
36,203081,Damian Lillard,900,32612,7266,16568,0.439,2804,7556,0.371,5262,5853,0.899,534,3311,3845,6069,874,267,2541,1708,22598,2.388,0.344,0.523,0.59
1663,100,Tim Legler,310,5253,762,1705,0.447,260,603,0.431,398,474,0.84,128,353,481,402,149,41,194,509,2182,2.072,0.768,0.523,0.57
572,201583,Ryan Anderson,649,16769,2755,6533,0.422,1325,3491,0.38,1166,1366,0.854,1247,2166,3413,586,332,217,606,1263,8001,0.967,0.548,0.523,0.561
2204,1641716,Jarace Walker,155,2631,367,866,0.424,172,445,0.387,129,175,0.737,58,435,493,242,106,53,167,223,1035,1.449,0.635,0.523,0.549
35,101108,Chris Paul,1370,45837,8165,17408,0.469,1870,5059,0.37,4858,5581,0.87,798,5208,6006,12552,2728,222,3109,3208,23058,4.037,0.877,0.523,0.58
939,77324,Mitch Kupchak,510,9905,2003,3832,0.523,0,4,0,1196,1698,0.704,963,1767,2730,377,164,176,682,1117,5202,0.462,0.208,0.523,0.568
985,77530,Mike McGee,520,9271,2087,4286,0.487,306,866,0.353,488,817,0.597,542,570,1112,629,371,49,630,1012,4968,0.998,0.589,0.523,0.535
1019,202335,Patrick Patterson,719,14923,1871,4185,0.447,630,1709,0.369,410,543,0.755,822,1977,2799,736,368,296,450,1116,4782,1.636,0.818,0.522,0.54
764,78014,Tree Rollins,1156,24028,2592,4963,0.522,0,7,0,1065,1522,0.7,2148,4602,6750,660,512,2542,1057,3377,6249,0.624,0.484,0.522,0.555
2636,1630699,MarJon Beauchamp,135,1465,204,474,0.43,87,246,0.354,61,85,0.718,71,187,258,77,38,15,87,139,556,0.885,0.437,0.522,0.544
2696,203648,Thanasis Antetokounmpo,213,1565,208,407,0.511,9,64,0.141,78,145,0.538,131,183,314,116,61,34,110,216,503,1.055,0.555,0.522,0.534
1540,2349,Victor Alexander,286,5755,1101,2126,0.518,18,63,0.286,322,508,0.634,446,938,1384,257,135,177,378,713,2542,0.68,0.357,0.522,0.541
2787,1631288,Jamal Cain,99,1127,153,340,0.45,49,149,0.329,84,113,0.743,64,123,187,49,48,16,42,111,439,1.167,1.143,0.522,0.563
1177,202703,Nikola Mirotic,319,7718,1303,3084,0.423,614,1712,0.359,690,854,0.808,301,1593,1894,407,240,228,381,666,3910,1.068,0.63,0.522,0.565
774,201961,Wayne Ellington,770,16100,2233,5441,0.41,1214,3175,0.382,510,605,0.843,238,1405,1643,852,412,66,508,884,6190,1.677,0.811,0.522,0.542
2282,1628390,Terrance Ferguson,204,4000,334,827,0.404,195,583,0.334,61,81,0.753,75,188,263,144,92,43,93,476,924,1.548,0.989,0.522,0.536
2235,1630215,Jared Butler,148,2047,377,837,0.45,119,349,0.341,117,143,0.818,40,177,217,417,93,29,168,207,990,2.482,0.554,0.522,0.55
1517,1629614,Andrew Nembhard,245,6836,1017,2210,0.46,271,795,0.341,325,406,0.8,122,539,661,1221,245,36,428,552,2630,2.853,0.572,0.521,0.551
994,1626168,Trey Lyles,650,11972,1772,4018,0.441,646,1864,0.347,745,1005,0.741,584,2242,2826,697,260,229,517,918,4935,1.348,0.503,0.521,0.553
1566,203526,Raul Neto,435,6765,935,2041,0.458,258,714,0.361,342,421,0.812,96,562,658,913,279,34,398,569,2470,2.294,0.701,0.521,0.555
707,2223,Samuel Dalembert,886,21646,2810,5393,0.521,1,12,0.083,1193,1689,0.706,2289,4653,6942,465,437,1546,1271,2601,6814,0.366,0.344,0.521,0.555
202,2430,Carlos Boozer,861,26906,5847,11221,0.521,1,14,0.071,2281,3158,0.722,2037,6155,8192,1928,765,346,1824,2612,13976,1.057,0.419,0.521,0.554
1562,85,Brent Price,418,7008,818,1918,0.426,363,938,0.387,482,585,0.824,175,509,684,1236,313,16,626,759,2481,1.974,0.5,0.521,0.57
525,201959,Taj Gibson,1002,23069,3478,6728,0.517,55,207,0.266,1386,1947,0.712,2133,3594,5727,946,530,964,1045,2425,8397,0.905,0.507,0.521,0.554
1335,672,Matt Bullard,615,8881,1215,2907,0.418,599,1561,0.384,241,314,0.768,278,945,1223,535,186,119,319,775,3270,1.677,0.583,0.521,0.537
1801,203922,Glenn Robinson III,304,5300,689,1508,0.457,193,518,0.373,233,299,0.779,204,572,776,238,149,58,155,281,1804,1.535,0.961,0.521,0.55
1910,1629670,Jordan Nwora,206,3359,580,1341,0.433,237,631,0.376,167,207,0.807,125,534,659,216,92,52,200,222,1564,1.08,0.46,0.521,0.546
1658,1630700,Dyson Daniels,242,6543,922,1921,0.48,157,523,0.3,195,317,0.615,323,856,1179,917,441,112,366,476,2196,2.505,1.205,0.521,0.533
771,78450,Bill Walton,468,13250,2552,4900,0.521,0,4,0,1111,1683,0.66,1103,3820,4923,1590,380,1034,865,1298,6215,1.108,0.273,0.521,0.551
2530,1630556,Kessler Edwards,178,2256,247,577,0.428,107,297,0.36,44,56,0.786,98,292,390,111,72,54,75,213,645,1.48,0.96,0.521,0.536
2594,202686,Jan Vesely,162,2455,263,505,0.521,0,2,0,64,157,0.408,225,337,562,96,107,84,123,384,590,0.78,0.87,0.521,0.514
2699,2499,Richie Frahm,140,1471,178,433,0.411,95,267,0.356,51,63,0.81,36,128,164,83,37,10,35,122,502,2.371,1.057,0.521,0.545
958,203967,Dario Šarić,498,11120,1827,4122,0.443,639,1774,0.36,825,985,0.838,679,1953,2632,942,278,97,723,988,5118,1.303,0.385,0.521,0.562
1024,202734,E'Twaun Moore,598,12564,1927,4236,0.455,556,1432,0.388,333,449,0.742,282,926,1208,1055,395,131,534,946,4743,1.976,0.74,0.521,0.535
705,202684,Tristan Thompson,819,20434,2758,5308,0.52,10,42,0.238,1296,2189,0.592,2509,3919,6428,800,378,526,868,1750,6822,0.922,0.435,0.521,0.544
1515,1630558,Davion Mitchell,341,7817,1045,2345,0.446,351,1001,0.351,197,285,0.691,119,517,636,1284,236,63,414,632,2638,3.101,0.57,0.52,0.534
64,202331,Paul George,934,31304,6543,14892,0.439,2414,6296,0.383,3613,4236,0.853,764,5057,5821,3464,1577,414,2466,2477,19113,1.405,0.639,0.52,0.57
2163,24,Keith Jennings,164,2955,353,809,0.436,136,364,0.374,248,291,0.852,44,204,248,614,164,2,201,213,1090,3.055,0.816,0.52,0.582
94,1626164,Devin Booker,714,24544,6093,13144,0.464,1494,4248,0.352,3815,4372,0.873,458,2425,2883,3777,614,202,2171,2080,17495,1.74,0.283,0.52,0.581
689,1739,Ruben Patterson,649,15955,2678,5180,0.517,35,196,0.179,1562,2436,0.641,1280,1417,2697,1150,751,249,1166,1418,6953,0.986,0.644,0.52,0.556
1573,1641706,Brandon Miller,131,4208,887,2066,0.429,376,1023,0.368,308,365,0.844,116,466,582,377,126,89,287,339,2458,1.314,0.439,0.52,0.552
333,202083,Wesley Matthews,986,28579,3822,9123,0.419,1845,4914,0.375,1721,2090,0.823,498,2259,2757,1843,925,204,1071,1999,11210,1.721,0.864,0.52,0.558
2132,1032,Darvin Ham,417,5173,443,856,0.518,4,16,0.25,249,504,0.494,472,491,963,229,136,154,308,766,1139,0.744,0.442,0.52,0.528
1175,201973,Jonas Jerebko,635,11323,1465,3203,0.457,400,1101,0.363,589,765,0.77,763,1759,2522,525,321,153,438,1225,3919,1.199,0.733,0.52,0.554
1173,930,Kenny Gattison,494,9927,1536,2956,0.52,1,12,0.083,850,1309,0.649,744,1583,2327,444,290,327,602,1419,3923,0.738,0.482,0.52,0.555
1041,201956,Omri Casspi,588,11961,1718,3781,0.454,493,1339,0.368,713,1052,0.678,473,1882,2355,662,362,134,595,917,4642,1.113,0.608,0.52,0.547
199,1938,Manu Ginobili,1057,26857,4584,10262,0.447,1495,4055,0.369,3380,4089,0.827,685,3012,3697,4001,1392,319,2116,2212,14043,1.891,0.658,0.52,0.582
307,203501,Tim Hardaway Jr.,859,23516,4067,9727,0.418,1972,5434,0.363,1677,2047,0.819,266,2183,2449,1551,517,115,821,1366,11783,1.889,0.63,0.519,0.554
2007,203460,Andre Roberson,307,6801,573,1211,0.473,112,443,0.253,124,265,0.468,362,868,1230,265,268,199,185,658,1382,1.432,1.449,0.519,0.52
293,76017,Danny Ainge,1042,27755,4643,9905,0.469,1002,2651,0.378,1676,1980,0.846,695,2073,2768,4199,1133,132,1566,2549,11964,2.681,0.723,0.519,0.555
595,101112,Channing Frye,890,19772,2931,6655,0.44,1049,2706,0.388,875,1064,0.822,767,3235,4002,864,457,540,787,2255,7786,1.098,0.581,0.519,0.547
923,1630193,Immanuel Quickley,369,9758,1770,4176,0.424,796,2129,0.374,976,1145,0.852,172,1123,1295,1481,292,48,491,717,5312,3.016,0.595,0.519,0.568
2416,240,Brooks Thompson,168,1715,278,679,0.409,149,396,0.376,55,85,0.647,30,128,158,281,87,5,154,229,760,1.825,0.565,0.519,0.53
2999,1631132,Christian Koloko,111,1385,135,262,0.515,2,18,0.111,48,77,0.623,139,175,314,58,40,92,42,202,320,1.381,0.952,0.519,0.541
2355,77053,Dave Hoppen,169,2401,326,629,0.518,1,5,0.2,184,245,0.751,220,427,647,100,43,29,138,389,837,0.725,0.312,0.519,0.568
2382,201274,Ivan Johnson,125,1969,326,631,0.517,3,19,0.158,153,231,0.662,141,351,492,78,99,32,140,247,808,0.557,0.707,0.519,0.551
53,77264,Bernard King,874,29417,7830,15109,0.518,23,134,0.172,3972,5444,0.73,1704,3356,5060,2863,866,230,2791,2885,19655,1.026,0.31,0.519,0.561
2804,1629678,Admiral Schofield,131,1372,154,369,0.417,75,230,0.326,43,55,0.782,50,165,215,78,21,14,49,178,426,1.592,0.429,0.519,0.542
1234,77289,Toby Knight,283,7331,1602,3087,0.519,0,2,0,436,589,0.74,556,888,1444,335,242,185,444,896,3640,0.755,0.545,0.519,0.544
1664,101235,Kelenna Azubuike,208,5025,802,1748,0.459,210,514,0.409,364,473,0.77,257,572,829,230,130,103,203,408,2178,1.133,0.64,0.519,0.557
45,764,David Robinson,987,34273,7365,14221,0.518,25,100,0.25,6035,8201,0.736,3083,7414,10497,2441,1388,2954,2417,2835,20790,1.01,0.574,0.519,0.583
207,77160,Marques Johnson,691,23694,5733,11065,0.518,14,92,0.152,2412,3265,0.739,1825,2992,4817,2502,888,525,1627,1766,13892,1.538,0.546,0.519,0.556
1497,1628997,Caleb Martin,350,8032,1008,2257,0.447,325,916,0.355,374,513,0.729,343,943,1286,563,295,141,335,613,2715,1.681,0.881,0.519,0.547
112,201950,Jrue Holiday,1057,34727,6545,14184,0.461,1620,4389,0.369,2008,2550,0.787,1024,3409,4433,6576,1500,538,2721,2228,16718,2.417,0.551,0.519,0.546
180,765,Hersey Hawkins,983,32037,4889,10612,0.461,1226,3108,0.394,3466,3985,0.87,825,2729,3554,2860,1622,302,1828,2043,14470,1.565,0.887,0.518,0.585
2408,1642346,Ryan Dunn,114,2230,309,706,0.438,114,365,0.312,37,65,0.569,158,286,444,123,83,58,79,253,769,1.557,1.051,0.518,0.523
905,1626145,Tyus Jones,726,15133,2084,4716,0.442,720,1932,0.373,497,604,0.823,199,1226,1425,3126,700,68,568,545,5385,5.504,1.232,0.518,0.54
312,87,Dikembe Mutombo,1196,36795,4169,8045,0.518,0,2,0,3391,4960,0.684,3808,8551,12359,1240,494,3289,2173,3383,11729,0.571,0.227,0.518,0.573
2307,200764,Renaldo Balkman,221,3064,368,721,0.51,11,64,0.172,147,271,0.542,278,491,769,132,164,104,134,421,894,0.985,1.224,0.518,0.532
431,1628398,Kyle Kuzma,584,17989,3707,8204,0.452,1085,3252,0.334,1251,1734,0.721,587,3029,3616,1546,332,302,1239,1215,9750,1.248,0.268,0.518,0.544
1298,201593,Nikola Pekovic,271,6744,1314,2537,0.518,0,0,0,777,1023,0.76,803,1004,1807,199,140,151,414,632,3405,0.481,0.338,0.518,0.57
2257,390,Sasha Danilovic,75,2331,331,754,0.439,119,314,0.379,176,223,0.789,41,141,182,149,69,12,153,209,957,0.974,0.451,0.518,0.562
145,345,Terry Porter,1274,35355,5428,11734,0.463,1297,3360,0.386,3433,4107,0.836,715,3157,3872,7160,1583,181,2666,2203,15586,2.686,0.594,0.518,0.576
1247,1631101,Shaedon Sharpe,228,6424,1341,2978,0.45,402,1207,0.333,508,651,0.78,221,703,924,503,195,58,440,436,3592,1.143,0.443,0.518,0.55
2,252,Karl Malone,1476,54852,13528,26210,0.516,85,310,0.274,9787,13188,0.742,3562,11406,14968,5248,2085,1145,4524,4578,36928,1.16,0.461,0.518,0.577
178,201933,Blake Griffin,765,24384,5419,10988,0.493,538,1639,0.328,3137,4508,0.696,1487,4622,6109,3055,626,359,1732,2058,14513,1.764,0.361,0.518,0.559
1342,201575,Brandon Rush,481,10564,1220,2861,0.426,522,1300,0.402,288,408,0.706,187,1226,1413,468,222,262,400,620,3250,1.17,0.555,0.518,0.534
629,203109,Jae Crowder,812,20161,2590,6194,0.418,1232,3546,0.347,1103,1420,0.777,558,2833,3391,1281,789,269,674,1633,7515,1.901,1.171,0.518,0.551
602,201584,Courtney Lee,811,21939,2961,6567,0.451,876,2259,0.388,967,1134,0.853,364,1763,2127,1353,809,213,762,1339,7765,1.776,1.062,0.518,0.549
1797,200081,Jamario Moon,286,6451,723,1568,0.461,177,538,0.329,184,229,0.803,201,1026,1227,291,229,236,147,424,1807,1.98,1.558,0.518,0.541
507,76,Cedric Ceballos,609,14715,3414,6824,0.5,235,760,0.309,1630,2165,0.753,1252,2006,3258,723,450,183,991,1074,8693,0.73,0.454,0.518,0.559
1124,1629638,Nickeil Alexander-Walker,427,9458,1497,3572,0.419,703,1928,0.365,495,634,0.781,190,920,1110,1042,308,179,541,714,4192,1.926,0.569,0.517,0.544
2401,1629066,Rodions Kurucs,131,2103,292,658,0.444,97,295,0.329,99,134,0.739,86,320,406,113,75,34,136,252,780,0.831,0.551,0.517,0.544
2326,78233,Larry Spriggs,169,2202,341,659,0.517,0,6,0,191,254,0.752,125,259,384,218,80,28,209,338,873,1.043,0.383,0.517,0.566
284,1628368,De'Aaron Fox,568,18865,4485,9533,0.47,895,2689,0.333,2283,3052,0.748,355,1879,2234,3483,802,231,1541,1470,12148,2.26,0.52,0.517,0.558
659,423,Chris Gatling,700,13759,2804,5469,0.513,50,201,0.249,1574,2386,0.66,1248,2493,3741,461,464,375,1069,1870,7232,0.431,0.434,0.517,0.555
381,203484,Kentavious Caldwell-Pope,955,27936,3750,8782,0.427,1584,4335,0.365,1443,1747,0.826,540,2274,2814,1775,1091,273,974,1730,10527,1.822,1.12,0.517,0.551
983,201975,Jodie Meeks,539,12110,1665,3969,0.42,775,2078,0.373,883,1004,0.879,148,972,1120,583,413,36,410,632,4988,1.422,1.007,0.517,0.565
881,201976,Patrick Beverley,666,17690,1929,4671,0.413,973,2623,0.371,689,906,0.76,685,2044,2729,2245,708,343,792,1947,5520,2.835,0.894,0.517,0.544
1495,1630173,Precious Achiuwa,361,7253,1111,2280,0.487,136,446,0.305,368,616,0.597,688,1352,2040,361,214,231,341,635,2726,1.059,0.628,0.517,0.534
1300,2574,Jason Kapono,509,9071,1336,3026,0.442,457,1054,0.434,269,322,0.835,165,679,844,417,180,25,327,777,3398,1.275,0.55,0.517,0.536
2788,200792,Alexander Johnson,102,1302,152,294,0.517,0,0,0,135,201,0.672,82,193,275,30,38,45,89,217,439,0.337,0.427,0.517,0.574
1988,1628425,Sterling Brown,268,4458,531,1267,0.419,248,683,0.363,121,152,0.796,154,737,891,268,140,47,177,379,1431,1.514,0.791,0.517,0.536
494,201954,Darren Collison,711,20833,3272,6944,0.471,635,1613,0.394,1682,1973,0.853,332,1557,1889,3545,821,106,1383,1212,8861,2.563,0.594,0.517,0.567
68,1891,Jason Terry,1410,42034,6914,15585,0.444,2282,6010,0.38,2771,3278,0.845,502,2772,3274,5415,1603,275,2415,2577,18881,2.242,0.664,0.517,0.554
858,717,Arvydas Sabonis,470,11374,2082,4160,0.5,136,415,0.328,1329,1690,0.786,734,2702,3436,964,370,494,837,1290,5629,1.152,0.442,0.517,0.574
258,201609,Goran Dragic,946,25604,4605,10029,0.459,1150,3181,0.362,2208,2883,0.766,643,2173,2816,4405,876,167,2064,2119,12568,2.134,0.424,0.517,0.556
55,1453,Walter Davis,1033,28859,8118,15871,0.511,157,577,0.272,3128,3676,0.851,889,2164,3053,3878,1280,133,2541,2454,19521,1.526,0.504,0.516,0.558
1087,1628971,Bruce Brown,504,12519,1717,3619,0.474,304,908,0.335,652,848,0.769,532,1593,2125,1221,465,236,553,1183,4390,2.208,0.841,0.516,0.55
1954,76412,Ben Coleman,227,3612,583,1129,0.516,0,5,0,328,432,0.759,305,623,928,128,94,99,302,613,1494,0.424,0.311,0.516,0.566
2229,203142,Chris Copeland,171,2111,366,858,0.427,154,422,0.365,112,149,0.752,65,207,272,107,32,30,129,237,998,0.829,0.248,0.516,0.54
1399,78386,Mel Turpin,361,6871,1297,2513,0.516,1,9,0.111,476,613,0.777,575,1080,1655,183,155,348,431,853,3071,0.425,0.36,0.516,0.552
1174,78143,John Shumate,318,9201,1393,2698,0.516,0,1,0,1134,1576,0.72,605,1783,2388,574,323,224,365,731,3920,0.789,0.414,0.516,0.578
812,77377,Cliff Levingston,830,16962,2333,4524,0.516,5,33,0.152,1217,1800,0.676,1772,2535,4307,752,534,593,829,2299,5888,0.907,0.644,0.516,0.554
2392,1642263,Reed Sheppard,96,1743,293,720,0.407,157,417,0.376,53,68,0.779,30,158,188,210,96,40,90,139,796,2.333,1.067,0.516,0.531
315,201568,Danilo Gallinari,777,22410,3537,8266,0.428,1456,3825,0.381,3077,3511,0.876,521,3097,3618,1469,551,268,908,1355,11607,1.618,0.607,0.516,0.592
2284,771,Elmore Spencer,157,2641,389,754,0.516,0,3,0,145,250,0.58,127,428,555,109,53,170,249,336,923,0.438,0.213,0.516,0.534
42,76144,Walt Bellamy,1043,38940,7914,15340,0.516,,,,5113,8088,0.632,264,481,14241,2544,52,48,,3536,20941,,,0.516,0.554
1629,1628977,Hamidou Diallo,265,4918,908,1834,0.495,76,277,0.274,380,610,0.623,269,740,1009,283,225,76,280,580,2272,1.011,0.804,0.516,0.54
852,1711,Raef LaFrentz,563,14549,2227,4781,0.466,478,1315,0.363,758,1066,0.711,994,2429,3423,606,276,919,511,1863,5690,1.186,0.54,0.516,0.542
974,203463,Ben McLemore,556,12534,1768,4270,0.414,868,2392,0.363,611,783,0.78,222,1047,1269,563,353,106,608,1175,5015,0.926,0.581,0.516,0.543
1207,781,Will Perdue,792,12361,1517,2943,0.515,1,15,0.067,705,1222,0.577,1420,2498,3918,595,226,527,813,1589,3740,0.732,0.278,0.516,0.537
801,77034,Craig Hodges,695,15077,2363,5130,0.461,563,1408,0.4,651,786,0.828,306,631,937,1769,553,26,815,1368,5940,2.171,0.679,0.515,0.542
1468,101129,Luther Head,348,7797,1025,2426,0.423,451,1162,0.388,341,441,0.773,110,735,845,747,254,43,437,510,2842,1.709,0.581,0.515,0.542
1632,1628975,Jevon Carter,434,6514,818,2073,0.395,501,1315,0.381,121,149,0.812,129,579,708,669,254,99,250,524,2258,2.676,1.016,0.515,0.528
2311,1628385,Harry Giles III,165,1935,379,746,0.508,11,45,0.244,119,180,0.661,152,421,573,180,63,56,143,338,888,1.259,0.441,0.515,0.538
2728,1630639,A.J. Lawson,94,1012,172,396,0.434,64,198,0.323,69,103,0.67,47,132,179,56,29,12,36,92,477,1.556,0.806,0.515,0.54
977,203937,Kyle Anderson,732,15685,1964,4098,0.479,294,862,0.341,788,1105,0.713,569,2558,3127,2029,721,450,730,1147,5010,2.779,0.988,0.515,0.546
2960,1641740,Jaylen Clark,84,1146,118,267,0.442,39,112,0.348,64,90,0.711,66,73,139,54,70,9,23,124,339,2.348,3.043,0.515,0.553
1862,1630702,Jaden Hardy,209,2985,593,1407,0.421,263,693,0.38,212,276,0.768,51,300,351,280,74,18,216,273,1661,1.296,0.343,0.515,0.543
641,203994,Jusuf Nurkić,626,15299,2903,5785,0.502,151,514,0.294,1438,2174,0.661,1569,4018,5587,1647,584,664,1347,1976,7395,1.223,0.434,0.515,0.548
1977,77697,Ed Nealy,540,6792,553,1111,0.498,38,130,0.292,307,449,0.684,585,1214,1799,392,256,51,226,893,1451,1.735,1.133,0.515,0.554
1594,202720,Jon Leuer,377,5945,979,2023,0.484,125,381,0.328,312,407,0.767,357,1069,1426,301,137,102,259,583,2395,1.162,0.529,0.515,0.544
971,101110,Martell Webster,580,13914,1696,4062,0.418,790,2067,0.382,874,1105,0.791,352,1459,1811,588,299,160,536,1055,5056,1.097,0.558,0.515,0.556
1958,200796,Leon Powe,239,3320,490,952,0.515,0,5,0,504,739,0.682,380,531,911,78,69,82,189,503,1484,0.413,0.365,0.515,0.581
538,262,Michael Cage,1140,29710,3317,6445,0.515,0,25,0,1644,2476,0.664,3227,5419,8646,1057,1050,725,1161,2581,8278,0.91,0.904,0.515,0.549
1827,202361,Landry Fields,255,6010,684,1446,0.473,120,361,0.332,243,365,0.666,248,844,1092,419,212,45,270,310,1731,1.552,0.785,0.515,0.539
1708,203138,Hollis Thompson,265,6424,742,1795,0.413,363,941,0.386,203,287,0.707,199,630,829,292,166,68,213,541,2050,1.371,0.779,0.514,0.533
1432,697,Fred Hoiberg,541,9975,959,2227,0.431,373,941,0.396,653,765,0.854,143,1295,1438,846,428,59,292,783,2944,2.897,1.466,0.514,0.574
39,1449,Larry Bird,897,34443,8591,17334,0.496,649,1727,0.376,3960,4471,0.886,1757,7217,8974,5695,1556,755,2816,2279,21791,2.022,0.553,0.514,0.564
409,203924,Jerami Grant,751,20988,3391,7577,0.448,1012,2780,0.364,2236,2947,0.759,637,2307,2944,1229,507,771,980,1729,10030,1.254,0.517,0.514,0.565
61,600005,Bob Lanier,959,32103,7761,15092,0.514,2,13,0.154,3724,4858,0.767,1843,4853,9698,3007,777,1100,1112,3048,19248,1.105,0.398,0.514,0.559
1181,77273,Reggie King,438,11345,1512,2940,0.514,0,3,0,874,1251,0.699,850,1857,2707,691,365,147,653,1005,3898,1.058,0.559,0.514,0.558
2611,1642272,Jared McCain,56,1158,207,490,0.422,90,240,0.375,71,81,0.877,17,109,126,114,37,2,63,75,575,1.81,0.587,0.514,0.547
524,202328,Greg Monroe,646,17670,3371,6556,0.514,1,17,0.059,1659,2361,0.703,1799,3494,5293,1376,680,373,1198,1435,8402,1.149,0.568,0.514,0.553
174,203944,Julius Randle,757,24309,5257,11121,0.473,923,2765,0.334,3124,4122,0.758,1484,5335,6819,2963,539,294,2117,2280,14561,1.4,0.255,0.514,0.563
685,1952,Raja Bell,706,19814,2581,5949,0.434,956,2357,0.406,880,1101,0.799,408,1560,1968,1208,484,130,695,1840,6998,1.738,0.696,0.514,0.544
1046,2554,Mickael Pietrus,557,11946,1625,3821,0.425,679,1910,0.355,700,1053,0.665,440,1283,1723,445,371,230,576,1270,4629,0.773,0.644,0.514,0.54
157,2,Byron Scott,1073,30152,5918,12268,0.482,775,2093,0.37,2486,2985,0.833,677,2310,2987,2729,1224,276,1597,2051,15097,1.709,0.766,0.514,0.556
548,201167,Arron Afflalo,762,20829,2983,6633,0.45,852,2205,0.386,1380,1673,0.825,334,1842,2176,1386,341,141,852,1481,8198,1.627,0.4,0.514,0.556
343,2399,Mike Dunleavy,986,27339,3935,8926,0.441,1304,3460,0.377,1874,2333,0.803,698,3513,4211,2185,719,324,1369,1986,11048,1.596,0.525,0.514,0.555
2628,1631172,Ousmane Dieng,133,1621,215,504,0.427,88,283,0.311,46,61,0.754,55,223,278,140,40,26,69,119,564,2.029,0.58,0.514,0.531
373,1627742,Brandon Ingram,541,17882,3896,8330,0.468,768,2119,0.362,2087,2638,0.791,401,2438,2839,2304,394,316,1390,1286,10647,1.658,0.283,0.514,0.561
1921,777,Rex Walters,335,4603,572,1296,0.441,187,518,0.361,216,267,0.809,81,322,403,569,129,30,291,439,1547,1.955,0.443,0.514,0.547
214,78615,Orlando Woolridge,851,24041,5150,10037,0.513,8,88,0.091,3315,4501,0.737,1361,2335,3696,1609,553,569,1747,2166,13623,0.921,0.317,0.514,0.567
1133,78146,Jerry Sichting,598,12732,1789,3531,0.507,48,177,0.271,515,601,0.857,196,621,817,1962,439,19,657,940,4141,2.986,0.668,0.513,0.546
1445,1629003,Shake Milton,359,6698,1076,2386,0.451,298,833,0.358,449,545,0.824,171,612,783,856,164,73,365,594,2899,2.345,0.449,0.513,0.552
2214,76050,Michael Ansley,149,2143,383,746,0.513,0,0,0,260,360,0.722,311,310,621,67,51,24,85,284,1026,0.788,0.6,0.513,0.567
46,76804,George Gervin,791,26536,8045,15747,0.511,77,259,0.297,4541,5383,0.844,1186,2421,3607,2214,941,670,2137,2331,20708,0.925,0.391,0.513,0.572
1870,203112,Quincy Acy,337,5392,583,1314,0.444,183,523,0.35,293,386,0.759,309,870,1179,217,140,135,219,665,1642,0.991,0.639,0.513,0.553
619,2440,Matt Barnes,929,21965,2788,6388,0.436,982,2931,0.335,1031,1384,0.745,1066,3215,4281,1691,714,444,1172,2353,7589,1.443,0.609,0.513,0.542
1606,2041,Etan Thomas,409,7086,890,1734,0.513,0,0,0,561,930,0.603,677,1250,1927,149,128,427,385,889,2341,0.387,0.332,0.513,0.546
1612,201177,Josh McRoberts,433,8271,914,1972,0.463,196,576,0.34,309,438,0.705,468,1218,1686,901,222,194,381,817,2333,2.365,0.583,0.513,0.539
176,200794,Paul Millsap,1085,30499,5455,11158,0.489,541,1588,0.341,3085,4190,0.736,2343,5330,7673,2378,1327,1045,1829,3248,14536,1.3,0.726,0.513,0.559
274,330,Danny Manning,883,24207,5026,9835,0.511,41,199,0.206,2274,3120,0.729,1523,3092,4615,2063,1000,752,1853,2895,12367,1.113,0.54,0.513,0.552
2463,203105,Festus Ezeli,170,2394,275,536,0.513,0,0,0,162,291,0.557,292,433,725,63,48,166,133,328,712,0.474,0.361,0.513,0.536
43,2200,Pau Gasol,1226,41001,7980,15729,0.507,179,486,0.368,4755,6311,0.753,3085,8220,11305,3925,606,1941,2638,2632,20894,1.488,0.23,0.513,0.565
651,769,B.J. Armstrong,747,17790,2850,5981,0.477,436,1026,0.425,1184,1383,0.856,192,1129,1321,2479,533,47,889,1128,7320,2.789,0.6,0.513,0.555
2682,292,Anthony Miller,181,1637,197,386,0.51,2,8,0.25,114,198,0.576,185,303,488,66,58,26,90,244,510,0.733,0.644,0.513,0.539
2184,201202,Joel Anthony,490,7056,398,776,0.513,0,0,0,268,405,0.662,562,791,1353,99,127,531,227,819,1064,0.436,0.559,0.513,0.558
135,96,Detlef Schrempf,1136,33609,5400,10995,0.491,475,1236,0.384,4486,5585,0.803,1871,5152,7023,3833,856,312,2268,3360,15761,1.69,0.377,0.513,0.586
13,165,Hakeem Olajuwon,1238,44218,10749,20991,0.512,25,124,0.202,5423,7621,0.712,4034,9714,13748,3058,2162,3830,3667,4383,26946,0.834,0.59,0.513,0.553
889,203200,Justin Holiday,680,15717,1910,4779,0.4,1080,2962,0.365,544,666,0.817,235,1591,1826,968,614,283,544,1092,5444,1.779,1.129,0.513,0.537
1785,203585,Rodney McGruder,317,6158,681,1622,0.42,301,836,0.36,162,241,0.672,253,632,885,381,161,50,190,459,1825,2.005,0.847,0.513,0.528
567,203082,Terrence Ross,733,17956,2940,7032,0.418,1329,3673,0.362,838,1001,0.837,256,1805,2061,936,587,231,700,1230,8047,1.337,0.839,0.513,0.538
2051,1630526,Jeremiah Robinson-Earl,219,3835,484,1114,0.434,174,520,0.335,150,185,0.811,315,633,948,216,111,38,137,275,1292,1.577,0.81,0.513,0.54
1718,1630538,Bones Hyland,224,3705,694,1713,0.405,368,1013,0.363,260,315,0.825,51,408,459,586,144,52,265,390,2016,2.211,0.543,0.513,0.544
1773,203546,Ian Clark,330,4506,718,1635,0.439,240,705,0.34,164,204,0.804,65,375,440,385,128,44,236,394,1840,1.631,0.542,0.513,0.533
253,209,Dell Curry,1083,23551,5090,11146,0.457,1245,3098,0.402,1245,1476,0.843,599,2018,2617,1909,985,238,1299,1795,12670,1.47,0.758,0.513,0.537
825,201949,James Johnson,786,15561,2311,4881,0.473,381,1271,0.3,827,1220,0.678,605,2111,2716,1610,581,655,1048,1749,5830,1.536,0.554,0.512,0.538
1063,1630581,Josh Giddey,313,9257,1807,3895,0.464,378,1126,0.336,571,746,0.765,523,1865,2388,1995,273,151,869,518,4563,2.296,0.314,0.512,0.54
758,175,Alton Lister,953,18964,2514,4907,0.512,1,9,0.111,1269,2126,0.597,1844,4152,5996,914,351,1473,1450,3179,6298,0.63,0.242,0.512,0.539
1062,76895,Bob Gross,513,12575,1857,3629,0.512,5,28,0.179,848,1062,0.798,940,1313,2253,1481,615,361,729,1484,4567,1.476,0.572,0.512,0.557
819,200782,P.J. Tucker,886,24993,2131,5018,0.425,880,2404,0.366,721,961,0.75,1304,3474,4778,1225,943,263,816,2152,5863,1.501,1.156,0.512,0.539
6,1717,Dirk Nowitzki,1522,51367,11169,23734,0.471,1982,5210,0.38,7240,8239,0.879,1468,10021,11489,3651,1210,1281,2494,3601,31560,1.464,0.485,0.512,0.577
203,2738,Andre Iguodala,1231,39509,5028,10870,0.463,1081,3278,0.33,2831,3994,0.709,1118,4929,6047,5147,1765,633,2240,2180,13968,2.298,0.788,0.512,0.553
339,1626156,D'Angelo Russell,655,19240,4002,9383,0.427,1609,4433,0.363,1519,1915,0.793,310,1867,2177,3690,678,209,1695,1231,11132,2.177,0.4,0.512,0.544
119,200768,Kyle Lowry,1179,36726,5252,12408,0.423,2207,6005,0.368,3651,4478,0.815,892,4072,4964,7106,1500,351,2630,3164,16362,2.702,0.57,0.512,0.569
252,202330,Gordon Hayward,835,25654,4425,9725,0.455,1111,3002,0.37,2726,3317,0.822,629,3069,3698,2940,808,321,1597,1420,12687,1.841,0.506,0.512,0.567
414,202694,Marcus Morris Sr.,832,22093,3648,8393,0.435,1300,3447,0.377,1369,1768,0.774,701,2989,3690,1235,545,238,942,1758,9965,1.311,0.579,0.512,0.543
635,78351,Andrew Toney,468,12608,2859,5718,0.5,138,403,0.342,1602,2010,0.797,235,774,1009,1965,369,105,1394,1341,7458,1.41,0.265,0.512,0.565
2243,77558,Mark McNamara,278,2707,362,707,0.512,0,0,0,256,467,0.548,345,482,827,77,35,39,223,374,980,0.345,0.157,0.512,0.537
642,2731,Emeka Okafor,616,19053,3004,5867,0.512,0,2,0,1362,2325,0.586,1954,4013,5967,520,414,1003,984,1696,7370,0.528,0.421,0.512,0.535
1725,1125,Larry Stewart,270,5414,765,1503,0.509,9,44,0.205,466,619,0.753,444,633,1077,338,147,106,346,580,2005,0.977,0.425,0.512,0.565
1665,1074,Matt Maloney,295,7471,783,1920,0.408,399,1073,0.372,212,266,0.797,62,438,500,852,240,14,381,376,2177,2.236,0.63,0.512,0.534
1382,200789,Daniel Gibson,397,9316,1065,2646,0.402,578,1419,0.407,407,522,0.78,142,650,792,775,243,86,373,811,3115,2.078,0.651,0.512,0.542
765,78375,Trent Tucker,756,15671,2594,5632,0.461,575,1410,0.408,473,627,0.754,512,1008,1520,1532,679,88,593,1594,6236,2.583,1.145,0.512,0.528
1637,1627788,Furkan Korkmaz,328,5447,778,1917,0.406,405,1138,0.356,283,372,0.761,85,561,646,391,178,43,214,329,2244,1.827,0.832,0.511,0.539
890,77582,Joe Meriweather,669,14807,2170,4244,0.511,1,3,0.333,1098,1598,0.687,1285,2479,3764,603,311,810,737,2253,5439,0.596,0.318,0.511,0.55
1153,78296,Brian Taylor,330,10262,1606,3295,0.487,157,417,0.376,695,865,0.803,291,506,797,1476,606,82,428,931,4064,2.701,0.951,0.511,0.553
2073,78555,Kenny Williams,260,2918,547,1070,0.511,0,14,0,153,225,0.68,315,378,693,161,76,166,136,366,1247,1.184,0.559,0.511,0.533
2607,201157,Sean Williams,137,1978,229,448,0.511,0,1,0,123,197,0.624,183,289,472,47,47,162,120,324,581,0.392,0.392,0.511,0.543
2173,30,Richard Dumas,102,2226,434,852,0.509,3,13,0.231,209,301,0.694,160,191,351,111,137,47,150,228,1080,0.74,0.913,0.511,0.549
528,201158,Marco Belinelli,860,19547,2949,6959,0.424,1216,3230,0.376,1256,1485,0.846,187,1582,1769,1429,488,65,850,1222,8370,1.681,0.574,0.511,0.55
1299,1631095,Jabari Smith Jr.,255,8094,1225,2837,0.432,450,1320,0.341,502,632,0.794,433,1448,1881,362,153,212,310,667,3402,1.168,0.494,0.511,0.546
1842,1631103,Malaki Branham,214,3811,662,1505,0.44,214,636,0.336,165,196,0.842,73,347,420,344,81,20,214,256,1703,1.607,0.379,0.511,0.535
646,1629673,Jordan Poole,440,12060,2468,5893,0.419,1086,3155,0.344,1326,1509,0.879,159,1002,1161,1638,375,124,1009,1112,7348,1.623,0.372,0.511,0.56
2374,77731,Audie Norris,187,2585,283,554,0.511,0,3,0,253,382,0.662,197,379,576,147,85,69,247,513,819,0.595,0.344,0.511,0.567
161,2210,Richard Jefferson,1181,34299,5150,11102,0.464,1042,2769,0.376,3562,4639,0.768,917,3803,4720,2412,787,347,1768,2637,14904,1.364,0.445,0.511,0.567
1633,201164,Rudy Fernandez,249,5965,740,1853,0.399,413,1147,0.36,361,430,0.84,128,480,608,554,249,40,286,369,2254,1.937,0.871,0.511,0.552
285,2747,JR Smith,977,26274,4380,10465,0.419,1930,5178,0.373,1458,1990,0.733,494,2579,3073,2077,974,204,1315,2191,12148,1.579,0.741,0.511,0.536
1381,203382,Aron Baynes,522,8370,1243,2543,0.489,111,360,0.308,518,652,0.794,805,1591,2396,421,118,254,445,1164,3115,0.946,0.265,0.511,0.55
1845,1629667,Jalen McDaniels,252,4550,635,1414,0.449,174,540,0.322,255,328,0.777,178,651,829,292,165,84,215,485,1699,1.358,0.767,0.511,0.545
1461,203092,Tyler Zeller,414,7254,1161,2284,0.508,10,35,0.286,541,708,0.764,637,1183,1820,367,104,241,348,897,2873,1.055,0.299,0.511,0.553
2343,1629019,Allonzo Trier,88,1750,283,624,0.454,71,185,0.384,213,266,0.801,37,189,226,147,31,18,138,146,850,1.065,0.225,0.51,0.574
114,201144,Mike Conley,1213,37353,5838,13368,0.437,1970,5088,0.387,3013,3648,0.826,572,2955,3527,6742,1626,250,2205,2331,16659,3.058,0.737,0.51,0.556
89,1890,Shawn Marion,1163,40097,7289,15056,0.484,791,2390,0.331,2331,2877,0.81,2732,7369,10101,2198,1759,1233,1750,2535,17700,1.256,1.005,0.51,0.542
143,201567,Kevin Love,978,27962,5132,11732,0.437,1711,4646,0.368,3626,4379,0.828,2259,7389,9648,2219,586,376,1700,1887,15601,1.305,0.345,0.51,0.571
1070,442,Pervis Ellison,474,11592,1826,3579,0.51,1,20,0.05,841,1221,0.689,1087,2083,3170,691,293,752,798,1493,4494,0.866,0.367,0.51,0.546
2031,1642377,Jaylen Wells,123,3231,466,1121,0.416,212,622,0.341,201,250,0.804,130,293,423,209,82,11,121,238,1345,1.727,0.678,0.51,0.546
1742,1751,Jahidi White,334,5916,736,1443,0.51,0,1,0,482,903,0.534,707,1237,1944,63,119,355,397,887,1954,0.159,0.3,0.51,0.531
589,76350,Kenny Carr,674,17167,3057,5998,0.51,3,38,0.079,1696,2479,0.684,1506,3493,4999,923,484,296,1438,2153,7813,0.642,0.337,0.51,0.551
2027,101113,Ike Diogu,225,2795,488,958,0.509,1,2,0.5,371,472,0.786,275,414,689,69,36,65,200,425,1348,0.345,0.18,0.51,0.578
2915,201602,Kyle Weaver,73,1379,134,304,0.441,42,119,0.353,53,72,0.736,34,124,158,119,55,33,80,97,363,1.488,0.688,0.51,0.541
1339,77184,Edgar Jones,363,6960,1207,2384,0.506,16,61,0.262,827,1164,0.71,562,1183,1745,331,220,455,563,1164,3257,0.588,0.391,0.51,0.562
437,193,Anthony Mason,882,30601,3583,7033,0.509,2,12,0.167,2488,3511,0.709,1912,5367,7279,2963,648,244,1549,2353,9656,1.913,0.418,0.51,0.563
981,200757,Thabo Sefolosha,869,19062,1916,4264,0.449,513,1468,0.349,649,887,0.732,626,2626,3252,1196,935,366,755,1418,4994,1.584,1.238,0.509,0.536
1061,2760,Anderson Varejao,632,15089,1808,3550,0.509,1,43,0.023,957,1518,0.63,1511,3020,4531,737,537,407,593,1633,4574,1.243,0.906,0.509,0.542
2294,201153,Julian Wright,231,3049,397,795,0.499,16,61,0.262,97,166,0.584,184,347,531,182,132,69,164,182,907,1.11,0.805,0.509,0.522
2032,76009,Mark Acres,375,5982,514,1016,0.506,7,13,0.538,308,463,0.665,581,944,1525,180,137,104,235,932,1343,0.766,0.583,0.509,0.551
2183,201189,Aaron Gray,318,3851,440,864,0.509,0,3,0,186,331,0.562,431,759,1190,207,94,87,265,678,1066,0.781,0.355,0.509,0.528
1745,1944,Eddie Robinson,278,5344,852,1681,0.507,8,32,0.25,226,306,0.739,241,523,764,252,216,91,215,345,1938,1.172,1.005,0.509,0.534
1884,1641711,Gradey Dick,162,3650,568,1358,0.418,247,709,0.348,227,265,0.857,100,330,430,199,113,17,159,278,1610,1.252,0.711,0.509,0.546
2179,1627746,Skal Labissiere,153,2611,431,877,0.491,31,87,0.356,181,242,0.748,224,441,665,153,53,99,151,316,1074,1.013,0.351,0.509,0.546
1328,2427,Roger Mason Jr.,518,9146,1196,2933,0.408,594,1549,0.383,303,350,0.866,78,819,897,677,189,75,370,709,3289,1.83,0.511,0.509,0.533
375,78392,Wes Unseld,984,35832,4369,8586,0.509,3,6,0.5,1883,2976,0.633,2085,4974,13769,3822,628,367,579,2762,10624,2.033,0.494,0.509,0.537
2901,1628432,Davon Reed,122,1300,136,333,0.408,67,174,0.385,34,51,0.667,28,184,212,92,50,15,47,122,373,1.957,1.064,0.509,0.525
2771,1630219,Skylar Mays,105,1111,173,389,0.445,50,145,0.345,55,64,0.859,27,95,122,182,48,7,49,61,451,3.714,0.98,0.509,0.541
299,77626,Sidney Moncrief,767,23150,4117,8198,0.502,110,387,0.284,3587,4319,0.831,1424,2151,3575,2793,924,226,1551,1635,11931,1.801,0.596,0.509,0.591
1818,1627761,DeAndre' Bembry,296,5670,720,1519,0.474,106,375,0.283,204,334,0.611,185,765,950,533,291,120,367,533,1750,1.452,0.793,0.509,0.525
481,1626162,Kelly Oubre Jr.,679,18507,3286,7464,0.44,1024,3139,0.326,1445,1926,0.75,721,2419,3140,779,715,343,760,1789,9041,1.025,0.941,0.509,0.544
2304,1641783,Tristan da Silva,114,2530,335,795,0.421,139,396,0.351,87,101,0.861,103,279,382,158,67,27,92,144,896,1.717,0.728,0.509,0.534
2710,1630647,Eugene Omoruyi,87,1056,184,400,0.46,39,137,0.285,85,128,0.664,80,123,203,65,55,8,55,155,492,1.182,1,0.509,0.539
232,270,Horace Grant,1165,38625,5439,10695,0.509,4,63,0.063,2114,3053,0.692,3467,5976,9443,2575,1143,1136,1303,2832,12996,1.976,0.877,0.509,0.54
573,203110,Draymond Green,920,26320,2952,6586,0.448,797,2487,0.32,1295,1824,0.71,994,5317,6311,5152,1218,915,2136,2658,7996,2.412,0.57,0.509,0.541
4,893,Michael Jordan,1072,41010,12192,24537,0.497,581,1778,0.327,7327,8772,0.835,1668,5004,6672,5633,2514,893,2924,2783,32292,1.926,0.86,0.509,0.569
815,2209,Vladimir Radmanovic,737,16164,2148,5177,0.415,971,2567,0.378,612,807,0.758,654,2130,2784,998,537,263,837,1552,5879,1.192,0.642,0.509,0.531
1679,1630631,Jose Alvarado,264,5347,784,1899,0.413,364,1039,0.35,215,282,0.762,120,491,611,833,306,50,294,452,2147,2.833,1.041,0.509,0.531
752,1626196,Josh Richardson,554,15815,2327,5433,0.428,873,2405,0.363,854,1009,0.846,378,1307,1685,1463,566,297,732,1230,6381,1.999,0.773,0.509,0.543
259,76170,Otis Birdsong,696,21627,5347,10562,0.506,49,179,0.274,1801,2748,0.655,920,1152,2072,2260,858,143,1491,1783,12544,1.516,0.575,0.509,0.533
78,76681,Julius Erving,836,28677,7237,14276,0.507,46,176,0.261,3844,4950,0.777,2067,3534,5601,3224,1508,1293,2323,2286,18364,1.256,0.581,0.509,0.558
2538,201880,Greg Stiemsma,203,3048,269,529,0.509,0,1,0,103,146,0.705,190,489,679,97,118,232,143,512,641,0.678,0.825,0.509,0.54
378,77290,Billy Knight,671,18412,4064,8026,0.506,34,124,0.274,2399,2892,0.83,1158,1879,3037,1435,627,91,1256,1204,10561,0.936,0.406,0.508,0.568
2279,1627846,Abdel Nader,202,2583,333,778,0.428,125,350,0.357,135,188,0.718,52,324,376,110,76,55,133,245,926,0.827,0.571,0.508,0.538
2558,76123,Kenny Battle,134,1795,243,482,0.504,4,30,0.133,137,189,0.725,138,189,327,106,98,31,91,214,627,1.165,1.077,0.508,0.555
854,1630567,Scottie Barnes,323,11146,2200,4667,0.471,344,1141,0.301,928,1202,0.772,726,1729,2455,1630,393,336,763,728,5672,2.136,0.515,0.508,0.546
992,1548,Mark Blount,605,13981,2020,4011,0.504,37,103,0.359,864,1195,0.723,895,1889,2784,513,327,508,933,1554,4941,0.55,0.35,0.508,0.545
79,779,Glen Rice,1000,34982,6776,14867,0.456,1559,3896,0.4,3225,3813,0.846,946,3441,4387,2097,958,265,1733,2361,18336,1.21,0.553,0.508,0.554
1204,2230,Maurice Evans,562,10917,1429,3231,0.442,426,1172,0.363,463,590,0.785,559,825,1384,420,294,88,278,956,3747,1.511,1.058,0.508,0.537
1777,287,Eric Leckner,449,5452,713,1403,0.508,0,5,0,409,611,0.669,362,1056,1418,211,84,140,386,1014,1835,0.547,0.218,0.508,0.549
1020,1629652,Luguentz Dort,401,11667,1628,4000,0.407,809,2254,0.359,711,898,0.792,424,1128,1552,630,383,170,434,1172,4776,1.452,0.882,0.508,0.543
2529,1642845,VJ Edgecombe,42,1496,238,556,0.428,89,239,0.372,80,104,0.769,70,156,226,175,63,22,78,138,645,2.244,0.808,0.508,0.536
208,456,Chuck Person,943,28941,5576,12176,0.458,1220,3370,0.362,1486,2056,0.723,1162,3601,4763,2645,683,197,1952,2565,13858,1.355,0.35,0.508,0.53
2507,101153,Mickael Gelabale,145,2348,263,560,0.47,43,136,0.316,101,124,0.815,107,223,330,115,50,35,92,186,670,1.25,0.543,0.508,0.545
1779,202700,Donatas Motiejunas,251,4566,731,1558,0.469,121,404,0.3,249,417,0.597,298,654,952,269,118,82,287,538,1832,0.937,0.411,0.508,0.526
862,77786,Tom Owens,488,11471,2201,4335,0.508,2,8,0.25,1208,1582,0.764,1067,1943,3010,984,230,259,888,1605,5612,1.088,0.255,0.508,0.558
948,201960,DeMarre Carroll,578,13674,1806,4204,0.43,658,1839,0.358,880,1188,0.741,655,1799,2454,726,524,151,498,1127,5150,1.458,1.052,0.508,0.545
1397,1628988,Aaron Holiday,478,7786,1112,2649,0.42,466,1219,0.382,386,453,0.852,131,603,734,930,275,84,408,686,3076,2.279,0.674,0.508,0.54
57,2225,Tony Parker,1254,38279,7777,15830,0.491,519,1603,0.324,3400,4525,0.751,441,2955,3396,7036,1053,98,2865,2059,19473,2.456,0.368,0.508,0.546
796,122,Fred Roberts,818,14703,2257,4496,0.502,51,157,0.325,1397,1754,0.796,834,1474,2308,977,412,253,969,1572,5962,1.008,0.425,0.508,0.566
1513,190,Duane Causwell,541,9422,1029,2029,0.507,2,7,0.286,588,952,0.618,794,1479,2273,243,220,767,500,1471,2648,0.486,0.44,0.508,0.541
1693,1630533,Ziaire Williams,247,5264,740,1769,0.418,316,1007,0.314,289,350,0.826,158,602,760,284,184,73,245,477,2085,1.159,0.751,0.508,0.542
2379,1641767,Ben Sheppard,156,2845,289,726,0.398,159,487,0.326,73,87,0.839,81,299,380,200,91,20,55,279,810,3.636,1.655,0.508,0.53
872,1630163,LaMelo Ball,268,8383,1965,4687,0.419,827,2272,0.364,808,960,0.842,323,1237,1560,1993,383,85,886,825,5565,2.249,0.432,0.507,0.545
1913,201582,Alexis Ajinca,293,3905,645,1283,0.503,12,42,0.286,251,315,0.797,346,804,1150,143,102,181,249,661,1553,0.574,0.41,0.507,0.546
1182,200770,Jordan Farmar,504,9840,1460,3452,0.423,583,1559,0.374,385,521,0.739,161,797,958,1453,391,56,695,713,3888,2.091,0.563,0.507,0.528
168,77097,Dan Issel,718,22342,5424,10711,0.506,19,75,0.253,3792,4756,0.797,1686,4021,5707,1804,698,396,1281,2022,14659,1.27,0.474,0.507,0.572
129,739,Rasheed Wallace,1109,36249,6320,13529,0.467,1086,3228,0.336,2280,3162,0.721,1578,5826,7404,1994,1090,1460,1693,3259,16006,1.178,0.644,0.507,0.536
2380,201591,DJ White,138,2111,348,687,0.507,1,3,0.333,113,157,0.72,117,320,437,80,39,57,65,199,810,1.231,0.6,0.507,0.536
24,76673,Alex English,1193,38063,10659,21036,0.507,18,83,0.217,4277,5141,0.832,2778,3760,6538,4351,1067,833,2821,3027,25613,1.533,0.372,0.507,0.55
2471,76157,Ricky Berry,64,1406,255,567,0.45,65,160,0.406,131,166,0.789,57,140,197,80,37,22,82,197,706,0.976,0.451,0.507,0.552
1230,1626153,Delon Wright,548,11176,1337,2994,0.447,362,1039,0.348,620,776,0.799,426,1224,1650,1636,655,188,477,562,3656,3.43,1.373,0.507,0.548
181,894,Ricky Pierce,969,23669,5391,10925,0.493,296,920,0.322,3389,3871,0.875,864,1432,2296,1826,768,147,1453,2213,14467,1.257,0.529,0.507,0.573
1426,1509,Kelvin Cato,541,10615,1123,2216,0.507,1,13,0.077,713,1107,0.644,884,1990,2874,244,292,685,448,1347,2960,0.545,0.652,0.507,0.548
1129,1629645,Kevin Porter Jr.,294,8184,1494,3432,0.435,492,1400,0.351,685,918,0.746,220,1016,1236,1414,346,84,775,676,4165,1.825,0.446,0.507,0.543
2502,1631207,Dalen Terry,199,2169,255,576,0.443,74,240,0.308,94,144,0.653,94,228,322,230,100,46,109,249,678,2.11,0.917,0.507,0.53
239,22,Rik Smits,867,23102,5301,10461,0.507,3,26,0.115,2266,2932,0.773,1531,3746,5277,1215,372,1111,1579,3011,12871,0.769,0.236,0.507,0.548
2499,1642266,Ja'Kobe Walter,90,1785,240,582,0.412,110,312,0.353,95,121,0.785,85,156,241,115,78,16,70,171,685,1.643,1.114,0.507,0.539
2907,1641787,Tosan Evbuomwan,50,1040,130,292,0.445,36,109,0.33,72,98,0.735,51,131,182,71,30,15,48,79,368,1.479,0.625,0.507,0.549
1099,101128,Francisco Garcia,549,11853,1564,3659,0.427,581,1627,0.357,614,768,0.799,278,1122,1400,747,441,388,545,1229,4323,1.371,0.809,0.507,0.541
1728,203957,Danté Exum,320,6005,734,1688,0.435,243,708,0.343,280,366,0.765,120,503,623,728,135,52,379,548,1991,1.921,0.356,0.507,0.538
210,100263,Bill Laimbeer,1068,33956,5574,11198,0.498,202,619,0.326,2440,2916,0.837,2819,7581,10400,2184,710,965,1594,3633,13790,1.37,0.445,0.507,0.552
2802,1627786,Troy Williams,72,1176,168,374,0.449,43,144,0.299,50,77,0.649,49,142,191,52,57,22,60,131,429,0.867,0.95,0.507,0.526
1022,1630180,Saddiq Bey,334,10066,1601,3875,0.413,724,2062,0.351,846,1007,0.84,488,1289,1777,637,286,56,307,495,4772,2.075,0.932,0.507,0.553
483,1622,Rodney McCray,768,24876,3516,6997,0.503,57,219,0.26,1925,2529,0.761,1645,3442,5087,2750,585,493,1419,1734,9014,1.938,0.412,0.507,0.556
1476,692,Andrew DeClercq,587,9838,1118,2207,0.507,0,2,0,579,932,0.621,1025,1463,2488,339,390,301,550,1789,2815,0.616,0.709,0.507,0.538
17,1495,Tim Duncan,1392,47367,10285,20334,0.506,30,168,0.179,5896,8468,0.696,3859,11232,15091,4225,1025,3020,3381,3304,26496,1.25,0.303,0.507,0.551
934,927,John Salley,748,16524,1871,3697,0.506,3,14,0.214,1483,2076,0.714,1226,2130,3356,916,451,983,949,2399,5228,0.965,0.475,0.506,0.567
1161,1727,Pat Garrity,552,11055,1479,3543,0.417,631,1587,0.398,428,531,0.806,343,1114,1457,443,246,104,417,1274,4017,1.062,0.59,0.506,0.532
1826,695,Eldridge Recasner,296,5116,629,1478,0.426,239,584,0.409,235,265,0.887,131,403,534,522,129,12,305,403,1732,1.711,0.423,0.506,0.543
746,198,Danny Ferry,917,18132,2505,5615,0.446,677,1724,0.393,752,895,0.84,647,1903,2550,1185,384,292,811,1964,6439,1.461,0.473,0.506,0.536
241,78500,Paul Westphal,823,20947,5079,10084,0.504,55,200,0.275,2596,3166,0.82,393,1120,1580,3591,1022,262,1117,1705,12809,1.985,0.502,0.506,0.558
1596,78512,Rory White,324,5410,971,1919,0.506,1,13,0.077,444,652,0.681,350,399,749,232,187,52,330,520,2387,0.703,0.567,0.506,0.541
1713,1444,Lawrence Funderburke,318,4725,812,1606,0.506,2,17,0.118,405,600,0.675,447,695,1142,183,94,100,225,360,2031,0.813,0.418,0.506,0.543
2381,1631213,Tyrese Martin,111,2051,296,733,0.404,150,434,0.346,67,86,0.779,95,235,330,193,57,13,108,109,809,1.787,0.528,0.506,0.525
2830,2741,Robert Swift,97,1499,172,340,0.506,0,0,0,72,118,0.61,122,254,376,20,26,86,71,224,416,0.282,0.366,0.506,0.531
540,178,Olden Polynice,1058,24880,3557,7037,0.505,5,26,0.192,1146,2141,0.535,2730,4380,7110,744,516,651,1170,2835,8265,0.636,0.441,0.506,0.518
529,101141,Ersan Ilyasova,825,18957,3123,7047,0.443,883,2409,0.367,1235,1590,0.777,1397,3264,4661,908,560,293,791,1994,8364,1.148,0.708,0.506,0.54
1274,911,Ervin Johnson,845,16992,1393,2756,0.505,2,10,0.2,685,1133,0.605,1677,3471,5148,387,471,1087,724,2430,3473,0.535,0.651,0.506,0.534
435,202738,Isaiah Thomas,556,15582,3170,7300,0.434,1044,2880,0.363,2339,2682,0.872,283,1037,1320,2641,472,61,1242,1146,9723,2.126,0.38,0.506,0.573
484,76577,Terry Dischinger,652,17841,3457,6836,0.506,,,,2098,2768,0.758,,,3646,1151,,,,2055,9012,,,0.506,0.559
686,919,Loy Vaught,689,16989,3061,6074,0.504,21,86,0.244,841,1172,0.718,1482,3399,4881,652,510,228,822,1624,6984,0.793,0.62,0.506,0.53
2081,440,Zan Tabak,247,3607,537,1062,0.506,0,3,0,159,303,0.525,325,558,883,165,65,126,269,577,1233,0.613,0.242,0.506,0.516
1279,1629001,De'Anthony Melton,377,8585,1237,3010,0.411,570,1564,0.364,425,544,0.781,277,1096,1373,1032,531,183,520,775,3469,1.985,1.021,0.506,0.534
104,2547,Chris Bosh,893,31936,6209,12581,0.494,305,910,0.335,4466,5591,0.799,1927,5665,7592,1795,730,932,1807,2159,17189,0.993,0.404,0.506,0.571
2038,1631133,Jabari Walker,230,3600,493,1076,0.458,102,330,0.309,244,331,0.737,309,675,984,162,101,52,146,401,1332,1.11,0.692,0.506,0.545
1651,1631110,Jeremy Sochan,211,5369,888,1895,0.469,140,487,0.287,290,401,0.723,385,811,1196,547,160,94,339,487,2206,1.614,0.472,0.506,0.532
194,224,Eddie Jones,954,32782,4932,11286,0.437,1546,4147,0.373,2745,3394,0.809,761,3096,3857,2812,1620,580,1507,2483,14155,1.866,1.075,0.505,0.554
2383,1642843,Cooper Flagg,43,1455,309,653,0.473,42,150,0.28,147,185,0.795,50,225,275,178,55,32,95,99,807,1.874,0.579,0.505,0.549
1817,1641710,Anthony Black,192,4440,631,1420,0.444,173,500,0.346,319,443,0.72,118,434,552,513,180,99,302,400,1754,1.699,0.596,0.505,0.543
2228,78414,Peter Verhoeven,282,3220,432,856,0.505,1,4,0.25,135,196,0.689,272,369,641,152,128,67,166,622,1000,0.916,0.771,0.505,0.531
115,202710,Jimmy Butler III,907,29972,5387,11371,0.474,716,2169,0.33,5168,6120,0.844,1529,3329,4858,3957,1455,387,1459,1242,16658,2.712,0.997,0.505,0.592
1530,77163,Reggie Johnson,305,5979,1065,2109,0.505,1,7,0.143,433,605,0.716,432,806,1238,262,128,169,393,913,2564,0.667,0.326,0.505,0.54
966,201581,JJ Hickson,534,11925,2049,4056,0.505,0,21,0,983,1593,0.617,1173,2466,3639,449,274,309,774,1033,5081,0.58,0.354,0.505,0.534
1529,1631,Billy Thompson,300,6697,1074,2128,0.505,2,13,0.154,416,617,0.674,670,945,1615,514,158,272,529,817,2566,0.972,0.299,0.505,0.535
1579,76889,Paul Griffin,480,10053,837,1657,0.505,0,0,0,769,1111,0.692,894,1756,2650,1116,403,248,638,1400,2443,1.487,0.553,0.505,0.569
936,970,Othella Harrington,709,13924,2021,4001,0.505,0,11,0,1170,1585,0.738,1087,2043,3130,443,185,286,948,1868,5212,0.467,0.195,0.505,0.555
2520,1628391,D.J. Wilson,148,1818,248,588,0.422,98,296,0.331,63,102,0.618,81,373,454,110,40,45,79,176,657,1.392,0.506,0.505,0.519
2022,78000,John Roche,162,3450,507,1084,0.468,81,208,0.389,263,321,0.819,33,145,178,640,114,22,240,230,1358,2.642,0.475,0.505,0.554
330,78326,David Thompson,509,16305,4213,8365,0.504,23,83,0.277,2815,3616,0.778,737,1184,1921,1631,459,407,1129,1287,11264,1.146,0.306,0.505,0.566
2298,77186,Jimmy Jones,140,2590,362,717,0.505,,,,177,240,0.738,69,203,272,283,111,15,,321,901,,,0.505,0.548
354,105,Dan Majerle,955,30207,3950,9171,0.431,1360,3798,0.358,1665,2246,0.741,1125,3140,4265,2755,1194,360,1116,1927,10925,2.469,1.07,0.505,0.538
238,47,Wayman Tisdale,840,23869,5338,10575,0.505,0,21,0,2202,2897,0.76,1617,3500,5117,1077,464,500,1407,2801,12878,0.765,0.33,0.505,0.543
27,121,Patrick Ewing,1183,40594,9702,19241,0.504,19,125,0.152,5392,7289,0.74,2752,8855,11607,2215,1136,2894,3537,4034,24815,0.626,0.321,0.505,0.553
1655,1628371,Jonathan Isaac,313,6006,810,1830,0.443,227,715,0.317,352,478,0.736,410,1045,1455,233,276,380,227,461,2199,1.026,1.216,0.505,0.539
1172,200758,Ronnie Brewer,502,11539,1554,3169,0.49,90,355,0.254,742,1099,0.675,451,976,1427,828,622,120,390,545,3940,2.123,1.595,0.505,0.539
325,913,Larry Johnson,707,25685,4401,9086,0.484,367,1104,0.332,2281,2978,0.766,1794,3506,5300,2298,515,258,1435,1893,11450,1.601,0.359,0.505,0.551
1896,1628422,Damyean Dotson,213,4242,603,1446,0.417,253,733,0.345,135,190,0.711,58,474,532,315,109,20,151,255,1594,2.086,0.722,0.504,0.521
1793,1629669,Jaylen Nowell,205,3519,697,1577,0.442,197,624,0.316,224,283,0.792,92,353,445,380,99,34,147,281,1815,2.585,0.673,0.504,0.533
799,145,Tracy Murray,659,12107,2181,5070,0.43,753,1942,0.388,828,999,0.829,505,1144,1649,508,361,161,603,1099,5943,0.842,0.599,0.504,0.539
2165,1641713,GG Jackson,101,2080,382,909,0.42,153,450,0.34,170,228,0.746,90,266,356,105,57,41,118,132,1087,0.89,0.483,0.504,0.538
266,203903,Jordan Clarkson,797,21683,4647,10661,0.436,1460,4345,0.336,1694,2047,0.828,682,1922,2604,2269,635,122,1463,1349,12448,1.551,0.434,0.504,0.538
1292,1629022,Lonnie Walker IV,342,7025,1268,3007,0.422,497,1396,0.356,385,484,0.795,88,703,791,518,184,93,306,453,3418,1.693,0.601,0.504,0.531
1359,201978,Chase Budinger,407,7998,1188,2766,0.43,413,1172,0.352,409,513,0.797,238,1002,1240,473,213,65,310,485,3198,1.526,0.687,0.504,0.534
650,1629630,Ja Morant,327,10370,2639,5666,0.466,435,1397,0.311,1618,2092,0.773,296,1217,1513,2428,335,92,1108,555,7331,2.191,0.302,0.504,0.557
1726,1627812,Yogi Ferrell,259,5213,723,1721,0.42,289,791,0.365,259,310,0.835,70,467,537,601,167,29,219,356,1994,2.744,0.763,0.504,0.537
932,78183,Derek Smith,408,9825,2031,4074,0.499,45,153,0.294,1125,1495,0.753,476,824,1300,866,265,175,700,1214,5232,1.237,0.379,0.504,0.553
2118,203530,Joffrey Lauvergne,208,2823,477,995,0.479,49,172,0.285,156,217,0.719,239,550,789,180,55,34,165,286,1159,1.091,0.333,0.504,0.531
2123,1642273,Kyshawn George,104,2929,404,995,0.406,195,563,0.346,147,192,0.766,85,413,498,351,109,82,204,347,1150,1.721,0.534,0.504,0.533
2768,1630696,Dru Smith,84,1341,160,375,0.427,58,163,0.356,74,90,0.822,58,132,190,175,109,29,67,138,452,2.612,1.627,0.504,0.545
2303,2434,Juan Carlos Navarro,82,2117,308,766,0.402,156,432,0.361,124,146,0.849,34,176,210,177,48,1,134,94,896,1.321,0.358,0.504,0.54
1689,1629216,Gabe Vincent,303,6313,757,1930,0.392,431,1273,0.339,158,189,0.836,90,365,455,602,221,33,280,619,2103,2.15,0.789,0.504,0.522
391,202339,Eric Bledsoe,756,21022,3689,8169,0.452,854,2545,0.336,2116,2698,0.784,570,2367,2937,3545,1028,344,1888,1493,10348,1.878,0.544,0.504,0.553
687,201951,Ty Lawson,551,16088,2496,5424,0.46,473,1319,0.359,1512,1964,0.77,351,1155,1506,3316,636,52,1159,898,6977,2.861,0.549,0.504,0.555
1556,203498,Shabazz Muhammad,278,4772,940,1988,0.473,123,386,0.319,501,667,0.751,294,476,770,151,81,24,183,283,2504,0.825,0.443,0.504,0.549
67,937,Scottie Pippen,1178,41068,7420,15700,0.473,978,3002,0.326,3122,4437,0.704,2068,5426,7494,6135,2307,947,3257,3329,18940,1.884,0.708,0.504,0.536
240,78331,Mychal Thompson,935,27764,5191,10306,0.504,1,12,0.083,2427,3707,0.655,2229,4722,6951,2141,701,1073,2104,2692,12810,1.018,0.333,0.504,0.537
1159,1456,Randy Wittman,543,11594,1823,3636,0.501,17,53,0.321,371,493,0.753,187,573,760,1201,257,65,441,559,4034,2.723,0.583,0.504,0.523
269,1629027,Trae Young,493,16902,3921,9070,0.432,1295,3687,0.351,3276,3752,0.873,299,1403,1702,4837,515,75,2077,861,12413,2.329,0.248,0.504,0.579
316,2772,Trevor Ariza,1118,32956,4135,9804,0.422,1605,4579,0.351,1718,2350,0.731,1081,4275,5356,2379,1628,355,1473,2205,11593,1.615,1.105,0.504,0.535
748,101123,Gerald Green,658,13026,2312,5546,0.417,962,2668,0.361,826,1010,0.818,318,1321,1639,596,335,199,721,1228,6412,0.827,0.465,0.504,0.535
2671,1631115,Orlando Robinson,115,1524,202,427,0.473,26,75,0.347,95,126,0.754,167,267,434,139,37,36,83,191,525,1.675,0.446,0.504,0.544
1200,1631097,Bennedict Mathurin,234,6705,1240,2794,0.444,333,960,0.347,944,1134,0.832,253,816,1069,424,147,55,442,511,3757,0.959,0.333,0.503,0.57
261,201188,Marc Gasol,891,28719,4635,9638,0.481,431,1197,0.36,2813,3625,0.776,1411,5193,6604,2996,792,1254,1755,2551,12514,1.707,0.451,0.503,0.557
2626,1562,Gerard King,126,1829,235,467,0.503,0,0,0,96,129,0.744,129,264,393,84,50,27,92,238,566,0.913,0.543,0.503,0.54
470,156,Antoine Carr,987,19783,3663,7286,0.503,6,46,0.13,1844,2364,0.78,1151,2233,3384,1086,361,925,1187,3063,9176,0.915,0.304,0.503,0.551
71,77498,Bob McAdoo,852,28327,7420,14751,0.503,3,37,0.081,3944,5229,0.754,1818,5502,8048,1951,751,1147,1223,2726,18787,0.771,0.328,0.503,0.551
336,77819,Jim Paxson,784,21357,4545,9134,0.498,98,435,0.225,2011,2493,0.807,519,1074,1593,2300,951,93,1144,1442,11199,2.01,0.831,0.503,0.547
1055,2748,Dorell Wright,549,12281,1657,3908,0.424,617,1691,0.365,666,826,0.806,375,1718,2093,850,418,271,475,790,4597,1.789,0.88,0.503,0.538
292,2072,Michael Redd,629,20104,4207,9405,0.447,1045,2751,0.38,2513,2998,0.838,622,1789,2411,1338,579,66,963,1002,11972,1.389,0.601,0.503,0.558
512,2246,Mehmet Okur,634,18430,3028,6615,0.458,596,1590,0.375,1909,2396,0.797,1261,3175,4436,1089,329,453,991,1815,8561,1.099,0.332,0.503,0.558
1319,418,Scott Brooks,680,9233,1233,2738,0.45,287,771,0.372,564,664,0.849,158,527,685,1608,480,30,451,828,3317,3.565,1.064,0.503,0.547
2070,1642267,Bub Carrington,127,3745,454,1134,0.4,232,640,0.363,113,143,0.79,53,457,510,570,82,32,247,296,1253,2.308,0.332,0.503,0.523
1402,2059,Eduardo Najera,619,11213,1204,2505,0.481,110,354,0.311,534,796,0.671,897,1410,2307,493,446,231,402,1378,3052,1.226,1.109,0.503,0.534
128,157,Derek Harper,1199,37776,6191,13384,0.463,1070,3026,0.354,2554,3426,0.745,696,2188,2884,6577,1957,304,2334,2755,16006,2.818,0.838,0.503,0.537
183,201145,Jeff Green,1232,33323,5215,11581,0.45,1209,3573,0.338,2806,3490,0.804,1004,3886,4890,1786,759,592,1583,2507,14445,1.128,0.479,0.503,0.551
1385,228,Adam Keefe,617,10336,1120,2230,0.502,1,14,0.071,866,1213,0.714,999,1557,2556,427,307,173,545,1114,3107,0.783,0.563,0.502,0.562
221,78350,Rudy Tomjanovich,768,25714,5630,11240,0.501,34,130,0.262,2089,2666,0.784,1173,2783,6198,1573,374,175,332,1937,13383,1.081,0.331,0.502,0.539
419,2749,Jameer Nelson,878,24542,3790,8692,0.436,1153,3134,0.368,1207,1491,0.81,426,2169,2595,4508,772,68,1831,2195,9940,2.462,0.422,0.502,0.532
1293,1628366,Lonzo Ball,319,9639,1257,3199,0.393,700,1966,0.356,202,334,0.605,312,1379,1691,1805,479,188,725,646,3416,2.49,0.661,0.502,0.51
2633,1519,John Thomas,208,2252,223,444,0.502,0,2,0,114,193,0.591,199,233,432,60,69,50,107,384,560,0.561,0.645,0.502,0.529
464,1626179,Terry Rozier,665,18358,3363,8046,0.418,1356,3755,0.361,1170,1412,0.829,442,2168,2610,2337,614,164,897,973,9252,2.605,0.685,0.502,0.534
627,238,Tyrone Hill,801,22386,2834,5643,0.502,0,13,0,1864,2901,0.643,2396,4458,6854,647,614,379,1244,2893,7532,0.52,0.494,0.502,0.544
519,201163,Wilson Chandler,676,20287,3270,7382,0.443,874,2560,0.341,1049,1363,0.77,766,2808,3574,1205,470,414,931,1807,8463,1.294,0.505,0.502,0.53
2317,200756,Hilton Armstrong,292,3378,347,693,0.501,2,7,0.286,184,316,0.582,292,474,766,102,90,142,230,544,880,0.443,0.391,0.502,0.529
1619,2567,Brian Cook,421,5646,915,2083,0.439,262,686,0.382,220,281,0.783,308,807,1115,252,135,134,252,789,2312,1,0.536,0.502,0.524
271,2755,Kevin Martin,714,21559,3847,8797,0.437,1141,2969,0.384,3561,4091,0.87,401,1877,2278,1352,643,78,1200,1361,12396,1.127,0.536,0.502,0.585
2688,1629610,DaQuan Jeffries,111,1760,195,470,0.415,82,260,0.315,36,46,0.783,59,172,231,88,45,37,54,169,508,1.63,0.833,0.502,0.518
1185,966,Jerome Williams,587,12747,1425,2839,0.502,1,26,0.038,1014,1573,0.645,1448,2295,3743,474,618,128,587,1229,3865,0.807,1.053,0.502,0.547
605,76444,Michael Cooper,873,23635,3014,6429,0.469,428,1260,0.34,1273,1529,0.833,741,2028,2769,3666,1033,523,1429,2329,7729,2.565,0.723,0.502,0.544
2088,1627748,Thon Maker,263,3624,425,976,0.435,130,397,0.327,236,347,0.68,218,508,726,161,96,173,142,460,1216,1.134,0.676,0.502,0.539
546,1627832,Fred VanVleet,550,17193,2763,6885,0.401,1386,3731,0.371,1292,1498,0.862,239,1645,1884,3121,757,253,910,1205,8204,3.43,0.832,0.502,0.544
882,1725,Rasho Nesterovic,811,17983,2570,5121,0.502,1,13,0.077,378,646,0.585,1513,2630,4143,836,330,934,748,2187,5519,1.118,0.441,0.502,0.511
690,2757,Beno Udrih,831,18184,2740,5922,0.463,465,1334,0.349,1007,1209,0.833,308,1404,1712,2858,576,71,1179,1275,6952,2.424,0.489,0.502,0.539
560,192,Dennis Scott,629,17983,2962,7111,0.417,1214,3060,0.397,956,1206,0.793,367,1407,1774,1296,525,197,768,1275,8094,1.688,0.684,0.502,0.53
1255,101132,Linas Kleiza,409,8185,1268,2912,0.435,387,1154,0.335,638,836,0.763,388,1082,1470,321,159,73,409,886,3561,0.785,0.389,0.502,0.543
1575,55,Marty Conlon,379,6315,967,1942,0.498,15,75,0.2,505,687,0.735,498,812,1310,378,148,73,413,684,2454,0.915,0.358,0.502,0.547
169,2202,Jason Richardson,857,29243,5558,12681,0.438,1608,4344,0.37,1920,2714,0.707,1033,3212,4245,2284,995,367,1503,1963,14644,1.52,0.662,0.502,0.528
351,101107,Marvin Williams,1072,30159,3928,8872,0.443,1046,2894,0.361,2063,2554,0.808,1276,4270,5546,1373,824,577,1021,2155,10965,1.345,0.807,0.502,0.548
449,1905,Andrei Kirilenko,797,23918,3146,6637,0.474,367,1185,0.31,2772,3675,0.754,1400,2952,4352,2169,1097,1461,1518,1605,9431,1.429,0.723,0.502,0.571
1968,76001,Alaa Abdelnaby,256,3200,620,1236,0.502,0,3,0,225,321,0.701,283,563,846,85,71,69,247,484,1465,0.344,0.287,0.502,0.532
1170,369,Charlie Ward,630,14083,1400,3428,0.408,639,1754,0.364,508,659,0.771,242,1406,1648,2539,776,128,1038,1276,3947,2.446,0.748,0.502,0.531
2895,77858,Stan Pietkiewicz,96,1070,149,325,0.458,28,84,0.333,50,62,0.806,39,54,93,174,41,6,74,85,376,2.351,0.554,0.502,0.534
1331,897,Tim Perry,481,9436,1313,2710,0.485,92,289,0.318,565,872,0.648,727,1184,1911,436,221,414,491,800,3283,0.888,0.45,0.501,0.531
831,203087,Jeremy Lamb,573,11896,2127,4841,0.439,601,1755,0.342,950,1109,0.857,303,1770,2073,904,417,218,466,924,5805,1.94,0.895,0.501,0.545
855,2581,Steve Blake,870,20821,2061,5145,0.401,1037,2709,0.383,503,646,0.779,250,1566,1816,3446,587,63,1222,1287,5662,2.82,0.48,0.501,0.521
970,761,Matt Geiger,552,12219,2039,4083,0.499,16,69,0.232,965,1325,0.728,1152,2006,3158,388,306,347,744,1629,5059,0.522,0.411,0.501,0.542
1858,1628382,Justin Jackson,280,4887,638,1508,0.423,236,739,0.319,164,206,0.796,117,537,654,285,94,43,118,291,1676,2.415,0.797,0.501,0.524
229,134,Kevin Johnson,735,25059,4512,9160,0.493,160,524,0.305,3943,4691,0.841,487,1917,2404,6711,1082,176,2258,1541,13127,2.972,0.479,0.501,0.585
636,76421,Doug Collins,415,13945,2927,5839,0.501,0,1,0,1573,1888,0.833,459,880,1339,1368,518,114,485,1245,7427,1.346,0.447,0.501,0.557
1657,1628972,Troy Brown Jr.,356,6778,824,1949,0.423,306,873,0.351,242,309,0.783,257,1031,1288,508,235,42,235,461,2196,2.162,1,0.501,0.527
91,76176,Rolando Blackman,980,32087,6887,13969,0.493,229,667,0.343,3620,4309,0.84,1047,2231,3278,2981,715,274,1829,1634,17623,1.63,0.391,0.501,0.555
1074,77800,Sonny Parker,452,10916,1862,3715,0.501,0,2,0,747,989,0.755,756,1085,1841,954,611,150,619,858,4471,1.446,0.901,0.501,0.539
1220,1626166,Cameron Payne,477,8356,1400,3339,0.419,547,1486,0.368,356,426,0.836,134,817,951,1527,302,98,527,801,3703,2.898,0.573,0.501,0.525
1095,718,Gary Trent,506,9866,1792,3580,0.501,4,50,0.08,778,1210,0.643,842,1434,2276,504,223,174,599,1096,4366,0.841,0.372,0.501,0.531
2092,77372,Jim Les,321,4222,372,938,0.397,196,495,0.396,270,330,0.818,86,310,396,930,169,20,295,421,1210,3.153,0.573,0.501,0.559
486,296,Rick Fox,930,23720,3382,7519,0.45,771,2208,0.349,1431,1858,0.77,996,2521,3517,2649,967,355,1611,2739,8966,1.644,0.6,0.501,0.538
1278,204020,Tyler Johnson,354,8708,1246,2924,0.426,438,1217,0.36,539,692,0.779,187,882,1069,813,288,140,373,637,3469,2.18,0.772,0.501,0.537
1428,1630591,Jalen Suggs,236,6215,1043,2463,0.423,382,1167,0.327,489,620,0.789,171,621,792,817,328,139,536,640,2957,1.524,0.612,0.501,0.54
22,708,Kevin Garnett,1462,50412,10505,21142,0.497,174,632,0.275,4887,6190,0.789,3209,11453,14662,5445,1859,2037,3179,3561,26071,1.713,0.585,0.501,0.546
1238,1626163,Frank Kaminsky,413,8160,1306,3034,0.43,428,1226,0.349,590,791,0.746,300,1279,1579,651,174,146,314,609,3630,2.073,0.554,0.501,0.537
1123,2753,Delonte West,432,11840,1601,3571,0.448,376,1012,0.372,620,751,0.826,213,1052,1265,1540,465,179,702,828,4198,2.194,0.662,0.501,0.538
2399,1631121,Bryce McGowens,147,2264,258,599,0.431,84,241,0.349,182,238,0.765,49,208,257,145,54,19,92,179,782,1.576,0.587,0.501,0.556
628,1627747,Caris LeVert,555,15164,2780,6363,0.437,813,2357,0.345,1147,1562,0.734,377,1660,2037,2193,576,218,962,1079,7520,2.28,0.599,0.501,0.533
404,313,Vern Fleming,893,24721,3964,7954,0.498,38,210,0.181,2159,2826,0.764,979,2033,3012,4293,926,105,1795,2003,10125,2.392,0.516,0.501,0.55
1885,202347,Quincy Pondexter,355,5530,571,1351,0.423,211,593,0.356,256,343,0.746,200,440,640,263,122,49,178,464,1609,1.478,0.685,0.501,0.536
1214,77984,Rick Robey,493,8824,1498,2993,0.501,1,8,0.125,726,1117,0.65,825,1476,2301,611,220,90,771,1213,3723,0.792,0.285,0.501,0.534
505,80,Ken Norman,646,18993,3737,7695,0.486,231,741,0.312,1012,1786,0.567,1352,2597,3949,1355,517,431,1173,1483,8717,1.155,0.441,0.501,0.514
1791,1628402,Frank Jackson,214,3873,656,1557,0.421,247,743,0.332,257,327,0.786,82,310,392,222,84,16,169,311,1816,1.314,0.497,0.501,0.534
110,1882,Elton Brand,1058,34906,6599,13185,0.5,2,21,0.095,3627,4929,0.736,3304,5736,9040,2184,940,1828,2060,3115,16827,1.06,0.456,0.501,0.548
276,920,A.C. Green,1278,36554,4544,9202,0.494,124,489,0.254,3119,4250,0.734,3354,6119,9473,1400,1033,546,1434,2436,12331,0.976,0.72,0.501,0.557
1875,78569,Samuel Williams,257,4528,668,1335,0.5,0,3,0,292,447,0.653,403,743,1146,156,210,297,308,701,1628,0.506,0.682,0.5,0.531
19,1718,Paul Pierce,1343,45879,8668,19465,0.445,2143,5816,0.368,6918,8578,0.806,1092,6435,7527,4708,1752,745,3532,3643,26397,1.333,0.496,0.5,0.568
734,101138,Brandon Bass,758,16410,2558,5125,0.499,12,58,0.207,1447,1740,0.832,1139,2309,3448,608,295,479,718,1375,6575,0.847,0.411,0.5,0.558
165,203952,Andrew Wiggins,809,27233,5524,12268,0.45,1227,3424,0.358,2571,3537,0.727,1077,2565,3642,1879,792,559,1498,1755,14846,1.254,0.529,0.5,0.537
379,251,Sean Elliott,742,24502,3852,8290,0.465,589,1572,0.375,2251,2816,0.799,819,2385,3204,1897,576,284,1328,1626,10544,1.428,0.434,0.5,0.553
220,124,Vlade Divac,1134,33838,5205,10510,0.495,100,426,0.235,2888,4176,0.692,2881,6445,9326,3541,1288,1631,2470,3609,13398,1.434,0.521,0.5,0.543
558,101139,CJ Miles,849,17284,2883,7016,0.411,1250,3487,0.358,1092,1350,0.809,363,1648,2011,914,601,254,724,1792,8108,1.262,0.83,0.5,0.533
664,371,Terry Mills,678,16424,2847,6227,0.457,533,1387,0.384,948,1214,0.781,1029,2651,3680,891,397,296,851,1896,7175,1.047,0.467,0.5,0.531
1039,203918,Rodney Hood,448,10977,1688,4023,0.42,647,1770,0.366,633,753,0.841,158,1002,1160,736,301,80,426,855,4656,1.728,0.707,0.5,0.535
1453,1721,Keon Clark,353,7973,1179,2359,0.5,1,19,0.053,523,811,0.645,655,1441,2096,322,184,571,470,1013,2882,0.685,0.391,0.5,0.531
2080,203960,JaKarr Sampson,236,3549,483,1026,0.471,60,242,0.248,207,309,0.67,154,474,628,161,91,110,188,449,1233,0.856,0.484,0.5,0.531
2643,1629717,Armoni Brooks,84,1468,191,527,0.362,145,438,0.331,26,35,0.743,37,152,189,97,41,17,52,111,553,1.865,0.788,0.5,0.51
427,101122,Danny Granger,586,18487,3332,7672,0.434,1006,2644,0.38,2185,2577,0.848,674,2214,2888,1097,561,481,1098,1628,9855,0.999,0.511,0.5,0.56
320,98,Nick Anderson,800,24924,4416,9891,0.446,1055,2964,0.356,1642,2461,0.667,1011,3053,4064,2087,1114,364,1358,1502,11529,1.537,0.82,0.5,0.525
999,77236,Clark Kellogg,260,8514,2008,4041,0.497,23,68,0.338,879,1161,0.757,852,1630,2482,764,381,105,731,858,4918,1.045,0.521,0.5,0.54
1650,1627737,Marquese Chriss,292,5338,830,1822,0.456,161,555,0.29,385,577,0.667,362,1004,1366,298,187,227,348,738,2206,0.856,0.537,0.5,0.531
1101,95,Mark Bryant,797,13473,1739,3481,0.5,1,12,0.083,834,1196,0.697,1120,1872,2992,491,330,195,661,2018,4313,0.743,0.499,0.5,0.538
632,378,Craig Ehlo,873,21062,2977,6579,0.453,621,1684,0.369,917,1330,0.689,996,2143,3139,2456,989,232,1225,1695,7492,2.005,0.807,0.5,0.523
1570,2429,Dan Gadzuric,527,7792,1049,2100,0.5,0,8,0,367,737,0.498,910,1416,2326,196,242,448,357,1250,2465,0.549,0.678,0.5,0.508
170,78532,Jamaal Wilkes,828,27275,6226,12471,0.499,7,52,0.135,2185,2878,0.759,1627,3490,5117,2050,1049,262,1211,2296,14644,1.23,0.589,0.5,0.533
1294,2443,Darius Songaila,495,9228,1449,2904,0.499,3,19,0.158,514,609,0.844,553,1136,1689,589,324,106,486,1197,3415,1.212,0.667,0.499,0.538
186,2744,Al Jefferson,915,26298,6161,12344,0.499,8,66,0.121,2013,2833,0.711,2054,5636,7690,1347,628,1093,1211,2347,14343,1.112,0.519,0.499,0.528
2285,1631124,Julian Strawther,139,2181,326,796,0.41,143,444,0.322,127,160,0.794,24,214,238,149,61,24,90,229,922,1.656,0.678,0.499,0.532
47,200746,LaMarcus Aldridge,1076,36243,8311,16872,0.493,227,710,0.32,3709,4563,0.813,2776,5960,8736,2076,758,1187,1643,2598,20558,1.264,0.461,0.499,0.544
491,2449,Luis Scola,743,19001,3669,7442,0.493,92,271,0.339,1452,1961,0.74,1335,3606,4941,1194,474,224,1121,2037,8882,1.065,0.423,0.499,0.535
198,77418,Jerry Lucas,829,32131,5709,11441,0.499,,,,2635,3365,0.783,62,312,12942,2730,28,24,,2389,14053,,,0.499,0.544
530,77618,Steve Mix,787,18827,3204,6428,0.498,6,21,0.286,1941,2417,0.803,1356,2552,4159,1393,884,173,563,1693,8355,1.281,0.613,0.499,0.558
1365,1631093,Jaden Ivey,211,5929,1109,2570,0.432,346,976,0.355,606,811,0.747,215,525,740,851,159,81,550,553,3170,1.547,0.289,0.499,0.542
869,1630595,Cade Cunningham,247,8395,2076,4636,0.448,473,1404,0.337,950,1125,0.844,198,1146,1344,1911,272,158,943,709,5575,2.027,0.288,0.499,0.543
620,898,Blue Edwards,704,18405,3021,6362,0.475,304,908,0.335,1239,1590,0.779,698,1678,2376,1409,728,297,1187,1923,7585,1.187,0.613,0.499,0.537
2805,1627851,Mindaugas Kuzminskas,69,1018,158,371,0.426,54,168,0.321,55,68,0.809,47,79,126,69,29,11,51,79,425,1.353,0.569,0.499,0.53
767,1630224,Jalen Green,311,10092,2159,5119,0.422,787,2297,0.343,1115,1396,0.799,164,1153,1317,1038,242,91,734,479,6220,1.414,0.33,0.499,0.542
463,201571,D.J. Augustin,976,22851,2994,7270,0.412,1262,3311,0.381,2009,2317,0.867,292,1513,1805,3761,567,32,1428,1350,9259,2.634,0.397,0.499,0.558
1564,101119,Rashad McCants,249,5037,923,2144,0.431,292,793,0.368,341,460,0.741,114,392,506,331,183,61,362,584,2479,0.914,0.506,0.499,0.528
1531,914,Stanley Roberts,300,5869,1059,2124,0.499,0,2,0,437,850,0.514,506,1043,1549,189,110,385,370,1060,2555,0.511,0.297,0.499,0.511
662,77030,Roy Hinson,507,15543,2776,5568,0.499,0,12,0,1654,2232,0.741,1056,2396,3452,495,306,882,1009,1888,7206,0.491,0.303,0.499,0.55
846,201596,Mario Chalmers,646,17245,1936,4641,0.417,755,2153,0.351,1116,1407,0.793,211,1374,1585,2412,950,103,1202,1756,5743,2.007,0.79,0.498,0.546
617,203115,Will Barton,679,17115,2824,6561,0.43,893,2516,0.355,1084,1377,0.787,471,2321,2792,1817,504,272,948,1050,7625,1.917,0.532,0.498,0.532
175,275,Allan Houston,839,28310,5337,12017,0.444,1305,3247,0.402,2572,2979,0.863,353,2081,2434,1990,566,139,1760,2062,14551,1.131,0.322,0.498,0.546
1362,1641718,Keyonte George,187,5681,1020,2485,0.41,437,1258,0.347,713,830,0.859,62,578,640,1007,131,29,523,308,3190,1.925,0.25,0.498,0.56
683,77019,Rod Higgins,779,17189,2483,5336,0.465,352,1030,0.342,1693,2095,0.808,946,1873,2819,1254,485,359,786,1712,7011,1.595,0.617,0.498,0.56
1205,1902,Jeff Foster,764,15740,1472,2961,0.497,7,54,0.13,796,1295,0.615,2101,3147,5248,703,507,308,613,1921,3747,1.147,0.827,0.498,0.531
209,101114,Deron Williams,845,28865,4874,10964,0.445,1178,3296,0.357,2878,3502,0.822,353,2266,2619,6819,867,206,2402,2132,13804,2.839,0.361,0.498,0.552
1536,195,Lee Mayberry,496,10345,950,2287,0.415,379,1006,0.377,267,405,0.659,142,500,642,1767,352,43,591,865,2546,2.99,0.596,0.498,0.516
2796,77300,Joe Kopicki,118,1187,137,278,0.493,3,11,0.273,155,191,0.812,111,203,314,84,37,8,75,150,432,1.12,0.493,0.498,0.597
394,365,Derrick McKey,937,27226,3908,8048,0.486,203,642,0.316,2247,2885,0.779,1515,2872,4387,2254,1072,611,1713,2700,10266,1.316,0.626,0.498,0.551
1277,202390,Gary Neal,352,7507,1275,3021,0.422,460,1203,0.382,460,541,0.85,81,679,760,573,145,10,365,525,3470,1.57,0.397,0.498,0.532
118,247,Joe Dumars,1018,35141,5994,13026,0.46,990,2592,0.382,3424,4061,0.843,671,1532,2203,4612,902,83,2084,1826,16402,2.213,0.433,0.498,0.554
2536,1629016,Omari Spellman,95,1691,225,539,0.417,87,238,0.366,105,137,0.766,149,264,413,94,59,49,85,130,642,1.106,0.694,0.498,0.536
2085,1630205,Lamar Stevens,220,3350,484,1046,0.463,74,258,0.287,180,248,0.726,159,473,632,138,103,75,125,298,1222,1.104,0.824,0.498,0.529
204,76011,Alvan Adams,988,27203,5709,11464,0.498,2,15,0.133,2490,3160,0.788,2015,4922,6937,4012,1289,808,2194,3214,13910,1.477,0.489,0.498,0.541
845,201977,Marcus Thornton,483,11299,2124,5003,0.425,735,2051,0.358,767,924,0.83,407,941,1348,676,405,61,491,739,5750,1.377,0.825,0.498,0.531
2313,78305,Ira Terrell,127,2483,370,743,0.498,,,,146,229,0.638,143,390,533,144,63,75,53,265,886,0.774,0.415,0.498,0.525
1804,1627756,Denzel Valentine,256,4818,680,1728,0.394,361,1004,0.36,74,94,0.787,101,756,857,466,159,31,228,412,1795,2.044,0.697,0.498,0.507
2367,32,Clifford Rozier,173,2982,350,705,0.496,2,11,0.182,125,269,0.465,376,521,897,98,78,113,162,435,827,0.605,0.481,0.498,0.502
656,202340,Avery Bradley,660,18151,2914,6716,0.434,859,2353,0.365,592,756,0.783,397,1466,1863,1105,655,128,868,1427,7279,1.273,0.755,0.498,0.516
1577,2056,Primoz Brezec,342,6195,1012,2034,0.498,1,6,0.167,427,609,0.701,563,764,1327,179,69,134,274,730,2452,0.653,0.252,0.498,0.533
653,956,Erick Dampier,987,23999,2784,5595,0.498,2,16,0.125,1739,2779,0.626,2723,4282,7005,817,330,1398,1435,2869,7309,0.569,0.23,0.498,0.536
1136,201967,Dante Cunningham,715,14875,1772,3777,0.469,216,626,0.345,373,575,0.649,804,1872,2676,506,459,336,352,1227,4133,1.438,1.304,0.498,0.513
1639,101121,Joey Graham,377,6117,857,1776,0.483,54,180,0.3,471,578,0.815,272,786,1058,207,134,43,309,804,2239,0.67,0.434,0.498,0.551
599,1629628,RJ Barrett,412,13557,2830,6379,0.444,689,1988,0.347,1419,2037,0.697,378,1900,2278,1365,280,112,910,957,7768,1.5,0.308,0.498,0.534
1588,101236,Chuck Hayes,644,11814,1047,2104,0.498,0,14,0,316,510,0.62,1119,2124,3243,781,478,237,461,1485,2410,1.694,1.037,0.498,0.518
73,76016,Mark Aguirre,923,27730,7201,14865,0.484,392,1258,0.312,3664,4944,0.741,1704,2874,4578,2871,687,296,2306,2599,18458,1.245,0.298,0.498,0.542
1458,1761,Greg Buckner,570,10890,1120,2491,0.45,239,716,0.334,399,527,0.757,457,1136,1593,719,454,111,394,1342,2878,1.825,1.152,0.498,0.528
200,2561,David West,1034,29141,5703,11519,0.495,57,215,0.265,2571,3148,0.817,1784,4806,6590,2273,764,850,1660,2408,14034,1.369,0.46,0.498,0.544
2220,1627733,Dragan Bender,187,3755,373,934,0.399,183,567,0.323,85,130,0.654,113,607,720,237,54,106,202,372,1014,1.173,0.267,0.497,0.512
593,1627749,Dejounte Murray,503,14745,3106,6853,0.453,604,1776,0.34,987,1249,0.79,455,2470,2925,2718,741,139,1061,901,7803,2.562,0.698,0.497,0.527
49,2207,Joe Johnson,1277,44235,7823,17720,0.441,1978,5331,0.371,2783,3468,0.802,1067,3992,5059,5001,1071,260,2451,2252,20407,2.04,0.437,0.497,0.53
448,1501,Tim Thomas,824,21344,3458,7922,0.437,962,2609,0.369,1576,2079,0.758,807,2572,3379,1272,609,300,1217,2261,9454,1.045,0.5,0.497,0.535
2527,1892,Trajan Langdon,119,1738,220,529,0.416,86,217,0.396,121,133,0.91,29,130,159,152,56,14,98,179,647,1.551,0.571,0.497,0.551
1757,76607,Charles Dudley,361,6337,686,1380,0.497,,,,536,798,0.672,403,680,1089,1230,284,13,227,722,1908,2.313,0.441,0.497,0.551
2238,1630528,Josh Christopher,152,2189,388,860,0.451,79,289,0.273,132,179,0.737,72,194,266,231,103,31,180,158,987,1.283,0.572,0.497,0.526
1350,201941,Jordan Hill,409,7692,1357,2733,0.497,3,22,0.136,515,737,0.699,879,1510,2389,322,150,272,426,875,3232,0.756,0.352,0.497,0.529
938,201574,Jason Thompson,588,14819,2112,4255,0.496,6,42,0.143,980,1492,0.657,1264,2616,3880,635,283,414,747,1751,5210,0.85,0.379,0.497,0.53
1376,78084,Dale Schlueter,586,9624,1176,2366,0.497,,,,778,1147,0.678,225,519,3034,920,67,91,15,1367,3130,1.2,0.2,0.497,0.545
898,2804,Andres Nocioni,514,12015,1932,4478,0.431,587,1574,0.373,964,1206,0.799,354,1941,2295,614,215,228,724,1394,5415,0.848,0.297,0.497,0.541
1083,78516,Jerome Whitehead,679,11828,1810,3642,0.497,0,2,0,803,1118,0.718,1141,2127,3268,374,251,200,696,1833,4423,0.537,0.361,0.497,0.535
166,1710,Mike Bibby,1001,33959,5410,12412,0.436,1517,3999,0.379,2361,2943,0.802,529,2574,3103,5517,1172,149,2134,1931,14698,2.585,0.549,0.497,0.536
279,686,Antonio McDyess,1015,28053,5046,10161,0.497,7,60,0.117,2128,3178,0.67,2478,5160,7638,1300,782,1102,1623,3077,12227,0.801,0.482,0.497,0.529
2444,78471,Wilson Washington,100,1700,318,640,0.497,,,,95,157,0.605,138,312,450,57,49,104,161,261,731,0.354,0.304,0.497,0.515
48,782,Mitch Richmond,976,34301,7305,16038,0.455,1326,3417,0.388,4561,5365,0.85,881,2920,3801,3398,1211,254,2579,2503,20497,1.318,0.47,0.497,0.557
341,2732,Ben Gordon,744,20365,3931,9092,0.432,1171,2921,0.401,2051,2394,0.857,333,1518,1851,1868,508,114,1551,1720,11084,1.204,0.328,0.497,0.546
466,104,Benoit Benjamin,807,21910,3588,7224,0.497,1,21,0.048,2046,2837,0.721,1459,4604,6063,1070,522,1581,1847,2292,9223,0.579,0.283,0.497,0.544
1211,129,Dino Radja,224,7308,1516,3052,0.497,0,3,0,701,954,0.735,497,1386,1883,356,201,282,495,745,3733,0.719,0.406,0.497,0.538
1929,1629052,Oshae Brissett,233,4073,504,1204,0.419,188,558,0.337,334,481,0.694,276,623,899,189,123,74,133,313,1530,1.421,0.925,0.497,0.54
739,76483,Pat Cummings,683,14516,2734,5506,0.497,0,16,0,1061,1440,0.737,1166,2659,3825,807,360,171,1152,2037,6529,0.701,0.313,0.497,0.532
420,2222,Gerald Wallace,832,24732,3516,7492,0.469,407,1303,0.312,2494,3517,0.709,1145,3693,4838,1725,1200,681,1486,1829,9933,1.161,0.808,0.496,0.549
917,77162,Ollie Johnson,690,14554,2235,4505,0.496,3,20,0.15,868,1049,0.827,599,1264,2280,1212,455,224,355,1503,5341,1.363,0.637,0.496,0.538
2501,1626184,Chasson Randle,119,1919,223,556,0.401,106,294,0.361,127,159,0.799,23,149,172,210,58,10,108,197,679,1.944,0.537,0.496,0.542
457,9,Sedale Threatt,951,22437,3914,8075,0.485,188,642,0.293,1311,1608,0.815,371,1338,1709,3613,1138,136,1296,2178,9327,2.788,0.878,0.496,0.531
722,935,Bryon Russell,841,19806,2274,5272,0.431,685,1856,0.369,1430,1906,0.75,752,2162,2914,1085,874,203,835,1984,6663,1.299,1.047,0.496,0.545
3023,201178,Kyrylo Fesenko,135,1107,125,252,0.496,0,2,0,55,134,0.41,97,172,269,40,19,53,66,224,305,0.606,0.288,0.496,0.49
1523,78423,Danny Vranes,510,10624,1056,2131,0.496,2,19,0.105,499,875,0.57,763,1235,1998,594,333,271,519,1368,2613,1.145,0.642,0.496,0.519
38,56,Gary Payton,1335,47117,8708,18698,0.466,1132,3570,0.317,3265,4480,0.729,1392,3877,5269,8966,2445,285,3030,3217,21813,2.959,0.807,0.496,0.528
2315,1641842,Ronald Holland II,124,2168,329,729,0.451,65,264,0.246,162,211,0.768,87,317,404,142,109,32,134,237,885,1.06,0.813,0.496,0.538
830,689,Theo Ratliff,810,20500,2207,4451,0.496,0,2,0,1395,1965,0.71,1543,3053,4596,465,393,1968,1001,2288,5809,0.465,0.393,0.496,0.546
2242,76656,Bob Elliott,141,2324,356,720,0.494,2,6,0.333,266,410,0.649,187,315,502,204,69,34,233,306,980,0.876,0.296,0.496,0.544
2054,201958,Rodrigue Beaubois,182,2896,502,1143,0.439,129,397,0.325,153,189,0.81,47,291,338,374,124,52,204,312,1286,1.833,0.608,0.496,0.524
1186,38,Brad Lohaus,656,10378,1542,3507,0.44,392,1086,0.361,378,516,0.733,483,1386,1869,714,307,503,555,1300,3854,1.286,0.553,0.496,0.516
521,428,Sherman Douglas,765,21146,3335,6886,0.484,154,576,0.267,1601,2361,0.678,558,1114,1672,4536,785,76,1761,1615,8425,2.576,0.446,0.495,0.532
33,2548,Dwyane Wade,1054,35777,8454,17617,0.48,549,1874,0.293,5708,7463,0.765,1258,3675,4933,5701,1620,885,3326,2328,23165,1.714,0.487,0.495,0.554
661,77071,Phil Hubbard,665,15863,2672,5394,0.495,1,26,0.038,1883,2667,0.706,1502,2036,3538,857,574,89,1310,2073,7228,0.654,0.438,0.495,0.55
1308,77754,Mike O'Koren,407,8810,1449,2960,0.49,35,129,0.271,422,648,0.651,489,902,1391,856,311,89,541,894,3355,1.582,0.575,0.495,0.517
1843,203094,Andrew Nicholson,285,4080,708,1517,0.467,87,271,0.321,197,255,0.773,188,669,857,126,74,95,212,458,1700,0.594,0.349,0.495,0.522
1250,76590,Leon Douglas,456,10111,1386,2798,0.495,0,1,0,815,1355,0.601,1045,1909,2954,479,210,325,660,1631,3587,0.623,0.252,0.495,0.528
134,1497,Chauncey Billups,1043,33008,4738,11413,0.415,1830,4725,0.387,4496,5029,0.894,480,2512,2992,5636,1051,168,2138,2169,15802,2.636,0.492,0.495,0.58
345,2045,Hedo Turkoglu,997,26700,3851,9034,0.426,1246,3246,0.384,2074,2645,0.784,647,3324,3971,2832,750,299,1578,2403,11022,1.795,0.475,0.495,0.54
1269,101131,Jason Maxiell,618,11379,1398,2823,0.495,0,5,0,685,1214,0.564,1048,1528,2576,266,230,490,487,1197,3481,0.546,0.472,0.495,0.518
616,2050,Morris Peterson,711,19371,2747,6567,0.418,1009,2702,0.373,1125,1456,0.773,569,1914,2483,1090,639,136,716,1606,7628,1.522,0.892,0.495,0.529
2483,76901,Petur Gudmundsson,150,2060,251,508,0.494,1,2,0.5,190,252,0.754,166,397,563,153,35,96,195,400,693,0.785,0.179,0.495,0.56
2145,1641730,Noah Clowney,112,2649,355,908,0.391,189,576,0.328,218,272,0.801,112,333,445,138,65,72,137,249,1117,1.007,0.474,0.495,0.543
37,17,Clyde Drexler,1086,37538,8335,17673,0.472,827,2603,0.318,4698,5962,0.788,2615,4062,6677,6125,2207,719,2977,3285,22195,2.057,0.741,0.495,0.547
2278,78348,Ray Tolbert,261,2789,396,800,0.495,0,6,0,136,250,0.544,221,388,609,135,71,100,210,418,928,0.643,0.338,0.495,0.51
163,229,James Edwards,1168,28356,5802,11724,0.495,1,21,0.048,3257,4666,0.698,1804,4200,6004,1499,420,867,1931,4042,14862,0.776,0.218,0.495,0.539
681,219,Vinny Del Negro,771,19205,2863,6031,0.475,243,677,0.359,1069,1273,0.84,284,1526,1810,2484,576,65,820,1466,7038,3.029,0.702,0.495,0.534
244,1885,Lamar Odom,961,32131,4811,10393,0.463,664,2126,0.312,2495,3599,0.693,1821,6238,8059,3554,848,892,2253,2916,12781,1.577,0.376,0.495,0.534
2338,101143,Travis Diener,179,2660,298,768,0.388,164,465,0.353,94,111,0.847,39,204,243,432,76,9,99,200,854,4.364,0.768,0.495,0.523
1249,1630560,Cam Thomas,236,5491,1253,2879,0.435,343,999,0.343,740,863,0.857,74,517,591,507,117,35,343,332,3589,1.478,0.341,0.495,0.551
2224,460,Trevor Ruffin,110,1870,347,845,0.411,142,383,0.371,175,220,0.795,29,126,155,317,57,4,196,184,1011,1.617,0.291,0.495,0.537
637,1899,James Posey,864,23263,2495,6091,0.41,1035,2967,0.349,1394,1701,0.82,755,3306,4061,1413,917,298,981,2330,7419,1.44,0.935,0.495,0.542
447,915,Rodney Rogers,866,21866,3608,7994,0.451,690,1986,0.347,1562,2264,0.69,1275,2606,3881,1722,868,451,1631,2678,9468,1.056,0.532,0.494,0.527
1323,355,Vincent Askew,467,9364,1215,2534,0.479,76,253,0.3,805,1068,0.754,400,776,1176,1017,304,106,503,972,3311,2.022,0.604,0.494,0.551
926,1477,Bruce Bowen,873,24053,1945,4761,0.409,818,2082,0.393,582,1013,0.575,469,1959,2428,1089,712,336,646,1930,5290,1.686,1.102,0.494,0.508
2206,1641733,Nick Smith Jr.,134,2398,388,981,0.396,194,520,0.373,63,72,0.875,33,185,218,231,35,15,139,158,1033,1.662,0.252,0.494,0.51
1567,2470,Smush Parker,274,7069,908,2129,0.426,289,838,0.345,364,514,0.708,119,540,659,791,336,44,496,606,2469,1.595,0.677,0.494,0.524
434,1802,Brad Miller,868,24537,3446,7174,0.48,201,610,0.33,2631,3273,0.804,1708,4491,6199,2470,639,592,1367,2383,9724,1.807,0.467,0.494,0.564
219,120,Steven Smith,942,28857,4609,10485,0.44,1148,3208,0.358,3064,3625,0.845,1112,1948,3060,2922,726,275,1714,2278,13430,1.705,0.424,0.494,0.556
1890,1628998,Cody Martin,263,5733,610,1404,0.434,168,550,0.305,212,322,0.658,253,722,975,582,260,106,246,407,1600,2.366,1.057,0.494,0.518
1635,2411,Bostjan Nachbar,317,5628,744,1834,0.406,325,867,0.375,439,560,0.784,126,710,836,283,135,84,280,698,2252,1.011,0.482,0.494,0.541
716,702,Voshon Lenard,565,15345,2444,5892,0.415,936,2437,0.384,921,1171,0.787,347,1262,1609,1180,424,131,748,1212,6745,1.578,0.567,0.494,0.526
526,1005,Walt Williams,708,18822,2978,7013,0.425,976,2575,0.379,1453,1956,0.743,764,2030,2794,1637,658,406,1321,2046,8385,1.239,0.498,0.494,0.532
155,64,Sam Perkins,1286,36598,5498,11984,0.459,849,2348,0.362,3479,4292,0.811,2324,5342,7666,1975,1105,933,1586,3177,15324,1.245,0.697,0.494,0.552
775,76154,Kent Benson,680,15719,2578,5224,0.493,7,34,0.206,1005,1327,0.757,1216,2665,3881,1203,605,586,1069,1935,6168,1.125,0.566,0.494,0.531
160,77615,Mike Mitchell,759,24537,6371,12912,0.493,19,88,0.216,2255,2894,0.779,1539,2707,4246,1010,530,400,1300,2012,15016,0.777,0.408,0.494,0.529
1138,359,Chucky Brown,694,11959,1712,3487,0.491,22,97,0.227,679,972,0.699,665,1483,2148,549,228,216,537,1177,4125,1.022,0.425,0.494,0.527
621,201564,O.J. Mayo,547,16919,2808,6547,0.429,854,2287,0.373,1104,1346,0.82,285,1421,1706,1607,559,141,1130,1239,7574,1.422,0.495,0.494,0.53
1229,204038,Langston Galloway,452,9840,1304,3286,0.397,639,1738,0.368,409,501,0.816,212,894,1106,732,304,64,269,704,3656,2.721,1.13,0.494,0.521
1459,1730,Brian Skinner,608,10910,1194,2419,0.494,2,6,0.333,486,858,0.566,919,1922,2841,288,256,532,519,1270,2876,0.555,0.493,0.494,0.514
1032,1731,Tyronn Lue,554,12568,1765,4039,0.437,460,1175,0.391,720,868,0.829,132,811,943,1727,286,10,659,1057,4710,2.621,0.434,0.494,0.533
2219,77178,Charles Jones,201,3009,365,740,0.493,1,9,0.111,284,465,0.611,269,489,758,206,98,108,234,313,1015,0.88,0.419,0.494,0.537
1119,2420,Nenad Krstic,419,10548,1724,3493,0.494,2,14,0.143,760,1041,0.73,772,1489,2261,346,162,286,497,1251,4210,0.696,0.326,0.494,0.533
613,1723,Matt Harpring,665,17591,2900,6033,0.481,158,474,0.333,1687,2239,0.753,1281,2085,3366,907,497,112,1000,1748,7645,0.907,0.497,0.494,0.545
709,101111,Charlie Villanueva,656,13578,2652,6097,0.435,716,2101,0.341,788,1021,0.772,795,2224,3019,549,329,349,650,1453,6808,0.845,0.506,0.494,0.52
1644,1513,Scot Pollard,506,8375,858,1738,0.494,0,2,0,506,714,0.709,901,1450,2351,220,299,352,304,1178,2222,0.724,0.984,0.494,0.541
2246,1628400,Semi Ojeleye,284,4111,331,862,0.384,189,549,0.344,124,173,0.717,145,468,613,126,76,19,93,300,975,1.355,0.817,0.494,0.52
1316,1908,Jumaine Jones,471,9782,1294,3052,0.424,425,1218,0.349,312,443,0.704,552,1435,1987,408,307,144,388,870,3325,1.052,0.791,0.494,0.512
937,77627,Eric Money,426,10827,2239,4536,0.494,0,0,0,733,980,0.748,338,556,894,1623,524,62,712,1148,5211,1.322,0.369,0.494,0.525
1141,2568,Carlos Delfino,507,11581,1472,3669,0.401,678,1856,0.365,493,650,0.758,287,1528,1815,887,461,88,509,827,4115,1.743,0.906,0.494,0.52
2580,1630550,JT Thor,185,2262,224,535,0.419,80,252,0.317,71,109,0.651,110,279,389,90,49,70,78,169,599,1.154,0.628,0.493,0.514
590,1628415,Dillon Brooks,533,15776,2896,6873,0.421,991,2800,0.354,1028,1268,0.811,408,1330,1738,1053,493,131,781,1763,7811,1.348,0.631,0.493,0.526
666,954,Kerry Kittles,507,16932,2779,6337,0.439,694,1838,0.378,913,1171,0.78,513,1470,1983,1295,811,221,621,893,7165,2.085,1.306,0.493,0.523
549,201156,Nick Young,720,16419,2894,6920,0.418,1039,2764,0.376,1367,1636,0.836,260,1167,1427,687,394,135,711,1316,8194,0.966,0.554,0.493,0.536
603,328,Rick Mahorn,1117,25778,3098,6286,0.493,5,38,0.132,1562,2218,0.704,1814,5143,6957,1082,633,1007,1456,3499,7763,0.743,0.435,0.493,0.535
791,203085,Austin Rivers,707,16858,2214,5289,0.419,789,2260,0.349,779,1193,0.653,222,1220,1442,1513,494,112,732,1479,5996,2.067,0.675,0.493,0.516
1192,77547,Billy McKinney,476,9189,1554,3154,0.493,3,48,0.063,712,868,0.82,134,543,677,1661,353,40,637,860,3823,2.608,0.554,0.493,0.541
367,2590,Mo Williams,818,23869,4051,9326,0.434,1094,2891,0.378,1563,1795,0.871,407,1857,2264,3990,721,121,1849,2005,10759,2.158,0.39,0.493,0.532
2142,1630592,Jalen Wilson,152,3113,371,929,0.399,174,518,0.336,203,251,0.809,126,313,439,207,61,11,112,247,1119,1.848,0.545,0.493,0.538
1140,1425,Aaron Williams,715,12001,1572,3190,0.493,1,16,0.063,975,1318,0.74,1016,1774,2790,485,282,539,663,1750,4120,0.732,0.425,0.493,0.546
587,2211,Troy Murphy,729,19921,2848,6400,0.445,613,1578,0.388,1551,1977,0.785,1373,4335,5708,1088,478,294,886,1890,7860,1.228,0.54,0.493,0.541
1889,116,David Wood,412,5546,567,1263,0.449,111,328,0.338,357,455,0.785,388,616,1004,291,164,76,236,933,1602,1.233,0.695,0.493,0.547
516,203506,Victor Oladipo,504,16248,3118,7152,0.436,814,2349,0.347,1453,1843,0.788,289,1956,2245,1970,805,230,1266,1202,8503,1.556,0.636,0.493,0.534
277,76867,Johnny Green,1057,24624,4973,10091,0.493,,,,2335,4226,0.553,,,9083,1449,,,,2856,12281,,,0.493,0.514
710,101126,Nate Robinson,618,13878,2458,5811,0.423,811,2255,0.36,1080,1357,0.796,385,1061,1446,1826,543,42,876,1482,6807,2.084,0.62,0.493,0.531
1723,694,Sam Mack,259,5030,713,1781,0.4,329,879,0.374,256,308,0.831,109,424,533,336,164,37,220,459,2011,1.527,0.745,0.493,0.525
990,101124,Hakim Warrick,526,10624,1776,3627,0.49,21,110,0.191,1374,1892,0.726,692,1425,2117,400,218,154,624,969,4947,0.641,0.349,0.493,0.555
1615,202713,Kyle Singler,356,7794,843,2015,0.418,299,826,0.362,341,434,0.786,317,709,1026,272,203,110,278,734,2326,0.978,0.73,0.493,0.527
2606,1642852,Derik Queen,48,1239,226,467,0.484,8,43,0.186,122,155,0.787,82,271,353,205,51,43,119,138,582,1.723,0.429,0.493,0.544
919,1000,Shandon Anderson,719,15944,1996,4366,0.457,307,972,0.316,1028,1392,0.739,583,1669,2252,1007,556,180,958,1437,5327,1.051,0.58,0.492,0.535
1855,203943,Noah Vonleh,362,5855,651,1417,0.459,93,303,0.307,290,419,0.692,488,1302,1790,264,139,144,278,645,1685,0.95,0.5,0.492,0.526
569,324,Anthony Peeler,827,20463,3101,7255,0.427,940,2445,0.384,875,1095,0.799,564,1572,2136,1956,775,138,1019,1670,8017,1.92,0.761,0.492,0.518
592,78,LaSalle Thompson,985,21236,3136,6376,0.492,4,26,0.154,1530,2075,0.737,2123,4566,6689,1139,741,972,1646,3143,7806,0.692,0.45,0.492,0.535
826,202709,Cory Joseph,866,18296,2228,5061,0.44,525,1501,0.35,847,1078,0.786,413,1681,2094,2517,626,183,850,1355,5828,2.961,0.736,0.492,0.526
428,389,Toni Kukoc,846,22215,3633,8127,0.447,731,2184,0.335,1813,2487,0.729,1016,2539,3555,3119,817,290,1544,1465,9810,2.02,0.529,0.492,0.532
1267,76616,Mike Dunleavy,438,8428,1311,2809,0.467,142,419,0.339,732,904,0.81,147,542,689,1723,329,25,713,1013,3496,2.338,0.443,0.492,0.545
988,246,Greg Anderson,680,14043,2011,4090,0.492,2,23,0.087,929,1668,0.557,1432,2814,4246,385,480,590,926,1741,4953,0.416,0.518,0.492,0.513
1597,146,Jud Buechler,720,8442,961,2221,0.433,263,718,0.366,200,316,0.633,431,835,1266,560,314,144,297,732,2385,1.886,1.057,0.492,0.505
1143,77136,Clemon Johnson,761,13310,1699,3454,0.492,0,5,0,704,1134,0.621,1276,2232,3508,744,349,715,767,1666,4102,0.97,0.455,0.492,0.519
778,200750,Brandon Roy,326,11561,2224,4849,0.459,322,925,0.348,1366,1707,0.8,347,1041,1388,1517,335,76,595,630,6136,2.55,0.563,0.492,0.548
1809,76005,Tom Abernethy,319,5434,724,1472,0.492,0,2,0,331,443,0.747,374,637,1011,384,185,60,129,525,1779,2.217,1.054,0.492,0.534
247,271,Johnny Newman,1159,28438,4456,9671,0.461,600,1786,0.336,3228,3984,0.81,950,1586,2536,1688,1064,246,1656,3199,12740,1.019,0.643,0.492,0.558
100,714,Michael Finley,1103,37995,6696,15095,0.444,1454,3880,0.375,2460,3032,0.811,1121,3683,4804,3245,996,323,1629,1812,17306,1.992,0.611,0.492,0.527
1158,2198,Kwame Brown,607,13387,1518,3088,0.492,1,9,0.111,998,1750,0.57,1085,2248,3333,554,324,376,771,1385,4035,0.719,0.42,0.492,0.523
107,255,Grant Hill,1026,34778,6345,13126,0.483,219,697,0.314,4228,5498,0.769,1176,4993,6169,4252,1248,576,2459,2377,17137,1.729,0.508,0.492,0.551
566,78133,Lonnie Shelton,673,18530,3416,6950,0.492,3,31,0.097,1214,1646,0.738,1415,2721,4136,1459,739,559,1284,2540,8049,1.02,0.478,0.492,0.524
90,200752,Rudy Gay,1120,34561,6670,14771,0.452,1186,3429,0.346,3116,3898,0.799,1447,4836,6283,2280,1231,798,2245,2524,17642,1.016,0.548,0.492,0.535
554,77756,Mark Olberding,865,21637,2824,5750,0.491,5,41,0.122,2492,3074,0.811,1238,3265,4503,2190,573,235,1509,2883,8145,1.372,0.341,0.492,0.573
1874,2137,Ime Udoka,316,5711,614,1471,0.417,218,612,0.356,189,268,0.705,219,707,926,308,208,54,221,528,1635,1.394,0.941,0.492,0.515
814,201149,Joakim Noah,672,18646,2248,4574,0.491,0,16,0,1385,1979,0.7,2141,3917,6058,1907,534,874,1133,1874,5881,1.683,0.471,0.491,0.54
612,77879,Paul Pressey,724,19659,2855,5890,0.485,79,356,0.222,1875,2503,0.749,901,1897,2798,3715,997,428,1700,2032,7664,2.185,0.586,0.491,0.548
1514,197,Scott Burrell,383,7596,971,2321,0.418,339,909,0.373,366,506,0.723,395,937,1332,527,341,180,337,865,2647,1.564,1.012,0.491,0.52
2667,1629740,Nicolo Melli,105,1608,182,464,0.392,92,291,0.316,73,98,0.745,67,235,302,126,48,26,58,182,529,2.172,0.828,0.491,0.522
1643,76543,Darren Daye,328,5208,849,1730,0.491,2,17,0.118,525,771,0.681,321,523,844,672,191,53,429,607,2225,1.566,0.445,0.491,0.538
2764,201986,Nando De Colo,119,1414,169,394,0.429,49,135,0.363,66,79,0.835,37,174,211,203,63,12,116,135,453,1.75,0.543,0.491,0.528
1210,1628984,Devonte' Graham,336,8359,1189,3202,0.371,767,2167,0.354,588,724,0.812,135,623,758,1448,258,53,470,428,3733,3.081,0.549,0.491,0.53
1168,76942,Bob Hansen,575,11104,1642,3512,0.468,165,511,0.323,503,760,0.662,408,874,1282,947,359,50,562,1199,3952,1.685,0.639,0.491,0.514
11,77449,Moses Malone,1329,45071,9435,19225,0.491,8,80,0.1,8531,11090,0.769,6731,9481,16212,1796,1089,1733,3804,3076,27409,0.449,0.269,0.491,0.569
2082,201858,Cartier Martin,243,3351,430,1098,0.392,218,586,0.372,151,207,0.729,88,375,463,121,97,27,128,317,1229,0.945,0.758,0.491,0.517
2993,320,Jamie Watson,102,1248,126,269,0.468,12,38,0.316,59,85,0.694,39,110,149,117,65,17,93,151,323,1.258,0.699,0.491,0.527
563,203915,Spencer Dinwiddie,621,17220,2625,6335,0.414,967,2900,0.333,1861,2337,0.796,254,1597,1851,3153,448,167,1007,1345,8078,3.131,0.445,0.491,0.549
892,77817,Billy Paultz,637,13630,2285,4657,0.491,0,1,0,862,1340,0.643,1008,2545,3553,1043,275,706,672,1399,5432,1.22,0.327,0.491,0.518
1270,1627739,Kris Dunn,453,10751,1409,3189,0.442,311,932,0.334,351,473,0.742,248,1241,1489,1758,669,179,694,1221,3480,2.533,0.964,0.491,0.512
2197,1631223,David Roddy,168,2846,402,954,0.421,132,437,0.302,108,159,0.679,116,372,488,174,70,39,136,199,1044,1.279,0.515,0.491,0.51
498,77081,Jay Humphries,788,23062,3502,7362,0.476,219,738,0.297,1549,1981,0.782,529,1474,2003,4339,1153,89,1533,2173,8772,2.83,0.752,0.491,0.533
581,258,Brian Grant,756,21420,3103,6332,0.49,6,28,0.214,1721,2306,0.746,1834,3788,5622,923,455,561,1235,2409,7933,0.747,0.368,0.491,0.54
802,201150,Spencer Hawes,684,15541,2451,5363,0.457,359,1026,0.35,671,937,0.716,991,2902,3893,1271,264,652,971,1709,5932,1.309,0.272,0.49,0.514
583,77384,Reggie Lewis,450,14676,3198,6550,0.488,27,135,0.2,1479,1794,0.824,577,1361,1938,1153,569,417,708,1268,7902,1.629,0.804,0.49,0.538
152,896,Tim Hardaway,867,30628,5640,13076,0.431,1542,4345,0.355,2551,3263,0.782,544,2311,2855,7095,1428,129,2481,2027,15373,2.86,0.576,0.49,0.53
472,722,Corliss Williamson,822,18745,3603,7355,0.49,6,44,0.136,1935,2710,0.714,1214,1969,3183,972,462,261,1316,2250,9147,0.739,0.351,0.49,0.535
564,202693,Markieff Morris,791,18460,3109,7015,0.443,659,1931,0.341,1199,1540,0.779,890,2957,3847,1221,594,380,1121,2041,8076,1.089,0.53,0.49,0.525
1873,76785,Bill Garnett,300,5260,572,1167,0.49,0,9,0,494,686,0.72,468,830,1298,393,159,173,332,832,1638,1.184,0.479,0.49,0.558
2424,308,Derrick Alston,139,2657,318,650,0.489,1,7,0.143,114,234,0.487,228,297,525,94,95,87,112,298,751,0.839,0.848,0.49,0.499
359,926,Alvin Robertson,779,24669,4412,9245,0.477,236,800,0.295,1822,2451,0.743,1621,2445,4066,3929,2112,323,2116,2638,10882,1.857,0.998,0.49,0.527
1869,77189,Major Jones,374,5063,678,1385,0.49,1,9,0.111,286,488,0.586,518,805,1323,215,133,169,367,623,1643,0.586,0.362,0.49,0.514
1126,2250,Bobby Simmons,466,11510,1551,3552,0.437,378,955,0.396,709,862,0.823,559,1232,1791,710,396,83,522,1153,4189,1.36,0.759,0.49,0.533
1950,2054,Jake Tsakalidis,315,5009,580,1184,0.49,0,1,0,337,513,0.657,436,802,1238,101,73,223,268,689,1497,0.377,0.272,0.49,0.531
965,1499,Tony Battie,837,17650,2143,4387,0.488,12,74,0.162,784,1137,0.69,1376,2911,4287,522,420,713,704,2203,5082,0.741,0.597,0.49,0.52
1696,376,Eric Montross,465,8478,891,1819,0.49,0,3,0,289,604,0.478,716,1443,2159,207,122,275,405,1270,2071,0.511,0.301,0.49,0.497
146,76750,Walt Frazier,825,30965,6130,12516,0.49,0,1,0,3321,4226,0.786,403,1523,4830,5040,681,63,139,2180,15581,1.791,0.662,0.49,0.542
913,2067,Eddie House,717,12405,2078,5077,0.409,817,2096,0.39,383,450,0.851,164,1059,1223,1112,470,58,569,927,5356,1.954,0.826,0.49,0.508
1624,203917,Nik Stauskas,343,6701,770,1981,0.389,400,1131,0.354,350,431,0.812,78,613,691,515,139,80,340,426,2290,1.515,0.409,0.49,0.527
2792,1631243,Mouhamed Gueye,85,1338,165,385,0.429,47,173,0.272,60,87,0.69,107,219,326,77,70,62,42,147,437,1.833,1.667,0.49,0.516
2259,1631246,Vince Williams Jr.,124,2687,326,818,0.399,149,469,0.318,154,191,0.806,111,415,526,372,88,56,187,255,955,1.989,0.471,0.49,0.529
154,431,Shawn Kemp,1051,29299,5505,11278,0.488,33,119,0.277,4304,5805,0.741,3026,5808,8834,1704,1185,1279,2766,3826,15347,0.616,0.428,0.49,0.555
2028,1630537,Chris Duarte,177,3232,483,1190,0.406,199,571,0.349,183,225,0.813,91,376,467,231,109,27,158,247,1348,1.462,0.69,0.489,0.523
471,77533,Jon McGlocklin,792,20930,4001,8174,0.489,,,,1167,1381,0.845,61,214,1928,2280,102,13,,1370,9169,,,0.489,0.522
733,2617,Udonis Haslem,879,21724,2669,5462,0.489,9,71,0.127,1239,1639,0.756,1615,4176,5791,733,424,252,810,2069,6586,0.905,0.523,0.489,0.533
62,698,Eddie Johnson,1199,32603,7727,16361,0.472,562,1679,0.335,3186,3792,0.84,1786,3046,4832,2550,739,180,2076,2962,19202,1.228,0.356,0.489,0.533
2309,202706,Jordan Hamilton,151,2100,342,839,0.408,137,384,0.357,69,103,0.67,89,340,429,127,73,34,102,144,890,1.245,0.716,0.489,0.503
1107,2586,Keith Bogans,671,14527,1482,3759,0.394,714,2020,0.353,579,809,0.716,391,1426,1817,866,429,68,574,1223,4257,1.509,0.747,0.489,0.517
1548,202338,Kevin Seraphin,423,6430,1134,2318,0.489,0,7,0,248,347,0.715,502,960,1462,246,88,304,449,903,2516,0.548,0.196,0.489,0.509
701,1088,Chucky Atkins,696,17305,2479,6022,0.412,934,2565,0.364,971,1258,0.772,194,992,1186,2396,465,36,1018,1284,6863,2.354,0.457,0.489,0.522
2876,2040,Jerome Moiso,145,1392,158,323,0.489,0,3,0,70,118,0.593,126,269,395,38,45,68,104,183,386,0.365,0.433,0.489,0.515
23,1713,Vince Carter,1541,46370,9293,21339,0.435,2290,6168,0.371,4852,6082,0.798,1658,4948,6606,4714,1530,888,2590,3995,25728,1.82,0.591,0.489,0.536
2672,1629109,Gary Clark,170,2240,177,504,0.351,139,427,0.326,31,37,0.838,117,314,431,84,52,62,44,148,524,1.909,1.182,0.489,0.504
1134,78481,Marvin Webster,579,12966,1575,3223,0.489,2,6,0.333,985,1597,0.617,1419,2625,4044,722,219,828,835,1445,4137,0.79,0.235,0.489,0.527
1104,76908,Matt Guokas,735,16603,1792,3665,0.489,,,,701,964,0.727,77,246,1446,2174,117,41,,1485,4285,,,0.489,0.524
250,288,Armen Gilliam,929,26427,4838,9895,0.489,0,17,0,3024,3896,0.776,2117,4284,6401,1088,676,607,1722,2009,12700,0.632,0.393,0.489,0.547
515,77246,Larry Kenon,503,15517,3564,7293,0.489,1,10,0.1,1406,1763,0.798,1362,2580,3942,1287,675,155,1101,1078,8535,0.961,0.461,0.489,0.529
545,2549,Chris Kaman,735,19642,3432,7023,0.489,1,24,0.042,1343,1808,0.743,1487,4095,5582,921,322,931,1544,1968,8208,0.597,0.209,0.489,0.525
2887,1630688,Ish Wainright,116,1337,132,355,0.372,83,252,0.329,35,45,0.778,75,132,207,69,62,29,37,174,382,1.865,1.676,0.489,0.51
407,201952,Jeff Teague,826,22164,3548,7984,0.444,708,1967,0.36,2257,2673,0.844,274,1715,1989,4585,936,277,1803,1542,10061,2.543,0.519,0.489,0.549
2056,1110,Mark Strickland,281,3417,539,1105,0.488,2,9,0.222,201,301,0.668,268,503,771,102,79,110,163,321,1281,0.626,0.485,0.489,0.518
215,1365,Xavier McDaniel,870,25204,5673,11685,0.485,74,283,0.261,2186,3046,0.718,2082,3231,5313,1775,791,416,1887,2557,13606,0.941,0.419,0.489,0.522
940,1631094,Paolo Banchero,233,8004,1785,3991,0.447,330,1042,0.317,1288,1753,0.735,256,1443,1699,1090,190,136,683,483,5188,1.596,0.278,0.489,0.545
83,77074,Lou Hudson,890,29794,7392,15129,0.489,,,,3156,3960,0.797,436,718,3926,2432,516,98,249,2439,17940,1.341,0.61,0.489,0.532
1026,202362,Lance Stephenson,554,12680,1885,4240,0.445,373,1189,0.314,595,857,0.694,344,1907,2251,1621,357,76,908,1086,4738,1.785,0.393,0.489,0.513
1813,200761,Shawne Williams,314,5368,650,1612,0.403,275,812,0.339,194,257,0.755,247,698,945,220,127,156,197,656,1769,1.117,0.645,0.489,0.513
1048,77130,Buck Johnson,505,11849,1922,3942,0.488,7,62,0.113,766,1038,0.738,623,1137,1760,856,404,252,664,1403,4617,1.289,0.608,0.488,0.525
533,202692,Alec Burks,791,17577,2756,6641,0.415,975,2525,0.386,1859,2309,0.805,428,2214,2642,1521,532,159,903,1394,8346,1.684,0.589,0.488,0.545
772,77235,Rich Kelley,814,17711,2166,4435,0.488,0,10,0,1867,2384,0.783,1872,3806,5678,2092,694,749,1576,2613,6199,1.097,0.379,0.488,0.565
1354,77733,Willie Norwood,430,7341,1218,2494,0.488,,,,773,1109,0.697,393,564,1597,364,218,22,56,1049,3209,0.589,0.554,0.488,0.538
102,788,Kevin Willis,1424,38360,7095,14572,0.487,40,190,0.211,3023,4238,0.713,4132,7769,11901,1328,958,751,2520,4172,17253,0.527,0.38,0.488,0.525
1991,202341,James Anderson,247,4320,525,1276,0.411,196,611,0.321,176,233,0.755,108,452,560,291,121,55,216,292,1422,1.347,0.56,0.488,0.516
714,244,Dee Brown,608,16844,2540,5822,0.436,605,1697,0.357,1073,1300,0.825,319,1250,1569,2227,800,205,905,1264,6758,2.461,0.884,0.488,0.528
682,182,Billy Owens,600,17615,2873,5969,0.481,82,282,0.291,1198,1904,0.629,1449,2567,4016,1704,569,321,1310,1761,7026,1.301,0.434,0.488,0.516
310,78213,Dick Snyder,964,25676,4890,10019,0.488,,,,1975,2398,0.824,248,740,2732,2767,300,157,84,2453,11755,1.417,0.44,0.488,0.531
1358,2294,Charlie Bell,376,9366,1192,2891,0.412,438,1213,0.361,382,497,0.769,180,634,814,857,303,31,362,750,3204,2.367,0.837,0.488,0.515
179,202689,Kemba Walker,750,24810,4999,11954,0.418,1670,4642,0.36,2818,3354,0.84,418,2413,2831,3938,923,282,1574,1111,14486,2.502,0.586,0.488,0.539
1914,76499,Lou Dampier,232,4431,692,1418,0.488,,,,169,226,0.748,61,200,261,643,171,36,134,219,1553,3.052,0.91,0.488,0.512
1510,1628365,Markelle Fultz,255,6123,1124,2389,0.47,83,296,0.28,325,444,0.732,218,599,817,1111,286,70,451,464,2656,2.463,0.634,0.488,0.514
933,2733,Shaun Livingston,833,17188,2149,4419,0.486,13,73,0.178,920,1159,0.794,491,1498,1989,2483,586,311,1034,1498,5231,2.401,0.567,0.488,0.531
1794,2063,Jake Voskuhl,450,6439,673,1381,0.487,1,3,0.333,467,654,0.714,562,977,1539,237,148,166,340,1166,1814,0.697,0.435,0.488,0.544
2748,76447,Hollis Copeland,93,1260,198,406,0.488,0,2,0,68,92,0.739,73,88,161,89,65,27,88,173,464,1.011,0.739,0.488,0.52
1171,2768,Chris Duhon,606,15527,1353,3440,0.393,649,1788,0.363,591,754,0.784,200,1164,1364,2690,471,36,925,965,3946,2.908,0.509,0.488,0.523
289,77721,Norm Nixon,768,27250,5219,10805,0.483,100,340,0.294,1527,1978,0.772,473,1518,1991,6386,1187,71,2368,1983,12065,2.697,0.501,0.488,0.517
2971,1631321,Sidy Cissoko,77,1182,114,283,0.403,48,163,0.294,59,88,0.67,54,87,141,84,38,17,60,143,335,1.4,0.633,0.488,0.521
1746,1627789,Timothe Luwawu-Cabarrot,328,5254,648,1657,0.391,320,956,0.335,321,387,0.829,124,532,656,293,132,42,232,605,1937,1.263,0.569,0.488,0.53
2996,201972,Jon Brockman,150,1570,118,242,0.488,0,1,0,84,136,0.618,212,260,472,49,33,9,57,267,320,0.86,0.579,0.488,0.53
760,201166,Aaron Brooks,645,13439,2261,5478,0.413,820,2218,0.37,917,1095,0.837,254,825,1079,1925,359,87,1000,1217,6259,1.925,0.359,0.488,0.525
1425,77239,Greg Kelser,305,6030,1097,2255,0.486,5,30,0.167,762,1110,0.686,609,793,1402,411,239,150,658,904,2961,0.625,0.363,0.488,0.54
899,203145,Kent Bazemore,657,13547,1929,4668,0.413,694,1947,0.356,862,1190,0.724,237,1835,2072,1154,658,309,905,1338,5414,1.275,0.727,0.488,0.521
1947,76094,Ken Bannister,253,3867,586,1202,0.488,0,4,0,329,669,0.492,276,617,893,111,109,80,347,669,1501,0.32,0.314,0.488,0.502
105,185,Chris Webber,831,30852,7192,15024,0.479,264,883,0.299,2534,3906,0.649,2271,5853,8124,3526,1197,1200,2313,2700,17182,1.524,0.518,0.487,0.513
224,1733,Al Harrington,981,28003,5028,11318,0.444,977,2778,0.352,2204,3030,0.727,1495,3987,5482,1649,858,246,1838,3069,13237,0.897,0.467,0.487,0.523
598,76993,Gerald Henderson,871,18856,3079,6526,0.472,203,611,0.332,1412,1820,0.776,526,927,1453,3141,939,99,1561,1918,7773,2.012,0.602,0.487,0.53
1058,202066,Garrett Temple,783,15495,1636,4097,0.399,721,2110,0.342,593,797,0.744,318,1397,1715,1264,613,242,671,1366,4586,1.884,0.914,0.487,0.516
1431,194,Anthony Bowie,461,8349,1247,2628,0.475,67,211,0.318,384,466,0.824,299,722,1021,840,288,106,478,711,2945,1.757,0.603,0.487,0.52
680,78055,Ralph Sampson,456,13591,2924,6012,0.486,10,58,0.172,1181,1786,0.661,1174,2837,4011,1038,390,752,1363,1590,7039,0.762,0.286,0.487,0.518
294,1749,Cuttino Mobley,747,27619,4319,9979,0.433,1085,2867,0.378,2241,2684,0.835,543,2359,2902,2015,878,313,1520,1710,11964,1.326,0.578,0.487,0.536
2892,203133,Robbie Hummel,98,1397,146,349,0.418,48,140,0.343,39,45,0.867,66,200,266,50,32,11,28,143,379,1.786,1.143,0.487,0.514
1246,77719,Kurt Nimphius,564,11441,1451,2981,0.487,2,20,0.1,698,1045,0.668,883,1591,2474,681,191,696,559,1631,3602,1.218,0.342,0.487,0.523
302,452,Vin Baker,791,25734,4692,9675,0.485,39,181,0.215,2416,3787,0.638,2263,3604,5867,1509,582,798,1756,2560,11839,0.859,0.331,0.487,0.522
1302,77944,Kevin Restani,550,10114,1522,3134,0.486,8,39,0.205,334,466,0.717,756,1450,2206,747,221,111,330,966,3386,1.345,0.352,0.487,0.507
1900,202705,MarShon Brooks,200,3456,613,1371,0.447,109,316,0.345,257,342,0.751,132,292,424,282,120,42,248,269,1592,1.137,0.484,0.487,0.523
1960,77215,Jeff Judkins,272,3421,596,1248,0.478,23,73,0.315,267,329,0.812,163,264,427,282,147,26,214,431,1482,1.318,0.687,0.487,0.532
2670,1629103,Kelan Martin,96,1268,203,490,0.414,71,231,0.307,48,54,0.889,47,182,229,61,30,28,50,122,525,1.22,0.6,0.487,0.511
1881,203930,Sean Kilpatrick,157,3082,545,1319,0.413,194,579,0.335,332,385,0.862,40,389,429,236,73,13,206,191,1616,1.146,0.354,0.487,0.543
21,201942,DeMar DeRozan,1235,42827,9392,19964,0.47,650,2151,0.302,6776,8039,0.843,859,4505,5364,5054,1233,404,2435,2762,26210,2.076,0.506,0.487,0.558
103,117,Jeff Malone,905,29660,7099,14674,0.484,86,321,0.268,2947,3383,0.871,572,1792,2364,2154,577,100,1538,1695,17231,1.401,0.375,0.487,0.533
272,76890,Darrell Griffith,765,21403,5237,11305,0.463,530,1596,0.332,1387,1961,0.707,780,1739,2519,1627,931,242,1632,1689,12391,0.997,0.57,0.487,0.509
623,201563,Michael Beasley,609,13903,3088,6644,0.465,291,835,0.349,1101,1450,0.759,664,2197,2861,788,345,314,1025,1294,7568,0.769,0.337,0.487,0.52
1219,273,Duane Ferrell,583,8733,1420,2961,0.48,42,146,0.288,822,1096,0.75,552,580,1132,509,302,105,509,902,3704,1,0.593,0.487,0.538
458,2030,Kenyon Martin,757,23138,3875,8031,0.483,66,282,0.234,1509,2398,0.629,1312,3847,5159,1439,893,864,1318,2498,9325,1.092,0.678,0.487,0.513
723,2754,Tony Allen,820,18053,2588,5447,0.475,125,444,0.282,1353,1909,0.709,1021,1863,2884,1077,1158,337,1118,1947,6654,0.963,1.036,0.487,0.529
2432,76024,Steve Alford,169,1641,291,634,0.459,35,108,0.324,127,146,0.87,25,119,144,176,85,10,89,113,744,1.978,0.955,0.487,0.533
1390,2756,Sasha Vujacic,581,8908,1075,2757,0.39,533,1451,0.367,411,479,0.858,205,888,1093,748,336,34,328,880,3094,2.28,1.024,0.487,0.521
859,76130,Butch Beard,605,14283,2187,4495,0.487,,,,1248,1619,0.771,482,970,2042,2189,499,36,164,1581,5622,2.183,0.756,0.487,0.54
1948,76842,Paul Graham,179,3354,582,1299,0.448,100,295,0.339,235,318,0.739,137,296,433,352,186,32,216,389,1499,1.63,0.861,0.487,0.521
485,703,Kurt Thomas,1110,27160,3836,7894,0.486,9,32,0.281,1292,1701,0.76,1922,5406,7328,1204,724,841,1241,3579,8973,0.97,0.583,0.487,0.519
1377,78440,Kenny Walker,448,9050,1240,2556,0.485,7,34,0.206,641,856,0.749,742,1051,1793,299,235,299,351,1184,3128,0.852,0.67,0.487,0.533
2345,78102,Carey Scurry,180,2376,320,666,0.48,8,33,0.242,199,299,0.666,224,300,524,192,182,143,195,376,847,0.985,0.933,0.486,0.531
2248,1642268,Isaiah Collier,110,2753,366,814,0.45,60,224,0.268,179,265,0.675,49,282,331,707,93,29,297,239,971,2.38,0.313,0.486,0.522
371,358,Anfernee Hardaway,704,23713,3995,8731,0.458,503,1591,0.316,2191,2831,0.774,975,2171,3146,3525,1125,312,1786,1562,10684,1.974,0.63,0.486,0.535
1148,76266,Michael Brooks,319,9372,1673,3445,0.486,5,33,0.152,735,1029,0.714,826,1175,2001,818,387,124,638,981,4086,1.282,0.607,0.486,0.524
1227,1921,Gordan Giricek,384,8824,1424,3225,0.442,289,786,0.368,533,648,0.823,167,774,941,584,222,47,517,749,3670,1.13,0.429,0.486,0.523
1301,77839,Jim Petersen,491,9802,1371,2821,0.486,2,28,0.071,653,901,0.725,766,1588,2354,487,213,363,662,1354,3397,0.736,0.322,0.486,0.528
827,1737,Nazr Mohammed,1005,15891,2402,4939,0.486,0,8,0,1023,1599,0.64,1808,2900,4708,375,432,639,919,2156,5827,0.408,0.47,0.486,0.516
1750,1630544,Tre Mann,210,4341,727,1791,0.406,288,832,0.346,187,236,0.792,103,478,581,481,159,33,263,325,1929,1.829,0.605,0.486,0.509
1942,1642259,Alex Sarr,103,2842,582,1342,0.434,141,446,0.316,201,290,0.693,205,499,704,260,73,180,177,217,1506,1.469,0.412,0.486,0.512
2786,1629067,Isaac Bonga,143,1871,156,361,0.432,39,130,0.3,88,116,0.759,102,218,320,118,73,37,88,238,439,1.341,0.83,0.486,0.533
584,200745,Andrea Bargnani,550,15806,2932,6676,0.439,627,1771,0.354,1382,1677,0.824,530,2011,2541,653,207,470,851,1338,7873,0.767,0.243,0.486,0.531
1415,201962,Toney Douglas,394,7511,1093,2705,0.404,444,1256,0.354,379,460,0.824,213,662,875,889,349,30,410,775,3009,2.168,0.851,0.486,0.517
2266,76395,Bob Christian,246,3012,346,712,0.486,,,,250,355,0.704,85,254,1002,203,19,32,,497,942,,,0.486,0.543
1265,731,Greg Ostertag,756,14751,1339,2757,0.486,1,10,0.1,833,1465,0.569,1475,2670,4145,443,189,1293,684,1873,3512,0.648,0.276,0.486,0.516
2436,1667,Steve Henson,238,2282,254,631,0.403,105,243,0.432,126,145,0.869,46,130,176,465,88,2,175,283,739,2.657,0.503,0.486,0.532
340,363,Christian Laettner,868,25754,4036,8405,0.48,92,353,0.261,2957,3604,0.82,1621,4185,5806,2224,917,675,1932,2768,11121,1.151,0.475,0.486,0.557
2415,1627775,Patrick McCaw,199,3373,292,696,0.42,92,302,0.305,84,107,0.785,64,255,319,270,139,31,123,233,760,2.195,1.13,0.486,0.511
1883,77531,Bill McGill,158,2507,658,1355,0.486,,,,297,418,0.711,,,611,168,,,,367,1613,,,0.486,0.524
921,78257,Steve Stipanovich,403,12591,2015,4160,0.484,10,56,0.179,1283,1611,0.796,771,2360,3131,938,415,380,777,1435,5323,1.207,0.534,0.486,0.547
1924,1744,Jerome James,358,4774,650,1339,0.485,0,2,0,240,389,0.617,393,706,1099,118,92,384,403,989,1540,0.293,0.228,0.485,0.51
2577,1917,Wang Zhi-zhi,137,1250,213,511,0.417,70,182,0.385,108,147,0.735,56,175,231,39,25,35,68,155,604,0.574,0.368,0.485,0.525
740,767,Terry Catledge,515,13541,2576,5311,0.485,3,32,0.094,1365,2087,0.654,1479,1835,3314,459,285,99,886,1285,6520,0.518,0.322,0.485,0.523
724,101,Scott Skiles,600,16789,2290,5259,0.435,524,1381,0.379,1548,1741,0.889,275,1251,1526,3881,500,29,1497,1343,6652,2.593,0.334,0.485,0.552
969,78150,James Silas,357,8633,1810,3730,0.485,0,11,0,1440,1690,0.852,161,584,745,1215,252,56,687,724,5060,1.696,0.348,0.485,0.566
51,1712,Antawn Jamison,1083,37638,7679,17024,0.451,1163,3365,0.346,3521,4860,0.724,2557,5600,8157,1761,1048,421,1714,2580,20042,1.027,0.611,0.485,0.523
2869,154,Adrian Caldwell,197,1605,164,338,0.485,0,3,0,62,137,0.453,180,316,496,33,56,41,126,270,390,0.262,0.444,0.485,0.49
58,187,Terry Cummings,1183,33895,8045,16628,0.484,44,149,0.295,3326,4711,0.706,3183,5447,8630,2190,1255,650,2200,3836,19460,0.995,0.57,0.485,0.52
10,2546,Carmelo Anthony,1260,43513,10119,22643,0.447,1731,4873,0.355,6320,7764,0.814,1983,5825,7808,3422,1223,644,3052,3543,28289,1.121,0.401,0.485,0.543
1423,76418,Don Collins,303,6134,1235,2548,0.485,2,29,0.069,511,682,0.749,429,408,837,546,332,98,548,755,2983,0.996,0.606,0.485,0.524
871,202391,Jeremy Lin,480,12218,1885,4349,0.433,449,1313,0.342,1348,1666,0.809,197,1141,1338,2042,519,175,1085,1060,5567,1.882,0.478,0.485,0.548
1759,65,Greg Minor,277,5145,794,1662,0.478,24,106,0.226,290,378,0.767,258,483,741,384,156,46,225,464,1902,1.707,0.693,0.485,0.52
222,2736,Luol Deng,902,30942,5130,11257,0.456,658,1982,0.332,2443,3175,0.769,1462,4006,5468,2042,880,444,1459,1499,13361,1.4,0.603,0.485,0.528
300,78482,Scott Wedman,906,25927,5153,10713,0.481,84,251,0.335,1526,1923,0.794,1502,2853,4355,1771,846,301,883,2549,11916,1.377,0.636,0.485,0.515
327,78025,Dan Roundfield,746,23443,4289,8852,0.485,7,61,0.115,2733,3702,0.738,2445,4798,7243,1620,664,1117,1806,2561,11318,0.859,0.334,0.485,0.54
638,200826,J.J. Barea,831,16287,2832,6685,0.424,819,2330,0.352,932,1174,0.794,253,1495,1748,3270,331,24,1264,1168,7415,2.587,0.262,0.485,0.515
190,299,Glenn Robinson,688,25342,5571,12129,0.459,620,1823,0.34,2472,3016,0.82,1027,3162,4189,1879,826,389,2147,1847,14234,0.875,0.385,0.485,0.529
2767,76589,John Douglas,67,1043,182,395,0.461,19,61,0.311,69,104,0.663,27,64,91,147,48,9,92,147,452,1.598,0.522,0.485,0.513
1373,76355,Butch Carter,361,6814,1290,2717,0.475,54,176,0.307,503,638,0.788,234,312,546,683,321,43,479,792,3137,1.426,0.67,0.485,0.523
1010,77696,Lloyd Neal,435,11015,1981,4087,0.485,,,,884,1316,0.672,686,1717,3370,632,178,324,102,1271,4846,0.804,0.284,0.485,0.519
840,76971,Steve Hawes,688,15831,2337,4836,0.483,14,47,0.298,1080,1367,0.79,1232,3040,4272,1288,518,314,821,1886,5768,1.245,0.49,0.485,0.53
1810,200760,Rodney Carney,299,4600,675,1599,0.422,200,591,0.338,228,324,0.704,164,424,588,132,159,100,157,420,1778,0.841,1.013,0.485,0.51
2260,101189,James Singleton,243,3252,362,783,0.462,35,120,0.292,195,234,0.833,321,589,910,109,97,117,140,390,954,0.779,0.693,0.485,0.538
493,78390,Terry Tyler,871,21742,3831,7915,0.484,10,82,0.122,1196,1702,0.703,1609,3066,4675,1039,801,1342,1140,1937,8868,0.911,0.703,0.485,0.512
280,203471,Dennis Schröder,881,24025,4458,10346,0.431,1112,3253,0.342,2189,2622,0.835,372,2176,2548,4303,724,126,1961,1815,12217,2.194,0.369,0.485,0.531
1088,77087,Geoff Huston,496,12252,1836,3805,0.483,16,63,0.254,692,978,0.708,201,483,684,2509,331,32,899,844,4380,2.791,0.368,0.485,0.517
618,76453,Dave Corzine,891,20772,3097,6401,0.484,10,53,0.189,1411,1889,0.747,1747,3515,5262,1477,369,848,1340,1935,7615,1.102,0.275,0.485,0.526
15,600015,Oscar Robertson,1040,43886,9508,19620,0.485,,,,7694,9185,0.838,71,208,7804,9887,77,4,,2931,26710,,,0.485,0.564
1938,2552,Michael Sweetney,233,3611,564,1164,0.485,0,2,0,388,563,0.689,400,645,1045,145,73,107,277,569,1516,0.523,0.264,0.485,0.537
2617,77061,Wilmer Hosket,143,1395,235,485,0.485,,,,103,144,0.715,,,355,94,,,,219,573,,,0.485,0.522
3081,1642883,Sion James,47,1167,86,226,0.381,47,134,0.351,64,74,0.865,26,134,160,94,27,17,39,84,283,2.41,0.692,0.485,0.547
1683,2035,DerMarr Johnson,344,5930,770,1872,0.411,274,815,0.336,307,389,0.789,192,577,769,304,198,149,349,598,2121,0.871,0.567,0.485,0.519
451,375,Isaiah Rider,563,17854,3583,8085,0.443,667,1896,0.352,1572,1935,0.812,676,1490,2166,1535,367,136,1425,1327,9405,1.077,0.258,0.484,0.526
1260,78293,Roy Tarpley,280,7476,1457,3014,0.483,6,34,0.176,613,824,0.744,964,1839,2803,292,317,329,557,950,3533,0.524,0.569,0.484,0.523
997,101155,Ryan Gomes,487,13463,1891,4249,0.445,334,956,0.349,810,1014,0.799,617,1622,2239,712,351,78,550,942,4926,1.295,0.638,0.484,0.525
607,109,Robert Horry,1107,27069,2820,6643,0.425,795,2329,0.341,1280,1762,0.726,1644,3625,5269,2343,1158,1035,1378,2680,7715,1.7,0.84,0.484,0.52
1096,201228,C.J. Watson,600,12094,1516,3617,0.419,471,1263,0.373,841,1036,0.812,218,938,1156,1485,559,67,650,894,4344,2.285,0.86,0.484,0.533
1003,77873,Ben Poquette,718,15763,1975,4092,0.483,13,59,0.22,936,1202,0.779,1061,2670,3731,872,384,794,686,1989,4899,1.271,0.56,0.484,0.53
1309,280,Felton Spencer,640,12300,1194,2466,0.484,0,1,0,966,1469,0.658,1313,2123,3436,213,248,534,667,2116,3354,0.319,0.372,0.484,0.539
1231,77484,Wes Matthews,465,9305,1463,3059,0.478,36,160,0.225,692,878,0.788,172,454,626,1955,444,81,963,964,3654,2.03,0.461,0.484,0.53
742,28,Doug West,676,16654,2631,5473,0.481,37,194,0.191,1178,1470,0.801,532,1138,1670,1292,459,189,823,1862,6477,1.57,0.558,0.484,0.529
1978,1073,Reggie Slater,259,3511,502,1037,0.484,0,2,0,446,709,0.629,336,432,768,145,91,56,244,503,1450,0.594,0.373,0.484,0.537
412,938,Rony Seikaly,678,21395,3647,7540,0.484,6,32,0.188,2691,3961,0.679,2142,4282,6424,860,453,872,1913,2341,9991,0.45,0.237,0.484,0.538
362,202704,Reggie Jackson,884,21859,4063,9603,0.423,1171,3395,0.345,1548,1813,0.854,433,2030,2463,3606,593,110,1563,1677,10845,2.307,0.379,0.484,0.521
2522,964,Roy Rogers,137,2312,288,596,0.483,1,2,0.5,75,141,0.532,180,303,483,57,26,209,101,268,652,0.564,0.257,0.484,0.495
150,76500,Bob Dandridge,839,29502,6445,13317,0.484,2,12,0.167,2638,3382,0.78,908,2337,5715,2846,661,303,630,2940,15530,1.433,0.352,0.484,0.524
2288,1627782,Wayne Selden,127,2385,338,814,0.415,112,326,0.344,127,177,0.718,54,199,253,189,57,19,145,209,915,1.303,0.393,0.484,0.513
1984,202690,Jimmer Fredette,241,3213,524,1282,0.409,193,519,0.372,197,224,0.879,53,190,243,331,94,11,223,222,1438,1.484,0.422,0.484,0.521
1681,203613,Jonathon Simmons,258,5298,786,1774,0.443,145,457,0.317,425,562,0.756,124,497,621,483,158,61,343,513,2142,1.408,0.461,0.484,0.53
1587,101187,Alan Anderson,330,6793,843,2084,0.405,331,963,0.344,404,495,0.816,151,563,714,371,182,31,290,602,2421,1.279,0.628,0.484,0.526
2077,1629643,Chuma Okeke,198,4028,454,1173,0.387,227,708,0.321,107,136,0.787,154,597,751,291,178,86,131,207,1242,2.221,1.359,0.484,0.504
931,76085,James Bailey,595,11625,2045,4228,0.484,1,13,0.077,1155,1644,0.703,1010,1978,2988,488,305,521,1057,1978,5246,0.462,0.289,0.484,0.53
944,78059,Mike Sanders,648,12391,2167,4499,0.482,19,86,0.221,809,1052,0.769,680,1247,1927,880,464,206,731,1675,5162,1.204,0.635,0.484,0.52
818,2229,Mike James,595,14363,2139,5132,0.417,687,1813,0.379,898,1120,0.802,212,1112,1324,2075,458,38,895,1201,5863,2.318,0.512,0.484,0.521
1109,1630175,Cole Anthony,352,8417,1508,3589,0.42,456,1326,0.344,766,911,0.841,240,1212,1452,1335,241,145,658,820,4238,2.029,0.366,0.484,0.531
866,201578,Marreese Speights,705,10640,2181,4750,0.459,232,651,0.356,998,1252,0.797,947,1928,2875,461,189,356,614,1564,5592,0.751,0.308,0.484,0.527
376,2734,Devin Harris,985,23961,3486,8072,0.432,832,2558,0.325,2793,3507,0.796,290,1861,2151,3869,998,194,1682,2171,10597,2.3,0.593,0.483,0.551
782,2446,Rasual Butler,809,17220,2293,5686,0.403,911,2520,0.362,595,796,0.747,297,1637,1934,658,288,408,528,1132,6092,1.246,0.545,0.483,0.505
1876,1593,Charles Shackleford,303,4614,698,1444,0.483,0,5,0,229,350,0.654,497,951,1448,170,119,148,276,664,1625,0.616,0.431,0.483,0.508
2274,101180,Sarunas Jasikevicius,138,2530,298,751,0.397,130,366,0.355,207,228,0.908,34,188,222,399,66,5,206,183,933,1.937,0.32,0.483,0.548
1656,76121,Billyray Bates,187,3328,893,1885,0.474,36,119,0.303,375,471,0.796,148,165,313,352,151,16,274,265,2197,1.285,0.551,0.483,0.525
1208,43,Chris Whitney,579,10049,1227,3110,0.395,552,1528,0.361,732,837,0.875,97,718,815,1613,351,32,619,984,3738,2.606,0.567,0.483,0.537
978,78245,Larry Steele,610,14777,2020,4180,0.483,0,4,0,969,1218,0.796,428,917,1781,1719,846,96,195,1832,5009,1.518,0.81,0.483,0.531
1183,78279,Jon Sundvold,502,8811,1647,3642,0.452,226,576,0.392,366,431,0.849,132,422,554,1469,220,5,560,601,3886,2.623,0.393,0.483,0.507
368,923,Donyell Marshall,957,25030,4096,9410,0.435,902,2578,0.35,1622,2219,0.731,1898,4478,6376,1305,790,848,1292,2173,10716,1.01,0.611,0.483,0.516
257,201565,Derrick Rose,723,22054,4921,10798,0.456,590,1866,0.316,2141,2575,0.831,553,1771,2324,3770,536,242,1746,887,12573,2.159,0.307,0.483,0.527
291,77993,Truck Robinson,772,25141,4816,9971,0.483,1,1,1,2355,3556,0.662,1985,5282,7267,1348,533,510,1592,2253,11988,0.661,0.244,0.483,0.52
2469,203544,Pero Antic,113,1962,231,590,0.392,108,344,0.314,138,189,0.73,115,283,398,107,37,26,104,258,708,1.029,0.356,0.483,0.526
2217,78421,Alexander Volkov,149,2453,388,853,0.455,48,144,0.333,195,318,0.613,155,229,384,333,102,52,154,344,1019,2.162,0.662,0.483,0.513
808,77553,Tom McMillen,729,14770,2420,5014,0.483,3,23,0.13,1071,1329,0.806,957,1956,2913,788,198,190,693,1740,5914,0.941,0.26,0.483,0.528
614,77876,Kevin Porter,659,19107,3194,6617,0.483,3,16,0.188,1254,1701,0.737,353,754,1179,5314,830,72,1133,2251,7645,2.801,0.406,0.483,0.519
536,2422,John Salmons,895,23672,3007,6979,0.431,726,1986,0.366,1552,1942,0.799,435,2168,2603,2183,756,239,1185,1667,8292,1.842,0.638,0.483,0.529
1287,386,Elliot Perry,549,9503,1353,2945,0.459,138,384,0.359,605,773,0.783,185,557,742,1699,574,20,780,707,3449,2.178,0.736,0.483,0.525
329,2419,Tayshaun Prince,1017,31576,4583,10082,0.455,569,1550,0.367,1537,2033,0.756,1125,3207,4332,2407,571,500,1064,1251,11272,2.262,0.537,0.483,0.513
2161,200809,Chris Quinn,241,3303,381,956,0.399,161,427,0.377,169,209,0.809,30,236,266,455,102,8,137,249,1092,3.321,0.745,0.483,0.521
2066,101136,Salim Stoudamire,157,2672,446,1097,0.407,167,456,0.366,201,228,0.882,22,192,214,164,55,10,158,240,1260,1.038,0.348,0.483,0.526
456,200765,Rajon Rondo,957,28570,3886,8516,0.456,449,1384,0.324,1116,1826,0.611,910,3439,4349,7584,1518,125,2586,1997,9337,2.933,0.587,0.483,0.501
1337,1722,Michael Dickerson,212,7492,1219,2824,0.432,288,717,0.402,531,677,0.784,178,431,609,553,213,85,407,551,3257,1.359,0.523,0.483,0.522
1582,76019,Mark Alarie,325,5500,1037,2184,0.475,34,135,0.252,324,418,0.775,438,682,1120,363,132,109,309,712,2432,1.175,0.427,0.483,0.514
1770,173,Keith Askins,486,7979,677,1688,0.401,275,774,0.355,223,311,0.717,525,903,1428,375,278,170,321,1094,1852,1.168,0.866,0.483,0.507
82,77669,Calvin Murphy,1002,30607,7247,15030,0.482,10,72,0.139,3445,3864,0.892,499,952,2103,4402,1165,51,822,3250,17949,1.766,0.712,0.483,0.536
1688,2073,Brian Cardinal,456,6476,664,1628,0.408,243,653,0.372,537,624,0.861,286,764,1050,465,295,69,330,890,2108,1.409,0.894,0.482,0.554
700,78028,Curtis Rowe,590,18277,2821,5847,0.482,,,,1231,1756,0.701,913,1892,4264,932,199,193,164,1352,6873,0.695,0.177,0.482,0.519
2651,76980,Steve Hayes,212,2296,233,483,0.482,0,1,0,79,158,0.5,203,323,526,85,32,102,99,438,545,0.859,0.323,0.482,0.493
468,1496,Keith Van Horn,575,18151,3396,7659,0.443,597,1655,0.361,1817,2177,0.835,1122,2787,3909,900,472,295,1262,1736,9206,0.713,0.374,0.482,0.534
606,200751,Randy Foye,752,19279,2704,6750,0.401,1104,3017,0.366,1217,1429,0.852,245,1441,1686,2112,528,220,1106,1584,7729,1.91,0.477,0.482,0.524
2055,1626147,Justin Anderson,242,3281,454,1106,0.41,159,545,0.292,217,280,0.775,141,480,621,184,105,80,141,291,1284,1.305,0.745,0.482,0.522
1089,201601,Luc Mbah a Moute,689,16038,1685,3708,0.454,207,619,0.334,803,1218,0.659,962,1838,2800,588,612,263,646,1242,4380,0.91,0.947,0.482,0.516
201,76272,Fred Brown,963,24422,6006,12568,0.478,110,295,0.373,1896,2211,0.858,681,1601,2637,3160,1149,166,840,1937,14018,1.882,0.665,0.482,0.518
878,77997,Bill Robinzine,529,11432,2185,4533,0.482,2,8,0.25,1169,1561,0.749,1091,2118,3209,560,563,84,769,1963,5541,0.527,0.516,0.482,0.531
502,77554,Jim McMillian,631,20227,3644,7557,0.482,,,,1448,1741,0.832,639,1381,3319,1557,435,80,120,1200,8736,1.983,0.717,0.482,0.525
1627,1626209,Mario Hezonja,330,6107,854,2047,0.417,266,833,0.319,310,382,0.812,147,879,1026,415,243,80,371,549,2284,1.119,0.655,0.482,0.516
3,977,Kobe Bryant,1346,48643,11719,26200,0.447,1827,5546,0.329,8378,10011,0.837,1499,5548,7047,6306,1944,640,4010,3353,33643,1.573,0.485,0.482,0.55
1450,42,Monty Williams,456,7627,1143,2375,0.481,4,36,0.111,594,893,0.665,501,795,1296,544,251,137,554,897,2884,0.982,0.453,0.482,0.521
400,77144,Eddie Johnson,675,19975,4015,8436,0.476,104,319,0.326,2029,2564,0.791,470,1052,1522,3436,761,89,1717,1706,10163,2.001,0.443,0.482,0.531
1581,203894,Shabazz Napier,345,5987,808,2034,0.397,345,1000,0.345,472,579,0.815,104,553,657,849,286,48,452,404,2433,1.878,0.633,0.482,0.532
1764,1909,Scott Padgett,448,5611,679,1658,0.41,240,644,0.373,276,375,0.736,402,825,1227,325,182,86,253,681,1874,1.285,0.719,0.482,0.514
947,184,Bobby Phills,467,13429,1957,4416,0.443,342,878,0.39,897,1215,0.738,411,1058,1469,1246,592,139,711,1106,5153,1.752,0.833,0.482,0.52
1996,76948,James Hardy,249,5379,611,1269,0.481,1,3,0.333,187,267,0.7,437,875,1312,315,178,235,299,590,1410,1.054,0.595,0.482,0.508
1669,234,Khalid Reeves,277,5837,744,1788,0.416,235,647,0.363,444,597,0.744,163,417,580,886,234,32,446,629,2167,1.987,0.525,0.482,0.528
1027,78548,Freeman Williams,323,6606,1959,4198,0.467,127,384,0.331,693,841,0.824,256,254,510,516,247,18,568,533,4738,0.908,0.435,0.482,0.519
626,78188,Elmore Smith,562,17879,3169,6578,0.482,,,,1203,2079,0.579,952,2880,5962,808,325,1183,183,1941,7541,0.383,0.311,0.482,0.503
286,78369,Kelly Tripucka,707,20959,4434,9380,0.473,168,465,0.361,3106,3660,0.849,937,1766,2703,2090,678,137,1697,1634,12142,1.232,0.4,0.482,0.552
1412,2679,Matt Carroll,459,7587,1030,2496,0.413,344,896,0.384,609,724,0.841,147,716,863,313,223,60,297,704,3013,1.054,0.751,0.482,0.535
2465,1628416,Tyler Dorsey,107,1680,255,651,0.392,117,333,0.351,83,124,0.669,45,200,245,135,31,7,64,116,710,2.109,0.484,0.482,0.503
1145,78190,Greg Smith,524,12269,1737,3607,0.482,,,,623,965,0.646,94,184,3249,969,63,12,,1553,4097,,,0.482,0.508
1393,78095,Alvin Scott,627,10853,1171,2436,0.481,4,20,0.2,742,1012,0.733,661,1331,1992,847,404,371,617,1034,3088,1.373,0.655,0.482,0.536
326,2240,Gilbert Arenas,552,19350,3722,8850,0.421,1079,3077,0.351,2879,3584,0.803,444,1724,2168,2909,884,134,1744,1683,11402,1.668,0.507,0.482,0.547
1937,1641731,Bilal Coulibaly,148,4355,534,1267,0.421,152,498,0.305,297,403,0.737,171,501,672,377,173,114,252,348,1517,1.496,0.687,0.481,0.525
2478,78197,Michael Smith,141,1328,294,620,0.474,9,60,0.15,101,121,0.835,74,138,212,142,21,5,109,119,698,1.303,0.193,0.481,0.518
2107,77609,Dirk Minniefield,222,3801,493,1050,0.47,25,92,0.272,176,238,0.739,102,265,367,845,196,11,358,472,1187,2.36,0.547,0.481,0.514
1568,77334,Mark Landsberger,437,7306,1024,2128,0.481,0,3,0,420,805,0.522,1041,1640,2681,236,124,70,473,692,2468,0.499,0.262,0.481,0.497
243,202326,DeMarcus Cousins,654,19509,4562,9924,0.46,426,1288,0.331,3252,4411,0.737,1692,4972,6664,1979,874,742,2149,2421,12802,0.921,0.407,0.481,0.539
1306,679,Jason Caffey,462,9051,1276,2652,0.481,0,8,0,816,1282,0.637,841,1181,2022,420,209,110,647,1148,3368,0.649,0.323,0.481,0.524
2050,1080,Henry James,212,2707,472,1139,0.414,152,402,0.378,196,242,0.81,106,212,318,87,48,18,134,306,1292,0.649,0.358,0.481,0.519
497,7,Dan Schayes,1138,21976,2994,6228,0.481,4,30,0.133,2788,3461,0.806,1819,3852,5671,1299,560,840,1572,3494,8780,0.826,0.356,0.481,0.566
1754,203477,Isaiah Canaan,235,4799,616,1661,0.371,366,1042,0.351,315,377,0.836,63,375,438,454,145,23,259,364,1913,1.753,0.56,0.481,0.524
1758,180,John Crotty,477,5795,625,1449,0.431,144,375,0.384,509,608,0.837,136,366,502,999,181,20,428,597,1903,2.334,0.423,0.481,0.554
1798,1642264,Stephon Castle,118,3308,627,1444,0.434,135,477,0.283,415,574,0.723,132,350,482,591,121,32,306,291,1804,1.931,0.395,0.481,0.532
952,76899,Ernie Grunfeld,693,12916,2065,4328,0.477,33,98,0.337,961,1248,0.77,516,1299,1815,1419,472,134,801,1511,5124,1.772,0.589,0.481,0.525
263,349,Mark Jackson,1296,39117,4793,10731,0.447,734,2213,0.332,2169,2818,0.77,1281,3682,4963,10334,1608,117,3155,2230,12489,3.275,0.51,0.481,0.522
380,78600,Brian Winters,650,19938,4490,9457,0.475,114,314,0.363,1443,1713,0.842,470,1218,1688,2674,792,190,1014,1830,10537,1.751,0.473,0.481,0.516
2136,1630314,Brandon Williams,114,2128,399,910,0.438,77,281,0.274,260,340,0.765,57,205,262,334,92,25,183,158,1135,1.825,0.503,0.481,0.536
1189,77115,Aaron James,356,7671,1609,3347,0.481,,,,611,804,0.76,549,921,1470,370,158,69,241,972,3829,0.788,0.266,0.481,0.517
2489,2417,Qyntel Woods,167,2058,281,621,0.452,35,98,0.357,94,156,0.603,107,278,385,105,71,28,138,226,691,0.761,0.514,0.481,0.501
1113,202325,Wesley Johnson,609,13472,1629,4028,0.404,614,1823,0.337,363,490,0.741,337,1587,1924,645,468,402,525,1168,4235,1.229,0.891,0.481,0.499
496,422,Avery Johnson,1054,26618,3622,7564,0.479,27,186,0.145,1546,2190,0.706,379,1372,1751,5846,1007,154,1748,1659,8817,3.344,0.576,0.481,0.517
2067,1118,Tim Kempton,280,3758,458,953,0.481,0,3,0,343,507,0.677,241,554,795,307,121,44,289,603,1259,1.062,0.419,0.481,0.535
1559,432,Pete Chilcutt,584,8394,1044,2368,0.441,188,494,0.381,218,313,0.696,663,1272,1935,488,267,210,390,853,2494,1.251,0.685,0.481,0.498
2680,200814,Tarence Kinsey,109,1340,186,411,0.453,23,71,0.324,116,142,0.817,42,105,147,53,68,1,71,102,511,0.746,0.958,0.481,0.54
142,208,Sam Cassell,993,29813,5698,12558,0.454,672,2029,0.331,3567,4144,0.861,618,2603,3221,5939,1058,163,2418,2744,15635,2.456,0.438,0.48,0.544
1248,202349,Greivis Vasquez,401,9520,1378,3297,0.418,412,1180,0.349,423,518,0.817,125,896,1021,1935,236,34,753,767,3591,2.57,0.313,0.48,0.509
1067,76686,Mike Evans,591,9858,1835,4060,0.452,231,753,0.307,630,781,0.807,184,624,808,1514,430,51,818,1173,4531,1.851,0.526,0.48,0.514
2523,203187,Chris Johnson,147,2274,230,587,0.392,104,339,0.307,86,103,0.835,71,224,295,93,89,31,80,212,650,1.163,1.113,0.48,0.514
1195,201160,Jason Smith,616,10029,1572,3360,0.468,84,252,0.333,549,701,0.783,656,1419,2075,453,208,408,507,1337,3777,0.893,0.41,0.48,0.515
2388,203088,Kendall Marshall,160,3083,315,789,0.399,128,346,0.37,44,72,0.611,23,230,253,779,107,10,285,180,802,2.733,0.375,0.48,0.489
2413,357,Greg Sutton,168,1946,272,687,0.396,116,321,0.361,101,136,0.743,22,131,153,284,84,13,183,317,761,1.552,0.459,0.48,0.509
2661,202343,Elliot Williams,109,1470,193,458,0.421,54,174,0.31,97,145,0.669,38,123,161,94,45,6,78,158,537,1.205,0.577,0.48,0.515
429,73,Hot Rod Williams,887,26328,3688,7681,0.48,2,19,0.105,2406,3315,0.726,2070,3928,5998,1592,746,1456,1208,2253,9784,1.318,0.618,0.48,0.535
423,1729,Ricky Davis,736,21927,3747,8410,0.446,583,1614,0.361,1835,2349,0.781,566,1984,2550,2426,732,187,1606,1430,9912,1.511,0.456,0.48,0.525
608,353,Darrell Armstrong,840,19917,2663,6507,0.409,923,2763,0.334,1463,1679,0.871,654,1615,2269,3394,1133,98,1556,1398,7712,2.181,0.728,0.48,0.532
2595,200816,Jorge Garbajosa,74,1983,230,554,0.415,72,209,0.344,57,78,0.731,50,295,345,128,81,15,65,92,589,1.969,1.246,0.48,0.501
1782,279,Charles Jones,726,14094,725,1510,0.48,0,7,0,376,608,0.618,1112,2141,3253,623,442,1134,487,2079,1826,1.279,0.908,0.48,0.514
454,101127,Jarrett Jack,867,24140,3374,7673,0.44,620,1809,0.343,1981,2316,0.855,277,2210,2487,3952,683,107,1723,1583,9349,2.294,0.396,0.48,0.538
1315,78570,Sly Williams,305,6617,1322,2765,0.478,11,68,0.162,672,971,0.692,489,798,1287,603,328,55,540,722,3327,1.117,0.607,0.48,0.521
2106,201603,Sonny Weems,183,3335,514,1106,0.465,34,120,0.283,127,181,0.702,88,314,402,257,84,28,198,268,1189,1.298,0.424,0.48,0.501
2777,203998,Bruno Caboclo,105,1293,162,402,0.403,62,201,0.308,56,67,0.836,82,186,268,72,36,59,69,135,442,1.043,0.522,0.48,0.512
164,101145,Monta Ellis,833,29011,5723,12688,0.451,737,2349,0.314,2675,3463,0.772,520,2354,2874,3856,1409,281,2246,1950,14858,1.717,0.627,0.48,0.523
1788,76584,Bob Donham,273,4866,662,1379,0.48,,,,494,975,0.507,,,1071,706,,,,850,1818,,,0.48,0.503
1823,1051,Dean Garrett,359,6966,722,1504,0.48,0,0,0,293,433,0.677,597,1213,1810,204,168,372,203,687,1737,1.005,0.828,0.48,0.513
1865,78217,Mike Sojourner,191,4282,721,1502,0.48,,,,216,322,0.671,371,866,1237,172,88,106,,457,1658,,,0.48,0.504
588,384,Calbert Cheaney,825,22012,3366,7227,0.466,204,684,0.298,890,1288,0.691,732,1878,2610,1398,659,198,994,2074,7826,1.406,0.663,0.48,0.502
301,133,David Wesley,949,30273,4248,10023,0.424,1123,3051,0.368,2223,2827,0.786,526,1879,2405,4159,1280,161,1808,2310,11842,2.3,0.708,0.48,0.526
441,2550,Kirk Hinrich,879,27019,3503,8522,0.411,1172,3122,0.375,1416,1770,0.8,310,2266,2576,4245,972,243,1617,2487,9594,2.625,0.601,0.48,0.516
1520,78633,Danny Young,574,9536,984,2253,0.437,194,594,0.327,460,551,0.835,168,541,709,1674,507,37,472,536,2622,3.547,1.074,0.48,0.525
2437,737,Bob McCann,178,2385,296,618,0.479,1,5,0.2,146,253,0.577,154,314,468,104,80,79,134,349,739,0.776,0.597,0.48,0.507
358,77700,Don Nelson,1053,21685,4017,8373,0.48,,,,2864,3744,0.765,273,723,5192,1526,65,35,,2451,10898,,,0.48,0.544
1957,2418,Casey Jacobsen,287,5328,476,1210,0.393,209,594,0.352,327,425,0.769,118,398,516,304,121,24,210,372,1488,1.448,0.576,0.48,0.533
1000,2048,Jamaal Magloire,680,14621,1763,3675,0.48,0,7,0,1391,2176,0.639,1418,2990,4408,386,224,603,998,1792,4917,0.387,0.224,0.48,0.531
306,76397,Archie Clark,725,23581,4693,9784,0.48,,,,2433,3163,0.769,130,383,2427,3498,231,15,,1806,11819,,,0.48,0.529
1498,77881,Harold Pressley,299,6802,1075,2458,0.437,208,581,0.358,344,442,0.778,517,822,1339,628,275,188,410,670,2702,1.532,0.671,0.48,0.509
1242,67,Tom Hammonds,687,10418,1410,2940,0.48,0,11,0,797,1154,0.691,733,1510,2243,378,167,136,529,1244,3617,0.715,0.316,0.48,0.525
86,77070,Bailey Howell,950,30627,6515,13585,0.48,,,,4740,6224,0.762,,,9383,1853,,,,3498,17770,,,0.48,0.544
1934,202336,Larry Sanders,238,4635,669,1395,0.48,0,5,0,182,329,0.553,475,870,1345,174,152,429,224,666,1520,0.777,0.679,0.48,0.494
2454,1630613,Duane Washington Jr.,79,1362,267,683,0.391,121,326,0.371,62,85,0.729,6,113,119,148,32,7,91,89,717,1.626,0.352,0.48,0.498
144,101150,Lou Williams,1123,27104,5047,12045,0.419,1457,4146,0.351,4042,4803,0.842,431,2053,2484,3789,952,192,1896,1439,15593,1.998,0.502,0.479,0.551
172,78139,Purvis Short,842,24549,5934,12507,0.474,125,443,0.282,2614,3174,0.824,1424,2201,3625,2123,878,178,1720,2479,14607,1.234,0.51,0.479,0.525
728,1498,Antonio Daniels,872,19673,2270,5109,0.444,359,1154,0.311,1724,2173,0.793,219,1394,1613,2934,564,85,928,917,6623,3.162,0.608,0.479,0.546
713,335,Willie Anderson,555,15972,2804,5952,0.471,99,372,0.266,1064,1353,0.786,550,1532,2082,2105,594,342,1163,1500,6771,1.81,0.511,0.479,0.517
2037,2745,Kirk Snyder,211,3539,489,1116,0.438,92,281,0.327,263,376,0.699,152,339,491,241,86,69,206,328,1333,1.17,0.417,0.479,0.52
1861,924,Anthony Goldwire,266,4957,580,1425,0.407,206,533,0.386,301,380,0.792,72,287,359,737,167,9,264,388,1667,2.792,0.633,0.479,0.523
65,78310,Reggie Theus,1026,34603,7057,14973,0.471,238,945,0.252,4663,5644,0.826,1182,2167,3349,6453,1206,236,3493,3008,19015,1.847,0.345,0.479,0.545
2718,2214,Michael Bradley,173,2016,218,457,0.477,2,14,0.143,45,88,0.511,223,368,591,93,25,47,113,200,483,0.823,0.221,0.479,0.487
1028,203,Nate McMillan,796,20466,1833,4136,0.443,298,870,0.343,769,1183,0.65,919,2303,3222,4893,1544,356,1486,2408,4733,3.293,1.039,0.479,0.508
2068,77308,Joel Kramer,328,4184,483,1008,0.479,0,3,0,291,395,0.737,337,579,916,343,140,62,264,585,1257,1.299,0.53,0.479,0.532
1973,77757,Jawann Oldham,329,5241,608,1269,0.479,0,3,0,239,394,0.607,431,922,1353,162,97,546,362,820,1455,0.448,0.268,0.479,0.504
769,77580,John Mengelt,636,12788,2418,5047,0.479,0,6,0,1382,1708,0.809,203,689,1221,1329,324,28,280,1284,6218,1.639,0.382,0.479,0.536
227,1894,Corey Maggette,827,23361,4065,8969,0.453,463,1431,0.324,4605,5599,0.822,915,3107,4022,1696,590,139,1874,2338,13198,0.905,0.315,0.479,0.577
1473,351,Stacey King,438,7406,1071,2240,0.478,4,17,0.235,673,952,0.707,597,863,1460,387,173,210,527,906,2819,0.734,0.328,0.479,0.53
679,76046,Ron Anderson,664,15112,2936,6239,0.471,105,366,0.287,1079,1325,0.814,856,1456,2312,952,470,90,730,1019,7056,1.304,0.644,0.479,0.517
691,76747,Jim Fox,743,17294,2611,5452,0.479,,,,1723,2239,0.77,554,1215,5525,1201,151,79,,2023,6945,,,0.479,0.539
1831,1922,Francisco Elson,472,7210,725,1517,0.478,3,16,0.188,273,390,0.7,497,1141,1638,260,228,255,355,1000,1726,0.732,0.642,0.479,0.511
1165,958,Vitaly Potapenko,610,11612,1639,3424,0.479,1,6,0.167,716,1031,0.694,1067,1658,2725,418,258,209,786,1537,3995,0.532,0.328,0.479,0.515
459,57,Doug Christie,827,26074,3238,7604,0.426,805,2272,0.354,2020,2460,0.821,797,2585,3382,2992,1555,392,1721,2051,9301,1.739,0.904,0.479,0.535
669,1719,Bonzi Wells,591,15133,2814,6111,0.46,223,683,0.327,1296,1860,0.697,800,1937,2737,1249,769,192,1215,1526,7147,1.028,0.633,0.479,0.516
159,949,Shareef Abdur-Rahim,830,28883,5434,11515,0.472,154,519,0.297,4006,4943,0.81,1869,4370,6239,2109,820,638,2136,2324,15028,0.987,0.384,0.479,0.549
539,1715,Jason Williams,788,23193,3065,7699,0.398,1238,3784,0.327,898,1104,0.813,192,1618,1810,4611,933,60,1643,1100,8266,2.806,0.568,0.479,0.505
1203,203077,Michael Kidd-Gilchrist,446,10978,1462,3085,0.474,28,103,0.272,798,1116,0.715,703,1717,2420,515,296,304,400,956,3750,1.288,0.74,0.478,0.524
1832,76966,Joey Hassett,292,3642,712,1691,0.421,194,577,0.336,105,122,0.861,102,205,307,386,126,17,178,361,1723,2.169,0.708,0.478,0.494
2438,1630267,Facundo Campazzo,138,2661,230,624,0.369,137,420,0.326,141,171,0.825,45,208,253,461,148,37,143,259,738,3.224,1.035,0.478,0.528
1480,1629659,Talen Horton-Tucker,305,5942,1036,2426,0.427,249,833,0.299,488,633,0.771,145,655,800,852,237,110,424,546,2809,2.009,0.559,0.478,0.519
2702,2431,David Andersen,103,1264,203,461,0.44,35,101,0.347,60,89,0.674,74,218,292,57,20,21,59,159,501,0.966,0.339,0.478,0.501
2341,704,Shawn Respert,172,2352,315,760,0.414,97,285,0.34,124,152,0.816,81,145,226,177,91,7,125,192,851,1.416,0.728,0.478,0.515
914,202329,Al-Farouq Aminu,711,17698,1948,4641,0.42,543,1634,0.332,911,1221,0.746,982,3298,4280,879,678,397,863,1302,5350,1.019,0.786,0.478,0.517
1419,202714,Shelvin Mack,456,8392,1165,2752,0.423,302,916,0.33,365,499,0.731,118,776,894,1421,300,24,560,568,2997,2.538,0.536,0.478,0.504
1221,78381,Jeff Turner,612,11244,1543,3304,0.467,73,212,0.344,538,700,0.769,621,1415,2036,635,215,85,687,1758,3697,0.924,0.313,0.478,0.512
16,1122,Dominique Wilkins,1074,38115,9963,21589,0.461,711,2231,0.319,6031,7438,0.811,2950,4219,7169,2677,1378,642,2669,2061,26668,1.003,0.516,0.478,0.536
2531,201814,Gary Forbes,111,1504,236,544,0.434,48,141,0.34,125,178,0.702,55,163,218,103,47,10,100,133,645,1.03,0.47,0.478,0.518
323,76916,Happy Hairston,776,24330,4240,8872,0.478,,,,3025,4080,0.741,639,1347,8019,1268,116,28,,2334,11505,,,0.478,0.539
2893,76021,Chuck Aleksinas,74,1114,161,337,0.478,0,1,0,55,75,0.733,87,183,270,36,15,15,72,171,377,0.5,0.208,0.478,0.509
72,2216,Zach Randolph,1116,34620,7436,15774,0.471,199,729,0.273,3507,4592,0.764,3279,6929,10208,2049,834,301,2290,2629,18578,0.895,0.364,0.478,0.522
349,980,Zydrunas Ilgauskas,843,22965,4207,8842,0.476,31,100,0.31,2531,3243,0.78,2444,3747,6191,955,421,1327,1509,2776,10976,0.633,0.279,0.478,0.534
520,76881,David Greenwood,823,23370,3251,6812,0.477,4,29,0.138,1922,2514,0.765,1921,4616,6537,1614,583,739,1474,2605,8428,1.095,0.396,0.478,0.532
1455,1629006,Josh Okogie,460,8833,937,2288,0.41,311,1010,0.308,697,940,0.741,498,856,1354,521,431,185,378,780,2882,1.378,1.14,0.477,0.533
59,2037,Jamal Crawford,1327,38994,6752,16467,0.41,2221,6379,0.348,3694,4286,0.862,466,2482,2948,4541,1179,271,2476,2008,19419,1.834,0.476,0.477,0.529
1760,1742,Shammond Williams,325,5351,676,1684,0.401,256,700,0.366,284,356,0.798,106,412,518,765,196,14,331,379,1892,2.311,0.592,0.477,0.514
225,147,Jalen Rose,923,27925,4852,10945,0.443,746,2102,0.355,2770,3457,0.801,491,2702,3193,3527,729,315,2102,2408,13220,1.678,0.347,0.477,0.53
321,76252,Junior Bridgeman,849,21257,4801,10099,0.475,40,164,0.244,1875,2216,0.846,910,2085,2995,2066,685,220,1169,1969,11517,1.458,0.471,0.477,0.52
422,78199,Phil Smith,659,19166,4007,8418,0.476,19,75,0.253,1891,2428,0.779,588,1390,1978,2561,734,165,990,1680,9924,1.754,0.471,0.477,0.523
415,76091,Greg Ballard,802,22073,4220,8942,0.472,93,275,0.338,1420,1805,0.787,1434,3424,4858,1733,877,256,1059,1806,9953,1.636,0.828,0.477,0.511
2798,1641724,Jett Howard,106,1076,154,415,0.371,88,289,0.304,35,45,0.778,31,86,117,74,19,17,45,99,431,1.644,0.422,0.477,0.496
2155,77056,Cedrick Hordges,145,2971,425,894,0.475,3,16,0.188,246,385,0.639,239,614,853,169,59,38,231,456,1099,0.732,0.255,0.477,0.517
695,45,George McCloud,766,17433,2469,6140,0.402,920,2573,0.358,1067,1318,0.81,659,1683,2342,1769,593,190,1070,1646,6925,1.653,0.554,0.477,0.515
565,892,Spud Webb,814,20288,2903,6421,0.452,320,1018,0.314,1946,2296,0.848,324,1418,1742,4342,922,110,1623,1638,8072,2.675,0.568,0.477,0.543
2250,101211,Stephen Graham,239,2915,378,848,0.446,53,172,0.308,157,205,0.766,77,347,424,117,57,19,155,352,966,0.755,0.368,0.477,0.515
2735,1037,Stojko Vrankovic,170,2051,197,413,0.477,0,0,0,79,132,0.598,155,361,516,59,22,179,132,318,473,0.447,0.167,0.477,0.502
786,77227,Bob Kauffman,525,13568,2306,4835,0.477,,,,1437,1919,0.749,164,344,3682,1429,56,22,,1374,6049,,,0.477,0.533
433,364,Rex Chapman,666,19545,3716,8638,0.43,805,2301,0.35,1494,1868,0.8,379,1266,1645,1798,592,129,1030,1228,9731,1.746,0.575,0.477,0.514
559,293,Charles Smith,564,16377,2993,6300,0.475,18,93,0.194,2103,2718,0.774,1192,2054,3246,798,462,789,1036,1945,8107,0.77,0.446,0.477,0.541
1421,1502,Adonal Foyle,733,13059,1318,2766,0.477,0,2,0,353,707,0.499,1301,2160,3461,344,264,1193,597,1575,2989,0.576,0.442,0.477,0.486
2634,1628990,Chandler Hutchison,103,1790,216,489,0.442,34,110,0.309,92,143,0.643,55,321,376,79,62,18,76,140,558,1.039,0.816,0.476,0.506
568,2047,Quentin Richardson,783,20787,2923,7360,0.397,1167,3288,0.355,1019,1420,0.718,933,2733,3666,1138,607,148,868,1529,8032,1.311,0.699,0.476,0.503
1356,2410,Fred Jones,430,10302,1090,2651,0.411,346,979,0.353,680,841,0.809,157,801,958,990,336,115,511,831,3206,1.937,0.658,0.476,0.531
1561,61,Carl Herrera,465,8036,1039,2183,0.476,2,14,0.143,401,624,0.643,577,1113,1690,261,237,204,447,935,2481,0.584,0.53,0.476,0.505
283,77929,Willis Reed,650,23073,4859,10202,0.476,,,,2465,3298,0.747,47,94,8414,1186,12,21,,2411,12183,,,0.476,0.523
2647,1642275,Tidjane Salaün,90,1731,186,484,0.384,89,275,0.324,88,124,0.71,92,320,412,100,40,21,80,132,549,1.25,0.5,0.476,0.51
2524,1629641,Romeo Langford,141,2268,253,589,0.43,55,191,0.288,89,135,0.659,114,184,298,97,60,42,67,171,650,1.448,0.896,0.476,0.501
1686,1629647,Darius Bazley,237,5535,773,1869,0.414,234,757,0.309,333,492,0.677,194,1050,1244,282,138,177,292,230,2113,0.966,0.473,0.476,0.507
1685,201161,Daequan Cook,328,5993,758,2056,0.369,442,1232,0.359,156,192,0.813,75,628,703,243,120,48,177,478,2114,1.373,0.678,0.476,0.494
2508,1642847,Jeremiah Fears,49,1272,253,584,0.433,50,157,0.318,110,136,0.809,36,143,179,148,60,13,109,86,666,1.358,0.55,0.476,0.517
757,202688,Brandon Knight,451,13202,2260,5499,0.411,715,2029,0.352,1066,1321,0.807,236,1149,1385,1777,386,75,1090,889,6301,1.63,0.354,0.476,0.518
363,317,John Starks,866,23519,3953,9590,0.412,1222,3591,0.34,1701,2211,0.769,417,1712,2129,3085,951,106,1533,2293,10829,2.012,0.62,0.476,0.513
50,1472,Tom Chambers,1107,33921,7378,15749,0.468,227,740,0.307,5066,6274,0.807,1942,4761,6703,2283,885,627,2549,3742,20049,0.896,0.347,0.476,0.542
1052,77323,Kevin Kunnert,555,12104,2022,4251,0.476,0,0,0,558,818,0.682,1393,2638,4031,784,252,616,391,1927,4602,0.829,0.297,0.476,0.499
673,203935,Marcus Smart,671,19758,2386,6132,0.389,1061,3274,0.324,1267,1625,0.78,531,1763,2294,2996,1042,241,1260,1713,7100,2.378,0.827,0.476,0.518
657,2572,Josh Howard,507,15350,2759,6161,0.448,342,1029,0.332,1410,1830,0.77,846,2040,2886,817,530,276,723,1297,7270,1.13,0.733,0.476,0.522
2130,76713,Kenny Fields,184,2692,463,977,0.474,3,16,0.188,211,288,0.733,176,288,464,188,97,38,181,394,1140,1.039,0.536,0.475,0.516
439,149,Michael Adams,653,20446,3257,7849,0.415,949,2857,0.332,2158,2543,0.849,416,1484,1900,4209,1081,67,1402,1193,9621,3.002,0.771,0.475,0.536
552,356,Chris Morris,747,18747,3144,7136,0.441,497,1625,0.306,1399,1894,0.739,1516,2028,3544,1182,917,540,1171,1750,8184,1.009,0.783,0.475,0.513
1534,77578,Dean Meminger,416,8554,1004,2112,0.475,,,,544,867,0.627,286,386,1086,1046,242,28,,700,2552,,,0.475,0.512
991,735,Bryant Reeves,395,12069,1999,4208,0.475,2,27,0.074,945,1345,0.703,856,1889,2745,623,200,302,744,1365,4945,0.837,0.269,0.475,0.515
557,76599,Larry Drew,714,18370,3308,7085,0.467,118,405,0.291,1376,1724,0.798,259,1006,1265,3702,791,45,1565,1286,8110,2.365,0.505,0.475,0.517
2190,101144,Von Wafer,200,2475,390,928,0.42,102,314,0.325,172,229,0.751,38,196,234,146,73,19,128,155,1054,1.141,0.57,0.475,0.512
1692,1714,Robert Traylor,438,6243,841,1774,0.474,4,24,0.167,399,691,0.577,671,969,1640,312,280,306,400,1079,2085,0.78,0.7,0.475,0.502
2023,78320,Jim Thomas,161,3361,541,1148,0.471,9,53,0.17,264,346,0.763,136,282,418,377,142,12,210,322,1355,1.795,0.676,0.475,0.521
2177,78528,Morlon Wiley,295,3843,421,1023,0.412,130,367,0.354,106,150,0.707,89,252,341,722,243,17,311,444,1078,2.322,0.781,0.475,0.495
54,361,Clifford Robinson,1380,42560,7389,16875,0.438,1253,3515,0.356,3560,5165,0.689,1852,4454,6306,3094,1402,1390,2502,4175,19591,1.237,0.56,0.475,0.512
817,243,Aaron McKie,793,19157,2265,5177,0.438,388,1109,0.35,953,1224,0.779,482,2105,2587,2126,912,164,1059,1588,5871,2.008,0.861,0.475,0.514
1305,76771,Mike Gale,453,11189,1425,3006,0.474,4,25,0.16,518,628,0.825,238,884,1122,1965,840,163,647,1010,3372,2.306,1.003,0.475,0.514
1193,202682,Derrick Williams,428,8864,1329,3064,0.434,251,838,0.3,900,1267,0.71,351,1342,1693,293,199,108,399,532,3809,0.734,0.499,0.475,0.526
2254,76608,Terry Duerod,143,1977,429,928,0.462,23,70,0.329,80,119,0.672,52,108,160,170,63,17,125,143,961,1.36,0.504,0.475,0.49
1413,77848,Roger Phegley,345,5803,1216,2585,0.47,22,87,0.253,557,668,0.834,272,430,702,486,171,40,422,696,3011,1.152,0.405,0.475,0.523
2046,1630692,Jordan Goodwin,194,3664,506,1243,0.407,168,512,0.328,131,173,0.757,266,514,780,467,196,65,189,293,1311,2.471,1.037,0.475,0.497
762,1112,Ben Wallace,1088,32084,2569,5421,0.474,7,51,0.137,1109,2679,0.414,3444,7038,10482,1437,1369,2137,1061,2078,6254,1.354,1.29,0.475,0.474
1617,1628995,Kevin Knox II,320,5607,825,2097,0.393,340,1001,0.34,332,459,0.723,172,721,893,233,121,83,259,488,2322,0.9,0.467,0.474,0.505
1953,77332,Jeff Lamp,291,3471,607,1292,0.47,12,54,0.222,269,320,0.841,131,306,437,269,105,14,219,400,1495,1.228,0.479,0.474,0.522
1068,2032,Darius Miles,446,11726,1874,3973,0.472,22,131,0.168,737,1250,0.59,575,1615,2190,840,384,495,892,1023,4507,0.942,0.43,0.474,0.498
2346,203895,Jordan McRae,123,1696,302,724,0.417,83,234,0.355,159,206,0.772,34,191,225,167,45,30,87,147,846,1.92,0.517,0.474,0.519
265,76353,Joe Barry Carroll,705,22838,5021,10583,0.474,0,13,0,2413,3232,0.747,1690,3714,5404,1264,687,1122,1964,2212,12455,0.644,0.35,0.474,0.519
268,891,Charles Oakley,1282,40278,4835,10263,0.471,68,269,0.253,2679,3522,0.761,3924,8281,12205,3217,1351,384,2785,4421,12417,1.155,0.485,0.474,0.526
1427,78592,Lee Winfield,403,7383,1191,2511,0.474,,,,577,864,0.668,72,121,828,1003,68,41,,682,2959,,,0.474,0.512
2568,76954,Mike Harper,123,1894,240,506,0.474,0,4,0,133,238,0.559,155,277,432,71,78,102,124,302,613,0.573,0.629,0.474,0.502
604,2557,Luke Ridnour,830,21624,2933,6803,0.431,584,1674,0.349,1290,1496,0.862,363,1514,1877,3713,814,161,1349,1779,7740,2.752,0.603,0.474,0.519
1519,1924,Lee Nailon,306,5823,1121,2366,0.474,1,9,0.111,379,482,0.786,379,557,936,298,133,53,320,596,2622,0.931,0.416,0.474,0.509
504,78418,Jay Vincent,576,15556,3490,7367,0.474,4,27,0.148,1745,2226,0.784,979,2188,3167,1124,413,171,1099,1621,8729,1.023,0.376,0.474,0.523
2468,202399,Jeff Adrien,153,2148,264,557,0.474,0,2,0,181,288,0.628,221,438,659,100,50,79,91,259,709,1.099,0.549,0.474,0.518
1491,202087,Alonzo Gee,417,9071,1001,2309,0.434,186,572,0.325,566,751,0.754,389,971,1360,441,379,101,447,792,2754,0.987,0.848,0.474,0.522
1401,962,Walter McCarty,593,10372,1092,2786,0.392,456,1318,0.346,416,596,0.698,410,1144,1554,670,380,173,520,1211,3056,1.288,0.731,0.474,0.501
26,78497,Jerry West,932,36571,9016,19032,0.474,,,,7160,8801,0.814,30,86,5376,6238,81,23,,2435,25192,,,0.474,0.55
1909,200811,Lou Amundson,428,5507,648,1368,0.474,0,3,0,268,603,0.444,644,897,1541,190,152,306,299,835,1564,0.635,0.508,0.474,0.479
1256,2553,Jarvis Hayes,427,9900,1397,3363,0.415,392,1101,0.356,367,460,0.798,244,1086,1330,459,312,56,374,852,3553,1.227,0.834,0.474,0.498
1539,76830,Glen Gondrezick,435,7545,979,2069,0.473,2,14,0.143,584,807,0.724,730,1234,1964,605,485,117,453,1101,2544,1.336,1.071,0.474,0.525
821,76351,M.L. Carr,604,14216,2330,4954,0.47,33,129,0.256,1160,1555,0.746,918,1677,2595,1112,812,226,867,1484,5853,1.074,0.746,0.474,0.519
794,1008,Johnny Dawkins,541,14859,2361,5175,0.456,180,545,0.33,1082,1262,0.857,333,1003,1336,2997,618,29,1108,837,5984,2.705,0.558,0.474,0.522
732,77175,Caldwell Jones,1068,26474,2554,5395,0.473,2,31,0.065,1479,1965,0.753,2042,5621,7663,1347,480,1517,1596,3527,6589,0.786,0.274,0.474,0.526
2121,1630181,R.J. Hampton,170,3116,417,1021,0.408,133,394,0.338,188,277,0.679,72,394,466,307,90,32,185,221,1155,1.659,0.486,0.474,0.505
2049,78250,Brook Steppe,238,2858,443,945,0.469,9,29,0.31,402,490,0.82,127,218,345,280,105,17,248,334,1297,1.129,0.423,0.474,0.559
1241,940,Earl Cureton,674,12419,1545,3263,0.473,0,16,0,530,985,0.538,1189,1983,3172,678,341,361,728,1535,3620,0.931,0.468,0.473,0.49
1366,140,Donald Royal,504,8446,964,2036,0.473,0,14,0,1233,1602,0.77,554,877,1431,500,247,99,543,868,3161,0.921,0.455,0.473,0.577
1347,143,Terry Dehere,402,7303,1082,2632,0.411,328,867,0.378,743,954,0.779,144,444,588,1034,213,36,617,830,3235,1.676,0.345,0.473,0.53
1555,78222,Jim Spanarkel,259,5290,844,1796,0.47,12,48,0.25,805,941,0.855,300,352,652,572,248,38,399,495,2505,1.434,0.622,0.473,0.567
2186,77524,Ben McDonald,176,3692,463,989,0.468,10,44,0.227,125,172,0.727,215,353,568,236,77,17,149,487,1061,1.584,0.517,0.473,0.498
596,265,Harvey Grant,783,20513,3345,7138,0.469,65,243,0.267,1026,1448,0.709,1170,2266,3436,1219,599,428,714,1768,7781,1.707,0.839,0.473,0.5
2328,1631200,Kris Murray,165,3262,340,820,0.415,96,381,0.252,94,155,0.606,222,320,542,190,128,52,129,226,870,1.473,0.992,0.473,0.49
275,77420,Maurice Lucas,855,24787,4870,10297,0.473,4,36,0.111,2595,3399,0.763,2119,5401,7520,1987,639,538,1810,2865,12339,0.971,0.307,0.473,0.523
2211,203156,Henry Sims,135,2542,403,856,0.471,4,23,0.174,221,288,0.767,248,422,670,140,76,64,153,289,1031,0.915,0.497,0.473,0.525
1017,203504,Trey Burke,498,10401,1847,4500,0.41,564,1637,0.345,534,659,0.81,164,714,878,1522,274,52,555,641,4792,2.742,0.494,0.473,0.5
1059,2031,Stromile Swift,547,10804,1713,3623,0.473,2,27,0.074,1154,1650,0.699,885,1650,2535,275,354,683,690,1357,4582,0.399,0.513,0.473,0.527
1263,402,Jon Koncak,784,16409,1444,3073,0.47,19,84,0.226,613,1027,0.597,1064,2792,3856,785,542,791,624,2474,3520,1.258,0.869,0.473,0.499
624,600009,Rory Sparrow,836,22550,3264,7008,0.466,101,389,0.26,928,1164,0.797,441,1314,1755,4192,828,103,1534,1915,7557,2.733,0.54,0.473,0.502
2057,1641722,Jordan Hawkins,158,2974,435,1181,0.368,247,723,0.342,161,196,0.821,68,300,368,162,57,37,120,145,1278,1.35,0.475,0.473,0.504
1400,426,Terry Davis,480,10369,1202,2545,0.472,3,19,0.158,654,1081,0.605,1106,1781,2887,273,183,149,518,1176,3061,0.527,0.353,0.473,0.507
1550,203521,Matthew Dellavedova,479,9287,894,2323,0.385,409,1127,0.363,313,375,0.835,168,643,811,1690,213,21,562,865,2510,3.007,0.379,0.473,0.504
348,78614,Mike Woodson,786,20021,4368,9364,0.466,120,443,0.271,2125,2615,0.813,655,1183,1838,1822,952,275,1331,1847,10981,1.369,0.715,0.473,0.522
303,1847,Thurl Bailey,928,24873,4753,10056,0.473,4,35,0.114,2324,2863,0.812,1304,3414,4718,1298,435,1086,1444,1843,11834,0.899,0.301,0.473,0.523
2052,77126,Abdul Jeelani,143,2394,475,1005,0.473,0,7,0,340,424,0.802,197,303,500,160,84,71,204,278,1290,0.784,0.412,0.473,0.541
956,785,Eric Murdock,508,11883,1889,4310,0.438,296,863,0.343,1044,1329,0.786,339,922,1261,2467,830,69,991,981,5118,2.489,0.838,0.473,0.523
955,78656,Blair Rasmussen,532,11409,2248,4767,0.472,9,35,0.257,614,801,0.767,913,2093,3006,467,210,484,460,1623,5119,1.015,0.457,0.473,0.5
233,2746,Josh Smith,894,28999,5089,11247,0.452,450,1578,0.285,2368,3748,0.632,1717,4936,6653,2789,1083,1713,2197,2461,12996,1.269,0.493,0.472,0.504
853,462,J.R. Reid,672,15370,2168,4594,0.472,5,37,0.135,1339,1869,0.716,1004,2377,3381,639,514,264,947,1977,5680,0.675,0.543,0.472,0.524
851,101154,Andray Blatche,564,12462,2327,4981,0.467,52,219,0.237,1000,1380,0.725,1043,1981,3024,798,492,458,914,1382,5706,0.873,0.538,0.472,0.511
1243,1504,Danny Fortson,440,8837,1196,2534,0.472,2,12,0.167,1221,1556,0.785,1195,1989,3184,301,182,94,655,1553,3615,0.46,0.278,0.472,0.562
2109,1630201,Malachi Flynn,217,3077,427,1103,0.387,188,564,0.333,142,190,0.747,59,317,376,414,120,23,148,248,1184,2.797,0.811,0.472,0.499
444,3,Grant Long,1003,28518,3472,7440,0.467,83,293,0.283,2491,3272,0.761,2168,3986,6154,1716,1199,366,1628,2957,9518,1.054,0.736,0.472,0.536
513,51,Mahmoud Abdul-Rauf,586,15628,3514,7943,0.442,474,1339,0.354,1051,1161,0.905,219,868,1087,2079,487,46,963,1106,8553,2.159,0.506,0.472,0.506
2137,76632,Jerry Eaves,168,2685,416,882,0.472,1,14,0.071,299,387,0.773,64,144,208,414,85,8,251,218,1132,1.649,0.339,0.472,0.538
1284,128,David Benoit,492,9314,1335,3051,0.438,211,661,0.319,574,722,0.795,576,1407,1983,287,216,246,424,1021,3455,0.677,0.509,0.472,0.513
1676,1629629,Cam Reddish,254,5877,742,1865,0.398,277,861,0.322,390,475,0.821,144,534,678,297,261,90,277,439,2151,1.072,0.942,0.472,0.519
382,221,Clar. Weatherspoon,915,27737,4025,8537,0.471,10,51,0.196,2423,3261,0.743,2126,4720,6846,1346,880,794,1430,2028,10483,0.941,0.615,0.472,0.526
2937,76036,Daniel Anderson,95,1067,135,286,0.472,,,,77,91,0.846,23,68,91,166,36,3,,102,347,,,0.472,0.532
287,1381,John Long,893,22680,5108,10929,0.467,101,314,0.322,1814,2104,0.862,998,1494,2492,1738,912,180,1555,1868,12131,1.118,0.586,0.472,0.512
1705,685,Cherokee Parks,472,7461,868,1848,0.47,8,38,0.211,312,495,0.63,564,1139,1703,265,207,306,281,931,2056,0.943,0.737,0.472,0.498
3056,76183,Lance Blanks,142,1045,116,266,0.436,19,75,0.253,38,57,0.667,31,79,110,117,39,8,63,122,289,1.857,0.619,0.472,0.496
14,201566,Russell Westbrook,1285,42595,9700,22120,0.439,1465,4757,0.308,6079,7883,0.771,2044,6919,8963,10246,2022,414,4993,3280,26944,2.052,0.405,0.472,0.526
1435,78577,Bill Willoughby,488,8647,1224,2606,0.47,10,40,0.25,472,629,0.75,685,1206,1891,413,209,293,390,964,2930,0.946,0.392,0.472,0.508
1851,1626170,Jerian Grant,279,4998,593,1442,0.411,174,539,0.323,332,431,0.77,92,437,529,805,205,33,274,411,1692,2.938,0.748,0.472,0.518
1772,202730,Lavoy Allen,388,6905,828,1758,0.471,2,15,0.133,189,277,0.682,715,1128,1843,384,120,214,257,706,1847,1.494,0.467,0.472,0.491
766,77182,Dwight Jones,766,16452,2459,5216,0.471,1,2,0.5,1311,1772,0.74,1456,3057,4513,911,429,397,771,2077,6230,0.703,0.336,0.472,0.52
455,201936,Tyreke Evans,594,18242,3510,7978,0.44,500,1548,0.323,1827,2415,0.757,500,2220,2720,2852,734,222,1489,1308,9347,1.915,0.493,0.471,0.517
1625,916,Corie Blount,644,9922,959,2038,0.471,3,26,0.115,366,624,0.587,1085,1605,2690,460,328,266,519,1375,2287,0.886,0.632,0.471,0.494
1066,52,Micheal Williams,413,10403,1470,3170,0.464,48,211,0.227,1545,1780,0.868,300,750,1050,2385,717,95,938,1073,4533,2.543,0.764,0.471,0.573
255,89,Nick Van Exel,880,28980,4636,11458,0.405,1528,4278,0.357,1858,2341,0.794,375,2170,2545,5777,726,92,1850,1380,12658,3.123,0.392,0.471,0.507
492,76874,Rickey Green,946,23271,3594,7669,0.469,39,188,0.207,1643,2035,0.807,474,1345,1819,5221,1348,51,1583,1452,8870,3.298,0.852,0.471,0.518
754,168,Chris Mills,568,17281,2391,5541,0.432,439,1251,0.351,1136,1391,0.817,772,2036,2808,1063,421,247,726,1532,6357,1.464,0.58,0.471,0.517
101,78149,Jack Sikma,1107,36943,6396,13792,0.464,203,618,0.328,4292,5053,0.849,2542,8274,10816,3488,1162,1048,2586,3879,17287,1.349,0.449,0.471,0.54
2061,78526,Gene Wiley,300,6386,553,1174,0.471,,,,167,330,0.506,,,2194,252,,,,811,1273,,,0.471,0.482
1080,457,Andrew Lang,737,15348,1780,3785,0.47,5,20,0.25,866,1164,0.744,1188,2323,3511,424,332,1099,697,2037,4431,0.608,0.476,0.471,0.516
1001,201573,Jerryd Bayless,586,12486,1719,4180,0.411,499,1382,0.361,972,1188,0.818,176,1059,1235,1674,370,73,825,1206,4909,2.029,0.448,0.471,0.522
816,1903,Kenny Thomas,632,17302,2309,4966,0.465,59,242,0.244,1199,1715,0.699,1447,2894,4341,975,527,276,1054,1581,5876,0.925,0.5,0.471,0.514
784,2584,Willie Green,731,14784,2417,5682,0.425,517,1494,0.346,708,925,0.765,242,1061,1303,1018,393,108,705,1259,6059,1.444,0.557,0.471,0.498
1005,77633,Johnny Moore,520,13430,1998,4343,0.46,94,374,0.251,800,1123,0.712,391,1157,1548,3866,1017,116,1163,1325,4890,3.324,0.874,0.471,0.505
1576,203524,Solomon Hill,448,9654,843,2175,0.388,362,1093,0.331,405,508,0.797,289,1110,1399,662,307,99,377,765,2453,1.756,0.814,0.471,0.511
411,210,Terrell Brandon,724,21546,3908,8720,0.448,394,1110,0.355,1784,2043,0.873,425,1749,2174,4407,1142,226,1419,1325,9994,3.106,0.805,0.471,0.519
2698,1569,Keith Closs,130,1647,201,427,0.471,0,4,0,100,165,0.606,133,239,372,44,28,163,78,167,502,0.564,0.359,0.471,0.502
2020,76790,Tom Garrick,251,4718,543,1159,0.469,5,60,0.083,268,346,0.775,123,378,501,853,266,22,343,447,1359,2.487,0.776,0.471,0.518
234,1536,Stephen Jackson,858,27397,4604,11112,0.414,1252,3763,0.333,2516,3154,0.798,674,2654,3328,2634,1109,317,2141,2043,12976,1.23,0.518,0.471,0.519
918,174,John Battle,612,10910,2054,4430,0.464,62,227,0.273,1168,1472,0.793,178,646,824,1257,273,43,659,874,5338,1.907,0.414,0.471,0.526
1819,200771,Sergio Rodriguez,353,5280,676,1651,0.409,202,600,0.337,193,261,0.739,121,404,525,1183,212,13,491,441,1747,2.409,0.432,0.471,0.495
2154,1023,Emanual Davis,226,3935,402,1020,0.394,156,443,0.352,140,178,0.787,79,361,440,396,167,29,267,344,1100,1.483,0.625,0.471,0.501
1906,201604,Chris Douglas-Roberts,222,4381,574,1309,0.439,84,255,0.329,339,408,0.831,83,389,472,254,128,55,200,287,1571,1.27,0.64,0.471,0.528
156,76598,John Drew,739,21828,5481,11658,0.47,10,57,0.175,4319,5774,0.748,2158,2930,5088,1224,1004,193,1402,2641,15291,0.573,0.46,0.471,0.538
640,111,LaPhonso Ellis,624,17617,2895,6409,0.452,241,797,0.302,1379,1888,0.73,1320,2712,4032,981,433,477,1001,1934,7410,0.98,0.433,0.471,0.512
1703,203148,Brian Roberts,314,5207,753,1831,0.411,217,610,0.356,336,370,0.908,58,364,422,721,132,19,272,368,2059,2.651,0.485,0.471,0.516
755,77966,Mike Riordan,639,15890,2773,5894,0.47,,,,788,1059,0.744,261,617,1830,1524,231,35,,1490,6334,,,0.47,0.498
1927,78534,Eddielee Wilkins,322,3787,596,1267,0.47,0,9,0,342,606,0.564,400,602,1002,62,82,60,288,609,1534,0.215,0.285,0.47,0.5
77,1503,Tracy McGrady,938,30658,6709,15413,0.435,1081,3198,0.338,3882,5202,0.746,1300,3976,5276,4161,1136,807,2029,1661,18381,2.051,0.56,0.47,0.519
1749,1956,Ira Newble,380,7647,782,1753,0.446,85,249,0.341,281,361,0.778,403,711,1114,342,204,105,289,695,1930,1.183,0.706,0.47,0.505
1792,77373,Ronnie Lester,250,4959,679,1449,0.469,5,22,0.227,453,575,0.788,148,325,473,1003,187,32,474,395,1816,2.116,0.395,0.47,0.533
1118,76806,John Gianelli,541,13650,1798,3823,0.47,0,0,0,614,875,0.702,967,2071,3188,832,225,476,275,1270,4210,1.342,0.378,0.47,0.5
1110,763,Tony Massenburg,683,12290,1638,3484,0.47,1,11,0.091,961,1363,0.705,1054,1910,2964,266,261,322,685,1607,4238,0.388,0.381,0.47,0.519
1930,203080,Thomas Robinson,313,4204,640,1361,0.47,0,6,0,248,491,0.505,542,965,1507,190,161,111,319,546,1528,0.596,0.505,0.47,0.484
2906,77194,Robin Jones,75,1131,150,319,0.47,,,,70,119,0.588,108,202,310,82,38,39,7,140,370,0.286,0.143,0.47,0.498
121,950,Stephon Marbury,846,31890,5769,13324,0.433,991,3048,0.325,3768,4804,0.784,579,1937,2516,6471,1022,121,2547,2014,16297,2.541,0.401,0.47,0.528
1002,78610,Al Wood,417,9939,1980,4254,0.465,40,190,0.211,902,1143,0.789,459,803,1262,742,310,159,569,944,4902,1.304,0.545,0.47,0.515
124,78200,Randy Smith,976,31444,6676,14218,0.47,17,110,0.155,2893,3705,0.781,861,1977,3597,4487,1403,57,1158,2556,16262,1.756,0.634,0.47,0.513
69,78435,Chet Walker,1032,33433,6876,14628,0.47,,,,5079,6384,0.796,245,593,7314,2126,117,10,,2727,18831,,,0.47,0.54
2230,1626185,Jarell Martin,184,2927,376,867,0.434,63,182,0.346,183,239,0.766,189,450,639,114,67,73,144,411,998,0.792,0.465,0.47,0.513
278,76726,Sleepy Floyd,957,26383,4448,10015,0.444,518,1599,0.324,2846,3493,0.815,626,1868,2494,5175,1120,215,2251,1972,12260,2.299,0.498,0.47,0.531
2833,2788,DJ Mbenga,234,1566,180,383,0.47,0,2,0,54,89,0.607,129,222,351,41,37,141,87,286,414,0.471,0.425,0.47,0.49
1332,201589,Darrell Arthur,503,8945,1381,3110,0.444,161,458,0.352,359,469,0.765,547,1221,1768,409,309,307,422,1234,3282,0.969,0.732,0.47,0.495
311,786,Gerald Wilkins,900,26092,4754,10564,0.45,418,1322,0.316,1810,2429,0.745,975,1671,2646,2697,907,208,1687,1853,11736,1.599,0.538,0.47,0.504
1739,76564,Derrek Dickey,321,5345,854,1818,0.47,,,,254,341,0.745,563,1012,1575,346,129,60,40,609,1962,0.525,0.35,0.47,0.498
2417,1626203,Treveon Graham,180,2883,266,694,0.383,120,360,0.333,105,152,0.691,121,279,400,144,76,16,76,297,757,1.895,1,0.47,0.497
1828,78015,Lorenzo Romar,291,5188,720,1553,0.464,19,90,0.211,272,363,0.749,66,319,385,1022,244,29,350,393,1731,2.92,0.697,0.47,0.505
676,71,Pooh Richardson,639,19400,3046,6867,0.444,358,1087,0.329,633,971,0.652,435,1372,1807,4180,817,111,1165,1129,7083,3.588,0.701,0.47,0.486
575,278,Stacey Augmon,1001,21659,3037,6480,0.469,12,79,0.152,1904,2616,0.728,1304,1912,3216,1561,974,317,1248,1750,7990,1.251,0.78,0.47,0.524
1456,381,James Robinson,381,6937,1050,2662,0.394,400,1151,0.348,382,574,0.666,199,461,660,715,205,71,504,648,2882,1.419,0.407,0.47,0.494
648,1517,Bobby Jackson,755,16794,2755,6601,0.417,689,1947,0.354,1145,1444,0.793,623,1724,2347,1945,704,68,1014,1372,7344,1.918,0.694,0.47,0.507
1317,202697,Iman Shumpert,461,11470,1225,3130,0.391,489,1450,0.337,381,499,0.764,324,1210,1534,845,514,120,530,1058,3320,1.594,0.97,0.469,0.496
864,76736,Phil Ford,482,13503,2128,4560,0.467,25,119,0.21,1313,1602,0.82,161,693,854,3083,589,29,1326,1269,5594,2.325,0.444,0.469,0.531
962,673,Alan Henderson,652,13776,1976,4215,0.469,5,26,0.192,1137,1778,0.639,1426,1823,3249,397,364,297,717,1436,5094,0.554,0.508,0.469,0.51
915,2743,Kris Humphries,800,14232,2078,4486,0.463,55,188,0.293,1139,1626,0.7,1387,2927,4314,556,326,454,691,1456,5350,0.805,0.472,0.469,0.514
2826,2091,Daniel Santiago,122,1417,153,326,0.469,0,0,0,111,162,0.685,76,184,260,38,39,47,85,231,417,0.447,0.459,0.469,0.525
475,76133,Zelmo Beaty,570,18348,3396,7237,0.469,,,,2315,3087,0.75,93,234,5949,839,45,29,,2132,9107,,,0.469,0.53
126,436,Juwan Howard,1208,36648,6543,13950,0.469,6,50,0.12,3067,4014,0.764,2348,5080,7428,2663,818,312,2469,3493,16159,1.079,0.331,0.469,0.514
1139,77528,Jim McElroy,418,10178,1636,3494,0.468,7,34,0.206,841,1101,0.764,242,578,820,1462,384,127,610,711,4120,1.795,0.459,0.469,0.518
639,2585,Zaza Pachulia,1098,22235,2608,5559,0.469,0,31,0,2198,2927,0.751,2362,3953,6315,1433,768,378,1444,2738,7414,0.992,0.532,0.469,0.541
137,1888,Richard Hamilton,921,29562,5969,13288,0.449,530,1530,0.346,3240,3805,0.852,794,2058,2852,3125,714,131,1977,2329,15708,1.581,0.361,0.469,0.525
267,2406,Caron Butler,881,28332,4596,10592,0.434,746,2144,0.348,2492,2942,0.847,1103,3284,4387,2007,1163,216,1594,2129,12430,1.259,0.73,0.469,0.523
1589,76860,Leonard Gray,224,6058,1030,2196,0.469,,,,348,471,0.739,326,843,1169,490,196,91,,825,2408,,,0.469,0.501
2318,1642347,Jamal Shead,123,2541,321,822,0.391,129,396,0.326,109,142,0.768,47,160,207,585,106,16,181,259,880,3.232,0.586,0.469,0.497
1677,941,Ennis Whatley,385,7107,845,1805,0.468,3,31,0.097,457,605,0.755,198,481,679,1754,383,44,687,711,2150,2.553,0.557,0.469,0.519
1654,41,Anthony Bonner,318,7372,881,1881,0.468,2,16,0.125,435,737,0.59,708,1018,1726,442,346,84,450,784,2199,0.982,0.769,0.469,0.499
652,76733,Chris Ford,794,22043,3160,6874,0.46,126,336,0.375,868,1188,0.731,820,1308,2394,2719,1152,192,726,1817,7314,1.938,0.736,0.469,0.494
2221,1068,Greg Dreiling,474,4239,375,803,0.467,3,9,0.333,261,402,0.649,287,731,1018,186,82,137,250,923,1014,0.744,0.328,0.469,0.517
262,77710,Mike Newlin,837,24574,4720,10133,0.466,62,205,0.302,3005,3456,0.87,559,1367,2494,3364,702,58,878,2542,12507,1.454,0.385,0.469,0.537
2941,202732,DeAndre Liggins,177,1907,129,321,0.402,43,122,0.352,45,82,0.549,47,205,252,122,108,31,86,201,346,1.419,1.256,0.469,0.484
2970,1629065,Ky Bowman,45,1015,134,321,0.417,33,107,0.308,34,41,0.829,24,97,121,131,44,10,70,102,335,1.871,0.629,0.469,0.494
1932,201948,Austin Daye,293,4132,567,1410,0.402,188,535,0.351,200,257,0.778,143,621,764,212,116,117,204,480,1522,1.039,0.569,0.469,0.5
2419,31,Lorenzo Williams,253,5536,338,721,0.469,0,2,0,81,215,0.377,693,910,1603,247,134,350,236,732,757,1.047,0.568,0.469,0.464
1952,76321,Marty Byrnes,263,4254,585,1264,0.463,15,46,0.326,310,421,0.736,248,338,586,409,102,34,275,418,1495,1.487,0.371,0.469,0.516
453,470,Doc Rivers,864,23568,3295,7416,0.444,361,1101,0.328,2426,3093,0.784,634,1991,2625,4889,1563,351,1651,2660,9377,2.961,0.947,0.469,0.534
1115,77875,Howard Porter,457,8534,1838,3922,0.469,,,,539,672,0.802,501,1070,1872,211,156,212,55,818,4215,0.764,0.527,0.469,0.5
1602,1114,Jaren Jackson,431,7206,865,2215,0.391,346,980,0.353,294,385,0.764,207,579,786,500,258,53,348,725,2370,1.437,0.741,0.469,0.497
364,77986,Cliff T. Robinson,629,19284,4493,9596,0.468,7,36,0.194,1830,2533,0.722,1363,3874,5237,1249,655,441,1571,1870,10823,0.795,0.417,0.469,0.505
1702,2556,Marcus Banks,348,5568,741,1715,0.432,125,382,0.327,454,591,0.768,100,419,519,728,266,57,436,674,2061,1.67,0.61,0.469,0.522
876,77770,Louis Orr,569,13353,2125,4539,0.468,3,36,0.083,1292,1642,0.787,903,1214,2117,853,455,163,788,1133,5545,1.082,0.577,0.468,0.527
562,404,Kevin Duckworth,684,17461,3216,6870,0.468,5,24,0.208,1648,2239,0.736,1369,2576,3945,598,329,316,1237,2195,8085,0.483,0.266,0.468,0.515
1714,78347,Tom Tolbert,312,5680,757,1647,0.46,29,98,0.296,487,680,0.716,406,845,1251,285,116,109,347,741,2030,0.821,0.334,0.468,0.522
884,203079,Dion Waiters,419,11835,2106,5110,0.412,575,1660,0.346,718,1034,0.694,166,942,1108,1163,391,113,761,813,5505,1.528,0.514,0.468,0.495
511,76095,Mike Bantom,706,19725,3446,7362,0.468,3,15,0.2,1673,2418,0.692,1632,2885,4517,1623,630,478,946,2489,8568,1.156,0.451,0.468,0.508
304,77167,Vinnie Johnson,984,24308,4882,10515,0.464,83,327,0.254,1978,2673,0.74,1451,1658,3109,3212,852,253,1569,2063,11825,2.047,0.543,0.468,0.506
1440,76567,Coby Dietrick,480,9241,1210,2588,0.468,3,16,0.188,492,664,0.741,517,1352,1869,990,428,284,481,1247,2915,1.751,0.707,0.468,0.506
1379,200769,Shannon Brown,408,7329,1198,2854,0.42,276,831,0.332,446,553,0.807,177,583,760,458,284,90,378,538,3118,1.212,0.751,0.468,0.503
430,895,Tyrone Corbin,1065,27659,3918,8584,0.456,198,663,0.299,1732,2191,0.791,1726,3320,5046,1894,1228,270,1310,2627,9766,1.446,0.937,0.468,0.511
122,1889,Andre Miller,1304,40268,6035,13104,0.461,193,888,0.217,4015,4975,0.807,1373,3422,4795,8524,1546,227,3121,2882,16278,2.731,0.495,0.468,0.532
116,76054,Nate Archibald,876,31159,5899,12628,0.467,19,85,0.224,4664,5760,0.81,344,1015,2046,6476,719,81,1123,2002,16481,2.425,0.32,0.468,0.543
1857,724,Cory Alexander,307,4844,587,1508,0.389,237,669,0.354,266,352,0.756,78,403,481,834,263,37,467,514,1677,1.786,0.563,0.468,0.504
1999,203499,Shane Larkin,256,4880,545,1290,0.422,117,348,0.336,192,247,0.777,83,407,490,737,243,24,301,375,1399,2.449,0.807,0.468,0.5
1191,281,Scott Williams,746,12225,1589,3402,0.467,5,45,0.111,642,890,0.721,1281,2225,3506,431,393,421,545,1916,3825,0.791,0.721,0.468,0.504
1766,348,Mitchell Butler,362,5461,707,1613,0.438,95,313,0.304,359,576,0.623,246,471,717,342,214,53,353,576,1868,0.969,0.606,0.468,0.5
1803,114,Harold Miner,200,3748,692,1504,0.46,23,74,0.311,394,502,0.785,191,241,432,245,80,27,278,370,1801,0.881,0.288,0.468,0.522
2593,201979,Nick Calathes,129,2011,246,558,0.441,30,104,0.288,68,117,0.581,42,201,243,353,129,13,162,217,590,2.179,0.796,0.468,0.484
205,166,Ron Harper,1009,31196,5326,11946,0.446,523,1811,0.289,2735,3799,0.72,1322,2987,4309,3916,1716,729,2251,2324,13910,1.74,0.762,0.468,0.511
611,76392,Jim Chones,623,19125,3280,7014,0.468,0,6,0,1104,1569,0.704,1402,3794,5196,1079,332,643,746,1968,7664,0.912,0.28,0.468,0.497
298,1006,Herb Williams,1102,28484,5037,10781,0.467,8,84,0.095,1862,2675,0.696,1624,4885,6509,1856,605,1605,1929,2876,11944,0.962,0.314,0.468,0.499
508,2400,Drew Gooden,790,20127,3432,7435,0.462,88,342,0.257,1701,2239,0.76,1878,3740,5618,896,544,474,1158,1957,8653,0.774,0.47,0.468,0.514
462,948,Marcus Camby,973,28680,3767,8077,0.466,18,88,0.205,1710,2551,0.67,2611,6902,9513,1837,967,2331,1362,2687,9262,1.349,0.71,0.468,0.503
1054,76247,Randy Breuer,681,12499,1898,4060,0.467,0,4,0,803,1278,0.628,1061,1925,2986,616,305,750,676,1464,4599,0.911,0.451,0.467,0.497
2354,200780,Solomon Jones,281,3092,301,645,0.467,1,9,0.111,236,329,0.717,257,397,654,99,58,154,161,554,839,0.615,0.36,0.467,0.531
305,760,Jerome Kersey,1153,28114,4723,10166,0.465,58,288,0.201,2321,3364,0.69,2330,4009,6339,2134,1439,799,1583,3455,11825,1.348,0.909,0.467,0.508
223,979,Jermaine O'Neal,1011,27368,5144,11025,0.467,14,95,0.147,3007,4208,0.715,1991,5270,7261,1369,470,1820,1872,2896,13309,0.731,0.251,0.467,0.517
1167,78442,Wally Walker,565,10168,1720,3685,0.467,3,15,0.2,525,817,0.643,638,1121,1759,844,216,111,598,1109,3968,1.326,0.338,0.467,0.491
885,21,Greg Anthony,757,15846,1914,4750,0.403,610,1748,0.349,1059,1445,0.733,271,1146,1417,2997,887,79,1043,1324,5497,2.873,0.85,0.467,0.51
2545,2437,Lonny Baxter,162,1882,247,530,0.466,1,5,0.2,142,216,0.657,178,299,477,40,37,59,108,324,637,0.37,0.343,0.467,0.51
251,754,Jim Jackson,885,29067,4811,11247,0.428,881,2413,0.365,2187,2651,0.825,1190,2962,4152,2851,726,188,2179,1972,12690,1.308,0.333,0.467,0.511
543,76972,Connie Hawkins,499,17234,3013,6453,0.467,,,,2207,2811,0.785,332,876,3971,2052,244,150,,1459,8233,,,0.467,0.535
811,1508,Maurice Taylor,534,13325,2471,5298,0.466,5,33,0.152,942,1324,0.711,791,1661,2452,623,246,259,973,1603,5889,0.64,0.253,0.467,0.501
577,78304,Terry Teagle,687,14509,3295,7090,0.465,30,143,0.21,1362,1719,0.792,726,1077,1803,956,517,127,1005,1532,7982,0.951,0.514,0.467,0.509
968,2039,Keyon Dooling,728,14134,1810,4356,0.416,446,1277,0.349,1001,1253,0.799,132,832,964,1601,463,75,803,1221,5067,1.994,0.577,0.467,0.516
702,177,Muggsy Bogues,889,25426,2845,6210,0.458,106,381,0.278,1062,1284,0.827,534,1784,2318,6726,1369,39,1433,1582,6858,4.694,0.955,0.467,0.506
2153,1630527,Brandon Boston,147,2346,407,989,0.412,109,332,0.328,178,228,0.781,71,256,327,176,99,30,119,177,1101,1.479,0.832,0.467,0.505
2476,1628408,PJ Dozier,130,2008,270,670,0.403,85,273,0.311,75,116,0.647,67,270,337,204,65,35,93,177,700,2.194,0.699,0.466,0.485
1471,78623,Larry Wright,343,6834,1190,2558,0.465,6,23,0.261,438,564,0.777,177,373,550,1165,283,58,436,791,2824,2.14,0.523,0.466,0.503
1662,912,Rafael Addison,379,5695,920,2047,0.449,69,245,0.282,277,359,0.772,262,518,780,339,148,83,284,671,2186,1.194,0.521,0.466,0.496
1565,77028,Darnell Hillman,287,6594,992,2128,0.466,0,0,0,487,822,0.592,624,1257,1881,406,229,277,368,1059,2471,0.652,0.364,0.466,0.496
3150,201964,Victor Claver,80,1072,100,251,0.398,34,116,0.293,24,41,0.585,43,135,178,56,30,16,58,103,258,0.966,0.517,0.466,0.479
1542,77561,Larry McNeill,297,5094,915,1963,0.466,,,,703,902,0.779,477,963,1440,225,183,78,71,702,2533,0.704,0.254,0.466,0.537
1073,1506,Austin Croshere,659,11481,1491,3659,0.407,429,1262,0.34,1064,1236,0.861,700,1949,2649,627,245,216,656,1094,4475,0.956,0.373,0.466,0.532
2818,1642367,Jonathan Mogbo,83,1422,170,383,0.444,17,70,0.243,62,87,0.713,121,227,348,156,57,38,75,149,419,2.08,0.76,0.466,0.497
2127,76226,Steve Bracey,187,2853,487,1045,0.466,,,,167,244,0.684,36,148,291,408,74,6,,323,1141,,,0.466,0.495
1647,2416,Kareem Rush,346,5956,876,2189,0.4,288,805,0.358,173,246,0.703,104,468,572,353,150,74,298,459,2213,1.185,0.503,0.466,0.482
2256,1627885,Shaquille Harrison,183,2780,364,837,0.435,52,185,0.281,178,248,0.718,73,372,445,301,178,65,120,269,958,2.508,1.483,0.466,0.506
3042,77077,Eddie Hughes,97,1158,116,279,0.416,28,77,0.364,36,52,0.692,24,69,93,159,65,3,56,122,296,2.839,1.161,0.466,0.49
1512,2575,Luke Walton,564,9685,1050,2449,0.429,182,558,0.326,367,513,0.715,481,1107,1588,1317,313,102,597,810,2649,2.206,0.524,0.466,0.495
357,78215,Ricky Sobers,821,22992,4250,9262,0.459,130,447,0.291,2272,2695,0.843,672,1460,2132,3525,1085,161,1973,2622,10902,1.557,0.449,0.466,0.522
744,77263,Albert King,534,12836,2709,5875,0.461,56,209,0.268,996,1259,0.791,760,1502,2262,1171,452,196,1151,1612,6470,1.017,0.393,0.466,0.503
537,441,Lamond Murray,736,18478,3137,7301,0.43,528,1466,0.36,1484,1955,0.759,936,2097,3033,978,684,319,1207,1471,8286,0.81,0.567,0.466,0.508
2131,1814,Chris Smith,224,3956,425,976,0.435,59,161,0.366,231,324,0.713,61,230,291,627,118,56,219,346,1140,2.863,0.539,0.466,0.51
369,965,Derek Fisher,1287,32713,3720,9329,0.399,1248,3341,0.374,2025,2479,0.817,414,2244,2658,3804,1352,98,1473,2684,10713,2.582,0.918,0.466,0.514
2677,1117,John Shasky,136,1505,176,378,0.466,0,2,0,165,252,0.655,158,221,379,34,29,35,75,179,517,0.453,0.387,0.466,0.529
1839,1630703,Scoot Henderson,128,3524,594,1482,0.401,192,565,0.34,325,410,0.793,105,287,392,671,116,26,389,376,1705,1.725,0.298,0.466,0.513
1327,2501,Reggie Evans,809,15572,1107,2379,0.465,1,11,0.091,1074,2036,0.528,1984,3781,5765,458,566,115,897,1895,3289,0.511,0.631,0.466,0.502
1765,77387,Todd Lichti,237,4240,733,1595,0.46,19,78,0.244,385,488,0.789,177,328,505,325,179,45,254,417,1870,1.28,0.705,0.466,0.517
352,76826,Mike Gminski,938,24058,4208,9047,0.465,6,49,0.122,2531,3002,0.843,2082,4398,6480,1203,507,989,1368,1574,10953,0.879,0.371,0.465,0.528
541,77952,Micheal Ray Richardson,556,18589,3419,7479,0.457,124,564,0.22,1291,1870,0.69,981,2075,3056,3899,1463,206,1854,1859,8253,2.103,0.789,0.465,0.497
1116,77148,George Johnson,464,9878,1704,3684,0.463,21,111,0.189,785,1008,0.779,831,1779,2610,817,432,284,879,1349,4214,0.929,0.491,0.465,0.51
230,1897,Metta World Peace,991,31439,4666,11266,0.414,1154,3402,0.339,2572,3596,0.715,1159,3289,4448,2631,1721,522,1791,2586,13058,1.469,0.961,0.465,0.508
260,77463,Jack Marin,849,24590,5068,10890,0.465,,,,2405,2852,0.843,259,675,4405,1813,155,59,,2416,12541,,,0.465,0.516
729,201579,Roy Hibbert,662,16389,2622,5641,0.465,6,24,0.25,1361,1802,0.755,1527,2646,4173,885,241,1146,1038,2067,6611,0.853,0.232,0.465,0.514
2322,77401,Kevin Loder,148,2094,365,791,0.461,6,23,0.261,139,200,0.695,113,225,338,174,67,43,143,261,875,1.217,0.469,0.465,0.498
173,76981,Spencer Haywood,760,25600,5790,12447,0.465,1,8,0.125,3011,3766,0.8,1493,3228,7038,1351,355,629,716,2167,14592,0.615,0.236,0.465,0.517
2525,78394,Kelvin Upshaw,120,1518,267,589,0.453,14,59,0.237,101,127,0.795,39,106,145,257,81,9,121,210,649,2.124,0.669,0.465,0.503
2079,78244,Larry Staverman,265,3380,474,1019,0.465,,,,289,368,0.785,,,1019,251,,,,577,1237,,,0.465,0.524
196,78549,Gus Williams,825,25645,5793,12570,0.461,108,454,0.238,2399,3173,0.756,818,1404,2222,4597,1638,291,1646,1637,14093,2.47,0.837,0.465,0.505
1911,76742,Rod Foster,207,3446,631,1434,0.44,72,242,0.298,228,297,0.768,75,183,258,479,137,10,286,441,1562,1.675,0.479,0.465,0.499
2384,203106,Jeffery Taylor,132,2566,299,731,0.409,82,257,0.319,127,191,0.665,80,183,263,107,72,21,92,234,807,1.163,0.783,0.465,0.495
2482,77110,Tracy Jackson,129,1797,279,602,0.463,2,13,0.154,134,179,0.749,123,120,243,132,78,14,108,183,694,1.222,0.722,0.465,0.51
2425,76043,Mitchell Anderson,157,1970,306,658,0.465,0,9,0,139,249,0.558,186,253,439,110,107,39,131,251,751,0.84,0.817,0.465,0.489
837,446,Lucious Harris,800,15704,2194,5151,0.426,402,1155,0.348,994,1258,0.79,554,1310,1864,1130,556,86,594,1013,5784,1.902,0.936,0.465,0.507
295,302,Mookie Blaylock,889,31027,4705,11499,0.409,1283,3816,0.336,1269,1724,0.736,1017,2642,3659,5972,2075,300,2067,1687,11962,2.889,1.004,0.465,0.488
674,201147,Corey Brewer,819,18771,2684,6314,0.425,503,1774,0.284,1226,1720,0.713,613,1674,2287,1250,1023,222,950,1768,7097,1.316,1.077,0.465,0.502
70,78318,Isiah Thomas,979,35516,7194,15904,0.452,398,1373,0.29,4036,5316,0.759,951,2527,3478,9061,1861,249,3682,2971,18822,2.461,0.505,0.465,0.516
217,1884,Baron Davis,835,28593,4888,11951,0.409,1332,4159,0.32,2339,3292,0.711,762,2421,3183,6025,1530,360,2308,2361,13447,2.61,0.663,0.465,0.502
1150,77950,Clint Richardson,586,11818,1742,3761,0.463,11,45,0.244,589,765,0.77,533,845,1378,1461,360,105,751,1019,4084,1.945,0.479,0.465,0.498
1535,76767,Terry Furlow,239,4809,1044,2273,0.459,24,82,0.293,438,508,0.862,211,296,507,568,159,69,374,298,2550,1.468,0.406,0.465,0.511
1444,961,John Wallace,381,6143,1152,2496,0.462,15,50,0.3,582,786,0.74,328,733,1061,281,134,216,470,706,2901,0.598,0.285,0.465,0.51
1261,201154,Al Thornton,296,8274,1368,3029,0.452,78,266,0.293,713,954,0.747,392,841,1233,353,185,152,424,771,3527,0.833,0.436,0.465,0.511
1268,931,Don MacLean,319,6677,1320,2902,0.455,56,197,0.284,794,1038,0.765,356,854,1210,404,118,51,398,598,3490,1.015,0.296,0.465,0.52
1411,76734,Don Ford,474,9301,1313,2828,0.464,1,7,0.143,389,503,0.773,544,1147,1691,647,274,139,296,1004,3016,1.361,0.554,0.464,0.495
2194,77674,Tod Murphy,191,4071,396,872,0.454,18,62,0.29,239,352,0.679,340,601,941,183,113,88,112,382,1049,1.634,1.009,0.464,0.511
1959,76283,Rickey Brown,340,4487,614,1322,0.464,0,3,0,254,381,0.667,422,778,1200,119,95,114,301,796,1482,0.395,0.316,0.464,0.497
2196,202954,Brad Wanamaker,191,3085,355,843,0.421,73,243,0.3,263,290,0.907,49,280,329,464,123,33,189,306,1046,2.455,0.651,0.464,0.539
793,201945,Gerald Henderson,535,13854,2249,5111,0.44,249,762,0.327,1240,1564,0.793,314,1402,1716,1009,358,183,639,930,5987,1.579,0.56,0.464,0.516
1532,76413,E.C. Coleman,357,9310,1104,2378,0.464,,,,345,497,0.694,661,1490,2151,472,305,142,95,1210,2553,1.063,0.716,0.464,0.492
158,78398,Dick Van Arsdale,921,31771,5413,11661,0.464,,,,4253,5385,0.79,188,476,3807,3060,264,44,,2575,15079,,,0.464,0.537
2848,78519,Charles Whitney,70,1048,174,377,0.462,2,7,0.286,54,72,0.75,42,104,146,87,59,7,62,129,404,1.403,0.952,0.464,0.494
630,199,Reggie Williams,599,16012,2992,6848,0.437,373,1253,0.298,1151,1468,0.784,785,1608,2393,1492,802,407,1051,1920,7508,1.42,0.763,0.464,0.501
2012,925,Sean Higgins,220,3334,559,1305,0.428,93,290,0.321,164,193,0.85,115,287,402,226,73,32,239,351,1375,0.946,0.305,0.464,0.495
309,757,Damon Stoudamire,878,29107,4329,10662,0.406,1236,3464,0.357,1869,2244,0.833,703,2336,3039,5371,953,81,2039,1705,11763,2.634,0.467,0.464,0.505
954,203901,Elfrid Payton,524,13894,2126,4788,0.444,191,668,0.286,678,1089,0.623,538,1548,2086,3033,612,162,1143,1036,5121,2.654,0.535,0.464,0.486
2442,2221,Raul Lopez,113,2137,280,652,0.429,45,130,0.346,128,150,0.853,31,163,194,428,84,5,221,278,733,1.937,0.38,0.464,0.51
2398,203909,KJ McDaniels,148,2092,278,675,0.412,70,241,0.29,156,201,0.776,96,228,324,95,70,94,151,205,782,0.629,0.464,0.464,0.512
113,84,Latrell Sprewell,913,35268,6076,14294,0.425,1104,3272,0.337,3456,4298,0.804,770,2954,3724,3664,1294,399,2450,1689,16712,1.496,0.528,0.464,0.516
273,78045,Cazzie Russell,817,22213,5172,11154,0.464,,,,2033,2459,0.827,343,685,3068,1838,239,33,35,1693,12377,1.743,0.543,0.464,0.506
93,467,Jason Kidd,1391,50116,6219,15557,0.4,1988,5701,0.349,3103,3954,0.785,1768,6957,8725,12091,2684,450,4003,2572,17529,3.02,0.67,0.464,0.507
1100,2605,Marquis Daniels,548,11703,1772,3933,0.451,103,439,0.235,672,932,0.721,521,1031,1552,966,509,137,644,882,4319,1.5,0.79,0.464,0.497
2657,76148,Tony Bennett,152,1886,221,536,0.412,55,164,0.335,41,56,0.732,28,127,155,303,69,1,93,200,538,3.258,0.742,0.464,0.48
2358,780,Byron Houston,214,2674,307,673,0.456,10,39,0.256,211,312,0.676,237,411,648,114,103,86,173,543,835,0.659,0.595,0.464,0.515
1290,202348,Jordan Crawford,281,6843,1286,3130,0.411,330,1041,0.317,530,642,0.826,153,550,703,883,196,23,529,437,3432,1.669,0.371,0.464,0.503
2330,77829,Sam Pellom,196,2911,350,755,0.464,0,2,0,163,225,0.724,242,443,685,95,91,151,176,465,863,0.54,0.517,0.464,0.505
96,600006,Earl Monroe,926,29636,6906,14898,0.464,0,0,0,3642,4513,0.807,260,976,2796,3594,473,121,305,2416,17454,2.023,0.423,0.464,0.517
2488,203995,Vasilije Micic,101,1961,254,643,0.395,88,279,0.315,95,116,0.819,34,143,177,390,46,7,176,113,691,2.216,0.261,0.463,0.498
386,1883,Steve Francis,576,21629,3543,8267,0.429,575,1684,0.341,2785,3494,0.797,960,2255,3215,3473,846,223,2030,1813,10446,1.711,0.417,0.463,0.533
2816,1915,Evan Eschmeyer,153,2138,158,341,0.463,0,0,0,105,169,0.621,220,381,601,76,69,95,96,399,421,0.792,0.719,0.463,0.507
1882,101120,Antoine Wright,297,5714,617,1499,0.412,155,510,0.304,225,334,0.674,157,524,681,295,139,72,227,598,1614,1.3,0.612,0.463,0.49
959,458,Howard Eisley,786,16016,1881,4617,0.407,516,1474,0.35,838,1013,0.827,208,1116,1324,2748,540,83,1172,1701,5116,2.345,0.461,0.463,0.505
1923,201590,Donte Greene,253,4259,585,1441,0.406,165,542,0.304,206,294,0.701,140,460,600,183,111,116,222,373,1541,0.824,0.5,0.463,0.491
450,76027,Lucius Allen,702,20159,3884,8385,0.463,,,,1639,2157,0.76,381,928,2205,3174,604,124,247,1799,9407,1.636,0.462,0.463,0.504
1880,200749,Shelden Williams,361,5586,590,1276,0.462,2,9,0.222,436,589,0.74,529,1033,1562,163,179,164,304,733,1618,0.536,0.589,0.463,0.527
416,77419,John Lucas,928,25556,3905,8696,0.449,244,806,0.303,1897,2446,0.776,490,1661,2151,6454,1273,73,1803,1691,9951,3.323,0.637,0.463,0.509
425,339,Tom Gugliotta,763,23559,3871,8584,0.451,208,732,0.284,1945,2570,0.757,1595,3994,5589,2140,1079,492,1735,1884,9895,1.233,0.622,0.463,0.509
385,77936,Robert Reid,919,25109,4443,9706,0.458,103,354,0.291,1459,1992,0.732,1167,3001,4168,2500,973,403,1319,2893,10448,1.895,0.738,0.463,0.494
1422,688,Michael Curry,667,13198,1094,2448,0.447,79,265,0.298,719,872,0.825,198,847,1045,804,333,66,459,1523,2986,1.752,0.725,0.463,0.527
81,76753,World Free,886,26893,6512,14294,0.456,213,632,0.337,4718,6264,0.753,1008,1422,2430,3319,910,223,1869,2270,17955,1.578,0.427,0.463,0.527
644,1507,Derek Anderson,615,17969,2419,5922,0.408,645,1891,0.341,1874,2198,0.853,440,1548,1988,2083,691,87,1052,1230,7357,1.98,0.657,0.463,0.534
2673,1629059,Elie Okobo,108,1677,186,471,0.395,64,203,0.315,87,118,0.737,28,160,188,242,56,11,107,163,523,2.262,0.523,0.463,0.5
231,77662,Jeff Mullins,802,24574,5383,11631,0.463,,,,2251,2764,0.814,144,287,3427,3023,140,37,,2165,13017,,,0.463,0.507
2650,78533,James Wilkes,114,1531,224,484,0.463,0,3,0,99,137,0.723,107,167,274,104,58,31,101,220,547,1.03,0.574,0.463,0.502
1448,203096,Jared Sullinger,269,6532,1172,2685,0.436,141,518,0.272,408,564,0.723,684,1322,2006,477,180,161,332,784,2893,1.437,0.542,0.463,0.493
1338,81,Jeff Grayer,438,8278,1336,2925,0.457,35,137,0.255,550,829,0.663,574,720,1294,635,271,65,484,732,3257,1.312,0.56,0.463,0.495
2403,203898,Tyler Ennis,186,2336,320,763,0.419,66,208,0.317,73,95,0.768,48,202,250,359,98,18,171,233,779,2.099,0.573,0.463,0.484
2961,201632,Hamed Haddadi,151,1056,130,281,0.463,0,5,0,79,125,0.632,137,235,372,43,11,92,92,209,339,0.467,0.12,0.463,0.504
2182,77715,Carl Nicks,156,2579,450,973,0.462,0,10,0,167,293,0.57,112,185,297,249,132,7,228,342,1067,1.092,0.579,0.462,0.484
807,103,Todd Day,483,12217,2036,5017,0.406,568,1646,0.345,1277,1727,0.739,578,1071,1649,713,532,291,717,1348,5917,0.994,0.742,0.462,0.512
2806,1641765,Olivier-Maxence Prosper,113,1156,143,346,0.413,34,120,0.283,105,147,0.714,83,170,253,77,37,12,36,64,425,2.139,1.028,0.462,0.517
1707,202498,Lance Thomas,399,7323,748,1796,0.416,165,433,0.381,389,487,0.799,293,728,1021,266,148,55,267,683,2050,0.996,0.554,0.462,0.51
237,934,Derrick Coleman,781,25902,4616,10335,0.447,326,1105,0.295,3326,4326,0.769,2079,5153,7232,1985,606,1051,2036,2062,12884,0.975,0.298,0.462,0.526
182,393,Rod Strickland,1094,33635,5418,11928,0.454,195,691,0.282,3432,4759,0.721,1172,2912,4084,7987,1616,215,2862,2048,14463,2.791,0.565,0.462,0.516
719,77353,Allen Leavell,700,16248,2549,5666,0.45,141,603,0.234,1445,1733,0.834,294,870,1164,3339,929,120,1324,1489,6684,2.522,0.702,0.462,0.52
1866,1544,Chris Crawford,252,3984,609,1393,0.437,70,202,0.347,366,444,0.824,206,341,547,154,101,80,232,492,1654,0.664,0.435,0.462,0.521
1071,76317,Don Buse,648,17070,1829,4139,0.442,169,507,0.333,658,844,0.78,373,1134,1507,2920,1160,97,601,967,4485,3.719,1.463,0.462,0.497
1599,77328,Tom LaGarde,312,6194,870,1882,0.462,0,2,0,636,994,0.64,504,1089,1593,456,94,131,534,860,2376,0.854,0.176,0.462,0.512
2042,1763,Ryan Bowen,507,6505,544,1192,0.456,14,68,0.206,217,313,0.693,506,554,1060,250,325,138,168,752,1319,1.488,1.935,0.462,0.496
1600,955,Samaki Walker,445,7610,936,2026,0.462,1,9,0.111,503,798,0.63,627,1462,2089,252,134,316,403,895,2376,0.625,0.333,0.462,0.5
1184,78523,Mitchell Wiggins,389,8105,1596,3468,0.46,14,73,0.192,671,889,0.755,585,650,1235,609,397,34,453,942,3877,1.344,0.876,0.462,0.502
1653,101130,Johan Petro,473,7262,976,2114,0.462,2,13,0.154,248,366,0.678,536,1300,1836,227,193,234,374,1158,2202,0.607,0.516,0.462,0.484
2556,76628,Jim Eakins,115,1744,195,422,0.462,,,,238,282,0.844,141,295,436,148,36,66,33,266,628,0.879,0.212,0.462,0.575
953,76257,Allan Bristow,648,13277,1977,4296,0.46,16,56,0.286,1152,1444,0.798,893,1720,2613,2098,490,40,800,1337,5122,2.084,0.434,0.462,0.519
1169,78198,Otis Smith,375,7720,1540,3384,0.455,47,187,0.251,824,1082,0.762,604,812,1416,690,377,188,559,804,3951,1.234,0.674,0.462,0.512
1147,26,Luc Longley,567,12006,1685,3647,0.462,0,5,0,720,947,0.76,872,1922,2794,836,278,549,942,1730,4090,0.887,0.295,0.462,0.503
795,76249,Ron Brewer,501,12892,2497,5437,0.459,30,121,0.248,947,1149,0.824,335,636,971,920,480,249,706,835,5971,1.303,0.68,0.462,0.502
235,76206,Bob Boozer,874,25549,4961,10738,0.462,,,,3042,3998,0.761,,,7119,1237,,,,2489,12964,,,0.462,0.519
288,202322,John Wall,647,22588,4373,10171,0.43,651,2021,0.322,2691,3468,0.776,361,2343,2704,5735,1045,439,2412,1394,12088,2.378,0.433,0.462,0.517
1222,77490,Scott May,355,8029,1432,3100,0.462,0,8,0,826,1018,0.811,508,942,1450,610,285,44,429,790,3690,1.084,0.483,0.462,0.52
1729,713,Chris Carr,297,4497,730,1753,0.416,159,470,0.338,369,457,0.807,176,482,658,294,93,46,310,502,1988,0.948,0.3,0.462,0.509
1493,76436,Jeff Cook,518,9697,1085,2351,0.462,1,18,0.056,563,786,0.716,857,1477,2334,707,306,215,569,1307,2734,1.243,0.538,0.462,0.507
1094,202,Gary Grant,552,12602,1864,4140,0.45,95,342,0.278,545,702,0.776,347,936,1283,3013,821,69,1268,1200,4368,2.376,0.647,0.462,0.491
1485,2562,Sasha Pavlovic,567,8887,1070,2651,0.404,308,890,0.346,339,504,0.673,188,812,1000,517,272,98,460,1026,2787,1.124,0.591,0.462,0.485
1987,201970,Sam Young,249,3966,560,1266,0.442,49,175,0.28,267,360,0.742,163,410,573,180,134,57,204,311,1436,0.882,0.657,0.462,0.504
487,78047,Campy Russell,566,16781,3398,7397,0.459,34,93,0.366,2123,2750,0.772,893,1803,2696,1684,594,114,1025,1527,8953,1.31,0.423,0.462,0.52
355,137,Vernon Maxwell,855,24318,3932,9878,0.398,1256,3931,0.32,1792,2446,0.733,378,1822,2200,2912,975,152,1663,1766,10912,1.751,0.586,0.462,0.498
960,248,George Lynch,774,17682,2086,4677,0.446,146,477,0.306,791,1213,0.652,1508,2394,3902,1121,817,258,890,1675,5109,1.26,0.918,0.462,0.49
2359,76237,Adrian Branch,130,1429,331,727,0.455,9,39,0.231,163,219,0.744,114,139,253,96,83,17,125,193,834,0.768,0.664,0.461,0.506
1018,289,Ledell Eackles,441,8917,1810,4071,0.445,137,408,0.336,1026,1338,0.767,362,617,979,740,249,31,600,794,4783,1.233,0.415,0.461,0.513
1224,2413,Juan Dixon,436,8508,1400,3393,0.413,331,972,0.341,547,657,0.833,155,661,816,775,341,34,552,733,3678,1.404,0.618,0.461,0.499
2946,1609,Art Long,98,1220,148,323,0.458,2,3,0.667,47,97,0.485,130,189,319,48,27,42,85,220,345,0.565,0.318,0.461,0.472
804,76296,Quinn Buckner,719,16245,2546,5527,0.461,7,38,0.184,830,1264,0.657,598,1371,1969,3114,1337,80,1382,2097,5929,1.984,0.829,0.461,0.487
901,76402,Jim Cleamons,652,17001,2242,4868,0.461,7,31,0.226,917,1198,0.765,570,1205,1987,2532,533,120,364,1240,5408,2.602,0.544,0.461,0.501
711,1747,Rafer Alston,671,19389,2450,6391,0.383,996,2815,0.354,903,1238,0.729,247,1644,1891,3202,813,105,1195,1408,6799,2.679,0.68,0.461,0.49
1164,76525,Jim Davis,597,10027,1518,3291,0.461,,,,961,1425,0.674,198,380,3109,739,89,66,,1463,3997,,,0.461,0.51
1217,164,Chris Childs,541,13620,1288,3196,0.403,372,1082,0.344,762,934,0.816,196,1112,1308,2633,490,54,1064,1586,3710,2.475,0.461,0.461,0.514
1970,1630625,Dalano Banton,216,3142,538,1339,0.402,159,523,0.304,228,313,0.728,120,362,482,422,117,77,234,224,1463,1.803,0.5,0.461,0.495
2457,1540,Eric Washington,104,2300,274,682,0.402,81,234,0.346,87,115,0.757,82,134,216,108,78,43,106,230,716,1.019,0.736,0.461,0.489
1318,306,Steve Colter,526,9570,1295,2891,0.448,76,263,0.289,653,839,0.778,297,754,1051,1482,463,76,534,897,3319,2.775,0.867,0.461,0.509
2336,76786,Calvin Garrett,166,3008,375,820,0.457,6,20,0.3,99,129,0.767,139,297,436,242,94,18,165,327,855,1.467,0.57,0.461,0.488
426,136,P.J. Brown,1089,33826,3852,8365,0.46,8,59,0.136,2158,2718,0.794,3002,5407,8409,1661,912,1116,1342,3218,9870,1.238,0.68,0.461,0.516
904,976,Jeff McInnis,576,15932,2189,5081,0.431,305,929,0.328,713,896,0.796,243,927,1170,2514,371,31,789,1194,5396,3.186,0.47,0.461,0.493
141,952,Antoine Walker,893,31533,6085,14710,0.414,1386,4264,0.325,2091,3303,0.633,1894,4997,6891,3170,1085,469,2504,2516,15647,1.266,0.433,0.461,0.484
1369,77586,Dave Meyers,281,7471,1208,2623,0.461,1,5,0.2,732,1083,0.676,527,1244,1771,652,272,143,395,755,3149,1.18,0.4,0.461,0.508
684,78042,Bob Rule,403,11862,2777,6029,0.461,,,,1453,2119,0.686,43,60,3333,594,12,10,,1260,7007,,,0.461,0.503
313,78439,Jimmy Walker,698,23590,4624,10039,0.461,,,,2407,2903,0.829,139,481,1860,2429,253,36,,1735,11655,,,0.461,0.515
1333,1628367,Josh Jackson,291,6718,1222,2939,0.416,263,901,0.292,569,837,0.68,250,909,1159,534,251,169,536,733,3276,0.996,0.468,0.461,0.495
2124,2051,Donnell Harvey,205,3318,453,985,0.46,1,10,0.1,243,369,0.659,261,566,827,161,97,80,209,464,1150,0.77,0.464,0.46,0.501
574,76338,Tony Campbell,690,15180,3180,6981,0.456,67,264,0.254,1567,1984,0.79,912,1205,2117,1019,582,157,1083,1536,7994,0.941,0.537,0.46,0.509
2778,2062,A.J. Guyton,80,1243,166,440,0.377,73,193,0.378,37,45,0.822,22,58,80,147,20,12,62,58,442,2.371,0.323,0.46,0.481
1700,76873,Mike Green,245,5410,832,1808,0.46,0,2,0,398,563,0.707,487,842,1329,340,125,372,230,679,2062,0.957,0.348,0.46,0.502
856,682,Bob Sura,657,15603,1918,4628,0.414,423,1303,0.325,1395,2024,0.689,586,1654,2240,2474,641,142,1231,1477,5654,2.01,0.521,0.46,0.512
2820,1630235,Trent Forrest,151,1759,167,376,0.444,12,65,0.185,72,87,0.828,50,181,231,281,57,15,104,107,418,2.702,0.548,0.46,0.504
2663,78578,Othell Wilson,127,2049,216,476,0.454,6,34,0.176,97,130,0.746,63,149,212,424,119,16,172,189,535,2.465,0.692,0.46,0.502
1727,2408,Melvin Ely,375,6002,783,1702,0.46,0,3,0,426,682,0.625,448,767,1215,261,99,209,392,765,1992,0.666,0.253,0.46,0.497
2472,1641741,Ricky Council IV,105,1539,231,575,0.402,67,245,0.273,176,224,0.786,65,195,260,113,40,14,57,84,705,1.982,0.702,0.46,0.523
1446,76330,Corky Calhoun,542,10901,1200,2609,0.46,0,0,0,496,634,0.782,525,1099,1962,601,293,132,121,1322,2896,1.579,0.669,0.46,0.501
910,696,Travis Best,708,15160,2002,4642,0.431,266,772,0.345,1106,1324,0.835,230,1019,1249,2444,661,60,928,1616,5376,2.634,0.712,0.46,0.514
2071,1630197,Aleksej Pokusevski,168,3429,482,1234,0.391,171,563,0.304,118,168,0.702,165,613,778,327,94,136,255,226,1253,1.282,0.369,0.46,0.479
365,922,Elden Campbell,1045,25776,4062,8835,0.46,2,37,0.054,2679,3832,0.699,1880,4236,6116,1199,702,1602,1367,3006,10805,0.877,0.514,0.46,0.513
1554,76297,Dave Budd,353,6389,962,2092,0.46,,,,581,852,0.682,,,1623,337,,,,814,2505,,,0.46,0.508
1806,201576,Anthony Randolph,252,3841,677,1494,0.453,20,83,0.241,415,561,0.74,335,743,1078,187,150,224,298,456,1789,0.628,0.503,0.46,0.514
865,2248,Earl Watson,878,19493,2112,5139,0.411,502,1551,0.324,867,1233,0.703,462,1523,1985,3871,873,176,1548,1755,5593,2.501,0.564,0.46,0.492
1820,2424,Dan Dickau,300,4616,608,1517,0.401,179,525,0.341,350,421,0.831,75,330,405,752,164,11,324,514,1745,2.321,0.506,0.46,0.513
2372,101118,Sean May,119,1868,324,708,0.458,3,13,0.231,170,228,0.746,155,326,481,115,53,47,134,236,821,0.858,0.396,0.46,0.508
2534,77996,Wayne Robinson,81,1592,234,509,0.46,0,6,0,175,240,0.729,117,177,294,112,46,24,149,186,643,0.752,0.309,0.46,0.523
1477,2545,Darko Milicic,468,8638,1196,2602,0.46,0,6,0,421,734,0.574,628,1343,1971,405,206,613,573,1065,2813,0.707,0.36,0.46,0.481
1552,78294,Earl Tatum,262,5229,1109,2415,0.459,2,6,0.333,288,386,0.746,214,468,682,507,319,101,289,619,2508,1.346,0.81,0.46,0.485
2349,2044,Jason Collier,151,2178,338,743,0.455,7,20,0.35,158,214,0.738,175,268,443,51,36,32,120,295,841,0.425,0.3,0.46,0.502
216,76462,Dave Cowens,766,29565,5744,12499,0.46,1,14,0.071,2027,2590,0.783,1574,5122,10444,2910,599,488,543,2920,13516,1.622,0.51,0.46,0.496
1324,82,Bill Wennington,720,9738,1379,3006,0.459,5,36,0.139,538,684,0.787,688,1460,2148,440,226,248,440,1680,3301,1,0.514,0.46,0.499
928,2566,Travis Outlaw,622,13026,1994,4713,0.423,344,1021,0.337,941,1265,0.744,480,1494,1974,514,331,381,512,1035,5273,1.004,0.646,0.46,0.5
2620,77065,Brian Howard,95,1613,237,518,0.458,2,9,0.222,94,125,0.752,83,180,263,81,66,42,83,272,570,0.976,0.795,0.459,0.497
1085,78554,John Williams,435,10952,1769,3921,0.451,65,289,0.225,803,1140,0.704,632,1569,2201,1262,566,184,684,1020,4406,1.845,0.827,0.459,0.498
2060,77496,Travis Mays,115,2964,429,1047,0.41,104,287,0.362,311,415,0.749,75,158,233,326,102,14,213,232,1273,1.531,0.479,0.459,0.518
986,960,Tony Delk,545,11705,1874,4593,0.408,472,1376,0.343,737,958,0.769,349,1002,1351,1024,447,77,573,862,4957,1.787,0.78,0.459,0.494
2484,12,Chris King,103,2058,271,640,0.423,46,120,0.383,105,166,0.633,108,203,311,116,74,34,119,183,693,0.975,0.622,0.459,0.486
1336,2036,Chris Mihm,436,8757,1253,2731,0.459,3,13,0.231,753,1069,0.704,865,1437,2302,223,128,444,535,1264,3262,0.417,0.239,0.459,0.509
2727,200777,Joel Freeland,151,1821,209,455,0.459,0,2,0,59,81,0.728,190,328,518,65,32,56,74,255,477,0.878,0.432,0.459,0.486
1034,399,Sean Rooks,749,13559,1710,3725,0.459,2,22,0.091,1254,1795,0.699,943,1934,2877,631,255,499,804,1657,4676,0.785,0.317,0.459,0.518
2619,77727,Robert Nordmann,133,1628,237,516,0.459,,,,97,198,0.49,,,517,73,,,,293,571,,,0.459,0.473
2563,78602,Willie Wise,77,1413,237,516,0.459,,,,143,222,0.644,78,178,256,142,60,18,0,182,617,0,0,0.459,0.503
1264,76078,Dennis Awtrey,733,14159,1382,3009,0.459,0,0,0,752,1154,0.652,703,1514,3342,1467,186,182,245,1702,3516,1.363,0.245,0.459,0.5
1872,2767,Royal Ivey,492,6162,622,1531,0.406,162,449,0.361,235,333,0.706,147,410,557,501,230,38,255,757,1641,1.965,0.902,0.459,0.489
2711,203103,Perry Jones III,143,1676,195,464,0.42,36,123,0.293,62,94,0.66,46,206,252,54,36,33,60,135,488,0.9,0.6,0.459,0.483
671,76329,Joe Caldwell,468,13874,2958,6444,0.459,,,,1211,1909,0.634,,,2367,1257,,,,1298,7127,,,0.459,0.489
1254,78537,Jeff Wilkins,454,10004,1501,3270,0.459,0,10,0,573,771,0.743,597,1977,2574,462,178,246,631,1203,3575,0.732,0.282,0.459,0.495
2244,76553,Larry Demic,206,3192,397,865,0.459,0,3,0,182,314,0.58,338,467,805,106,72,49,252,524,976,0.421,0.286,0.459,0.486
1613,77092,Marc Iavaroni,531,8371,899,1959,0.459,0,17,0,530,746,0.71,565,1160,1725,514,185,200,639,1255,2328,0.804,0.29,0.459,0.509
2779,2351,Oscar Torres,82,1186,151,377,0.401,44,139,0.317,96,125,0.768,50,84,134,43,29,11,57,73,442,0.754,0.509,0.459,0.512
2216,78596,Harthorne Wingo,212,2814,396,863,0.459,,,,231,329,0.702,281,448,745,128,74,57,,368,1023,,,0.459,0.508
3066,203508,Sergey Karasev,95,1110,96,243,0.395,31,110,0.282,64,76,0.842,30,110,140,87,32,4,57,94,287,1.526,0.561,0.459,0.519
773,953,Lorenzen Wright,778,18538,2556,5573,0.459,2,29,0.069,1077,1670,0.645,1688,3255,4943,622,471,572,877,2276,6191,0.709,0.537,0.459,0.491
1206,2239,Trenton Hassell,644,16279,1549,3480,0.445,95,299,0.318,548,716,0.765,541,1285,1826,1132,282,272,597,1399,3741,1.896,0.472,0.459,0.493
1310,2563,Dahntay Jones,624,9801,1203,2739,0.439,107,325,0.329,840,1118,0.751,252,830,1082,529,261,144,507,1206,3353,1.043,0.515,0.459,0.519
1197,2306,Carlos Arroyo,569,10651,1431,3269,0.438,137,405,0.338,771,956,0.806,210,755,965,1761,290,26,680,874,3770,2.59,0.426,0.459,0.511
2852,1628414,Sindarius Thornwell,160,1721,138,339,0.407,35,103,0.34,90,134,0.672,41,165,206,111,76,35,82,183,401,1.354,0.927,0.459,0.504
2446,1520,Charles Smith,142,1975,297,726,0.409,72,250,0.288,63,104,0.606,57,143,200,124,87,70,111,204,729,1.117,0.784,0.459,0.472
242,78520,Sidney Wicks,760,25762,5046,11002,0.459,0,2,0,2711,3955,0.685,1539,3268,6620,2437,592,432,667,2524,12803,0.931,0.379,0.459,0.502
361,101109,Raymond Felton,971,28829,4105,9959,0.412,925,2813,0.329,1718,2175,0.79,552,2315,2867,5096,1144,207,2008,1870,10853,2.538,0.57,0.459,0.497
667,78432,Neal Walk,568,13832,2928,6386,0.459,,,,1301,1717,0.758,429,1163,4392,1214,140,105,,1788,7157,,,0.459,0.501
1490,1626178,Rondae Hollis-Jefferson,305,6760,1004,2238,0.449,44,208,0.212,708,963,0.735,440,1244,1684,579,278,162,392,620,2760,1.477,0.709,0.458,0.518
2576,78430,Granville Waiters,249,2547,270,589,0.458,0,5,0,66,118,0.559,183,357,540,121,56,185,153,410,606,0.791,0.366,0.458,0.473
609,78561,Nate Williams,642,14869,3278,7151,0.458,,,,1153,1432,0.805,595,1163,2469,963,543,136,176,1916,7709,0.767,0.636,0.458,0.495
844,77093,Darrall Imhoff,801,17874,2299,5016,0.458,,,,1161,1954,0.594,,,6099,1405,,,,2445,5759,,,0.458,0.49
2287,77432,Ollie Mack,128,2513,396,864,0.458,0,16,0,124,184,0.674,132,187,319,230,85,11,109,173,916,2.11,0.78,0.458,0.485
1437,101198,Will Bynum,360,6611,1117,2529,0.442,84,309,0.272,603,755,0.799,125,436,561,1185,256,29,578,670,2921,2.05,0.443,0.458,0.51
1975,1886,Jonathan Bender,262,3845,509,1221,0.417,101,297,0.34,334,438,0.763,153,429,582,170,43,169,258,391,1453,0.659,0.167,0.458,0.514
2760,78031,Brian Rowsom,82,1092,158,347,0.455,2,3,0.667,139,170,0.818,101,172,273,47,29,23,44,130,457,1.068,0.659,0.458,0.542
2945,203117,Doron Lamb,100,1272,123,323,0.381,50,127,0.394,49,70,0.7,16,79,95,75,24,1,53,106,345,1.415,0.453,0.458,0.488
1245,2863,Damien Wilkins,582,10991,1344,3157,0.426,205,627,0.327,711,908,0.783,441,921,1362,796,431,130,524,945,3604,1.519,0.823,0.458,0.507
1291,1474,Larry Krystkowiak,420,9098,1294,2830,0.457,5,36,0.139,832,1046,0.795,643,1408,2051,513,264,62,522,1048,3425,0.983,0.506,0.458,0.52
1995,1380,Lloyd Daniels,200,3547,553,1373,0.403,152,481,0.316,153,206,0.743,183,257,440,312,102,61,211,298,1411,1.479,0.483,0.458,0.482
1863,78465,Dwayne Washington,194,4044,666,1472,0.452,16,87,0.184,312,418,0.746,140,230,370,733,256,15,438,448,1660,1.674,0.584,0.458,0.501
2935,997,Chris Robinson,76,1094,134,356,0.376,58,155,0.374,24,42,0.571,32,85,117,104,47,13,67,135,350,1.552,0.701,0.458,0.467
829,76435,Darwin Cook,612,14156,2479,5475,0.453,55,280,0.196,807,1056,0.764,424,884,1308,2248,1044,203,1122,1315,5820,2.004,0.93,0.458,0.49
935,76631,Mark Eaton,875,25169,2072,4526,0.458,0,2,0,1072,1653,0.649,1857,5082,6939,840,368,3064,1293,2955,5216,0.65,0.285,0.458,0.496
1374,76231,Dudley Bradley,600,10192,1222,2780,0.44,101,346,0.292,586,803,0.73,317,781,1098,1147,940,182,682,1220,3131,1.682,1.378,0.458,0.5
2683,78314,David Thirdkill,179,1469,189,414,0.457,1,11,0.091,131,232,0.565,79,130,209,84,47,13,105,226,510,0.8,0.448,0.458,0.494
578,283,Lindsey Hunter,937,23249,2970,7663,0.388,1075,2984,0.36,941,1261,0.746,438,1583,2021,2506,1120,165,1159,1857,7956,2.162,0.966,0.458,0.484
1963,76522,Edward Davis,286,3711,579,1265,0.458,,,,320,380,0.842,182,392,800,295,76,16,,363,1478,,,0.458,0.516
715,762,Shawn Bradley,832,19531,2713,5935,0.457,4,39,0.103,1322,1847,0.716,1743,3525,5268,573,532,2119,1059,2567,6752,0.541,0.502,0.457,0.5
2245,2058,Mark Madsen,453,5335,381,834,0.457,1,16,0.063,212,402,0.527,559,598,1157,181,116,102,206,866,975,0.879,0.563,0.457,0.482
2335,76426,Dallas Comegys,142,2241,322,704,0.457,0,3,0,212,311,0.682,166,286,452,95,78,133,201,335,856,0.473,0.388,0.457,0.509
2497,76761,Bernie Fryer,111,2106,273,597,0.457,,,,140,178,0.787,76,129,205,331,114,10,,241,686,,,0.457,0.508
2890,732,Ashraf Amaya,85,1249,133,292,0.455,1,2,0.5,112,177,0.633,133,222,355,36,29,13,67,180,379,0.537,0.433,0.457,0.512
597,76441,Wayne Cooper,984,20274,3242,7100,0.457,7,48,0.146,1286,1747,0.736,2149,3946,6095,852,295,1535,1181,3144,7777,0.721,0.25,0.457,0.494
972,76618,T.R. Dunn,993,23080,2030,4443,0.457,1,20,0.05,972,1341,0.725,1729,2642,4371,1631,1316,252,815,2072,5033,2.001,1.615,0.457,0.5
927,76204,Ron Boone,379,10795,2134,4703,0.454,30,89,0.337,986,1155,0.854,364,682,1046,1273,420,52,758,1020,5284,1.234,0.397,0.457,0.507
2557,1629164,Brandon Goodwin,133,1609,230,590,0.39,79,251,0.315,89,122,0.73,34,177,211,251,54,5,104,130,628,2.413,0.519,0.457,0.488
1082,77998,Dave Robisch,508,10556,1694,3710,0.457,0,4,0,1038,1275,0.814,798,1822,2620,813,220,193,415,917,4426,1.578,0.398,0.457,0.518
1955,78087,Russ Schoene,290,3548,621,1428,0.435,62,185,0.335,187,249,0.751,284,451,735,175,121,71,228,573,1491,0.768,0.531,0.457,0.485
2041,77541,Kevin McKenna,243,3460,498,1204,0.414,103,283,0.364,221,270,0.819,102,215,317,342,184,25,204,491,1320,1.676,0.902,0.456,0.499
1537,716,Rumeal Robinson,336,6091,1014,2345,0.432,112,326,0.344,406,665,0.611,164,442,606,1179,301,54,580,599,2546,2.033,0.519,0.456,0.483
334,693,Joe Smith,1030,27022,4325,9512,0.455,30,126,0.238,2528,3200,0.79,2456,4119,6575,1010,606,868,1290,2974,11208,0.783,0.47,0.456,0.513
668,77988,Flynn Robinson,494,11569,2775,6082,0.456,,,,1597,1881,0.849,,,1294,1516,,,,1267,7147,,,0.456,0.517
151,77196,Sam Jones,871,24285,6271,13745,0.456,,,,2869,3572,0.803,,,4305,2209,,,,1735,15411,,,0.456,0.503
3020,201616,Darnell Jackson,138,1039,123,274,0.449,4,17,0.235,58,90,0.644,90,113,203,26,24,11,50,159,308,0.52,0.48,0.456,0.491
153,76107,Dick Barnett,971,28937,6034,13227,0.456,,,,3290,4324,0.761,1,3,2812,2729,1,0,,2514,15358,,,0.456,0.508
634,76497,Quintin Dailey,528,12170,2936,6460,0.454,21,133,0.158,1577,2025,0.779,421,886,1307,1188,500,51,1025,1231,7470,1.159,0.488,0.456,0.508
906,77911,Kelvin Ransey,474,11586,2207,4861,0.454,20,152,0.132,946,1209,0.782,227,674,901,2480,472,34,958,923,5380,2.589,0.493,0.456,0.499
2615,35,Eric Riley,186,1844,218,478,0.456,0,4,0,138,196,0.704,180,299,479,60,54,132,126,303,574,0.476,0.429,0.456,0.509
1097,76431,Lester Conner,687,14970,1639,3618,0.453,22,109,0.202,1037,1378,0.753,633,1228,1861,2669,1085,64,914,1036,4337,2.92,1.187,0.456,0.513
798,179,Bryant Stith,586,16416,2021,4767,0.424,306,931,0.329,1598,1900,0.841,605,1378,1983,1178,594,130,776,1092,5946,1.518,0.765,0.456,0.531
1735,412,Sharone Wright,203,4532,777,1705,0.456,1,12,0.083,419,678,0.618,419,604,1023,118,82,203,355,562,1974,0.332,0.231,0.456,0.493
2039,1630553,Keon Johnson,161,3099,474,1250,0.379,192,592,0.324,186,243,0.765,101,328,429,313,132,49,210,326,1326,1.49,0.629,0.456,0.489
850,202397,Ish Smith,805,15495,2452,5714,0.429,307,945,0.325,501,741,0.676,279,1641,1920,3044,543,197,988,1031,5712,3.081,0.55,0.456,0.473
1557,380,Tony Smith,457,7296,1017,2362,0.431,120,391,0.307,350,507,0.69,324,411,735,881,319,79,442,717,2504,1.993,0.722,0.456,0.484
2361,929,Tracy Moore,119,1730,298,738,0.404,77,224,0.344,160,191,0.838,75,108,183,121,62,8,98,186,833,1.235,0.633,0.456,0.507
314,469,Jamal Mashburn,611,22766,4277,10222,0.418,767,2226,0.345,2323,3032,0.766,697,2574,3271,2414,632,109,1585,1533,11644,1.523,0.399,0.456,0.504
2746,77560,Chris McNealy,108,1864,181,397,0.456,0,0,0,104,158,0.658,160,334,494,110,90,30,116,274,466,0.948,0.776,0.456,0.499
63,76832,Gail Goodrich,1031,33527,7431,16300,0.456,,,,4319,5354,0.807,453,651,3279,4805,545,72,390,2775,19181,1.91,0.441,0.456,0.514
1258,1904,Devean George,630,11690,1318,3360,0.392,427,1246,0.343,473,656,0.721,546,1429,1975,543,436,230,447,1270,3536,1.215,0.975,0.456,0.485
873,76217,Sam Bowie,511,14098,2127,4702,0.452,32,106,0.302,1278,1708,0.748,1192,2653,3845,1075,263,909,978,1553,5564,1.099,0.269,0.456,0.51
401,78571,Ray Williams,655,18462,3962,8794,0.451,91,384,0.237,2143,2673,0.802,814,1556,2370,3779,1198,208,2099,2165,10158,1.8,0.571,0.456,0.509
1931,201985,AJ Price,261,3929,549,1444,0.38,218,690,0.316,207,279,0.742,68,309,377,567,125,9,229,237,1523,2.476,0.546,0.456,0.486
803,2052,DeShawn Stevenson,824,18395,2238,5515,0.406,550,1617,0.34,904,1296,0.698,410,1422,1832,1355,423,134,814,1140,5930,1.665,0.52,0.456,0.487
2592,1027,Trevor Wilson,103,1609,236,518,0.456,0,4,0,119,210,0.567,153,200,353,99,50,14,117,157,591,0.846,0.427,0.456,0.484
1481,1626169,Stanley Johnson,449,8880,1028,2630,0.391,340,1114,0.305,410,548,0.748,253,1151,1404,679,383,106,480,871,2806,1.415,0.798,0.456,0.489
835,1863,Earl Boykins,652,12965,2076,4980,0.417,384,1104,0.348,1255,1433,0.876,275,602,877,2092,390,34,756,659,5791,2.767,0.516,0.455,0.516
704,202323,Evan Turner,705,18940,2748,6331,0.434,270,917,0.294,1058,1353,0.782,388,2890,3278,2462,532,184,1267,1380,6824,1.943,0.42,0.455,0.493
1128,766,David Wingate,740,13244,1690,3798,0.445,79,290,0.272,707,958,0.738,445,975,1420,1376,597,122,853,1249,4166,1.613,0.7,0.455,0.494
432,77844,Geoff Petrie,446,16787,3970,8719,0.455,,,,1792,2225,0.805,140,445,1271,2057,247,33,,1075,9732,,,0.455,0.502
1925,2206,Rodney White,218,3352,617,1455,0.424,91,290,0.314,215,287,0.749,113,372,485,237,118,65,285,309,1540,0.832,0.414,0.455,0.487
1646,76518,Charlie Davis,415,5050,970,2152,0.451,19,112,0.17,255,346,0.737,378,630,1008,309,127,74,334,634,2214,0.925,0.38,0.455,0.48
387,77376,Lafayette Lever,752,23814,4244,9504,0.447,162,523,0.31,1783,2312,0.771,1442,3081,4523,4696,1666,209,1471,1803,10433,3.192,1.133,0.455,0.496
2533,2751,Viktor Khryapa,143,2350,251,567,0.443,14,48,0.292,127,193,0.658,168,324,492,142,86,48,139,353,643,1.022,0.619,0.455,0.493
2201,203462,Archie Goodwin,165,2396,367,856,0.429,45,191,0.236,261,373,0.7,86,245,331,206,69,38,206,192,1040,1,0.335,0.455,0.51
2828,76450,Chris Corchiani,112,1313,131,311,0.421,21,78,0.269,133,163,0.816,27,102,129,243,73,4,120,159,416,2.025,0.608,0.455,0.543
2097,78241,Terence Stansbury,192,2984,468,1055,0.444,24,107,0.224,240,308,0.779,76,201,277,390,119,20,248,483,1200,1.573,0.48,0.455,0.504
1375,1479,Mike Brown,626,10960,1126,2476,0.455,1,8,0.125,877,1271,0.69,934,1828,2762,424,253,169,643,1372,3130,0.659,0.393,0.455,0.516
1149,78475,Nick Weatherspoon,453,9680,1712,3763,0.455,0,0,0,662,929,0.713,789,1443,2232,418,344,145,319,1228,4086,0.693,0.417,0.455,0.49
2984,226,Antonio Lang,143,1396,121,266,0.455,0,8,0,87,121,0.719,80,130,210,50,55,46,89,207,329,0.562,0.618,0.455,0.515
645,78106,Ken Sears,529,14923,2465,5420,0.455,,,,2425,2937,0.826,,,4142,843,,,,1470,7355,,,0.455,0.548
1364,2457,Jannero Pargo,499,7448,1228,3140,0.391,400,1124,0.356,319,369,0.864,112,589,701,986,250,28,560,648,3175,1.761,0.446,0.455,0.481
2065,707,Mark Davis,230,3685,473,1071,0.442,28,114,0.246,287,438,0.655,291,406,697,294,200,75,324,481,1261,0.907,0.617,0.455,0.499
1691,2260,Jarron Collins,542,8542,682,1500,0.455,0,5,0,731,1046,0.699,645,934,1579,419,138,98,334,1316,2095,1.254,0.413,0.455,0.534
1060,77835,Curtis Perry,480,13656,1904,4188,0.455,,,,770,1101,0.699,1022,1950,4239,906,379,291,63,1670,4578,0.762,0.54,0.455,0.49
1470,1626159,Justise Winslow,344,8907,1121,2718,0.412,229,728,0.315,358,561,0.638,364,1396,1760,890,307,137,500,794,2829,1.78,0.614,0.455,0.477
967,76876,Sidney Green,679,13247,1993,4386,0.454,1,27,0.037,1093,1481,0.738,1300,2828,4128,635,369,220,1038,1797,5080,0.612,0.355,0.455,0.504
1982,78449,Lloyd Walton,341,5387,599,1319,0.454,1,4,0.25,243,342,0.711,121,249,370,1243,264,28,422,362,1442,2.611,0.531,0.455,0.491
1035,170,Joe Kleine,965,14712,1902,4201,0.453,13,48,0.271,849,1069,0.794,1268,2723,3991,622,261,285,777,1988,4666,0.801,0.336,0.454,0.499
1478,77914,Ed Ratleff,338,8433,1160,2554,0.454,,,,493,614,0.803,465,898,1363,896,430,143,67,801,2813,2.284,0.896,0.454,0.498
2129,434,Tony Dumas,156,2223,409,1013,0.404,102,312,0.327,220,362,0.608,94,104,198,186,65,19,148,256,1140,1.257,0.439,0.454,0.486
2561,76262,Jim Brogan,121,1493,256,577,0.444,12,45,0.267,95,127,0.748,94,88,182,222,75,22,126,202,619,1.762,0.595,0.454,0.489
1079,1533,Anthony Johnson,793,15553,1709,4131,0.414,332,933,0.356,682,916,0.745,293,1065,1358,2274,551,92,866,1289,4432,2.626,0.636,0.454,0.489
1551,78110,Brad Sellers,398,7154,1026,2268,0.452,6,30,0.2,451,569,0.793,428,636,1064,435,137,246,335,678,2509,1.299,0.409,0.454,0.498
2535,1627785,Isaiah Whitehead,89,1823,244,594,0.411,51,167,0.305,104,132,0.788,36,174,210,212,50,38,166,198,643,1.277,0.301,0.454,0.493
2584,201159,Javaris Crittenton,113,1853,229,518,0.442,12,52,0.231,125,196,0.638,84,192,276,201,59,8,137,148,595,1.467,0.431,0.454,0.492
2621,1628469,Antonio Blakeney,76,1143,219,539,0.406,51,143,0.357,80,115,0.696,11,128,139,62,19,10,46,60,569,1.348,0.413,0.454,0.483
600,2046,Desmond Mason,643,19639,2931,6535,0.449,66,254,0.26,1839,2485,0.74,804,2059,2863,1049,441,230,1032,1432,7767,1.016,0.427,0.454,0.509
2105,202388,Donald Sloan,218,3749,449,1098,0.409,98,316,0.31,193,256,0.754,54,401,455,651,83,8,230,193,1189,2.83,0.361,0.454,0.491
1042,1607,Troy Hudson,517,11284,1714,4278,0.401,452,1333,0.339,757,882,0.858,193,684,877,1748,273,30,818,690,4637,2.137,0.334,0.453,0.497
861,77636,Otto Moore,682,16893,2336,5152,0.453,,,,944,1550,0.609,504,1539,5575,1060,186,342,,1775,5616,,,0.453,0.481
922,76403,John Clemens,790,12578,2262,4989,0.453,,,,792,1049,0.755,102,295,2526,904,131,11,,1662,5316,,,0.453,0.488
1056,76192,Tom Boerwinkle,635,14387,1863,4109,0.453,,,,870,1288,0.675,536,1220,5745,2007,110,138,26,1811,4596,1.692,0.115,0.453,0.491
1361,2060,Marko Jaric,447,11246,1190,2944,0.404,289,840,0.344,524,718,0.73,274,926,1200,1600,583,128,708,967,3193,2.26,0.823,0.453,0.49
2024,202327,Ekpe Udoh,384,5694,519,1145,0.453,0,4,0,315,439,0.718,456,644,1100,260,177,429,222,714,1353,1.171,0.797,0.453,0.506
1488,77623,Paul Mokeski,694,9739,1099,2437,0.451,11,51,0.216,555,800,0.694,709,1633,2342,500,228,309,585,1818,2764,0.855,0.39,0.453,0.496
1283,78468,Richard Washington,351,7874,1472,3249,0.453,1,4,0.25,511,719,0.711,685,1519,2204,409,224,277,433,1179,3456,0.748,0.372,0.453,0.485
1313,77489,Don May,379,6619,1351,2981,0.453,,,,637,798,0.798,29,120,1309,389,29,10,,751,3339,,,0.453,0.501
670,201196,Ramon Sessions,691,16119,2406,5539,0.434,208,658,0.316,2121,2681,0.791,339,1501,1840,2807,472,52,1173,942,7141,2.393,0.402,0.453,0.531
1585,78372,Al Tucker,257,5348,996,2198,0.453,,,,439,625,0.702,,,1283,230,,,,567,2431,,,0.453,0.492
895,77106,Phil Jackson,807,14201,2076,4583,0.453,0,2,0,1276,1734,0.736,515,1447,3454,898,281,199,134,2366,5428,1.067,0.604,0.453,0.508
2044,76975,Robert Hawkins,103,2005,534,1179,0.453,,,,245,348,0.704,107,133,240,150,114,47,45,252,1313,0.911,0.6,0.453,0.493
930,76290,Joe Bryant,606,12845,2093,4648,0.45,23,115,0.2,1043,1404,0.743,825,1616,2441,1049,519,201,935,1635,5252,1.005,0.47,0.453,0.499
1244,76276,John Brown,486,10108,1348,2979,0.453,0,0,0,918,1172,0.783,824,1302,2126,703,250,76,234,1449,3614,0.97,0.325,0.453,0.517
2758,77164,Rich Johnson,97,1074,200,442,0.452,,,,57,93,0.613,,,265,39,,,,198,457,,,0.452,0.473
1464,78460,Cornell Warner,445,10508,1190,2630,0.452,,,,480,714,0.672,588,1412,3353,494,132,144,,1225,2860,,,0.452,0.486
2543,1752,Sean Marks,230,2275,259,578,0.448,5,25,0.2,115,173,0.665,158,343,501,50,33,87,116,342,638,0.431,0.284,0.452,0.488
2975,101160,Lawrence Roberts,87,1150,114,252,0.452,0,4,0,106,154,0.688,127,183,310,35,44,15,41,163,334,0.854,1.073,0.452,0.522
1312,2484,Devin Brown,465,9020,1174,2927,0.401,300,888,0.338,704,907,0.776,336,952,1288,679,263,58,505,747,3352,1.345,0.521,0.452,0.504
12,76979,Elvin Hayes,1303,50000,10976,24272,0.452,5,34,0.147,5356,7999,0.67,2778,6973,16279,2398,864,1771,1358,4193,27313,0.657,0.316,0.452,0.491
1738,906,Haywoode Workman,359,7201,748,1786,0.419,119,368,0.323,352,461,0.764,150,669,819,1410,354,21,538,684,1967,2.621,0.658,0.452,0.495
40,76882,Hal Greer,1122,39788,8504,18811,0.452,,,,4578,5717,0.801,,,5665,4540,,,,3855,21586,,,0.452,0.506
2237,1628411,Wes Iwundu,226,3827,345,845,0.408,74,253,0.292,225,282,0.798,115,440,555,208,102,51,120,341,989,1.733,0.85,0.452,0.51
2479,1630240,Saben Lee,134,1943,237,563,0.421,35,129,0.271,188,256,0.734,60,200,260,378,94,29,123,165,697,3.073,0.764,0.452,0.516
1868,76968,Scott Hastings,578,5985,584,1323,0.441,28,96,0.292,451,556,0.811,424,863,1287,284,159,153,325,1037,1647,0.874,0.489,0.452,0.525
2370,77892,Bob Quick,136,1868,287,635,0.452,,,,248,336,0.738,,,381,93,,,,235,822,,,0.452,0.525
29,947,Allen Iverson,914,37582,8467,19906,0.425,1059,3383,0.313,6375,8168,0.78,745,2649,3394,5624,1983,164,3262,1777,24368,1.724,0.608,0.452,0.518
1386,78417,Sam Vincent,396,7527,1163,2591,0.449,16,88,0.182,764,885,0.863,158,661,819,1543,268,60,655,598,3106,2.356,0.409,0.452,0.521
1199,77042,Wilbur Holland,276,8171,1608,3558,0.452,,,,544,681,0.799,276,566,842,922,475,44,408,747,3760,1.576,0.701,0.452,0.487
2126,101249,John Lucas III,242,2927,454,1185,0.383,163,474,0.344,76,99,0.768,57,180,237,362,88,2,128,195,1147,2.828,0.688,0.452,0.467
1013,2436,Flip Murray,487,11074,1806,4360,0.414,328,1079,0.304,877,1210,0.725,192,814,1006,1096,404,100,742,795,4817,1.477,0.544,0.452,0.492
2104,1916,Calvin Booth,366,4477,472,1047,0.451,2,9,0.222,244,326,0.748,316,694,1010,151,101,358,180,678,1190,0.839,0.561,0.452,0.5
594,201943,Brandon Jennings,555,16844,2750,7099,0.387,914,2648,0.345,1387,1743,0.796,329,1330,1659,3151,679,98,1203,996,7801,2.619,0.564,0.452,0.496
1367,1628372,Dennis Smith Jr.,326,7602,1224,3009,0.407,270,906,0.298,442,656,0.674,212,755,967,1381,377,109,633,678,3160,2.182,0.596,0.452,0.479
860,76382,Len Chappell,591,10596,2212,4898,0.452,,,,1197,1732,0.691,,,3113,434,,,,1191,5621,,,0.452,0.497
2148,77361,Keith Lee,182,2907,456,1012,0.451,2,12,0.167,200,268,0.746,282,579,861,178,74,110,216,489,1114,0.824,0.343,0.452,0.493
1345,416,Willie Burton,316,6668,1090,2569,0.424,140,406,0.345,923,1174,0.786,326,606,932,393,191,121,517,846,3243,0.76,0.369,0.452,0.526
1753,1559,Adrian Griffin,477,8002,785,1794,0.438,50,180,0.278,299,392,0.763,507,1005,1512,653,436,59,331,879,1919,1.973,1.317,0.452,0.488
1194,1065,Erick Strickland,501,10189,1333,3400,0.392,404,1151,0.351,710,860,0.826,224,1093,1317,1203,422,41,668,959,3780,1.801,0.632,0.451,0.5
1994,204025,Tim Frazier,289,5088,515,1286,0.4,131,405,0.323,251,347,0.723,139,515,654,1142,193,26,379,517,1412,3.013,0.509,0.451,0.491
2272,1629633,Jarrett Culver,144,2480,367,915,0.401,92,333,0.276,108,212,0.509,127,275,402,173,100,54,136,239,934,1.272,0.735,0.451,0.463
509,417,Sam Mitchell,994,22261,3220,7206,0.447,65,292,0.223,2131,2719,0.784,1251,2460,3711,1089,548,301,838,2509,8636,1.3,0.654,0.451,0.514
2958,101183,Shavlik Randolph,146,1202,129,287,0.449,1,6,0.167,81,149,0.544,151,212,363,36,44,38,59,193,340,0.61,0.746,0.451,0.482
1093,77149,George Johnson,904,18102,1802,3995,0.451,1,2,0.5,764,1101,0.694,1960,3789,5887,929,456,2082,872,2707,4369,0.682,0.345,0.451,0.488
2036,77894,Luke Rackley,221,3443,517,1146,0.451,,,,303,484,0.626,5,17,1003,143,3,4,,510,1337,,,0.451,0.492
957,78651,John Tresvant,559,12296,1920,4256,0.451,,,,1278,1843,0.693,,,3546,806,,,,1754,5118,,,0.451,0.505
2684,2208,Kedrick Brown,143,1936,203,501,0.405,46,168,0.274,57,89,0.64,98,249,347,103,85,28,64,170,509,1.609,1.328,0.451,0.471
2496,1630184,Kira Lewis Jr.,131,1745,263,663,0.397,72,245,0.294,89,105,0.848,35,134,169,233,68,15,84,142,687,2.774,0.81,0.451,0.484
76,600013,Rick Barry,794,28825,7252,16163,0.449,73,221,0.33,3818,4243,0.9,510,2366,5168,4017,1104,269,574,2264,18395,2.118,0.58,0.451,0.51
2005,2098,Slava Medvedenko,263,3337,590,1311,0.45,2,13,0.154,208,281,0.74,335,409,744,136,88,42,159,518,1390,0.855,0.553,0.451,0.484
2579,77527,Hank McDowell,206,1857,229,508,0.451,0,8,0,142,200,0.71,186,278,464,98,34,29,131,274,600,0.748,0.26,0.451,0.503
2171,1724,Bryce Drew,243,3967,419,1096,0.382,150,404,0.371,93,112,0.83,56,239,295,524,123,10,209,291,1081,2.507,0.589,0.451,0.472
756,76070,Alvin Attles,711,17826,2499,5545,0.451,,,,1330,2106,0.632,,,2463,2483,,,,2417,6328,,,0.451,0.489
1979,1732,Felipe Lopez,249,4145,550,1274,0.432,48,147,0.327,300,455,0.659,212,392,604,252,161,62,254,451,1448,0.992,0.634,0.451,0.491
833,78575,John Williamson,288,9149,2353,5236,0.449,12,41,0.293,1084,1301,0.833,199,523,722,813,330,55,565,847,5802,1.083,0.395,0.451,0.499
218,76912,Cliff Hagan,745,21731,5239,11630,0.45,,,,2969,3722,0.798,,,5116,2242,,,,2388,13447,,,0.45,0.507
1213,461,Popeye Jones,535,12580,1574,3523,0.447,25,89,0.281,553,736,0.751,1623,2358,3981,696,300,161,603,1501,3726,1.154,0.498,0.45,0.484
246,77168,Mickey Johnson,904,25005,4733,10544,0.449,29,176,0.165,3253,4066,0.8,2201,4264,6465,2677,1025,632,2050,3101,12748,1.138,0.4,0.45,0.517
2521,200821,Yakhouba Diawara,187,2614,233,653,0.357,122,405,0.301,67,103,0.65,77,181,258,122,52,16,72,276,655,1.694,0.722,0.45,0.469
2997,201963,Christian Eyenga,51,1049,136,331,0.411,26,94,0.277,22,36,0.611,31,106,137,40,37,33,50,85,320,0.8,0.74,0.45,0.461
2429,734,Lawrence Moten,119,1816,286,701,0.408,59,197,0.299,116,178,0.652,80,101,181,182,77,32,126,143,747,1.444,0.611,0.45,0.479
436,76526,Johnny Davis,750,21200,3699,8258,0.448,33,187,0.176,2279,2777,0.821,560,945,1505,3368,683,116,1398,1469,9710,2.303,0.459,0.45,0.512
360,78202,Bingo Smith,865,22407,4776,10642,0.449,23,81,0.284,1307,1637,0.798,653,1519,3630,1734,431,167,237,2059,10882,1.316,0.603,0.45,0.479
2902,202719,Jeremy Tyler,104,1034,157,349,0.45,0,1,0,59,106,0.557,98,171,269,25,23,42,68,164,373,0.368,0.338,0.45,0.471
2405,77356,Butch Lee,96,1834,296,658,0.45,0,0,0,181,238,0.761,40,97,137,307,87,1,164,148,773,1.872,0.53,0.45,0.507
1898,2243,Brian Scalabrine,520,6772,590,1512,0.39,180,523,0.344,234,299,0.783,275,759,1034,436,157,121,341,819,1594,1.279,0.46,0.45,0.485
2423,77635,Lowes Moore,112,2118,312,706,0.442,11,55,0.2,117,156,0.75,59,168,227,316,89,19,159,266,752,1.987,0.56,0.45,0.485
133,78388,Jack Twyman,823,26147,6237,13873,0.45,,,,3366,4325,0.778,,,5424,1861,,,,2782,15840,,,0.45,0.502
366,72,Kenny Anderson,858,25869,4002,9512,0.421,547,1580,0.346,2238,2833,0.79,670,1971,2641,5196,1258,111,1769,1974,10789,2.937,0.711,0.449,0.501
553,78466,Jim Washington,774,22668,3253,7238,0.449,,,,1662,2358,0.705,318,808,6637,1105,83,100,,2280,8168,,,0.449,0.494
2276,77078,Kim Hughes,341,5719,435,968,0.449,0,0,0,62,186,0.333,569,1023,1592,319,321,382,229,976,932,0.965,0.869,0.449,0.444
3182,76770,Corey Gaines,80,1002,92,217,0.424,11,48,0.229,53,72,0.736,12,57,69,247,39,4,72,98,248,3.431,0.542,0.449,0.499
501,76965,Clem Haskins,681,17624,3515,7824,0.449,,,,1713,2163,0.792,119,237,2087,2382,127,30,,1504,8743,,,0.449,0.498
1936,2412,Jiri Welsch,247,4600,516,1280,0.403,118,344,0.343,369,491,0.752,120,482,602,375,187,15,262,394,1519,1.431,0.714,0.449,0.508
1802,76641,Franklin Edwards,296,4436,738,1644,0.449,1,33,0.03,325,409,0.795,78,222,300,774,249,21,398,348,1802,1.945,0.626,0.449,0.494
2842,1629604,CJ Elleby,88,1366,146,374,0.39,44,160,0.275,71,99,0.717,77,182,259,97,41,22,61,143,407,1.59,0.672,0.449,0.487
2623,76739,Bayard Forrest,139,2130,229,510,0.449,,,,111,218,0.509,194,371,565,296,52,71,191,256,569,1.55,0.272,0.449,0.47
1553,202708,Norris Cole,360,8018,1005,2469,0.407,207,639,0.324,289,389,0.743,79,623,702,981,280,34,517,679,2506,1.897,0.542,0.449,0.475
2540,2560,Zarko Cabarkapa,150,1551,234,548,0.427,24,88,0.273,148,202,0.733,98,214,312,85,33,25,119,221,640,0.714,0.277,0.449,0.502
1821,78611,Leon Wood,274,4531,598,1525,0.392,173,530,0.326,373,471,0.792,74,242,316,867,127,4,279,289,1742,3.108,0.455,0.449,0.503
383,76348,Austin Carr,682,19660,4359,9714,0.449,2,13,0.154,1753,2181,0.804,711,760,1990,1878,433,66,470,1394,10473,1.383,0.423,0.449,0.491
2451,1054,Jerrod Mustaf,179,1902,285,635,0.449,0,2,0,151,233,0.648,145,307,452,99,54,46,144,237,721,0.688,0.375,0.449,0.489
1717,77047,Michael Holton,325,5836,796,1805,0.441,28,109,0.257,396,491,0.807,131,328,459,977,208,30,409,577,2016,2.389,0.509,0.449,0.499
1484,76716,Hank Finkel,551,6866,1125,2508,0.449,,,,540,816,0.662,74,173,2151,426,10,10,,1090,2790,,,0.449,0.487
2212,77435,Rudy Macklin,160,2752,392,874,0.449,0,7,0,246,317,0.776,203,261,464,121,82,30,207,431,1030,0.585,0.396,0.449,0.508
2474,1631104,Blake Wesley,162,2326,266,650,0.409,51,175,0.291,122,193,0.632,49,202,251,397,101,21,181,216,705,2.193,0.558,0.448,0.48
2000,201957,Byron Mullens,189,3446,557,1366,0.408,111,348,0.319,173,245,0.706,200,590,790,153,74,98,187,335,1398,0.818,0.396,0.448,0.474
1142,201175,Glen Davis,514,10865,1614,3611,0.447,10,55,0.182,873,1247,0.7,731,1505,2236,457,357,173,528,1238,4111,0.866,0.676,0.448,0.494
2757,1627835,Paul Zipser,98,1667,169,455,0.371,70,209,0.335,50,65,0.769,28,228,256,82,35,31,83,164,458,0.988,0.422,0.448,0.474
2597,200763,Quincy Douby,143,1535,222,571,0.389,68,218,0.312,76,86,0.884,34,118,152,93,50,21,87,128,588,1.069,0.575,0.448,0.483
1144,76248,Jim Brewer,703,15936,1785,3983,0.448,1,13,0.077,528,925,0.571,1660,2798,4458,1038,556,510,332,1536,4099,1.075,0.738,0.448,0.467
149,77141,Dennis Johnson,1100,35954,5832,13100,0.445,80,464,0.172,3791,4754,0.797,1459,2790,4249,5499,1477,675,2448,3087,15535,2.196,0.553,0.448,0.511
1015,2551,T.J. Ford,429,11885,1829,4223,0.433,127,439,0.289,1012,1242,0.815,296,1035,1331,2495,496,55,1047,972,4797,2.383,0.474,0.448,0.503
467,76233,Bill Bradley,742,22799,3927,8763,0.448,,,,1363,1623,0.84,198,643,2354,2533,209,65,,2363,9217,,,0.448,0.486
1329,1134,Ike Austin,432,8348,1295,2901,0.446,9,51,0.176,686,1024,0.67,617,1413,2030,538,214,226,701,967,3285,0.767,0.305,0.448,0.49
643,76887,Kevin Grevey,672,15246,2915,6670,0.437,145,434,0.334,1389,1701,0.817,590,1004,1594,1247,392,112,748,1286,7364,1.54,0.468,0.448,0.496
1783,77350,Dennis Layton,264,4429,765,1708,0.448,,,,296,396,0.747,22,90,353,699,51,11,59,529,1826,1.831,0.356,0.448,0.485
2166,76387,Derrick Chievous,154,2240,399,900,0.443,8,33,0.242,280,371,0.755,160,204,364,110,77,17,187,247,1086,0.588,0.412,0.448,0.511
480,213,Antonio Davis,903,26082,3187,7120,0.448,2,23,0.087,2665,3668,0.727,2323,4432,6755,1017,430,889,1346,2551,9041,0.756,0.319,0.448,0.518
236,383,Kendall Gill,966,29487,5068,11672,0.434,315,1051,0.3,2463,3267,0.754,1274,2728,4002,2945,1519,432,1734,2515,12914,1.698,0.876,0.448,0.493
477,77532,George McGinnis,528,16194,3386,7566,0.448,2,25,0.08,2316,3559,0.651,1601,3576,5177,1985,923,236,1291,1984,9090,1.026,0.435,0.448,0.498
1132,1541,Alvin Williams,460,12610,1664,3950,0.421,208,664,0.313,625,822,0.76,252,888,1140,1877,549,109,623,897,4161,3.013,0.881,0.448,0.483
832,76082,John Bagley,665,17120,2359,5398,0.437,114,473,0.241,970,1245,0.779,413,1316,1729,3980,755,54,1512,1090,5802,2.632,0.499,0.448,0.488
2825,77091,Greg Hyder,77,1359,183,409,0.447,,,,51,71,0.718,,,332,48,,,,187,417,,,0.447,0.474
721,76977,Tom Hawkins,764,18465,2761,6171,0.447,,,,1150,2016,0.57,,,4607,871,,,,2214,6672,,,0.447,0.473
2854,1683,Larry Robinson,89,1203,153,398,0.384,50,134,0.373,44,66,0.667,61,106,167,82,56,4,66,107,400,1.242,0.848,0.447,0.468
1945,1628407,Dwayne Bacon,207,4012,571,1419,0.402,127,404,0.314,234,300,0.78,58,479,537,230,96,14,124,273,1503,1.855,0.774,0.447,0.485
2286,203492,Ray McCallum,154,2808,374,916,0.408,71,212,0.335,101,142,0.711,78,228,306,368,79,27,148,190,920,2.486,0.534,0.447,0.47
2693,78545,Don Williams,77,1794,232,519,0.447,0,12,0,42,60,0.7,21,85,106,183,100,11,107,166,506,1.71,0.935,0.447,0.464
2762,76831,Grant Gondrezick,91,1080,173,395,0.438,7,28,0.25,101,147,0.687,62,84,146,115,38,5,73,127,454,1.575,0.521,0.447,0.494
1346,1531,Marc Jackson,387,7574,1194,2680,0.446,7,31,0.226,843,1036,0.814,630,1025,1655,311,147,102,467,775,3238,0.666,0.315,0.447,0.516
2503,78462,Bryan Warrick,169,2379,262,592,0.443,5,24,0.208,148,198,0.747,40,178,218,437,80,19,214,304,677,2.042,0.374,0.447,0.498
2814,112,Dontonio Wingfield,114,1143,157,404,0.389,47,152,0.309,62,86,0.721,121,154,275,76,39,15,89,191,423,0.854,0.438,0.447,0.479
2181,29,Jim McIlvaine,401,5931,423,948,0.446,1,10,0.1,225,408,0.551,479,764,1243,105,136,691,231,1052,1072,0.455,0.589,0.447,0.475
2188,77510,"Ted, Hound Dog McClain",178,3487,430,963,0.447,,,,198,252,0.786,97,313,410,541,183,19,144,430,1058,1.507,0.535,0.447,0.493
727,902,Bimbo Coles,852,20317,2549,5991,0.425,252,943,0.267,1278,1576,0.811,469,1351,1820,3313,735,134,1267,1824,6628,2.615,0.58,0.447,0.496
3004,1630563,Joshua Primo,56,1068,111,299,0.371,45,150,0.3,51,68,0.75,35,92,127,99,21,26,72,87,318,1.375,0.292,0.446,0.483
2043,78565,Rob Williams,153,3367,500,1139,0.439,17,62,0.274,302,383,0.789,91,239,330,825,173,17,354,489,1319,2.331,0.489,0.446,0.504
3027,1629185,Chris Chiozza,91,1038,112,317,0.353,59,172,0.343,20,25,0.8,22,95,117,217,42,11,81,90,303,2.679,0.519,0.446,0.462
1712,76466,Freddie Crawford,297,5047,832,1864,0.446,,,,367,617,0.595,,,746,610,,,,692,2031,,,0.446,0.476
2862,223,Bill Curley,147,1614,157,354,0.444,2,9,0.222,78,105,0.743,124,166,290,60,61,44,75,345,394,0.8,0.813,0.446,0.492
1584,1838,Tyrone Nesby,255,6660,918,2271,0.404,191,604,0.316,404,523,0.772,295,646,941,370,264,93,269,667,2431,1.375,0.981,0.446,0.486
335,77152,John Johnson,869,25681,4575,10254,0.446,0,1,0,2050,2633,0.779,1021,2121,4778,3285,487,235,917,2505,11200,1.455,0.261,0.446,0.491
2493,201628,Bobby Brown,158,1688,271,715,0.379,96,303,0.317,50,62,0.806,23,80,103,230,41,4,123,148,688,1.87,0.333,0.446,0.463
213,76487,Billy Cunningham,654,22406,5116,11467,0.446,,,,3394,4717,0.72,159,714,6638,2625,115,45,,2431,13626,,,0.446,0.503
2087,78194,Labradford Smith,183,3131,485,1122,0.432,31,104,0.298,217,267,0.813,90,181,271,394,142,15,216,372,1218,1.824,0.657,0.446,0.491
117,711,Jerry Stackhouse,970,30226,5386,13182,0.409,988,3202,0.309,4649,5659,0.822,926,2141,3067,3240,869,437,2641,1810,16409,1.227,0.329,0.446,0.524
2461,2398,Jay Williams,75,1961,273,685,0.399,65,202,0.322,103,161,0.64,27,168,195,350,86,17,171,179,714,2.047,0.503,0.446,0.472
1671,76268,Tony Brown,359,6005,860,1969,0.437,36,139,0.259,407,566,0.719,352,414,766,563,234,40,392,751,2163,1.436,0.597,0.446,0.488
2295,76861,Stuart Gray,386,3457,338,758,0.446,0,7,0,230,347,0.663,309,711,1020,148,64,133,243,645,906,0.609,0.263,0.446,0.497
2922,1846,Chris Welp,109,1173,140,314,0.446,0,1,0,79,116,0.681,88,177,265,43,34,54,66,259,359,0.652,0.515,0.446,0.492
417,77295,Don Kojis,814,19241,3947,8853,0.446,,,,2054,2853,0.72,140,282,4555,1112,89,16,,1937,9948,,,0.446,0.492
2347,738,Bob Thornton,283,3386,320,720,0.444,2,9,0.222,202,362,0.558,267,445,712,99,74,35,210,578,844,0.471,0.352,0.446,0.48
1325,1626144,Emmanuel Mudiay,302,7187,1222,3051,0.401,276,855,0.323,579,778,0.744,138,746,884,1143,215,88,670,492,3299,1.706,0.321,0.446,0.486
1751,76263,Gary Brokaw,241,4724,731,1640,0.446,,,,466,654,0.713,87,320,407,715,107,76,12,489,1928,1.667,0.25,0.446,0.5
3039,77492,Clyde Mayes,74,1000,119,267,0.446,,,,59,104,0.567,107,172,279,40,9,46,,166,297,,,0.446,0.475
2646,1600,Kornel David,109,1585,201,451,0.446,0,4,0,147,180,0.817,111,195,306,64,46,24,92,172,549,0.696,0.5,0.446,0.518
1631,76045,Richard Anderson,407,6002,909,2206,0.412,148,445,0.333,294,386,0.762,457,961,1418,611,225,94,362,691,2260,1.688,0.622,0.446,0.476
2544,202396,Samardo Samuels,109,1722,237,532,0.445,0,4,0,164,251,0.653,148,218,366,45,38,41,115,231,638,0.391,0.33,0.445,0.497
2687,202178,Sundiata Gaines,113,1311,182,458,0.397,44,146,0.301,100,178,0.562,46,129,175,207,83,3,93,100,508,2.226,0.892,0.445,0.474
993,77146,Frank Johnson,596,12897,1947,4433,0.439,53,243,0.218,990,1303,0.76,309,716,1025,2476,570,36,1054,1116,4937,2.349,0.541,0.445,0.493
1282,1521,Jacque Vaughn,776,12662,1300,3028,0.429,95,270,0.352,768,986,0.779,148,880,1028,1919,403,15,792,1267,3463,2.423,0.509,0.445,0.5
591,77043,Lionel Hollins,673,18453,3201,7211,0.444,13,87,0.149,1394,1882,0.741,382,1219,1601,3006,1053,192,1337,1841,7809,1.785,0.565,0.445,0.486
2458,76695,Jim Farmer,136,1454,275,643,0.428,22,78,0.282,143,196,0.73,77,109,186,111,42,4,118,164,715,0.941,0.356,0.445,0.49
2851,1738,Ansu Sesay,127,1301,161,371,0.434,8,29,0.276,71,111,0.64,102,121,223,62,38,30,58,162,401,1.069,0.655,0.445,0.478
421,76386,Phil Chenier,578,19116,4120,9271,0.444,6,15,0.4,1685,2091,0.806,366,1141,2063,1742,682,238,157,1143,9931,1.274,0.465,0.445,0.487
2676,76707,Eric Fernsten,218,1643,193,434,0.445,0,0,0,131,194,0.675,144,228,372,82,52,51,72,174,517,0.792,0.611,0.445,0.498
1125,76305,Tom Burleson,446,9425,1568,3526,0.445,0,3,0,1054,1452,0.726,918,1876,2794,601,312,591,236,1317,4190,0.903,0.441,0.445,0.503
1590,1901,Dion Glover,294,6134,914,2222,0.411,148,467,0.317,431,570,0.756,213,684,897,455,233,65,370,487,2407,1.23,0.63,0.445,0.487
2014,1630177,Theo Maledon,177,3753,467,1255,0.372,182,588,0.31,257,324,0.793,63,426,489,518,131,34,283,275,1373,1.83,0.463,0.445,0.491
1311,78366,George Trapp,379,6863,1417,3188,0.444,,,,519,690,0.752,251,577,1466,375,117,71,,1034,3353,,,0.444,0.48
185,78510,Jojo White,837,29941,6169,13884,0.444,1,6,0.167,2060,2471,0.834,472,1468,3345,4095,686,112,504,2056,14399,1.651,0.452,0.444,0.481
987,907,Malik Sealy,493,11725,1865,4375,0.426,158,541,0.292,1067,1319,0.809,505,1080,1585,816,518,157,681,1087,4955,1.198,0.761,0.444,0.5
2781,1919,Laron Profit,135,1536,173,413,0.419,21,89,0.236,74,104,0.712,52,157,209,166,70,25,116,138,441,1.431,0.603,0.444,0.481
2605,2669,Linton Johnson,151,2108,239,574,0.416,32,105,0.305,72,103,0.699,159,334,493,65,84,63,100,271,582,0.65,0.84,0.444,0.47
410,77169,Neil Johnston,516,18298,3303,7435,0.444,,,,3417,4447,0.768,,,5856,1269,,,,1681,10023,,,0.444,0.534
2058,969,Travis Knight,371,4569,522,1192,0.438,15,58,0.259,217,312,0.696,441,719,1160,224,136,220,244,805,1276,0.918,0.557,0.444,0.48
2859,1631098,Johnny Davis,112,1279,160,403,0.397,38,139,0.273,37,66,0.561,38,137,175,71,43,24,37,123,395,1.919,1.162,0.444,0.457
1844,1861,Negele Knight,276,4513,671,1539,0.436,25,95,0.263,332,455,0.73,114,237,351,780,123,30,357,403,1699,2.185,0.345,0.444,0.488
1252,77543,Stan McKenzie,396,7479,1281,2885,0.444,,,,1017,1268,0.802,3,13,1117,611,3,0,,894,3579,,,0.444,0.52
408,78097,Charlie Scott,560,19278,4113,9266,0.444,2,11,0.182,1809,2344,0.772,461,1208,2034,2696,608,152,656,2059,10037,1.61,0.358,0.444,0.487
1967,77021,Kenny Higgs,216,4435,538,1221,0.441,8,55,0.145,386,480,0.804,65,326,391,944,239,23,369,682,1470,2.558,0.648,0.444,0.513
2972,76781,Gary Garland,78,1106,155,356,0.435,6,19,0.316,18,26,0.692,50,88,138,145,54,4,73,80,334,1.986,0.74,0.444,0.454
2180,77575,Gary Melchionni,137,2780,434,978,0.444,,,,206,248,0.831,91,238,329,298,89,21,,201,1074,,,0.444,0.494
1541,323,Greg Foster,656,7975,1047,2382,0.44,20,89,0.225,424,567,0.748,509,1182,1691,351,94,194,465,1221,2538,0.755,0.202,0.444,0.482
964,77883,Jim Price,510,12815,2129,4798,0.444,,,,830,1018,0.815,389,1062,1566,1886,724,126,275,1369,5088,1.738,0.655,0.444,0.485
2453,76752,Anthony Frederick,147,1640,291,663,0.439,6,22,0.273,130,186,0.699,137,143,280,135,76,45,132,200,718,1.023,0.576,0.443,0.482
2631,2565,Zoran Planinic,148,1582,197,486,0.405,37,128,0.289,130,192,0.677,47,151,198,165,58,7,120,237,561,1.375,0.483,0.443,0.492
2733,77893,Brian Quinnett,138,1530,201,485,0.414,28,86,0.326,44,65,0.677,90,134,224,76,41,25,72,159,474,1.056,0.569,0.443,0.461
297,77414,Clyde Lovellette,704,19075,4784,10795,0.443,,,,2379,3141,0.757,,,6663,1097,,,,2289,11947,,,0.443,0.491
2149,78065,Fred Saunders,210,2899,487,1099,0.443,,,,133,195,0.682,204,420,624,224,93,37,42,471,1107,1.095,0.5,0.443,0.467
3036,1626273,Marcelo Huertas,76,1106,122,298,0.409,20,80,0.25,36,46,0.783,20,94,114,234,36,9,99,92,300,2.364,0.364,0.443,0.471
1887,203100,Tony Wroten,145,3076,575,1393,0.413,84,363,0.231,370,572,0.647,106,257,363,437,137,28,375,268,1604,1.165,0.365,0.443,0.488
2402,78327,George Thompson,73,1983,306,691,0.443,,,,168,214,0.785,50,131,181,225,66,6,,203,780,,,0.443,0.497
2069,77878,Bob Portman,221,2937,519,1172,0.443,,,,216,277,0.78,,,729,128,,,,292,1254,,,0.443,0.485
551,201155,Rodney Stuckey,651,17890,2904,6870,0.423,276,921,0.3,2101,2551,0.824,419,1493,1912,2333,568,94,1181,1346,8185,1.975,0.481,0.443,0.512
2421,78547,Chuck Williams,138,2869,286,646,0.443,,,,182,225,0.809,55,183,238,449,80,7,156,197,754,2.032,0.308,0.443,0.506
2604,2226,Will Solomon,115,1595,218,576,0.378,74,248,0.298,74,107,0.692,24,108,132,225,62,11,116,147,584,1.94,0.534,0.443,0.469
2139,200766,Marcus Williams,203,3095,427,1107,0.386,126,392,0.321,148,193,0.767,56,305,361,574,87,7,295,197,1128,1.946,0.295,0.443,0.473
2459,2069,Hanno Mottola,155,2357,292,661,0.442,1,16,0.063,130,166,0.783,130,312,442,75,31,28,137,337,715,0.547,0.226,0.443,0.487
2754,203489,Nate Wolters,84,1575,191,452,0.423,18,69,0.261,61,96,0.635,42,143,185,209,43,17,70,86,461,2.986,0.614,0.442,0.466
2559,1565,Michael Stewart,286,3301,246,556,0.442,0,0,0,131,251,0.522,349,558,907,88,56,278,142,557,623,0.62,0.394,0.442,0.467
1943,201938,Jonny Flynn,163,3738,551,1379,0.4,118,349,0.338,284,351,0.809,44,263,307,634,122,7,382,179,1504,1.66,0.319,0.442,0.49
2377,78035,Delaney Rudd,239,2357,317,768,0.413,45,175,0.257,137,180,0.761,45,139,184,519,74,4,250,244,816,2.076,0.296,0.442,0.482
1748,76376,Jerry Chambers,238,3691,822,1860,0.442,,,,287,384,0.747,,,739,182,,,,463,1931,,,0.442,0.476
2122,77335,Jerome Lane,218,3215,497,1126,0.441,1,16,0.063,159,420,0.379,567,691,1258,322,138,39,261,546,1154,1.234,0.529,0.442,0.44
1908,76104,Marvin Barnes,171,3718,638,1444,0.442,0,0,0,293,436,0.672,295,651,946,252,145,167,222,576,1569,0.932,0.482,0.442,0.48
346,76253,Bill Bridges,926,30878,4181,9463,0.442,,,,2650,3824,0.693,257,376,11054,2553,69,36,,3375,11012,,,0.442,0.494
398,76663,Leroy Ellis,1048,27520,4143,9378,0.442,,,,1890,2595,0.728,534,1060,8709,1405,146,151,,2661,10176,,,0.442,0.484
1825,78220,Dave Sorenson,213,3857,690,1562,0.442,,,,354,455,0.778,,,997,280,,,,408,1734,,,0.442,0.492
982,77706,Paul Neumann,451,11003,1827,4136,0.442,,,,1335,1670,0.799,,,1318,1453,,,,1293,4989,,,0.442,0.512
2128,201953,Eric Maynor,267,3896,440,1122,0.392,111,317,0.35,150,208,0.721,67,281,348,760,111,20,281,296,1141,2.705,0.395,0.442,0.47
1915,76821,Gerald Glass,201,3347,686,1583,0.433,26,110,0.236,155,241,0.643,228,284,512,298,130,58,179,361,1553,1.665,0.726,0.442,0.46
903,78395,Darnell Valentine,620,14395,1993,4560,0.437,41,157,0.261,1373,1744,0.787,351,967,1318,3080,910,58,1240,1358,5400,2.484,0.734,0.442,0.507
80,76166,Dave Bing,901,32769,6962,15769,0.441,,,,4403,5683,0.775,418,741,3420,5397,483,89,216,2615,18327,1.389,0.366,0.441,0.502
132,77459,Pete Maravich,658,24316,6187,14025,0.441,10,15,0.667,3564,4344,0.82,426,1421,2747,3563,587,108,530,1865,15948,1.247,0.349,0.441,0.5
3018,77426,Kevin Lynch,95,1143,123,282,0.436,3,9,0.333,61,84,0.726,42,78,120,108,48,15,68,151,310,1.588,0.706,0.441,0.486
2035,76789,Rowland Garrett,263,2905,562,1273,0.441,,,,213,276,0.772,193,353,607,106,75,39,,344,1337,,,0.441,0.479
3356,203962,Josh Huestis,76,1068,71,205,0.346,39,125,0.312,6,25,0.24,48,132,180,23,16,48,29,85,187,0.793,0.552,0.441,0.433
2083,2694,Josh Powell,316,3966,498,1136,0.438,7,20,0.35,223,300,0.743,331,601,932,161,49,68,254,491,1226,0.634,0.193,0.441,0.483
392,77326,Sam Lacey,1002,31873,4276,9693,0.441,3,16,0.188,1748,2369,0.738,1647,5226,9687,3754,999,1160,978,3473,10303,1.824,0.494,0.441,0.48
2006,54,Dickey Simpkins,327,5199,495,1124,0.44,2,9,0.222,396,641,0.618,423,764,1187,305,91,60,368,593,1388,0.829,0.247,0.441,0.494
1525,78400,Jan Van Breda Kolff,434,10155,932,2123,0.439,9,30,0.3,723,888,0.814,500,1278,1778,815,363,329,506,1225,2596,1.379,0.571,0.441,0.516
2721,2471,Mike Batiste,75,1248,197,467,0.422,18,81,0.222,69,88,0.784,82,175,257,52,42,16,69,120,481,0.754,0.609,0.441,0.476
2064,705,Randolph Keys,241,3318,522,1229,0.425,40,147,0.272,178,247,0.721,210,341,551,192,135,45,175,523,1262,1.097,0.771,0.441,0.472
424,77584,Tom Meschery,778,23459,3877,8793,0.441,,,,2150,2885,0.745,,,6698,1331,,,,2841,9904,,,0.441,0.492
1016,78567,Ron Williams,516,11478,1858,4214,0.441,,,,1081,1298,0.833,31,100,971,1818,75,4,,1303,4797,,,0.441,0.501
2790,200762,Oleksiy Pecherov,111,1044,160,414,0.386,45,155,0.29,73,92,0.793,88,178,266,20,21,22,59,119,438,0.339,0.356,0.441,0.482
2504,76803,Derrick Gervin,77,1082,257,591,0.435,7,31,0.226,155,203,0.764,69,106,175,38,39,26,57,135,676,0.667,0.684,0.441,0.497
478,76983,Walt Hazzard,724,19202,3597,8162,0.441,,,,1893,2502,0.757,18,39,2146,3555,26,6,,2027,9087,,,0.441,0.491
1492,76383,Ken Charles,322,7637,1083,2458,0.441,,,,581,736,0.789,198,442,640,806,407,128,37,806,2747,2.216,0.676,0.441,0.494
763,76815,Herm Gilliam,578,15026,2696,6120,0.441,,,,860,1086,0.792,257,635,2175,2225,369,49,,1519,6252,,,0.441,0.474
2528,2452,J.R. Bremer,100,1946,214,622,0.344,120,360,0.333,98,131,0.748,27,154,181,215,56,7,83,112,646,2.59,0.675,0.441,0.475
2135,78204,Robert Smith,229,3118,417,958,0.435,10,42,0.238,291,332,0.877,70,218,288,401,119,21,194,382,1135,2.067,0.613,0.441,0.514
2302,76727,Mike Flynn,144,2279,370,840,0.44,,,,156,239,0.653,123,181,304,321,98,16,75,158,896,1.893,0.547,0.44,0.474
1661,1542,Predrag Drobnjak,278,5544,903,2125,0.425,66,194,0.34,315,394,0.799,313,660,973,225,132,117,242,512,2187,0.93,0.545,0.44,0.476
2629,76923,Jeff Halliburton,92,1075,233,529,0.44,,,,96,118,0.814,,,145,116,,,,157,562,,,0.44,0.484
1919,77413,Stan Love,227,3451,636,1444,0.44,,,,278,370,0.751,85,182,905,172,44,33,,578,1550,,,0.44,0.482
390,76668,Wayne Embry,831,21763,3993,9067,0.44,,,,2394,3741,0.64,,,7544,1194,,,,2838,10380,,,0.44,0.484
1275,420,Jayson Williams,475,9803,1360,3092,0.44,3,24,0.125,749,1236,0.606,1587,1997,3584,287,204,301,515,1284,3472,0.557,0.396,0.44,0.477
2803,1626202,Joe Young,127,1077,168,427,0.393,40,135,0.296,53,69,0.768,19,111,130,119,33,1,64,74,429,1.859,0.516,0.44,0.469
1190,77973,Rick Roberson,423,10356,1483,3369,0.44,,,,860,1470,0.585,364,688,3522,591,90,80,,1308,3826,,,0.44,0.476
1236,77054,Dennis Hopson,334,7509,1375,3193,0.431,61,225,0.271,822,1074,0.765,421,518,939,539,319,159,548,672,3633,0.984,0.582,0.44,0.496
2654,1629635,Sekou Doumbouya,96,1639,204,526,0.388,55,215,0.256,79,114,0.693,61,206,267,66,47,19,81,175,542,0.815,0.58,0.44,0.47
2601,1985,Zendon Hamilton,134,1556,176,400,0.44,0,0,0,233,353,0.66,184,280,464,33,39,28,108,215,585,0.306,0.361,0.44,0.527
1611,2124,Malik Allen,478,7262,1039,2365,0.439,3,16,0.188,253,325,0.778,466,887,1353,228,130,220,320,897,2334,0.713,0.406,0.44,0.465
1457,201946,Tyler Hansbrough,428,7233,947,2156,0.439,3,22,0.136,984,1333,0.738,745,1063,1808,181,207,91,319,869,2881,0.567,0.649,0.44,0.525
556,77596,Eddie Miles,605,15681,3301,7505,0.44,,,,1518,2032,0.747,,,1860,1225,,,,1385,8120,,,0.44,0.483
177,78049,Bill Russell,963,40726,5687,12930,0.44,,,,3148,5614,0.561,,,21620,4100,,,,2592,14522,,,0.44,0.471
857,677,Eric Williams,658,15729,1865,4490,0.415,219,688,0.318,1693,2301,0.736,704,1435,2139,936,548,103,789,1596,5642,1.186,0.695,0.44,0.513
418,77150,Gus Johnson,581,20140,4126,9383,0.44,,,,1692,2420,0.699,,,7379,1541,,,,2037,9944,,,0.44,0.476
1416,2407,Jared Jeffries,629,13580,1163,2728,0.426,73,292,0.25,604,1036,0.583,1166,1397,2563,798,435,323,674,1529,3003,1.184,0.645,0.44,0.472
20,76970,John Havlicek,1270,46471,10513,23930,0.439,,,,5369,6589,0.815,610,1389,8007,6114,476,117,204,3281,26395,1.608,0.441,0.439,0.492
2841,202724,Charles Jenkins,110,1334,179,412,0.434,4,22,0.182,46,61,0.754,16,84,100,214,48,8,81,107,408,2.642,0.593,0.439,0.465
1391,200748,Tyrus Thomas,402,7932,1147,2620,0.438,8,34,0.235,791,1080,0.732,550,1388,1938,347,328,525,527,989,3093,0.658,0.622,0.439,0.5
900,76944,Bill Hanzlik,748,15534,1836,4232,0.434,46,216,0.213,1696,2171,0.781,691,1367,2058,2058,727,205,1090,2222,5414,1.888,0.667,0.439,0.522
1454,1720,Michael Doleac,587,8791,1246,2838,0.439,1,8,0.125,389,492,0.791,582,1373,1955,343,200,209,376,1315,2882,0.912,0.532,0.439,0.472
2168,201944,Terrence Williams,153,2922,437,1061,0.412,58,183,0.317,153,232,0.659,67,478,545,364,83,19,222,199,1085,1.64,0.374,0.439,0.466
2819,76433,Anthony Cook,116,1499,166,378,0.439,0,6,0,86,164,0.524,172,256,428,34,43,91,66,140,418,0.515,0.652,0.439,0.464
998,123,Robert Pack,552,11463,1739,4090,0.425,114,390,0.292,1329,1689,0.787,261,851,1112,2556,605,43,1320,1041,4921,1.936,0.458,0.439,0.509
2133,201947,Earl Clark,261,3630,453,1125,0.403,82,250,0.328,150,226,0.664,195,583,778,134,83,136,175,323,1138,0.766,0.474,0.439,0.465
1487,2033,Marcus Fizer,289,6036,1103,2536,0.435,21,110,0.191,555,803,0.691,375,965,1340,352,134,81,428,648,2782,0.822,0.313,0.439,0.481
2585,77729,Connie Norman,99,1213,277,631,0.439,,,,41,50,0.82,67,78,145,94,41,11,22,131,595,1.091,0.455,0.439,0.456
2111,1106,Donald Hodge,249,3501,462,1057,0.437,4,14,0.286,254,357,0.711,306,503,809,191,84,95,236,531,1182,0.809,0.356,0.439,0.487
2176,78323,Bernard Thompson,204,2935,410,934,0.439,0,17,0,258,327,0.789,164,188,352,266,127,27,181,391,1078,1.47,0.702,0.439,0.5
2807,1641712,Rayan Rupert,132,1587,157,426,0.369,60,194,0.309,51,69,0.739,70,167,237,116,55,9,81,142,425,1.432,0.679,0.439,0.466
1628,76319,Al Butler,234,5055,930,2119,0.439,,,,422,571,0.739,,,696,530,,,,493,2282,,,0.439,0.481
1838,76748,Tellis Frank,264,4703,639,1456,0.439,0,4,0,432,583,0.741,363,659,1022,276,158,95,326,795,1710,0.847,0.485,0.439,0.499
1701,77013,Bill Hewitt,361,7461,891,2031,0.439,,,,280,499,0.561,30,86,1994,469,9,10,,792,2062,,,0.439,0.458
2799,202721,Darius Morris,132,1464,166,432,0.384,47,146,0.322,51,81,0.63,40,86,126,189,45,2,112,127,430,1.688,0.402,0.439,0.46
2086,77010,Keith Herron,124,2620,485,1108,0.438,2,12,0.167,247,288,0.858,112,130,242,174,105,30,170,190,1219,1.024,0.618,0.439,0.494
1877,2078,Jason Hart,341,5294,614,1473,0.417,64,203,0.315,331,420,0.788,76,491,567,774,253,34,275,528,1623,2.815,0.92,0.439,0.49
2532,684,Loren Meyer,140,2038,260,602,0.432,8,23,0.348,117,168,0.696,171,309,480,77,31,50,133,371,645,0.579,0.233,0.439,0.477
1835,1123,Greg Kite,680,10080,716,1634,0.438,1,6,0.167,284,584,0.486,903,1704,2607,345,171,414,543,1589,1717,0.635,0.315,0.438,0.454
1014,76782,Winston Garland,511,13391,1912,4444,0.43,73,260,0.281,902,1087,0.83,413,1020,1433,2421,674,80,975,1251,4799,2.483,0.691,0.438,0.487
2627,1627820,Tyrone Wallace,112,1714,223,528,0.422,17,82,0.207,103,157,0.656,44,192,236,127,58,22,94,192,566,1.351,0.617,0.438,0.474
2013,78332,Paul Thompson,154,3105,568,1315,0.432,17,81,0.21,221,279,0.792,204,329,533,224,141,79,160,360,1374,1.4,0.881,0.438,0.478
2473,76878,Steve Green,153,1632,281,641,0.438,,,,143,203,0.704,132,168,300,97,71,17,40,263,705,1.275,0.625,0.438,0.483
979,990,Malik Rose,813,13404,1792,4104,0.437,14,79,0.177,1405,1892,0.743,1166,2205,3371,684,487,293,1059,1896,5003,0.646,0.46,0.438,0.507
1949,76256,John Brisker,126,2626,590,1346,0.438,,,,318,385,0.826,74,105,498,225,35,9,,272,1498,,,0.438,0.494
1006,78238,Dave Stallworth,522,10494,1883,4296,0.438,,,,1094,1495,0.732,58,87,2453,872,31,7,,1259,4860,,,0.438,0.491
2480,1628412,Frank Mason III,103,1616,247,624,0.396,53,176,0.301,148,196,0.755,44,160,204,272,55,15,117,124,695,2.325,0.47,0.438,0.489
1946,76672,A.J. English,151,3108,617,1418,0.435,9,65,0.138,259,333,0.778,140,175,315,320,57,24,203,287,1502,1.576,0.281,0.438,0.48
2772,1627819,Isaiah Taylor,71,1219,164,397,0.413,20,82,0.244,100,143,0.699,23,74,97,209,35,11,84,122,448,2.488,0.417,0.438,0.487
770,76379,Don Chaney,742,17406,2513,5738,0.438,1,6,0.167,1189,1532,0.776,635,773,2913,1593,492,196,159,2078,6216,1.126,0.925,0.438,0.485
1636,77080,John Hummer,327,7420,875,1998,0.438,,,,498,950,0.524,133,331,1733,543,42,38,,900,2248,,,0.438,0.465
1262,239,Darrick Martin,514,9165,1186,3108,0.382,350,1030,0.34,803,952,0.843,101,487,588,1475,340,22,631,894,3525,2.338,0.539,0.438,0.5
510,76454,Larry Costello,706,21198,3095,7068,0.438,,,,2432,2891,0.841,,,2705,3215,,,,2326,8622,,,0.438,0.517
622,201937,Ricky Rubio,698,20694,2468,6364,0.388,637,1969,0.324,1997,2370,0.843,428,2402,2830,5160,1226,94,1768,1738,7570,2.919,0.693,0.438,0.511
1634,77,Doug Overton,499,7279,880,2134,0.412,108,339,0.319,385,472,0.816,140,514,654,1038,202,19,473,582,2253,2.195,0.427,0.438,0.481
2813,1642262,Cody Williams,84,1672,165,433,0.381,49,195,0.251,44,65,0.677,54,132,186,87,38,28,63,152,423,1.381,0.603,0.438,0.458
2240,203527,Ryan Kelly,163,3125,324,857,0.378,102,323,0.316,231,290,0.797,77,427,504,215,79,84,106,309,981,2.028,0.745,0.438,0.498
1762,78167,Al Skinner,203,4460,696,1591,0.437,0,0,0,492,609,0.808,206,467,673,526,208,76,235,636,1884,1.009,0.447,0.437,0.507
730,236,Kevin Edwards,604,15330,2650,6259,0.423,176,525,0.335,1120,1395,0.803,516,1137,1653,1609,825,197,1138,1028,6596,1.414,0.725,0.437,0.48
1761,1538,Cedric Henderson,260,6181,783,1797,0.436,6,43,0.14,313,438,0.715,170,585,755,419,228,111,401,578,1885,1.045,0.569,0.437,0.474
3073,76112,Mike Barr,73,1224,122,279,0.437,,,,41,57,0.719,33,97,130,175,52,18,,96,285,,,0.437,0.469
2269,37,Greg Graham,207,2526,331,813,0.407,49,169,0.29,227,293,0.775,59,160,219,201,128,12,179,213,938,1.123,0.715,0.437,0.498
824,1489,Lionel Simmons,454,13419,2242,5179,0.433,43,141,0.305,1306,1694,0.771,798,2035,2833,1498,514,361,982,1101,5833,1.525,0.523,0.437,0.492
1687,77701,Louie Nelson,224,4947,819,1874,0.437,,,,475,644,0.738,197,330,527,436,202,21,48,437,2113,0.708,0.458,0.437,0.49
735,216,Brian Shaw,943,21668,2589,6419,0.403,431,1416,0.304,938,1199,0.782,773,2410,3183,3918,747,252,1664,1949,6547,2.355,0.449,0.437,0.471
2462,76619,John Duren,201,2947,317,729,0.435,3,25,0.12,75,100,0.75,60,166,226,411,104,11,205,400,712,2.005,0.507,0.437,0.461
1040,2224,Jamaal Tinsley,547,14443,1759,4481,0.393,397,1326,0.299,737,1029,0.716,345,1260,1605,3330,776,155,1375,1306,4652,2.422,0.564,0.437,0.471
2001,77022,Johnny High,274,4538,508,1168,0.435,4,38,0.105,376,607,0.619,219,398,617,525,325,86,455,712,1396,1.154,0.714,0.437,0.486
1886,76802,Gus Gerard,280,3524,655,1502,0.436,1,7,0.143,296,456,0.649,291,428,719,224,151,135,161,484,1607,0.82,0.665,0.436,0.472
1122,78436,Foots Walker,658,15036,1538,3537,0.435,10,44,0.227,1113,1460,0.762,459,1227,1686,3111,992,83,792,1414,4199,3.001,0.923,0.436,0.502
2395,203135,Robert Sacre,189,2745,318,729,0.436,0,1,0,151,225,0.671,212,381,593,126,56,110,102,336,787,1.235,0.549,0.436,0.475
2979,1630227,Daishen Nix,99,1238,117,329,0.356,53,184,0.288,44,74,0.595,26,112,138,181,51,7,121,83,331,1.496,0.421,0.436,0.458
1965,1934,Rodney Buford,230,4182,630,1530,0.412,74,247,0.3,138,182,0.758,117,481,598,179,115,31,140,332,1472,1.279,0.821,0.436,0.457
2062,78556,Kevin Williams,260,2947,495,1138,0.435,2,26,0.077,276,343,0.805,159,197,356,319,167,34,254,580,1268,1.256,0.657,0.436,0.492
2026,203144,Alexey Shved,182,3271,445,1207,0.369,162,529,0.306,297,390,0.762,85,270,355,460,110,49,243,201,1349,1.893,0.453,0.436,0.489
1127,2742,Sebastian Telfair,564,12150,1542,3953,0.39,361,1133,0.319,738,950,0.777,151,747,898,1960,413,75,859,1196,4183,2.282,0.481,0.436,0.478
2703,674,Reggie Jordan,186,1661,182,420,0.433,2,6,0.333,134,229,0.585,180,163,343,190,92,31,104,201,500,1.827,0.885,0.436,0.48
1522,77927,Hub Reed,479,7870,1081,2481,0.436,,,,456,630,0.724,,,2449,367,,,,1337,2618,,,0.436,0.475
331,77429,Ed Macauley,641,18071,3742,8589,0.436,,,,3750,4929,0.761,,,4325,2079,,,,1667,11234,,,0.436,0.522
44,77847,Bob Pettit,792,30690,7349,16872,0.436,,,,6182,8119,0.761,,,12849,2369,,,,2529,20880,,,0.436,0.511
1610,76365,Harvey Catchings,725,13182,926,2127,0.435,0,3,0,483,747,0.647,1267,2372,3639,608,261,1226,594,2000,2335,0.832,0.348,0.435,0.475
2203,77688,Bob Nash,219,2557,441,1013,0.435,,,,154,211,0.73,182,267,483,147,59,43,129,275,1036,0.907,0.434,0.435,0.468
741,76458,Mel Counts,789,13723,2665,6122,0.435,,,,1186,1552,0.764,185,502,4756,1100,85,74,,2259,6516,,,0.435,0.479
1852,2042,Courtney Alexander,187,4067,655,1552,0.422,41,121,0.339,339,417,0.813,124,285,409,227,111,18,203,377,1690,1.118,0.547,0.435,0.487
514,76106,Jim Barnett,732,17410,3326,7642,0.435,,,,1884,2363,0.797,191,312,2259,2232,131,30,,1573,8536,,,0.435,0.492
1926,1628373,Frank Ntilikina,321,5455,575,1558,0.369,206,643,0.32,179,235,0.762,98,465,563,693,210,66,330,602,1535,2.1,0.636,0.435,0.462
658,76680,Keith Erickson,766,18841,3014,6926,0.435,,,,1223,1591,0.769,306,827,3448,1991,222,45,,2081,7251,,,0.435,0.475
712,77338,Stu Lantz,547,15267,2469,5674,0.435,,,,1844,2266,0.814,150,256,1820,1566,121,18,,1320,6782,,,0.435,0.508
1135,1709,Michael Olowokandi,500,13132,1788,4109,0.435,0,0,0,559,936,0.597,951,2463,3414,327,226,697,898,1518,4135,0.364,0.252,0.435,0.457
749,78437,Darrell Walker,720,18601,2469,5682,0.435,6,102,0.059,1445,2027,0.713,1057,2077,3134,3276,1090,225,1461,1827,6389,2.242,0.746,0.435,0.486
3120,76556,Kenny Dennard,95,1244,109,254,0.429,3,10,0.3,47,73,0.644,104,182,286,93,74,17,69,191,268,1.348,1.072,0.435,0.468
1259,76471,Charlie Criss,418,8960,1315,3045,0.432,19,106,0.179,885,1065,0.831,130,462,592,1335,366,21,640,589,3534,2.086,0.572,0.435,0.503
1962,76225,Winford Boynes,177,3035,598,1375,0.435,0,4,0,282,360,0.783,135,228,363,207,125,42,284,328,1478,0.729,0.44,0.435,0.482
2815,76342,Rick Carlisle,188,1461,178,422,0.422,11,48,0.229,55,71,0.775,44,97,141,201,42,9,120,187,422,1.675,0.35,0.435,0.466
395,1716,Larry Hughes,727,22370,3738,9200,0.406,524,1696,0.309,2242,2963,0.757,738,2301,3039,2290,1092,255,1554,1645,10242,1.474,0.703,0.435,0.488
1586,78103,Bruce Seals,235,5734,996,2291,0.435,,,,430,637,0.675,337,750,1087,293,154,135,103,786,2422,0.786,0.398,0.435,0.471
1744,77386,Marcus Liberty,267,4568,783,1877,0.417,66,194,0.34,310,467,0.664,418,507,925,244,189,73,264,495,1942,0.924,0.716,0.435,0.466
2231,1627755,Tyler Ulis,133,2782,398,988,0.403,63,225,0.28,139,172,0.808,44,179,223,537,118,12,204,193,998,2.632,0.578,0.435,0.469
3061,203197,Diante Garrett,90,1197,117,314,0.373,39,111,0.351,15,22,0.682,16,96,112,151,51,5,91,80,288,1.659,0.56,0.435,0.445
1983,76960,Steve Harris,207,2840,592,1363,0.434,1,20,0.05,255,303,0.842,154,211,365,238,116,29,169,265,1440,1.408,0.686,0.435,0.481
2839,77983,Tony Robertson,75,1003,183,421,0.435,,,,43,62,0.694,21,59,80,107,82,5,96,143,409,1.115,0.854,0.435,0.456
2959,101214,Jawad Williams,90,1153,127,344,0.369,45,144,0.313,41,57,0.719,24,109,133,56,22,8,35,109,340,1.6,0.629,0.435,0.461
2717,76622,Ken Durrett,120,1205,192,442,0.434,,,,100,157,0.637,63,117,233,54,22,13,,197,484,,,0.434,0.474
1720,101179,Ronnie Price,544,7293,738,1980,0.373,244,808,0.302,295,400,0.738,176,482,658,960,424,56,476,922,2015,2.017,0.891,0.434,0.467
2652,1629010,Jerome Robinson,135,1686,198,548,0.361,80,269,0.297,69,97,0.711,21,193,214,136,52,29,83,194,545,1.639,0.627,0.434,0.461
1592,77555,Shellie McMillon,263,4977,981,2259,0.434,,,,435,686,0.634,,,1571,232,,,,748,2397,,,0.434,0.468
810,1500,Ron Mercer,432,13419,2490,5803,0.429,60,240,0.25,852,1054,0.808,383,959,1342,921,456,113,683,881,5892,1.348,0.668,0.434,0.47
3078,78307,Carlos Terry,94,1078,122,281,0.434,0,11,0,41,61,0.672,75,152,227,124,54,27,82,162,285,1.512,0.659,0.434,0.463
2324,1603,Walter Bond,153,2427,329,805,0.409,41,137,0.299,174,227,0.767,80,209,289,177,97,34,146,360,873,1.212,0.664,0.434,0.482
2448,201151,Acie Law,188,2385,263,637,0.413,27,115,0.235,172,221,0.778,33,162,195,309,83,4,145,193,725,2.131,0.572,0.434,0.494
2866,77504,Andre McCarter,103,1182,170,394,0.431,2,8,0.25,50,69,0.725,32,63,95,172,37,0,24,100,392,3.042,0.583,0.434,0.462
2491,76754,Donnie Freeman,64,1480,263,606,0.434,,,,163,199,0.819,72,108,180,171,57,11,,160,689,,,0.434,0.497
980,78495,Walt Wesley,590,10306,2002,4614,0.434,,,,998,1585,0.63,81,119,3243,385,16,25,,1448,5002,,,0.434,0.471
318,77751,Don Ohl,727,22413,4685,10806,0.434,,,,2179,2975,0.732,,,2163,2243,,,,2014,11549,,,0.434,0.477
2517,78168,Talvin Skinner,145,2798,274,632,0.434,,,,112,177,0.633,224,384,608,152,99,24,,277,660,,,0.434,0.465
2591,2366,Mike Wilks,233,2239,217,540,0.402,34,106,0.321,123,166,0.741,57,171,228,271,82,10,117,215,591,2.316,0.701,0.433,0.482
1593,78378,Elston Turner,505,9006,1049,2429,0.432,7,46,0.152,292,409,0.714,556,819,1375,914,442,28,455,910,2397,2.009,0.971,0.433,0.459
2736,77288,Ron Knight,101,1145,211,487,0.433,,,,50,100,0.5,,,283,83,,,,151,472,,,0.433,0.444
2694,76172,Uwe Blab,235,1966,185,427,0.433,0,0,0,135,222,0.608,128,285,413,102,19,85,141,344,505,0.723,0.135,0.433,0.481
1902,77201,Wil Jones,159,4420,664,1533,0.433,,,,250,342,0.731,324,614,938,305,172,123,137,560,1578,0.847,0.511,0.433,0.469
783,76996,Tom Henderson,650,17690,2426,5601,0.433,0,9,0,1236,1673,0.739,384,1110,1494,3136,760,76,693,1141,6088,2.67,0.548,0.433,0.48
672,76187,John Block,597,14316,2592,5987,0.433,,,,1922,2470,0.778,198,425,3965,805,111,67,,1733,7106,,,0.433,0.502
975,78335,Rod Thorn,466,10376,1939,4479,0.433,,,,1134,1569,0.723,,,1463,1214,,,,784,5012,,,0.433,0.485
1956,76634,Al Eberhard,220,4138,566,1308,0.433,,,,358,449,0.797,270,490,760,175,158,35,23,544,1490,1.13,0.565,0.433,0.495
838,76712,Bob Ferry,634,12828,2225,5142,0.433,,,,1330,2003,0.664,,,3343,906,,,,1438,5780,,,0.433,0.48
2797,101137,Daniel Ewing,127,1683,162,416,0.389,36,122,0.295,71,91,0.78,32,126,158,174,69,10,107,148,431,1.626,0.645,0.433,0.473
2258,77474,Jeff Martin,143,2685,384,921,0.417,29,103,0.282,159,229,0.694,131,159,290,109,78,47,96,201,956,1.135,0.813,0.433,0.468
2102,76703,Dave Feitl,275,3001,471,1089,0.433,0,9,0,250,333,0.751,241,574,815,125,46,46,234,439,1192,0.534,0.197,0.433,0.482
2639,2648,Ronald Dupree,157,1758,218,510,0.427,5,13,0.385,114,204,0.559,116,223,339,100,57,29,90,252,555,1.111,0.633,0.432,0.463
1768,2624,Quinton Ross,458,8453,764,1824,0.419,49,154,0.318,286,402,0.711,267,680,947,431,263,129,217,854,1863,1.986,1.212,0.432,0.466
2602,203900,Markel Brown,113,1794,205,539,0.38,56,190,0.295,118,151,0.781,40,194,234,132,69,27,83,157,584,1.59,0.831,0.432,0.482
2512,78546,Earl Williams,146,1882,290,671,0.432,,,,84,177,0.475,301,513,814,126,62,62,20,270,664,0.6,0.6,0.432,0.443
85,78530,Lenny Wilkens,1077,38064,6189,14327,0.432,,,,5394,6973,0.774,118,279,5030,7211,174,26,,3285,17772,,,0.432,0.511
1394,400,Derek Strong,456,8549,1067,2483,0.43,11,61,0.18,943,1199,0.786,783,1430,2213,291,203,94,421,740,3088,0.691,0.482,0.432,0.513
847,77357,Clyde Lee,742,19885,2256,5223,0.432,,,,1221,1988,0.614,640,1168,7626,788,80,64,,2203,5733,,,0.432,0.47
2412,78377,Andre Turner,170,2523,307,727,0.422,14,59,0.237,139,182,0.764,62,201,263,535,137,3,212,205,767,2.524,0.646,0.432,0.475
197,76545,Dave DeBusschere,875,31202,5722,13249,0.432,,,,2609,3730,0.699,134,623,9618,2497,67,39,,2801,14053,,,0.432,0.472
2290,994,Jamie Feick,201,4314,351,827,0.424,12,30,0.4,197,313,0.629,515,922,1437,139,117,90,152,439,911,0.914,0.77,0.432,0.472
3180,203123,Kostas Papanikolaou,69,1089,93,263,0.354,41,138,0.297,22,32,0.688,47,111,158,101,42,18,76,95,249,1.329,0.553,0.432,0.449
2666,77865,Gary Plummer,126,1439,198,460,0.43,1,7,0.143,134,187,0.717,107,200,307,66,29,25,128,268,531,0.516,0.227,0.432,0.49
308,78151,Paul Silas,1254,34989,4293,9949,0.432,0,0,0,3196,4748,0.673,2035,3213,12357,2572,358,138,333,3105,11782,0.979,0.363,0.432,0.489
2642,1091,Mike Smrek,194,1890,211,489,0.431,0,2,0,132,214,0.617,146,276,422,49,37,150,138,417,554,0.355,0.268,0.431,0.475
2189,76477,Pete Cross,182,3775,403,934,0.431,,,,251,361,0.695,,,1519,187,,,,376,1057,,,0.431,0.484
191,78399,Tom Van Arsdale,929,28682,5505,12763,0.431,,,,3222,4226,0.762,247,794,3942,2085,230,16,,2922,14232,,,0.431,0.487
2827,78589,Kennard Winchester,122,1028,172,414,0.415,13,41,0.317,60,77,0.779,57,74,131,46,28,25,47,115,417,0.979,0.596,0.431,0.466
1442,76883,Gary Gregor,296,7397,1277,2962,0.431,,,,351,491,0.715,,,2065,436,,,,738,2905,,,0.431,0.457
1799,939,Pete Myers,377,6039,660,1568,0.421,32,146,0.219,452,677,0.668,220,451,671,807,263,76,465,681,1804,1.735,0.566,0.431,0.483
34,76127,Elgin Baylor,846,33863,8693,20171,0.431,,,,5763,7391,0.78,,,11463,3650,,,,2596,23149,,,0.431,0.494
2445,1627098,Malcolm Delaney,127,2262,254,673,0.377,72,234,0.308,149,185,0.805,19,204,223,356,74,7,161,194,729,2.211,0.46,0.431,0.483
1816,1630165,Killian Hayes,216,5641,689,1801,0.383,174,620,0.281,206,265,0.777,86,551,637,1121,249,97,427,547,1758,2.625,0.583,0.431,0.458
2170,77251,Alec Kessler,210,2937,425,998,0.426,10,24,0.417,224,301,0.744,258,493,751,81,39,71,192,451,1084,0.422,0.203,0.431,0.479
322,77340,Rudy LaRusso,736,24487,4102,9521,0.431,,,,3303,4308,0.767,,,6936,1556,,,,2553,11507,,,0.431,0.504
2567,76664,Bo Ellis,168,1984,236,548,0.431,0,3,0,141,193,0.731,182,300,482,113,69,84,145,320,613,0.779,0.476,0.431,0.484
585,76828,Tom Gola,698,22529,2964,6883,0.431,,,,1943,2556,0.76,,,5617,2962,,,,2688,7871,,,0.431,0.491
2713,1601,Rusty LaRue,98,1563,187,497,0.376,54,170,0.318,58,69,0.841,22,104,126,152,62,11,94,147,486,1.617,0.66,0.431,0.461
2511,203798,PJ Hairston,111,2000,232,677,0.343,119,404,0.295,81,100,0.81,47,219,266,59,53,24,63,198,664,0.937,0.841,0.431,0.46
2610,202412,Manny Harris,93,1594,199,524,0.38,53,150,0.353,124,168,0.738,57,196,253,129,48,14,101,104,575,1.277,0.475,0.43,0.481
1767,600011,Lamar Green,360,6448,778,1808,0.43,,,,307,472,0.65,113,346,2295,263,36,43,,902,1863,,,0.43,0.462
1630,983,Moochie Norris,445,7637,816,2033,0.401,116,406,0.286,524,708,0.74,209,659,868,1233,321,19,524,484,2272,2.353,0.613,0.43,0.485
1533,78606,Dave Wohl,410,8142,1015,2361,0.43,,,,523,697,0.75,63,236,558,1397,219,18,16,1027,2553,0.813,0.188,0.43,0.479
2898,967,Brian Evans,102,1095,144,378,0.381,37,108,0.343,50,61,0.82,56,108,164,77,35,18,42,115,375,1.833,0.833,0.43,0.463
1795,78461,Johnny Warren,303,4931,754,1754,0.43,,,,306,370,0.827,42,86,687,564,27,6,,606,1814,,,0.43,0.473
1667,2204,Eddie Griffin,303,6729,854,2263,0.377,237,752,0.315,226,337,0.671,497,1247,1744,236,105,518,227,506,2171,1.04,0.463,0.43,0.45
2983,203111,Orlando Johnson,103,1112,117,327,0.358,47,151,0.311,48,66,0.727,33,147,180,69,20,14,48,86,329,1.438,0.417,0.43,0.462
836,727,Eric Snow,846,23123,2144,5054,0.424,55,265,0.208,1448,1897,0.763,419,1722,2141,4245,975,105,1391,2013,5791,3.052,0.701,0.43,0.492
2223,1626150,Andrew Harrison,145,2987,314,842,0.373,95,323,0.294,289,371,0.779,52,235,287,399,95,49,178,366,1012,2.242,0.534,0.429,0.503
1108,77133,Charlie Johnson,521,9972,1935,4507,0.429,,,,371,491,0.756,423,763,1318,973,534,40,160,1022,4241,1.919,0.981,0.429,0.449
206,77412,Bob Love,789,25120,5447,12688,0.429,,,,3001,3728,0.805,552,1033,4653,1123,232,56,,2130,13895,,,0.429,0.485
880,76647,Johnny Egan,712,14447,2089,4867,0.429,,,,1343,1668,0.805,,,1294,2102,,,,1441,5521,,,0.429,0.493
1163,76105,Jim Barnes,454,9455,1548,3607,0.429,,,,901,1317,0.684,,,2939,377,,,,1497,3997,,,0.429,0.477
518,78178,Adrian Smith,719,18324,3087,7194,0.429,,,,2308,2762,0.836,,,1580,1698,,,,1740,8482,,,0.429,0.504
2625,1900,Quincy Lewis,159,1850,232,584,0.397,37,111,0.333,66,93,0.71,71,139,210,96,59,36,98,335,567,0.98,0.602,0.429,0.454
1343,77658,Erwin Mueller,425,9541,1292,3013,0.429,,,,664,1059,0.627,,,2050,853,,,,898,3248,,,0.429,0.467
1638,1960,Milt Palacio,470,8421,863,2060,0.419,40,170,0.235,477,663,0.719,159,672,831,1194,302,58,596,685,2243,2.003,0.507,0.429,0.477
2089,78501,John Wetzel,357,4714,465,1085,0.429,,,,285,352,0.81,81,241,682,494,133,30,,608,1215,,,0.429,0.49
2406,988,Randy Livingston,203,2685,304,749,0.406,34,97,0.351,131,170,0.771,74,208,282,415,121,31,223,297,773,1.861,0.543,0.429,0.469
2193,202333,Xavier Henry,185,2905,368,907,0.406,41,126,0.325,273,430,0.635,81,270,351,120,100,23,139,264,1050,0.863,0.719,0.428,0.479
1853,77331,John Lambert,446,5564,725,1694,0.428,1,12,0.083,237,342,0.693,561,932,1493,248,153,172,258,863,1688,0.779,0.5,0.428,0.458
2506,76352,Bob Carrington,82,1787,268,626,0.428,0,2,0,136,179,0.76,76,111,187,120,69,24,123,223,672,0.976,0.561,0.428,0.477
1830,721,Tyus Edney,226,4740,583,1438,0.405,65,202,0.322,497,617,0.806,122,271,393,910,217,6,395,387,1728,2.304,0.549,0.428,0.505
2737,2242,Terence Morris,139,1934,209,514,0.407,22,112,0.196,32,45,0.711,123,254,377,93,35,49,81,126,472,1.148,0.432,0.428,0.442
792,78485,Bob Weiss,783,17277,2288,5346,0.428,,,,1413,1706,0.828,81,261,1398,2931,287,52,,1576,5989,,,0.428,0.491
839,76162,Henry Bibby,675,15475,2149,5073,0.424,43,147,0.293,1434,1834,0.782,463,1036,1581,2259,561,34,573,1364,5775,2.342,0.475,0.428,0.491
2108,2205,DeSagana Diop,601,8402,503,1177,0.427,1,6,0.167,178,381,0.467,834,1385,2219,270,227,630,355,1219,1185,0.761,0.639,0.428,0.441
2603,76316,Steve Burtt,101,1121,218,512,0.426,2,14,0.143,146,210,0.695,28,64,92,123,49,13,110,195,584,1.118,0.445,0.428,0.483
500,78060,Thomas Sanders,916,22164,3416,7988,0.428,,,,1934,2520,0.767,,,5798,1026,,,,3044,8766,,,0.428,0.482
1064,76002,Zaid Abdul-Aziz,505,11023,1769,4138,0.428,,,,1019,1400,0.728,503,1124,4065,601,131,205,11,1120,4557,0.909,0.273,0.428,0.479
3248,1914,Chris Herren,70,1005,74,220,0.336,40,122,0.328,36,52,0.692,16,57,73,167,29,2,62,117,224,2.694,0.468,0.427,0.461
2770,77320,John Kuester,135,1527,173,405,0.427,0,1,0,105,126,0.833,27,114,141,305,83,3,122,180,451,2.5,0.68,0.427,0.49
1560,341,Joe Wolf,592,9634,1068,2523,0.423,18,110,0.164,331,430,0.77,595,1338,1933,596,257,131,509,1279,2485,1.171,0.505,0.427,0.458
377,78173,Jerry Sloan,755,25750,4116,9646,0.427,,,,2339,3239,0.722,367,843,5615,1925,381,32,,2700,10571,,,0.427,0.477
1935,77015,Art Heyman,147,3019,564,1322,0.427,,,,391,576,0.679,,,414,346,,,,348,1519,,,0.427,0.482
2575,77325,Charles Kupec,147,1589,247,579,0.427,,,,112,145,0.772,107,206,313,108,31,7,24,174,606,2.083,0.417,0.427,0.471
2393,78585,Bobby Wilson,143,1498,345,809,0.426,,,,102,132,0.773,59,108,167,110,52,4,6,185,792,1.333,0.333,0.426,0.457
254,78126,Bill Sharman,711,21793,4761,11168,0.426,,,,3143,3559,0.883,,,2779,2101,,,,1925,12665,,,0.426,0.497
1732,78268,Joe Strawder,231,6365,737,1729,0.426,,,,503,733,0.686,,,2296,245,,,,961,1977,,,0.426,0.482
2460,77789,Gerald Paddio,129,1625,305,725,0.421,8,33,0.242,97,130,0.746,60,124,184,134,38,12,93,104,715,1.441,0.409,0.426,0.457
1155,203487,Michael Carter-Williams,395,9942,1498,3730,0.402,183,716,0.256,861,1221,0.705,379,1339,1718,1708,498,215,916,964,4040,1.865,0.544,0.426,0.473
1850,77396,Scott Lloyd,372,5638,647,1521,0.425,2,7,0.286,398,554,0.718,422,692,1114,356,100,73,304,823,1694,1.063,0.26,0.426,0.48
1151,76242,Mike Bratz,586,10613,1578,3880,0.407,150,492,0.305,775,934,0.83,310,720,1030,1851,548,59,854,1091,4081,2.167,0.642,0.426,0.476
1605,475,Doug Smith,296,5833,1020,2399,0.425,3,36,0.083,313,405,0.773,394,840,1234,400,224,150,353,979,2356,1.133,0.635,0.426,0.457
2144,1735,Vladimir Stepania,270,3728,455,1071,0.425,2,15,0.133,206,384,0.536,444,736,1180,94,110,144,213,482,1118,0.441,0.516,0.426,0.451
2690,77822,Kenny Payne,144,1167,218,532,0.41,17,58,0.293,55,64,0.859,45,125,170,61,38,22,67,129,508,0.91,0.567,0.426,0.453
2162,1594,Rick Brunson,337,4533,397,1050,0.378,100,276,0.362,196,283,0.693,85,362,447,876,201,21,356,362,1090,2.461,0.565,0.426,0.464
896,78531,Bob Wilkerson,536,14883,2256,5313,0.425,11,66,0.167,901,1199,0.751,587,1649,2236,1835,671,141,1156,1310,5424,1.439,0.518,0.426,0.464
2391,77161,Neil Johnson,202,2263,300,705,0.426,,,,198,323,0.613,,,685,217,,,,417,798,,,0.426,0.471
2526,76152,Winston Bennett,136,2157,257,604,0.425,0,1,0,134,193,0.694,177,237,414,120,50,21,115,305,648,1.043,0.435,0.425,0.47
2356,1736,Corey Benjamin,153,2191,317,812,0.39,57,197,0.289,144,221,0.652,84,175,259,143,71,48,164,316,835,0.872,0.433,0.425,0.459
1276,77259,Toby Kimball,571,10439,1383,3251,0.425,,,,704,1229,0.573,193,385,3870,571,51,23,,1280,3470,,,0.425,0.458
1856,77676,Dorie Murrey,357,4486,593,1394,0.425,,,,497,732,0.679,,,1555,226,,,,827,1683,,,0.425,0.49
2515,77456,Pace Mannion,216,2125,257,623,0.413,16,79,0.203,130,196,0.663,88,171,259,231,107,21,132,238,660,1.75,0.811,0.425,0.465
1166,76140,Ron Behagen,388,9131,1594,3750,0.425,0,0,0,789,1047,0.754,888,1824,2712,624,290,160,189,1293,3977,0.608,0.349,0.425,0.472
461,76356,Fred Carter,611,18328,3917,9219,0.425,,,,1437,2073,0.693,323,804,2381,2122,371,65,,1740,9271,,,0.425,0.458
2113,917,Jack Haley,341,3289,434,1022,0.425,0,3,0,312,476,0.655,340,582,922,82,60,48,216,574,1180,0.38,0.278,0.425,0.479
2218,76603,Terry Driscoll,244,3281,403,949,0.425,,,,209,303,0.69,80,135,1026,189,22,16,,537,1015,,,0.425,0.469
2925,1010,Randy Woods,151,1093,115,338,0.34,57,187,0.305,69,101,0.683,32,61,93,257,85,4,110,166,356,2.336,0.773,0.425,0.465
1660,76531,Mike Davis,204,4298,840,1979,0.424,,,,509,659,0.772,,,470,365,,,,580,2189,,,0.424,0.482
1907,77765,Enoch Olsen,358,4139,643,1515,0.424,,,,285,508,0.561,,,1084,287,,,,631,1571,,,0.424,0.452
2618,2109,Eddie Gill,187,2029,179,496,0.361,63,197,0.32,150,177,0.847,28,179,207,217,104,14,139,209,571,1.561,0.748,0.424,0.497
2829,202951,Jeremy Pargo,86,1123,160,422,0.379,38,119,0.319,58,90,0.644,21,68,89,155,29,2,100,100,416,1.55,0.29,0.424,0.451
2812,1626173,Rashad Vaughn,139,1672,161,478,0.337,83,265,0.313,18,26,0.692,18,140,158,75,53,29,48,120,423,1.563,1.104,0.424,0.432
2923,78208,Willie Smith,78,1200,144,360,0.4,17,71,0.239,52,69,0.754,63,71,134,277,85,2,109,131,357,2.541,0.78,0.424,0.457
3109,77424,Phil Lumpkin,82,1162,108,255,0.424,,,,56,69,0.812,17,65,82,225,35,3,,106,272,,,0.424,0.477
2008,1907,Vonteego Cummings,199,3789,521,1359,0.383,109,340,0.321,230,317,0.726,118,255,373,534,176,32,259,387,1381,2.062,0.68,0.423,0.461
1433,76521,Double D Davis,340,8010,1130,2669,0.423,,,,676,926,0.73,402,1026,1991,529,139,149,,1076,2936,,,0.423,0.477
1272,76788,Eldo Garrett,339,8729,1436,3392,0.423,,,,603,699,0.863,15,25,1004,849,10,1,,1024,3475,,,0.423,0.47
1414,1853,Anthony Carter,623,12183,1230,3043,0.404,116,464,0.25,433,613,0.706,244,1058,1302,2363,601,115,958,1103,3009,2.467,0.627,0.423,0.454
2098,76946,Charlie Hardnett,164,2474,433,1023,0.423,,,,332,513,0.647,,,930,103,,,,376,1198,,,0.423,0.48
2681,1918,Obinna Ekezie,143,1511,165,390,0.423,0,1,0,180,250,0.72,146,237,383,31,38,27,95,254,510,0.326,0.4,0.423,0.51
2800,203940,Adreian Payne,107,1403,174,429,0.406,15,59,0.254,66,97,0.68,79,236,315,66,45,27,90,203,429,0.733,0.5,0.423,0.455
2808,78343,Darren Tillis,124,1256,184,435,0.423,0,3,0,57,91,0.626,116,198,314,42,20,90,73,252,425,0.575,0.274,0.423,0.447
2704,77926,Marlon Redmond,77,1057,222,525,0.423,0,9,0,55,84,0.655,75,86,161,77,32,25,76,123,499,1.013,0.421,0.423,0.444
2662,77654,Perry Moss,136,1710,207,499,0.415,8,46,0.174,114,158,0.722,63,147,210,198,98,18,136,228,536,1.456,0.721,0.423,0.471
2956,710,David Vaughn,118,1155,137,324,0.423,0,2,0,67,105,0.638,134,227,361,36,31,48,98,216,341,0.367,0.316,0.423,0.461
2811,1036,Litterial Green,148,1183,144,343,0.42,2,26,0.077,133,200,0.665,24,51,75,182,49,6,78,124,423,2.333,0.628,0.423,0.491
1678,201146,Yi Jianlian,272,6038,813,2012,0.404,75,225,0.333,447,573,0.78,379,960,1339,192,136,184,302,618,2148,0.636,0.45,0.423,0.474
2570,202698,Chris Singleton,148,2605,233,620,0.376,58,182,0.319,88,139,0.633,112,360,472,92,117,57,100,325,612,0.92,1.17,0.423,0.449
1993,77454,Ed Manning,280,4013,603,1427,0.423,,,,212,302,0.702,,,1264,200,,,,593,1418,,,0.423,0.455
2096,200747,Adam Morrison,161,3278,467,1252,0.373,124,375,0.331,142,200,0.71,82,260,342,222,40,12,172,273,1200,1.291,0.233,0.423,0.448
1330,77364,Ron Lee,448,9586,1296,3117,0.416,42,131,0.321,651,924,0.705,397,822,1219,1688,869,122,783,1368,3285,1.82,0.911,0.423,0.466
1781,1505,Tariq Abdul-Wahad,236,4809,720,1726,0.417,18,76,0.237,372,529,0.703,286,490,776,266,184,83,309,485,1830,0.861,0.595,0.422,0.467
2542,76099,Tom Barker,98,1830,250,592,0.422,,,,139,201,0.692,156,364,520,75,43,52,34,299,639,0.441,0.294,0.422,0.47
2609,2774,Bernard Robinson,128,1910,212,508,0.417,5,31,0.161,147,187,0.786,86,229,315,126,109,16,110,215,576,1.145,0.991,0.422,0.488
1157,77946,Jerry Reynolds,443,8379,1420,3399,0.418,28,124,0.226,1168,1560,0.749,467,850,1317,904,486,250,718,677,4036,1.259,0.677,0.422,0.494
479,78628,George Yardley,472,15767,3193,7572,0.422,,,,2677,3434,0.78,,,4220,815,,,,1426,9063,,,0.422,0.499
2357,957,Todd Fuller,225,2497,317,752,0.422,0,4,0,201,301,0.668,240,434,674,46,34,60,146,351,835,0.315,0.233,0.422,0.472
2267,77327,Fred LaCour,144,2400,381,904,0.421,,,,178,230,0.774,,,474,269,,,,268,940,,,0.421,0.468
123,76056,Paul Arizin,713,24897,5628,13354,0.421,,,,5010,6189,0.81,,,6129,1665,,,,2764,16266,,,0.421,0.506
1038,77012,Fred Hetzel,416,8885,1789,4246,0.421,,,,1080,1322,0.817,,,2444,462,,,,1107,4658,,,0.421,0.482
184,600001,Nate Thurmond,964,35881,5521,13105,0.421,,,,3395,5089,0.667,744,1827,14464,2575,125,553,,2624,14437,,,0.421,0.47
1370,753,Randy Brown,655,11537,1275,3055,0.417,24,120,0.2,574,831,0.691,326,847,1173,1420,722,156,725,1263,3148,1.959,0.996,0.421,0.46
1682,78405,Ernie Vandeweghe,224,3600,818,1942,0.421,,,,499,674,0.74,,,853,548,,,,753,2135,,,0.421,0.477
3149,2414,Curtis Borchardt,83,1117,96,228,0.421,0,1,0,66,89,0.742,99,179,278,64,14,46,70,200,258,0.914,0.2,0.421,0.483
2316,76978,Nate Hawthorne,162,1991,338,803,0.421,,,,206,312,0.66,136,197,333,108,72,42,,274,882,,,0.421,0.469
2783,76862,Sylvester Gray,55,1220,167,398,0.42,1,4,0.25,105,156,0.673,117,169,286,117,36,25,102,144,440,1.147,0.353,0.421,0.471
1916,76336,Mack Calvin,222,3326,480,1143,0.42,2,16,0.125,590,696,0.848,62,214,276,550,139,8,182,299,1552,1.703,0.429,0.421,0.535
2888,971,Mark Hendrickson,114,1507,134,322,0.416,3,18,0.167,110,137,0.803,98,218,316,63,50,15,63,139,381,1,0.794,0.421,0.498
2616,76464,Johnny Cox,73,1685,239,568,0.421,,,,95,135,0.704,,,280,142,,,,149,573,,,0.421,0.457
580,76774,Dave Gambee,750,14665,2820,6708,0.42,,,,2295,2791,0.822,,,3891,757,,,,2180,7935,,,0.42,0.5
3034,78302,Roland Taylor,79,1548,132,314,0.42,,,,37,65,0.569,90,121,211,288,132,9,,202,301,,,0.42,0.439
2641,2254,Loren Woods,215,2426,208,496,0.419,1,7,0.143,138,215,0.642,263,419,682,74,55,128,138,278,555,0.536,0.399,0.42,0.47
1326,78121,Lee Shaffer,196,5488,1328,3160,0.42,,,,635,818,0.776,,,1240,232,,,,631,3291,,,0.42,0.467
2268,201187,Dominic McGuire,342,5348,388,927,0.419,3,16,0.188,160,243,0.658,344,825,1169,422,154,184,242,501,939,1.744,0.636,0.42,0.454
1601,76324,Barney Cable,362,6814,1012,2409,0.42,,,,348,523,0.665,,,1888,380,,,,882,2372,,,0.42,0.449
1699,78367,John Trapp,279,4895,846,2014,0.42,,,,374,516,0.725,,,1248,283,,,,855,2066,,,0.42,0.461
1891,76195,Manute Bol,624,11698,665,1635,0.407,43,205,0.21,226,403,0.561,596,2051,2647,171,126,2086,451,1457,1599,0.379,0.279,0.42,0.441
2518,203461,Anthony Bennett,151,1905,251,641,0.392,36,138,0.261,120,179,0.67,132,340,472,77,58,27,99,206,658,0.778,0.586,0.42,0.457
2251,76138,William Bedford,238,2514,405,974,0.416,7,22,0.318,147,243,0.605,201,372,573,109,37,126,173,358,964,0.63,0.214,0.419,0.446
2782,76229,Alonzo Bradley,99,1139,184,440,0.418,1,1,1,71,101,0.703,39,112,151,74,24,7,80,125,440,0.925,0.3,0.419,0.454
1922,77964,Ron Riley,264,4852,665,1586,0.419,,,,212,307,0.691,276,585,1368,318,106,67,,655,1542,,,0.419,0.448
2675,76559,Rod Derline,107,1005,215,513,0.419,,,,88,112,0.786,20,66,86,71,34,5,,69,518,,,0.419,0.461
2685,203948,Johnny O'Bryant III,147,1684,213,530,0.402,18,50,0.36,65,98,0.663,129,223,352,69,32,19,77,199,509,0.896,0.416,0.419,0.444
3076,998,Mark Pope,153,1633,116,289,0.401,10,56,0.179,43,75,0.573,92,169,261,63,32,45,47,242,285,1.34,0.681,0.419,0.443
2843,77305,Tom Kozelko,189,1911,167,399,0.419,,,,73,98,0.745,121,225,346,99,68,16,,281,407,,,0.419,0.46
1091,77270,Jim King,607,11187,1700,4067,0.418,,,,977,1249,0.782,,,1500,1412,,,,1218,4377,,,0.418,0.474
2741,77852,Mike Phelps,132,1372,195,469,0.416,2,22,0.091,78,122,0.639,45,96,141,138,71,3,96,147,470,1.438,0.74,0.418,0.45
1449,77132,Arnie Johnson,332,4142,808,1934,0.418,,,,1272,1741,0.731,,,1272,731,,,,1338,2888,,,0.418,0.535
264,77248,Johnny Kerr,905,27784,4909,11751,0.418,,,,2662,3682,0.723,,,10092,2004,,,,2287,12480,,,0.418,0.467
1295,77205,Eddie Jordan,420,8507,1349,3256,0.414,22,98,0.224,694,909,0.763,216,572,788,1595,766,96,897,893,3414,1.778,0.854,0.418,0.467
1383,77316,Steve Kuberski,568,7897,1254,3005,0.417,,,,606,790,0.767,315,519,2146,338,38,28,2,915,3114,0,0.5,0.417,0.464
1808,78237,Kevin Stacom,347,4539,769,1844,0.417,1,2,0.5,242,315,0.768,190,321,511,524,111,15,158,360,1781,1.456,0.367,0.417,0.449
3035,1627758,Ron Baker,96,1394,106,296,0.358,35,132,0.265,53,75,0.707,18,121,139,169,66,15,79,125,300,2.139,0.835,0.417,0.456
1509,77570,Cliff Meely,318,6329,1121,2687,0.417,,,,416,616,0.675,180,520,1703,398,88,106,,929,2658,,,0.417,0.449
2845,2428,Vincent Yarbrough,59,1381,168,428,0.393,21,78,0.269,49,62,0.79,36,126,162,130,57,33,81,145,406,1.605,0.704,0.417,0.446
2742,2469,Pat Burke,127,1293,199,488,0.408,9,36,0.25,61,92,0.663,90,176,266,44,28,40,87,180,468,0.506,0.322,0.417,0.443
675,76566,Connie Dierking,706,15474,2867,6880,0.417,,,,1360,1951,0.697,,,4757,1053,,,,2075,7094,,,0.417,0.458
1388,2049,Speedy Claxton,334,8551,1126,2753,0.409,42,218,0.193,802,1053,0.762,194,636,830,1441,503,40,580,827,3096,2.484,0.867,0.417,0.481
3033,1762,Tremaine Fowlkes,103,1233,105,257,0.409,4,20,0.2,87,110,0.791,94,134,228,54,47,6,50,146,301,1.08,0.94,0.416,0.493
718,76414,Jack Coleman,633,16479,2813,6763,0.416,,,,1095,1575,0.695,,,5186,1749,,,,1927,6721,,,0.416,0.451
1232,76108,John Barnhill,426,10054,1490,3583,0.416,,,,668,1026,0.651,,,1193,1205,,,,751,3648,,,0.416,0.452
1989,77475,Larue Martin,271,3795,591,1422,0.416,,,,248,362,0.685,278,622,1258,203,46,98,,617,1430,,,0.416,0.452
167,76902,Richie Guerin,848,27449,5174,12451,0.416,,,,4328,5549,0.78,,,4278,4211,,,,2769,14676,,,0.416,0.493
2378,1512,Chris Anstey,155,2157,303,734,0.413,4,29,0.138,203,269,0.755,178,356,534,127,78,65,147,373,813,0.864,0.531,0.416,0.477
2404,77869,Cliff Pondexter,197,2856,300,722,0.416,,,,178,267,0.667,226,521,747,218,81,52,30,282,778,2.9,0.633,0.416,0.463
1417,76568,Ernie DiGregorio,312,7859,1268,3052,0.415,,,,461,511,0.902,128,482,610,1594,190,14,93,656,2997,1.473,0.194,0.415,0.457
2431,78365,Raymond Townsend,154,2025,309,751,0.411,6,35,0.171,121,172,0.703,46,111,157,217,90,10,122,201,745,1.779,0.738,0.415,0.451
942,77103,Lucious Jackson,522,13783,2004,4824,0.415,,,,1162,1610,0.722,,,4613,818,,,,1564,5170,,,0.415,0.467
1438,78409,Charles Vaughn,326,7049,1144,2757,0.415,,,,633,869,0.728,,,733,753,,,,712,2921,,,0.415,0.465
2439,76801,Tate George,177,2019,297,717,0.414,1,14,0.071,141,172,0.82,65,115,180,325,76,11,157,182,736,2.07,0.484,0.415,0.464
2822,76265,Kevin Brooks,126,1031,172,429,0.401,12,60,0.2,61,71,0.859,40,101,141,48,18,6,69,84,417,0.696,0.261,0.415,0.453
1251,76015,Rick Adelman,462,10427,1381,3330,0.415,,,,817,1146,0.713,41,123,1129,1606,106,9,,990,3579,,,0.415,0.467
2985,2074,Jabari Smith,108,1065,125,303,0.413,1,8,0.125,78,113,0.69,49,129,178,66,37,26,54,166,329,1.222,0.685,0.414,0.466
1146,76740,Fred Foster,523,9116,1701,4107,0.414,,,,691,950,0.727,132,162,1275,601,57,8,,1008,4093,,,0.414,0.452
1591,78239,Isaac Stallworth,313,5489,1021,2466,0.414,,,,361,526,0.686,190,446,861,213,129,51,,686,2403,,,0.414,0.445
499,78406,Norm Van Lier,746,26171,3313,8003,0.414,,,,2144,2749,0.78,540,1269,3596,5217,767,71,249,2661,8770,2.767,0.751,0.414,0.476
916,1510,Brevin Knight,729,18176,2019,4897,0.412,16,119,0.134,1288,1632,0.789,282,1503,1785,4481,1229,87,1367,1856,5342,3.278,0.899,0.414,0.476
703,76985,Garfield Heard,787,19571,2846,6877,0.414,0,9,0,1136,1736,0.654,1324,3329,5876,1220,784,780,349,2134,6828,1.178,1.06,0.414,0.447
2252,2402,Dajuan Wagner,103,2202,354,967,0.366,92,287,0.321,164,213,0.77,29,113,142,195,69,14,136,212,964,1.434,0.507,0.414,0.454
1179,77962,Pat Riley,528,8187,1619,3914,0.414,,,,668,948,0.705,79,184,855,913,112,13,,1152,3906,,,0.414,0.451
3044,1869,Charles R. Jones,85,1138,105,324,0.324,58,179,0.324,28,45,0.622,26,78,104,135,48,10,57,76,296,2.368,0.842,0.414,0.43
1486,76222,Fred Boyd,327,7723,1165,2817,0.414,,,,454,681,0.667,57,266,533,986,184,29,20,651,2784,2.4,0.45,0.414,0.447
317,77411,Kevin Loughery,755,22208,4477,10829,0.413,,,,2621,3262,0.803,,,2254,2803,,,,2543,11575,,,0.413,0.472
1501,77639,Jackie Moreland,348,6250,1042,2521,0.413,,,,600,846,0.709,,,1779,432,,,,998,2684,,,0.413,0.464
1895,77792,Jim Palmer,196,3794,627,1517,0.413,,,,341,485,0.703,,,1040,165,,,,563,1595,,,0.413,0.461
1180,78473,Slick Watts,437,11513,1602,3876,0.413,,,,697,1168,0.597,455,943,1398,2678,961,111,239,1314,3901,2.247,0.757,0.413,0.444
2227,77195,Nick Jones,188,2264,393,951,0.413,,,,217,281,0.772,,,216,247,,,,385,1003,,,0.413,0.467
1775,76945,Reggie Harding,205,5529,785,1901,0.413,,,,269,443,0.607,,,1865,343,,,,576,1839,,,0.413,0.439
2933,77051,Tom Hoover,100,1270,128,310,0.413,,,,94,159,0.591,,,425,56,,,,257,350,,,0.413,0.461
2957,340,Kevin Pritchard,94,1125,119,298,0.399,8,43,0.186,94,119,0.79,17,73,90,152,37,13,82,146,340,1.854,0.451,0.413,0.485
1814,78458,Ben Warley,288,4656,600,1454,0.413,,,,567,783,0.724,,,1524,204,,,,791,1767,,,0.413,0.491
2668,2357,Tierre Brown,134,1653,202,526,0.384,30,85,0.353,93,121,0.769,41,125,166,266,64,4,143,95,527,1.86,0.448,0.413,0.455
1614,600010,Len Elmore,505,8384,929,2252,0.413,0,1,0,469,656,0.715,713,1433,2146,459,379,405,522,1258,2327,0.875,0.726,0.413,0.458
1521,2215,Jason Collins,735,14970,918,2234,0.411,7,34,0.206,778,1202,0.647,915,1791,2706,626,368,359,605,2056,2621,1.035,0.608,0.412,0.474
1558,1563,Kevin Ollie,662,10297,845,2060,0.41,9,29,0.31,797,1006,0.792,146,872,1018,1501,335,25,492,807,2496,3.051,0.681,0.412,0.499
2598,76940,Glenn Hansen,112,1447,240,582,0.412,,,,108,149,0.725,106,141,247,93,61,16,1,191,588,1,1,0.412,0.454
2541,77576,Bill Melchionni,144,1450,284,689,0.412,,,,72,107,0.673,,,202,203,,,,148,640,,,0.412,0.435
688,76704,Ray Felix,637,15188,2406,5841,0.412,,,,2162,3187,0.678,,,5652,448,,,,2419,6974,,,0.412,0.481
2375,1728,Roshown McLeod,113,2130,338,827,0.409,5,45,0.111,136,166,0.819,91,217,308,124,41,14,140,198,817,0.886,0.293,0.412,0.454
1273,201,Chris Dudley,886,16322,1391,3380,0.412,0,5,0,691,1508,0.458,2234,3223,5457,375,334,1027,740,2328,3473,0.507,0.451,0.412,0.429
1864,77975,Anthony Roberts,213,3867,679,1650,0.412,0,1,0,300,429,0.699,333,504,837,265,89,13,256,501,1658,1.035,0.348,0.412,0.451
2965,706,Jerome Allen,117,1306,114,326,0.35,40,126,0.317,68,108,0.63,30,93,123,201,52,9,103,126,336,1.951,0.505,0.411,0.45
2103,78358,Gene Tormohlen,271,3223,515,1253,0.411,,,,161,278,0.579,,,1122,257,,,,551,1191,,,0.411,0.433
2949,76670,Chris Engler,195,1405,138,336,0.411,0,0,0,67,99,0.677,137,249,386,45,32,42,91,274,343,0.495,0.352,0.411,0.452
2110,78459,Bob Warlick,157,2460,496,1209,0.41,,,,192,330,0.582,,,452,311,,,,298,1184,,,0.41,0.437
1215,76289,Emmette Bryant,566,11451,1501,3665,0.41,,,,720,1043,0.69,,,1593,1700,,,,1729,3722,,,0.41,0.451
797,78147,Larry Siegfried,550,13632,2149,5248,0.409,,,,1662,1945,0.854,,,1567,1950,,,,1307,5960,,,0.409,0.488
777,77198,Wali Jones,607,14420,2478,6054,0.409,,,,1184,1480,0.8,0,9,1394,1947,6,0,,1695,6140,,,0.409,0.458
2100,76532,Ralph Davis,150,3202,545,1332,0.409,,,,105,155,0.677,,,248,424,,,,314,1195,,,0.409,0.427
1460,78539,Arthur Williams,541,9329,1175,2872,0.409,,,,526,722,0.729,20,95,1700,2377,44,3,,1232,2876,,,0.409,0.451
2766,678,George Zidek,135,1327,161,395,0.408,1,4,0.25,130,166,0.783,108,178,286,32,14,12,69,241,453,0.464,0.203,0.409,0.484
1352,77024,Armond Hill,468,11785,1150,2817,0.408,1,13,0.077,913,1101,0.829,230,687,917,2194,548,61,833,1445,3214,2.15,0.556,0.408,0.487
2883,78513,Rudy White,124,1185,156,382,0.408,0,1,0,72,97,0.742,35,85,120,112,52,7,42,126,384,1.119,0.524,0.408,0.452
2614,77260,Bo Kimble,105,1336,217,562,0.386,25,86,0.291,115,158,0.728,58,104,162,98,41,14,98,205,574,1,0.418,0.408,0.454
1694,1839,Randy White,281,5382,783,1951,0.401,27,140,0.193,490,693,0.707,531,835,1366,175,209,127,372,861,2083,0.47,0.562,0.408,0.462
2665,1108,Tony Farmer,101,1368,144,365,0.395,10,53,0.189,234,304,0.77,134,193,327,79,76,20,91,190,532,0.868,0.835,0.408,0.533
2053,76519,Charlie Davis,144,2653,506,1240,0.408,,,,275,341,0.806,2,9,219,319,2,0,,344,1287,,,0.408,0.463
2644,176,Antonio Harvey,187,1956,230,565,0.407,1,3,0.333,92,180,0.511,155,278,433,58,54,130,108,255,553,0.537,0.5,0.408,0.429
2410,285,Greg Grant,274,3350,314,820,0.383,41,146,0.281,98,138,0.71,64,184,248,751,161,8,231,282,767,3.251,0.697,0.408,0.435
3135,1983,Jermaine Jackson,135,1344,89,222,0.401,3,19,0.158,81,114,0.711,34,111,145,184,42,9,78,127,262,2.359,0.538,0.408,0.481
2871,76083,Gus Bailey,147,1346,156,384,0.406,1,1,1,76,149,0.51,95,149,244,168,56,43,45,150,389,1.511,0.556,0.408,0.433
3079,2761,Jackson Vroman,87,1111,108,265,0.408,0,3,0,69,119,0.58,97,164,261,51,37,30,85,183,285,0.6,0.435,0.408,0.449
2860,78136,Edmund Sherod,64,1624,171,421,0.406,1,13,0.077,52,80,0.65,43,106,149,311,96,14,104,112,395,2.99,0.923,0.407,0.433
2991,76291,Wallace Bryant,102,1395,134,329,0.407,0,0,0,55,96,0.573,128,246,374,112,35,40,71,196,323,1.577,0.493,0.407,0.435
1894,78385,Bill Turner,294,4060,603,1481,0.407,,,,391,537,0.728,,,1039,167,,,,605,1597,,,0.407,0.465
2810,1898,Cal Bowdler,142,1383,163,403,0.404,2,11,0.182,96,125,0.768,90,182,272,29,42,45,43,155,424,0.674,0.977,0.407,0.463
2456,1913,Michael Ruffin,414,5966,258,634,0.407,0,3,0,200,436,0.459,729,903,1632,250,199,193,273,942,716,0.916,0.729,0.407,0.433
1904,76555,George Dempsey,315,5720,591,1453,0.407,,,,392,593,0.661,,,1125,711,,,,602,1574,,,0.407,0.459
2870,2737,Rafael Araujo,139,1586,156,385,0.405,1,4,0.25,76,112,0.679,124,271,395,41,51,16,111,300,389,0.369,0.459,0.406,0.448
2700,77330,Bo Lamar,71,1165,228,561,0.406,,,,46,68,0.676,30,62,92,177,59,3,,73,502,,,0.406,0.425
2222,76485,Dick Cunningham,360,3792,408,1004,0.406,,,,196,308,0.636,1,17,1324,221,2,2,,502,1012,,,0.406,0.444
328,77693,Willie Naulls,716,20620,4526,11145,0.406,,,,2253,2774,0.812,,,6508,1114,,,,2216,11305,,,0.406,0.457
2587,77173,Anthony Jones,164,1704,234,595,0.393,15,49,0.306,111,150,0.74,87,127,214,119,85,38,96,176,594,1.24,0.885,0.406,0.449
2749,77705,Johnny Neumann,83,1153,196,483,0.406,,,,72,105,0.686,29,57,86,168,37,11,22,158,464,1.227,0.273,0.406,0.438
2840,78352,Sedric Toney,112,1410,139,381,0.365,31,91,0.341,100,128,0.781,22,76,98,235,48,1,114,159,409,2.061,0.421,0.406,0.468
2600,368,Dwayne Schintzius,217,1949,256,633,0.404,1,8,0.125,74,116,0.638,167,369,536,93,30,117,119,321,587,0.782,0.252,0.405,0.429
397,78100,Ray Scott,684,21339,3906,9641,0.405,,,,2372,3293,0.72,,,7154,1618,,,,2035,10184,,,0.405,0.459
337,76744,Larry Foust,817,21890,3814,9414,0.405,,,,3570,4816,0.741,,,8041,1368,,,,2909,11198,,,0.405,0.485
1137,77311,Jim Krebs,515,10661,1696,4188,0.405,,,,736,975,0.755,,,3177,429,,,,1539,4128,,,0.405,0.447
282,76988,Tom Heinsohn,654,19254,4773,11787,0.405,,,,2648,3353,0.79,,,5749,1318,,,,2454,12194,,,0.405,0.46
2434,200776,Mardy Collins,189,2771,296,778,0.38,38,127,0.299,112,187,0.599,91,245,336,327,110,22,203,256,742,1.611,0.542,0.405,0.431
2409,77712,Dave Newmark,145,1771,312,771,0.405,,,,145,216,0.671,,,521,100,,,,333,769,,,0.405,0.444
1780,78157,Ralph Simpson,218,3980,764,1890,0.404,0,2,0,304,420,0.724,142,303,445,479,189,17,238,250,1832,1.256,0.508,0.404,0.441
2868,77884,Mike Price,119,1042,160,396,0.404,,,,71,92,0.772,,,152,89,,,,173,391,,,0.404,0.448
2988,101158,Orien Greene,131,1555,127,328,0.387,11,52,0.212,61,95,0.642,49,146,195,155,98,15,144,228,326,1.076,0.681,0.404,0.441
2911,1642354,KJ Simpson,50,1065,135,390,0.346,45,169,0.266,51,66,0.773,44,94,138,147,49,6,80,70,366,1.838,0.613,0.404,0.437
2738,2770,Justin Reed,136,1436,174,431,0.404,0,4,0,124,165,0.752,76,110,186,68,31,19,79,219,472,0.861,0.392,0.404,0.469
1524,77062,Bob Houbregs,281,6725,906,2245,0.404,,,,799,1108,0.721,,,1552,500,,,,690,2611,,,0.404,0.478
402,600012,George Mikan,439,8350,3544,8783,0.404,,,,3068,3924,0.782,,,4167,1245,,,,1862,10156,,,0.404,0.483
2864,2061,Dan Langhi,133,1251,172,440,0.391,11,38,0.289,38,62,0.613,54,145,199,39,30,12,35,106,393,1.114,0.857,0.403,0.421
1741,138,Anthony Avent,352,6729,814,2019,0.403,0,2,0,330,481,0.686,560,1024,1584,278,166,211,416,824,1958,0.668,0.399,0.403,0.439
1918,77812,Steve Patterson,350,5582,672,1667,0.403,,,,208,350,0.594,415,761,1632,443,85,94,,573,1552,,,0.403,0.426
1776,680,John Amaechi,294,4811,663,1646,0.403,1,13,0.077,510,760,0.671,230,542,772,228,90,94,386,499,1837,0.591,0.233,0.403,0.464
2241,768,Acie Earl,193,2512,361,896,0.403,0,9,0,258,387,0.667,190,327,517,61,63,126,170,351,980,0.359,0.371,0.403,0.46
863,76783,Dick Garmaker,421,12155,2022,5019,0.403,,,,1553,1974,0.787,,,1748,1114,,,,1168,5597,,,0.403,0.475
893,76191,Arlen Bockhorn,474,14791,2245,5574,0.403,,,,940,1256,0.748,,,2234,1645,,,,1565,5430,,,0.403,0.443
406,77593,Vern Mikkelsen,699,18443,3547,8812,0.403,,,,2969,3874,0.766,,,5940,1515,,,,2812,10063,,,0.403,0.478
2574,76658,Alexander Ellis,118,1873,227,564,0.402,,,,153,220,0.695,,,616,86,,,,201,607,,,0.402,0.459
1920,76546,Archie Dees,190,3092,575,1429,0.402,,,,398,501,0.794,,,907,132,,,,385,1548,,,0.402,0.469
2164,77505,Willie McCarter,155,2842,482,1198,0.402,,,,126,192,0.656,,,248,304,,,,281,1090,,,0.402,0.425
1822,76807,Dick Gibbs,333,4310,675,1678,0.402,,,,389,487,0.799,159,231,624,260,67,35,,629,1739,,,0.402,0.459
1112,76012,Don Adams,487,12407,1682,4186,0.402,,,,872,1180,0.739,364,844,2732,869,283,55,,1591,4236,,,0.402,0.45
2249,77523,Jim McDaniels,184,2705,409,1018,0.402,,,,149,212,0.703,123,260,810,170,15,62,50,366,967,0.88,0.08,0.402,0.435
2903,78603,Luke Witte,118,1098,149,371,0.402,,,,74,108,0.685,127,230,357,60,13,45,,147,372,,,0.402,0.444
2200,76819,Jack Givens,156,2601,416,1037,0.401,0,2,0,208,263,0.791,212,244,456,142,123,36,134,253,1040,1.06,0.918,0.401,0.451
2942,1629033,Theo Pinson,127,1081,116,363,0.32,59,226,0.261,55,61,0.902,26,153,179,141,34,7,69,100,346,2.043,0.493,0.401,0.444
2572,77525,Glenn McDonald,146,1493,269,672,0.4,,,,71,97,0.732,84,131,215,99,51,25,,192,609,,,0.4,0.426
2140,76834,Lancaster Gordon,201,2581,472,1208,0.391,23,85,0.271,158,206,0.767,116,143,259,294,128,31,237,266,1125,1.241,0.54,0.4,0.433
996,78125,Charlie Share,596,13023,1562,3905,0.4,,,,1804,2604,0.693,,,4986,809,,,,2106,4928,,,0.4,0.488
2339,77200,Larry Jones,95,2235,310,775,0.4,,,,234,287,0.815,71,113,241,270,85,18,,162,854,,,0.4,0.474
2966,76928,Roylee Hamilton,73,1121,116,290,0.4,0,2,0,104,152,0.684,47,63,110,192,48,5,119,83,336,1.613,0.403,0.4,0.471
2885,77970,David Rivers,114,1286,139,349,0.398,1,12,0.083,104,131,0.794,53,94,147,282,61,10,166,117,383,1.699,0.367,0.4,0.471
2692,77342,Dave Lattin,112,1244,187,468,0.4,,,,132,205,0.644,,,427,62,,,,257,506,,,0.4,0.453
527,77907,Frank Ramsey,623,15330,2949,7382,0.399,,,,2480,3083,0.804,,,3410,1134,,,,2158,8378,,,0.399,0.479
2750,78048,Walker Russell,155,1767,179,456,0.393,6,38,0.158,100,125,0.8,51,136,187,350,57,10,201,195,464,1.741,0.284,0.399,0.454
2571,2043,Mateen Cleaves,167,1866,233,599,0.389,12,45,0.267,131,180,0.728,33,142,175,310,67,5,201,213,609,1.542,0.333,0.399,0.449
2371,78037,John Rudometkin,131,1644,314,787,0.399,,,,194,261,0.743,,,412,72,,,,198,822,,,0.399,0.456
2573,1972,John Morton,128,1879,204,528,0.386,13,58,0.224,188,239,0.787,54,107,161,342,92,23,186,165,609,1.839,0.495,0.399,0.481
1047,76661,Joe Ellis,524,10374,1946,4884,0.398,,,,731,1005,0.727,37,85,2686,716,33,9,,1397,4623,,,0.398,0.434
495,76773,Harry Gallatin,682,15813,2810,7057,0.398,,,,3223,4167,0.773,,,6684,1208,,,,2086,8843,,,0.398,0.497
2363,77341,John Laskowski,118,2132,359,902,0.398,,,,114,150,0.76,68,214,282,99,88,12,,112,832,,,0.398,0.43
1011,77210,Phil Jordon,442,10792,1965,4940,0.398,,,,905,1312,0.69,,,3028,769,,,,1246,4835,,,0.398,0.438
2477,78469,Bobby Washington,116,1790,246,619,0.397,,,,208,268,0.776,,,234,413,,,,240,700,,,0.397,0.475
1849,76318,Donnie Butcher,279,5085,610,1535,0.397,,,,476,757,0.629,,,821,585,,,,699,1696,,,0.397,0.454
2134,76922,Shaler Halimon,170,2523,485,1223,0.397,,,,166,267,0.622,,,571,302,,,,276,1136,,,0.397,0.424
3317,1096,Ivano Newbill,134,1428,76,193,0.394,1,1,1,45,104,0.433,140,214,354,50,50,29,71,213,198,0.704,0.704,0.396,0.415
2640,77648,Dwight Morrison,155,2216,218,550,0.396,,,,119,208,0.572,,,822,135,,,,393,555,,,0.396,0.433
3226,212,Yinka Dare,110,1004,86,217,0.396,0,0,0,61,107,0.57,101,180,281,4,12,70,96,179,233,0.042,0.125,0.396,0.441
405,78142,Gene Shue,699,23338,3715,9378,0.396,,,,2638,3273,0.806,,,2855,2608,,,,1405,10068,,,0.396,0.465
2853,76610,Bob Duffy,94,1123,164,414,0.396,,,,72,111,0.649,,,104,167,,,,94,400,,,0.396,0.432
1668,76956,Art Harris,238,5206,923,2331,0.396,,,,325,519,0.626,,,575,639,,,,709,2171,,,0.396,0.424
2612,77562,Bob McNeill,125,1828,222,563,0.394,,,,131,160,0.819,,,179,327,,,,204,575,,,0.394,0.454
780,78113,Frank Selvy,565,14908,2222,5640,0.394,,,,1676,2302,0.728,,,2098,1579,,,,1241,6120,,,0.394,0.46
1640,77052,Bob Hopkins,273,5122,854,2168,0.394,,,,529,695,0.761,,,1526,189,,,,642,2237,,,0.394,0.452
951,77548,Mccoy McLemore,580,12221,1947,4943,0.394,,,,1236,1603,0.771,,,3161,733,,,,1442,5130,,,0.394,0.454
2555,76146,Leon Benbow,115,1838,254,645,0.394,,,,120,158,0.759,79,135,214,183,73,17,,227,628,,,0.394,0.439
2874,1680,Brian Oliver,118,1182,155,400,0.388,5,22,0.227,74,105,0.705,31,92,123,114,45,6,78,121,389,1.462,0.577,0.394,0.436
1854,1855,Mark Macon,251,5018,694,1806,0.384,34,126,0.27,263,358,0.735,173,294,467,428,349,20,323,587,1685,1.325,1.08,0.394,0.429
696,78453,Bobby Wanzer,568,12128,2268,5768,0.393,,,,2388,2976,0.802,,,1979,1830,,,,1275,6924,,,0.393,0.489
2686,78160,Bob Sims,65,1345,193,491,0.393,,,,123,216,0.569,,,183,154,,,,187,509,,,0.393,0.434
1719,77202,Willie Jones,272,4568,846,2153,0.393,,,,324,475,0.682,,,767,545,,,,658,2016,,,0.393,0.427
1474,76694,Mike Farmer,423,8818,1165,2965,0.393,,,,486,597,0.814,,,1950,550,,,,840,2816,,,0.393,0.436
2427,78022,Scott Roth,160,1798,248,661,0.375,23,79,0.291,232,318,0.73,61,143,204,186,87,11,136,250,751,1.368,0.64,0.393,0.469
2795,76505,Mike D'Antoni,130,1858,184,469,0.392,,,,64,87,0.736,41,145,186,248,152,27,,239,432,,,0.392,0.426
1467,77131,Andy Johnson,292,6772,1083,2762,0.392,,,,681,1126,0.605,,,1190,675,,,,868,2847,,,0.392,0.437
2435,77815,Charlie Paulk,120,1641,317,809,0.392,,,,107,175,0.611,,,462,41,,,,243,741,,,0.392,0.418
2167,76076,William Averitt,130,2221,432,1103,0.392,,,,221,310,0.713,37,124,161,330,69,14,143,250,1085,1.371,0.273,0.392,0.438
2912,77634,Jackie Moore,134,1178,137,350,0.391,,,,91,146,0.623,,,338,67,,,,217,365,,,0.391,0.441
2147,77351,Emanuel Leaks,135,3375,456,1165,0.391,,,,202,283,0.714,94,150,921,120,10,39,,286,1114,,,0.391,0.432
1429,77862,Dave Piontek,413,7623,1194,3054,0.391,,,,567,869,0.652,,,1770,478,,,,835,2955,,,0.391,0.43
1722,78232,Art Spoelstra,278,5248,763,1953,0.391,,,,486,701,0.693,,,1273,266,,,,811,2012,,,0.391,0.445
3050,203485,Lorenzo Brown,103,1185,123,338,0.364,18,106,0.17,29,41,0.707,28,123,151,183,61,15,74,101,293,2.473,0.824,0.391,0.411
2475,76219,Nate Bowman,243,2171,298,764,0.39,,,,106,201,0.527,,,791,162,,,,509,702,,,0.39,0.412
805,77537,Dick McGuire,738,17170,2048,5259,0.389,,,,1825,2836,0.644,,,2784,4205,,,,1695,5921,,,0.389,0.455
1008,77089,Mel Hutchins,437,16574,1931,4962,0.389,,,,989,1470,0.673,,,4186,1298,,,,1246,4851,,,0.389,0.432
2785,2084,Chris Porter,51,1147,173,445,0.389,0,5,0,94,141,0.667,89,100,189,61,45,6,59,111,440,1.034,0.763,0.389,0.434
2653,78631,Charlie Yelverton,69,1227,206,530,0.389,,,,133,188,0.707,,,201,81,,,,145,545,,,0.389,0.445
2101,77313,Tom Kron,184,3139,450,1158,0.389,,,,293,389,0.753,,,603,518,,,,445,1193,,,0.389,0.449
625,77297,Howard Komives,742,20213,2972,7652,0.388,,,,1606,1936,0.83,10,33,1804,2941,32,3,,2046,7550,,,0.388,0.444
1378,76081,Jim Baechtold,321,8256,1117,2876,0.388,,,,889,1135,0.783,,,1009,685,,,,795,3123,,,0.388,0.463
2745,203515,Phil Pressey,148,2015,172,505,0.341,48,189,0.254,75,119,0.63,36,180,216,433,116,15,161,179,467,2.689,0.72,0.388,0.419
1482,78169,Whitey Skoog,341,9193,1164,3000,0.388,,,,472,591,0.799,,,1133,903,,,,1027,2800,,,0.388,0.429
2138,77029,Fred Hilton,120,2080,500,1289,0.388,,,,131,175,0.749,,,254,190,,,,245,1131,,,0.388,0.414
2739,76360,Reggie Carter,135,1459,178,459,0.388,0,3,0,115,149,0.772,65,99,164,206,58,8,116,192,471,1.776,0.5,0.388,0.449
2004,76120,Tim Bassett,235,5588,570,1470,0.388,0,0,0,250,420,0.595,502,994,1496,285,209,115,192,673,1390,0.917,0.594,0.388,0.42
2261,77467,Tom Marshall,168,2587,354,913,0.388,,,,244,344,0.709,,,492,188,,,,197,952,,,0.388,0.447
1392,78391,Charlie Tyra,348,7811,1213,3131,0.387,,,,665,990,0.672,,,2567,315,,,,987,3091,,,0.387,0.433
2550,709,Ed O'Bannon,128,2060,249,679,0.367,28,126,0.222,108,143,0.755,115,201,316,102,73,23,82,192,634,1.244,0.89,0.387,0.427
976,77188,K.C. Jones,676,17501,1919,4961,0.387,,,,1173,1814,0.647,,,2399,2908,,,,1816,5011,,,0.387,0.435
1043,76877,Si Green,504,13132,1732,4481,0.387,,,,1172,1735,0.676,,,2152,1655,,,,1421,4636,,,0.387,0.442
2689,77759,Frank Oleynick,102,1166,208,539,0.386,,,,92,130,0.708,23,67,90,113,34,10,,110,508,,,0.386,0.426
2724,77843,Bob Peterson,103,1342,186,482,0.386,,,,107,160,0.669,,,389,78,,,,218,479,,,0.386,0.434
1598,77791,Togo Palazzi,324,4344,937,2429,0.386,,,,508,696,0.73,,,1113,233,,,,570,2382,,,0.386,0.435
2433,78249,Jack Stephens,72,2219,248,643,0.386,,,,247,357,0.692,,,377,207,,,,144,743,,,0.386,0.464
2151,2693,Keith McLeod,200,3719,363,1018,0.357,59,209,0.282,320,400,0.8,40,228,268,536,145,27,250,359,1105,2.144,0.58,0.386,0.463
2300,78013,Phil Rollins,176,2742,350,910,0.385,,,,198,305,0.649,,,395,458,,,,320,898,,,0.385,0.43
1648,76959,Bob Harris,325,5768,804,2091,0.385,,,,601,957,0.628,,,1824,502,,,,1003,2209,,,0.385,0.44
2009,76693,Dick Farley,211,3822,481,1252,0.384,,,,416,594,0.7,,,527,386,,,,429,1378,,,0.384,0.455
2207,310,Bobby Hurley,269,4167,361,1023,0.353,64,235,0.272,246,320,0.769,53,230,283,880,120,7,385,360,1032,2.286,0.312,0.384,0.443
1673,77347,Bob Lavoy,264,5433,821,2139,0.384,,,,514,727,0.707,,,1634,391,,,,889,2156,,,0.384,0.438
2236,76999,Don Henriksen,138,3927,338,881,0.384,,,,313,476,0.658,,,990,240,,,,432,989,,,0.384,0.453
2441,2454,Junior Harrington,140,3097,290,782,0.371,20,73,0.274,133,193,0.689,69,312,381,428,126,25,250,401,733,1.712,0.504,0.384,0.423
374,76243,Carl Braun,788,18409,3912,10211,0.383,,,,2801,3484,0.804,,,2122,2892,,,,2164,10625,,,0.383,0.452
1616,76136,Ernie Beck,371,7054,929,2425,0.383,,,,467,613,0.762,,,1191,669,,,,667,2325,,,0.383,0.431
2143,77977,Joe Roberts,181,2908,446,1166,0.383,,,,226,349,0.648,,,936,109,,,,421,1118,,,0.383,0.424
1114,77268,George King,411,13408,1517,3971,0.382,,,,1185,1847,0.642,,,1606,1958,,,,1044,4219,,,0.382,0.441
1698,77572,Dick Mehen,193,2294,832,2182,0.381,,,,405,571,0.709,,,505,550,,,,561,2069,,,0.381,0.425
615,77967,Arnie Risen,637,12690,2610,6850,0.381,,,,2413,3451,0.699,,,5011,1058,,,,2449,7633,,,0.381,0.456
1961,77385,Bobby Lewis,255,4303,564,1482,0.381,,,,353,496,0.712,,,533,555,,,,503,1481,,,0.381,0.436
2789,78306,Chuck Terry,135,1800,187,492,0.38,,,,65,86,0.756,44,102,291,83,60,10,,240,439,,,0.38,0.414
74,78076,Dolph Schayes,996,29800,5863,15427,0.38,,,,6712,7904,0.849,,,11256,3072,,,,3432,18438,,,0.38,0.488
2637,76939,Rollen Hans,80,1734,221,582,0.38,,,,114,205,0.556,,,176,207,,,,192,556,,,0.38,0.414
1752,77799,Medford Park,313,5632,675,1782,0.379,,,,574,788,0.728,,,967,532,,,,580,1924,,,0.379,0.452
1879,78216,Ron Sobie,192,3868,564,1489,0.379,,,,491,608,0.808,,,791,353,,,,421,1619,,,0.379,0.461
2418,77536,Al McGuire,191,2966,251,663,0.379,,,,255,463,0.551,,,418,363,,,,501,757,,,0.379,0.437
3067,202407,Elijah Millsap,69,1120,93,284,0.327,29,104,0.279,72,106,0.679,37,154,191,78,63,19,78,159,287,1,0.808,0.379,0.434
1642,77359,George Lee,297,5158,740,1955,0.379,,,,749,1021,0.734,,,1235,258,,,,504,2229,,,0.379,0.464
2891,1895,William Avery,142,1207,137,415,0.33,40,157,0.255,65,91,0.714,17,76,93,199,34,6,106,125,379,1.877,0.321,0.378,0.416
388,78003,Guy Rodgers,892,28663,4125,10908,0.378,,,,2165,3003,0.721,,,3791,6917,,,,2630,10415,,,0.378,0.426
731,76514,Bob Davies,462,8617,2292,6067,0.378,,,,2010,2647,0.759,,,980,2250,,,,1566,6594,,,0.378,0.456
1912,76536,Walt Davis,325,5344,623,1651,0.377,,,,312,449,0.695,,,1397,231,,,,915,1558,,,0.377,0.421
1408,78086,Dick Schnittker,364,6744,928,2464,0.377,,,,1172,1418,0.827,,,1372,480,,,,1008,3028,,,0.377,0.49
2329,76989,Dick Hemric,138,2384,270,717,0.377,,,,323,483,0.669,,,703,102,,,,240,863,,,0.377,0.464
2834,76900,Gene Guarilia,129,1082,168,447,0.376,,,,77,126,0.611,,,294,36,,,,146,413,,,0.376,0.411
2225,76529,Mel Davis,190,2572,431,1147,0.376,,,,146,206,0.709,228,588,816,164,66,22,,327,1008,,,0.376,0.407
1695,77032,Lew Hitch,414,8364,759,2021,0.376,,,,557,827,0.674,,,2183,499,,,,685,2075,,,0.376,0.435
109,600003,Bob Cousy,924,30165,6168,16468,0.375,,,,4624,5756,0.803,,,4786,6955,,,,2242,16960,,,0.375,0.446
1976,77599,Eddie Miller,142,3675,517,1381,0.374,,,,418,604,0.692,,,1206,210,,,,444,1452,,,0.374,0.441
875,76160,Al Bianchi,687,13649,2212,5919,0.374,,,,1126,1592,0.707,,,1722,1497,,,,2069,5550,,,0.374,0.419
2539,2853,Earl Barron,140,1985,255,687,0.371,3,18,0.167,127,181,0.702,188,304,492,63,46,30,107,270,640,0.589,0.43,0.373,0.417
2763,77244,Joe Kennedy,86,1323,177,475,0.373,,,,100,126,0.794,,,261,67,,,,165,454,,,0.373,0.428
2908,76929,Steve Hamilton,82,1094,138,371,0.372,,,,92,132,0.697,,,278,43,,,,183,368,,,0.372,0.429
1645,78579,George Wilson,410,5768,841,2261,0.372,,,,534,789,0.677,,,2144,307,,,,901,2216,,,0.372,0.425
2093,78639,Robert Zawoluk,179,3534,396,1065,0.372,,,,418,545,0.767,,,732,217,,,,450,1210,,,0.372,0.464
1372,77913,George Ratkovicz,343,5863,999,2687,0.372,,,,1143,1698,0.673,,,1937,791,,,,1249,3141,,,0.372,0.457
2905,77026,Gary Hill,79,1118,156,420,0.371,,,,58,91,0.637,,,130,110,,,,176,370,,,0.371,0.402
1697,76428,Gene Conley,351,5791,833,2244,0.371,,,,403,613,0.657,,,2212,201,,,,1123,2069,,,0.371,0.412
1363,76210,Vince Boryla,285,5162,1187,3200,0.371,,,,813,996,0.816,,,831,610,,,,922,3187,,,0.371,0.438
2310,78540,Bernie Williams,128,1936,363,979,0.371,,,,164,203,0.808,,,240,278,,,,200,890,,,0.371,0.417
2452,78309,Tom Thacker,218,2187,307,828,0.371,,,,107,222,0.482,,,522,222,,,,365,721,,,0.371,0.389
1618,77855,Gary Phillips,348,6932,926,2500,0.37,,,,467,742,0.629,,,903,665,,,,820,2319,,,0.37,0.41
2630,77415,Sidney Lowe,193,3422,198,540,0.367,4,30,0.133,162,212,0.764,81,254,335,749,191,9,191,282,562,3.921,1,0.37,0.444
1447,76102,Don Barksdale,262,7460,1016,2747,0.37,,,,863,1307,0.66,,,2088,549,,,,941,2895,,,0.37,0.436
1897,77218,George Kaftan,212,1335,586,1585,0.37,,,,422,649,0.65,,,424,399,,,,388,1594,,,0.37,0.426
753,77999,Red Rocha,586,10507,2276,6158,0.37,,,,1810,2385,0.759,,,2747,1153,,,,2113,6362,,,0.37,0.441
1004,76429,Ed Conlin,486,11392,1862,5039,0.37,,,,1167,1556,0.75,,,2349,949,,,,1076,4891,,,0.37,0.427
841,76611,Walter Dukes,553,14671,1912,5175,0.369,,,,1941,2773,0.7,,,6223,608,,,,2260,5765,,,0.369,0.451
1053,77713,Jack Nichols,455,10703,1785,4833,0.369,,,,1032,1366,0.755,,,2782,883,,,,1395,4602,,,0.369,0.423
2247,76576,Bill Dinwiddie,220,2760,404,1095,0.369,,,,166,272,0.61,,,720,129,,,,381,974,,,0.369,0.401
2537,76114,Ernie Barrett,131,2092,267,724,0.369,,,,107,143,0.748,,,343,229,,,,300,641,,,0.369,0.407
750,77853,Andy Phillip,701,15378,2323,6318,0.368,,,,1738,2499,0.695,,,2395,3759,,,,1925,6384,,,0.368,0.43
1349,76110,Leo Barnhorst,344,7279,1356,3689,0.368,,,,520,782,0.665,,,1506,1116,,,,1033,3232,,,0.368,0.401
1544,76708,Al Ferrari,371,7582,878,2389,0.368,,,,769,1012,0.76,,,830,943,,,,1008,2525,,,0.368,0.445
2875,77172,Howie Jolliff,138,1739,165,449,0.367,,,,58,110,0.527,,,586,112,,,,277,388,,,0.367,0.39
1608,77573,Don Meineke,343,6782,790,2154,0.367,,,,758,1003,0.756,,,1626,433,,,,1047,2338,,,0.367,0.45
1571,77425,Ray Lumpp,300,2739,895,2444,0.366,,,,672,876,0.767,,,391,654,,,,793,2462,,,0.366,0.435
1131,78225,Odie Spears,479,8104,1488,4066,0.366,,,,1185,1554,0.763,,,1409,917,,,,1580,4161,,,0.366,0.438
1951,76561,Walter Devlin,210,4025,560,1532,0.366,,,,376,507,0.742,,,449,446,,,,337,1496,,,0.366,0.426
2838,77038,Paul Hogue,65,1487,164,449,0.365,,,,81,181,0.448,,,461,48,,,,255,409,,,0.365,0.387
2755,76313,Bob Burrow,81,1199,159,436,0.365,,,,141,244,0.578,,,357,47,,,,180,459,,,0.365,0.422
2809,76063,Jay Arnette,114,1177,163,447,0.365,,,,98,129,0.76,,,116,139,,,,233,424,,,0.365,0.421
649,77480,Slater Martin,745,21889,2632,7224,0.364,,,,2073,2720,0.762,,,2302,3160,,,,2238,7337,,,0.364,0.436
2262,77928,Ron Reed,118,2245,409,1124,0.364,,,,133,233,0.571,,,762,173,,,,278,951,,,0.364,0.388
946,76800,Jack George,506,15860,1901,5226,0.364,,,,1351,1918,0.704,,,2129,2169,,,,1242,5153,,,0.364,0.424
2586,77824,Mel Payton,111,1895,227,625,0.363,,,,141,189,0.746,,,396,126,,,,186,595,,,0.363,0.42
1580,77247,Bill Kenville,345,6778,848,2337,0.363,,,,738,974,0.758,,,1206,715,,,,670,2434,,,0.363,0.44
1704,77249,Jack Kerris,271,3572,691,1906,0.363,,,,675,1020,0.662,,,1286,667,,,,858,2057,,,0.363,0.437
1469,78447,Paul Walther,370,7258,968,2671,0.362,,,,902,1274,0.708,,,1168,974,,,,1069,2838,,,0.362,0.439
2613,78020,Dick Rosenthal,85,1594,218,602,0.362,,,,139,198,0.702,,,352,170,,,,201,575,,,0.362,0.417
888,76404,Nat Clifton,544,14369,2082,5766,0.361,,,,1280,2021,0.633,,,4469,1367,,,,1840,5444,,,0.361,0.409
2407,76055,Jim Ard,218,2666,300,831,0.361,,,,171,246,0.695,241,579,820,149,43,96,14,384,771,0.571,0,0.361,0.41
2273,77540,Kenny McIntosh,177,3700,401,1111,0.361,,,,132,227,0.581,117,259,696,173,56,32,,333,934,,,0.361,0.386
1784,78529,Win Wilfong,268,4810,684,1897,0.361,,,,458,616,0.744,,,910,565,,,,649,1826,,,0.361,0.421
843,77867,Jim Pollard,438,9391,2299,6379,0.36,,,,1164,1552,0.75,,,2487,1417,,,,1145,5762,,,0.36,0.408
2344,77743,Buckshot O'Brien,119,2335,324,899,0.36,,,,200,241,0.83,,,192,180,,,,189,848,,,0.36,0.422
2553,78010,Al Roges,84,2138,243,675,0.36,,,,145,203,0.714,,,237,179,,,,197,631,,,0.36,0.413
1675,78063,Frank Saul,384,6219,781,2170,0.36,,,,590,798,0.739,,,683,596,,,,687,2152,,,0.36,0.427
2321,77610,Dave Minor,116,3168,339,942,0.36,,,,199,264,0.754,,,527,288,,,,372,877,,,0.36,0.414
1603,77212,Noble Jorgensen,268,2673,801,2226,0.36,,,,761,1026,0.742,,,862,324,,,,915,2363,,,0.36,0.441
1466,77023,Wayne Hightower,316,7240,1039,2888,0.36,,,,770,1028,0.749,,,1876,337,,,,905,2848,,,0.36,0.426
1901,76373,Al Cervi,202,1151,405,1128,0.359,,,,781,931,0.839,,,261,648,,,,669,1591,,,0.359,0.517
1549,76723,Ed Fleming,292,6186,862,2403,0.359,,,,787,1077,0.731,,,1532,544,,,,688,2511,,,0.359,0.436
2117,78223,Guy Sparrow,150,2583,461,1289,0.358,,,,245,403,0.608,,,728,142,,,,410,1167,,,0.358,0.398
1033,77394,Earl Lloyd,560,14477,1766,4955,0.356,,,,1150,1533,0.75,,,3609,810,,,,2098,4682,,,0.356,0.416
2655,78455,Gerry Ward,169,2049,202,567,0.356,,,,138,216,0.639,,,294,237,,,,364,542,,,0.356,0.409
3095,78370,John Tschogl,113,1216,126,354,0.356,,,,25,43,0.581,85,102,208,69,42,45,,174,277,,,0.356,0.371
1990,77199,Wallace Jones,140,1320,521,1467,0.355,,,,386,510,0.757,,,408,429,,,,452,1428,,,0.355,0.422
3139,77802,Jack Parr,66,1037,109,307,0.355,,,,44,73,0.603,,,278,51,,,,138,262,,,0.355,0.386
1396,76937,Alex Hannum,516,7713,1182,3341,0.354,,,,714,1134,0.63,,,2013,857,,,,1955,3078,,,0.354,0.401
1578,77506,Johnny McCarthy,316,8828,958,2714,0.353,,,,534,859,0.622,,,1145,1184,,,,885,2450,,,0.353,0.396
1715,77778,Don Otten,201,2173,583,1653,0.353,,,,859,1132,0.759,,,928,279,,,,721,2025,,,0.353,0.471
1351,76636,Thomas Eddleman,266,3464,1240,3522,0.352,,,,741,1175,0.631,,,913,550,,,,954,3221,,,0.352,0.399
1084,76962,Bob Harrison,615,12926,1782,5067,0.352,,,,854,1232,0.693,,,1358,1672,,,,2035,4418,,,0.352,0.394
460,76838,Joe Graboski,845,22665,3433,9763,0.352,,,,2414,3447,0.7,,,5999,1502,,,,2591,9280,,,0.352,0.411
1152,78075,Fred Schaus,334,6637,1345,3826,0.352,,,,1380,1677,0.823,,,1609,961,,,,1130,4070,,,0.352,0.446
2889,1518,Rodrick Rhodes,72,1234,125,360,0.347,3,15,0.2,127,205,0.62,38,50,88,121,69,12,119,146,380,1.017,0.58,0.351,0.422
820,78153,Connie Simmons,598,7036,2180,6211,0.351,,,,1499,2211,0.678,,,2294,940,,,,1843,5859,,,0.351,0.408
2995,2261,Kenny Satterfield,75,1062,128,382,0.335,12,55,0.218,53,71,0.746,33,62,95,176,51,3,96,79,321,1.833,0.531,0.351,0.388
1321,600016,Maurice Stokes,202,7544,1251,3567,0.351,,,,813,1165,0.698,,,3492,1062,,,,789,3315,,,0.351,0.406
2191,76190,Nelson Bobb,227,2468,361,1030,0.35,,,,330,539,0.612,,,405,488,,,,523,1052,,,0.35,0.415
823,78117,Paul Seymour,622,14667,2039,5826,0.35,,,,1758,2219,0.792,,,1694,2341,,,,1363,5836,,,0.35,0.429
1121,77371,Bob Leonard,426,11632,1574,4510,0.349,,,,1056,1418,0.745,,,1217,1427,,,,915,4204,,,0.349,0.409
2844,78374,Jim Tucker,99,1301,157,450,0.349,,,,93,122,0.762,,,349,52,,,,242,407,,,0.349,0.404
995,78064,Woody Sauldsberry,462,12788,2189,6288,0.348,,,,552,905,0.61,,,3618,498,,,,1435,4930,,,0.348,0.369
1239,77082,Rod Hundley,431,9553,1382,3978,0.347,,,,861,1195,0.721,,,1420,1455,,,,786,3625,,,0.347,0.402
2365,76145,Irv Bemoras,131,2479,309,890,0.347,,,,209,311,0.672,,,341,125,,,,228,827,,,0.347,0.403
2396,76919,Harvey Halbrook,143,2039,307,885,0.347,,,,172,291,0.591,,,949,64,,,,441,786,,,0.347,0.388
2726,77482,Al Masino,99,1954,160,462,0.346,,,,158,253,0.625,,,205,182,,,,296,478,,,0.346,0.417
2998,77025,Cleo Hill,58,1050,107,309,0.346,,,,106,137,0.774,,,178,114,,,,98,320,,,0.346,0.433
2705,76151,Mel Bennett,129,1532,152,439,0.346,0,2,0,194,319,0.608,193,233,426,107,52,51,65,267,498,0.569,0.231,0.346,0.43
1334,77722,Chuck Noble,411,9212,1362,3937,0.346,,,,552,755,0.731,,,1075,1344,,,,1128,3276,,,0.346,0.384
1368,77409,Jim Loscutoff,511,9431,1333,3868,0.345,,,,490,750,0.653,,,2848,353,,,,1497,3156,,,0.345,0.376
1964,77219,Ed Kalafat,209,4358,490,1422,0.345,,,,494,718,0.688,,,1182,310,,,,684,1474,,,0.345,0.424
1807,77932,Richie Regan,215,5494,699,2030,0.344,,,,387,540,0.717,,,554,629,,,,532,1785,,,0.344,0.394
2075,76969,Vern Hatton,225,3666,485,1409,0.344,,,,274,373,0.735,,,531,310,,,,294,1244,,,0.344,0.395
3064,76705,Jake Fendley,103,1031,86,250,0.344,,,,115,155,0.742,,,126,94,,,,200,287,,,0.344,0.451
1418,76768,Billy Gabor,307,3680,1080,3141,0.344,,,,837,1136,0.737,,,448,626,,,,1050,2997,,,0.344,0.412
1574,76238,Bob Brannum,338,6576,887,2581,0.344,,,,681,1044,0.652,,,1944,699,,,,1313,2455,,,0.344,0.404
576,78638,Max Zaslofsky,540,6760,2854,8313,0.343,,,,2282,2969,0.769,,,864,1093,,,,1291,7990,,,0.343,0.415
2029,77049,Joe Holup,192,3526,460,1345,0.342,,,,427,547,0.781,,,852,193,,,,515,1347,,,0.342,0.425
1711,76298,Walter Budko,253,1126,684,2000,0.342,,,,669,884,0.757,,,684,471,,,,859,2037,,,0.342,0.426
2239,77579,Chuck Mencel,141,2821,363,1063,0.341,,,,257,336,0.765,,,347,333,,,,169,983,,,0.341,0.406
1288,76331,Bill Calhoun,442,8221,1171,3431,0.341,,,,1098,1565,0.702,,,1292,1036,,,,836,3440,,,0.341,0.418
908,76250,Frank Brian,438,7616,1765,5192,0.34,,,,1849,2251,0.821,,,903,1138,,,,1127,5379,,,0.34,0.435
1348,77036,Paul Hoffman,317,5130,1139,3354,0.34,,,,956,1415,0.676,,,1129,911,,,,1138,3234,,,0.34,0.407
2791,78438,Horace Walker,65,1331,149,439,0.339,,,,140,193,0.725,,,466,69,,,,194,438,,,0.339,0.418
1815,76214,Don Boven,195,3355,561,1653,0.339,,,,641,908,0.706,,,553,393,,,,753,1763,,,0.339,0.429
1496,76442,Chuck Cooper,409,7964,933,2750,0.339,,,,859,1156,0.743,,,2431,734,,,,1196,2725,,,0.339,0.418
2691,2401,Nikoloz Tskitishvili,172,1946,190,626,0.304,43,183,0.235,84,115,0.73,109,198,307,114,46,50,126,227,507,0.905,0.365,0.338,0.375
2291,77773,Kevin O'Shea,174,2368,311,922,0.337,,,,289,425,0.68,,,402,358,,,,356,911,,,0.337,0.411
1111,77551,Jack McMahon,524,14228,1615,4790,0.337,,,,1007,1580,0.637,,,1390,1939,,,,1483,4237,,,0.337,0.386
1966,77675,Ken Murray,181,2118,541,1617,0.335,,,,389,521,0.747,,,599,482,,,,350,1471,,,0.335,0.398
1986,77775,Wally Osterkorn,204,5187,453,1358,0.334,,,,530,896,0.592,,,1218,346,,,,596,1436,,,0.334,0.41
3304,2219,Jeryl Sasser,82,1059,67,221,0.303,13,44,0.295,57,83,0.687,67,124,191,67,48,12,41,94,204,1.634,1.171,0.333,0.396
1871,77319,Frank Kudelka,228,2150,614,1853,0.331,,,,414,585,0.708,,,521,490,,,,738,1642,,,0.331,0.389
2877,78616,Mark Workman,79,1181,155,468,0.331,,,,76,123,0.618,,,230,44,,,,197,386,,,0.331,0.37
1940,76394,Cal Christensen,291,4009,486,1471,0.33,,,,535,883,0.606,,,1587,460,,,,831,1507,,,0.33,0.405
1187,77587,Stan Miasek,365,3758,1375,4166,0.33,,,,1101,1752,0.628,,,999,518,,,,1358,3851,,,0.33,0.39
2063,77402,Don Lofgran,209,3422,436,1324,0.329,,,,393,568,0.692,,,817,216,,,,491,1265,,,0.329,0.402
1734,77955,Dick Ricketts,212,5677,749,2285,0.328,,,,476,688,0.692,,,1337,447,,,,871,1974,,,0.328,0.381
1840,77139,David Johnson,204,2295,692,2117,0.327,,,,321,434,0.74,,,498,569,,,,703,1705,,,0.327,0.369
2198,76717,Danny Finn,142,3397,382,1169,0.327,,,,278,464,0.599,,,548,566,,,,453,1042,,,0.327,0.379
2323,78278,Don Sunderlage,113,2636,287,881,0.326,,,,300,410,0.732,,,281,224,,,,320,874,,,0.326,0.412
3236,77479,Ronald Martin,66,1018,95,292,0.325,,,,37,55,0.673,,,158,115,,,,158,227,,,0.325,0.359
2333,77045,Jim Holstein,225,3476,317,981,0.323,,,,225,348,0.647,,,659,249,,,,426,859,,,0.323,0.379
2152,77818,Jim Paxson,138,3069,363,1124,0.323,,,,379,521,0.727,,,616,225,,,,346,1105,,,0.323,0.408
2422,77821,Johnny Payak,120,1470,226,704,0.321,,,,301,421,0.715,,,114,226,,,,307,753,,,0.321,0.423
789,78094,Freddie Scolari,534,6573,2132,6651,0.321,,,,1750,2139,0.818,,,857,1406,,,,1482,6014,,,0.321,0.396
1672,77590,Ed Mikan,323,2779,799,2493,0.32,,,,565,747,0.756,,,1093,296,,,,919,2163,,,0.32,0.383
2963,77947,Gene Rhodes,65,1162,109,342,0.319,,,,119,169,0.704,,,98,91,,,,78,337,,,0.319,0.405
1670,77050,Red Holzman,358,2106,830,2622,0.317,,,,506,742,0.682,,,344,721,,,,478,2166,,,0.317,0.367
2025,76473,Dillard Crocker,154,1559,444,1407,0.316,,,,464,657,0.706,,,215,205,,,,557,1352,,,0.316,0.399
1860,76406,Bill Closs,186,1120,605,1918,0.315,,,,459,639,0.718,,,605,346,,,,471,1669,,,0.315,0.379
1769,78359,Bill Tosheff,203,6339,634,2012,0.315,,,,591,745,0.793,,,608,661,,,,654,1859,,,0.315,0.397
2292,78371,Lou Tsioropoulos,157,2977,337,1070,0.315,,,,236,329,0.717,,,751,165,,,,451,910,,,0.315,0.375
1285,78115,George Senesky,482,5032,1279,4087,0.313,,,,897,1277,0.702,,,878,1553,,,,982,3455,,,0.313,0.372
2987,76760,Jim Fritsche,84,1372,132,427,0.309,,,,62,84,0.738,,,249,77,,,,131,326,,,0.309,0.351
571,76764,Joe Fulks,489,4490,2824,9338,0.302,,,,2355,3075,0.766,,,1379,587,,,,1774,8003,,,0.302,0.374
2930,77695,Jim Neal,80,1093,129,428,0.301,,,,93,154,0.604,,,304,33,,,,166,351,,,0.301,0.354
3222,78586,Bob Wilson,63,1308,79,264,0.299,,,,78,135,0.578,,,210,108,,,,172,236,,,0.299,0.365
1420,77546,Horace McKinney,318,1083,1145,3844,0.298,,,,704,990,0.711,,,373,503,,,,1023,2994,,,0.298,0.35
1595,77443,John Mahnken,414,1352,966,3557,0.272,,,,456,702,0.65,,,533,539,,,,1143,2388,,,0.272,0.309
2289,78091,Howie Schultz,173,1775,292,1076,0.271,,,,329,463,0.711,,,326,300,,,,514,913,,,0.271,0.357