GRID_TYPE,GAME_ID,GAME_EVENT_ID,PLAYER_ID,PLAYER_NAME,TEAM_ID,TEAM_NAME,PERIOD,MINUTES_REMAINING,SECONDS_REMAINING,TIME_REMAINING,EVENT_TYPE,ACTION_TYPE,SHOT_TYPE,SHOT_SCORE,SHOT_ZONE_BASIC,SHOT_ZONE_AREA,SHOT_ZONE_RANGE,SHOT_DISTANCE,EXACT_DISTANCE,LOC_X,LOC_Y,SHOT_ATTEMPTED_FLAG,SHOT_MADE_FLAG,GAME_DATE,HTM,VTM
Shot Chart Detail,20900982,487,201939,Stephen Curry,1610612744,Golden State Warriors,4,0,1,1,Made Shot,Step Back Jump shot,3PT Field Goal,3,Above the Break 3,Right Side Center(RC),24+ ft.,31,31.73972275,129,290,1,1,20100313,GSW,TOR
Shot Chart Detail,20900101,429,201939,Stephen Curry,1610612744,Golden State Warriors,3,0,1,721,Made Shot,Pullup Jump shot,3PT Field Goal,3,Above the Break 3,Right Side Center(RC),24+ ft.,29,29.25645228,187,225,1,1,20091109,GSW,MIN
Shot Chart Detail,20900141,360,201939,Stephen Curry,1610612744,Golden State Warriors,3,0,55,775,Made Shot,Jump Shot,3PT Field Goal,3,Above the Break 3,Left Side Center(LC),24+ ft.,29,29.36205034,-142,257,1,1,20091114,MIL,GSW
Shot Chart Detail,20900751,549,201939,Stephen Curry,1610612744,Golden State Warriors,4,0,55,55,Made Shot,Pullup Jump shot,3PT Field Goal,3,Above the Break 3,Left Side Center(LC),24+ ft.,29,29.92022727,-131,269,1,1,20100206,GSW,OKC
Shot Chart Detail,20900756,179,201939,Stephen Curry,1610612744,Golden State Warriors,2,10,34,2074,Made Shot,Pullup Jump shot,3PT Field Goal,3,Above the Break 3,Left Side Center(LC),24+ ft.,28,28.73412605,-161,238,1,1,20100208,GSW,DAL
Shot Chart Detail,20901200,173,201939,Stephen Curry,1610612744,Golden State Warriors,2,10,30,2070,Made Shot,Pullup Jump shot,3PT Field Goal,3,Above the Break 3,Left Side Center(LC),24+ ft.,28,28.0777492,-106,260,1,1,20100411,GSW,OKC
Shot Chart Detail,20900181,249,201939,Stephen Curry,1610612744,Golden State Warriors,2,1,29,1529,Made Shot,Pullup Jump shot,3PT Field Goal,3,Above the Break 3,Left Side Center(LC),24+ ft.,27,27.05198699,-134,235,1,1,20091120,GSW,POR
Shot Chart Detail,20900383,340,201939,Stephen Curry,1610612744,Golden State Warriors,3,4,15,975,Made Shot,Pullup Jump shot,3PT Field Goal,3,Above the Break 3,Center(C),24+ ft.,27,27.90877998,7,279,1,1,20091218,GSW,WAS
Shot Chart Detail,20900602,454,201939,Stephen Curry,1610612744,Golden State Warriors,3,1,23,803,Made Shot,Pullup Jump shot,3PT Field Goal,3,Above the Break 3,Right Side Center(RC),24+ ft.,27,27.02961339,198,184,1,1,20100118,GSW,CHI
Shot Chart Detail,20900634,162,201939,Stephen Curry,1610612744,Golden State Warriors,2,8,59,1979,Made Shot,Step Back Jump shot,3PT Field Goal,3,Above the Break 3,Right Side Center(RC),24+ ft.,27,27.47671742,176,211,1,1,20100122,GSW,NJN
Shot Chart Detail,20900688,32,201939,Stephen Curry,1610612744,Golden State Warriors,1,8,13,2653,Made Shot,Pullup Jump shot,3PT Field Goal,3,Above the Break 3,Right Side Center(RC),24+ ft.,27,27.25233935,170,213,1,1,20100129,GSW,CHA
Shot Chart Detail,20900778,110,201939,Stephen Curry,1610612744,Golden State Warriors,1,0,39,2199,Made Shot,Pullup Jump shot,3PT Field Goal,3,Above the Break 3,Right Side Center(RC),24+ ft.,27,27.759683,136,242,1,1,20100210,GSW,LAC
Shot Chart Detail,20900790,170,201939,Stephen Curry,1610612744,Golden State Warriors,2,9,4,1984,Made Shot,Jump Shot,3PT Field Goal,3,Above the Break 3,Center(C),24+ ft.,27,27.31300057,62,266,1,1,20100216,LAL,GSW
Shot Chart Detail,20900858,183,201939,Stephen Curry,1610612744,Golden State Warriors,2,8,20,1940,Made Shot,Step Back Jump shot,3PT Field Goal,3,Above the Break 3,Left Side Center(LC),24+ ft.,27,27.91146718,-161,228,1,1,20100225,GSW,DEN
Shot Chart Detail,20900963,285,201939,Stephen Curry,1610612744,Golden State Warriors,3,11,45,1425,Made Shot,Step Back Jump shot,3PT Field Goal,3,Above the Break 3,Right Side Center(RC),24+ ft.,27,27.60036232,157,227,1,1,20100311,GSW,POR
Shot Chart Detail,20900995,346,201939,Stephen Curry,1610612744,Golden State Warriors,3,3,14,914,Made Shot,Pullup Jump shot,3PT Field Goal,3,Above the Break 3,Left Side Center(LC),24+ ft.,27,27.22590678,-190,195,1,1,20100315,GSW,LAL
Shot Chart Detail,20900995,423,201939,Stephen Curry,1610612744,Golden State Warriors,4,7,40,460,Made Shot,Pullup Jump shot,3PT Field Goal,3,Above the Break 3,Center(C),24+ ft.,27,27.04459281,54,265,1,1,20100315,GSW,LAL
Shot Chart Detail,20901214,135,201939,Stephen Curry,1610612744,Golden State Warriors,2,10,37,2077,Made Shot,Step Back Jump shot,3PT Field Goal,3,Above the Break 3,Right Side Center(RC),24+ ft.,27,27.94154613,192,203,1,1,20100413,GSW,UTA
Shot Chart Detail,20900030,264,201939,Stephen Curry,1610612744,Golden State Warriors,2,1,0,1500,Made Shot,Jump Shot,3PT Field Goal,3,Above the Break 3,Center(C),24+ ft.,26,26.12967661,-76,250,1,1,20091030,PHX,GSW
Shot Chart Detail,20900181,69,201939,Stephen Curry,1610612744,Golden State Warriors,1,5,29,2489,Made Shot,Pullup Jump shot,3PT Field Goal,3,Above the Break 3,Left Side Center(LC),24+ ft.,26,26.91189328,-155,220,1,1,20091120,GSW,POR
Shot Chart Detail,20900238,197,201939,Stephen Curry,1610612744,Golden State Warriors,2,6,49,1849,Made Shot,Pullup Jump shot,3PT Field Goal,3,Above the Break 3,Center(C),24+ ft.,26,26.97128102,-68,261,1,1,20091128,GSW,LAL
Shot Chart Detail,20900252,598,201939,Stephen Curry,1610612744,Golden State Warriors,4,0,18,18,Made Shot,Pullup Jump shot,3PT Field Goal,3,Above the Break 3,Center(C),24+ ft.,26,26.99814808,61,263,1,1,20091130,GSW,IND
Shot Chart Detail,20900383,466,201939,Stephen Curry,1610612744,Golden State Warriors,4,7,10,430,Made Shot,Pullup Jump shot,3PT Field Goal,3,Above the Break 3,Center(C),24+ ft.,26,26.91505155,9,269,1,1,20091218,GSW,WAS
Shot Chart Detail,20900419,290,201939,Stephen Curry,1610612744,Golden State Warriors,3,8,29,1229,Made Shot,Jump Shot,3PT Field Goal,3,Above the Break 3,Left Side Center(LC),24+ ft.,26,26.5452444,-92,249,1,1,20091223,NOH,GSW
Shot Chart Detail,20900438,259,201939,Stephen Curry,1610612744,Golden State Warriors,2,1,38,1538,Made Shot,Pullup Jump shot,3PT Field Goal,3,Above the Break 3,Right Side Center(RC),24+ ft.,26,26.47810416,122,235,1,1,20091226,GSW,PHX
Shot Chart Detail,20900552,547,201939,Stephen Curry,1610612744,Golden State Warriors,4,2,5,125,Made Shot,Pullup Jump shot,3PT Field Goal,3,Above the Break 3,Center(C),24+ ft.,26,26.80914023,7,268,1,1,20100111,GSW,CLE
Shot Chart Detail,20900568,385,201939,Stephen Curry,1610612744,Golden State Warriors,3,0,38,758,Made Shot,Pullup Jump shot,3PT Field Goal,3,Above the Break 3,Left Side Center(LC),24+ ft.,26,26.17728023,-125,230,1,1,20100113,GSW,MIA
Shot Chart Detail,20900602,158,201939,Stephen Curry,1610612744,Golden State Warriors,2,11,46,2146,Made Shot,Pullup Jump shot,3PT Field Goal,3,Above the Break 3,Right Side Center(RC),24+ ft.,26,26.66720833,155,217,1,1,20100118,GSW,CHI
Shot Chart Detail,20900602,264,201939,Stephen Curry,1610612744,Golden State Warriors,2,3,2,1622,Made Shot,Jump Shot,3PT Field Goal,3,Above the Break 3,Left Side Center(LC),24+ ft.,26,26.54147697,-109,242,1,1,20100118,GSW,CHI
Shot Chart Detail,20900602,570,201939,Stephen Curry,1610612744,Golden State Warriors,4,3,51,231,Made Shot,Pullup Jump shot,3PT Field Goal,3,Above the Break 3,Center(C),24+ ft.,26,26.6084573,-76,255,1,1,20100118,GSW,CHI
Shot Chart Detail,20900619,594,201939,Stephen Curry,1610612744,Golden State Warriors,5,1,59,-601,Made Shot,Step Back Jump shot,3PT Field Goal,3,Above the Break 3,Center(C),24+ ft.,26,26.97647123,-82,257,1,1,20100120,GSW,DEN
Shot Chart Detail,20900634,298,201939,Stephen Curry,1610612744,Golden State Warriors,3,8,34,1234,Made Shot,Pullup Jump shot,3PT Field Goal,3,Above the Break 3,Left Side Center(LC),24+ ft.,26,26.87154629,-188,192,1,1,20100122,GSW,NJN
Shot Chart Detail,20900644,11,201939,Stephen Curry,1610612744,Golden State Warriors,1,11,14,2834,Made Shot,Jump Shot,3PT Field Goal,3,Above the Break 3,Center(C),24+ ft.,26,26.2488095,80,250,1,1,20100123,PHX,GSW
Shot Chart Detail,20900688,147,201939,Stephen Curry,1610612744,Golden State Warriors,2,9,9,1989,Made Shot,Pullup Jump shot,3PT Field Goal,3,Above the Break 3,Left Side Center(LC),24+ ft.,26,26.79272289,-147,224,1,1,20100129,GSW,CHA
Shot Chart Detail,20900751,96,201939,Stephen Curry,1610612744,Golden State Warriors,1,2,55,2335,Made Shot,Pullup Jump shot,3PT Field Goal,3,Above the Break 3,Left Side Center(LC),24+ ft.,26,26.97128102,-168,211,1,1,20100206,GSW,OKC
Shot Chart Detail,20900778,38,201939,Stephen Curry,1610612744,Golden State Warriors,1,8,20,2660,Made Shot,Pullup Jump shot,3PT Field Goal,3,Above the Break 3,Center(C),24+ ft.,26,26.53450584,62,258,1,1,20100210,GSW,LAC
Shot Chart Detail,20900778,60,201939,Stephen Curry,1610612744,Golden State Warriors,1,5,42,2502,Made Shot,Pullup Jump shot,3PT Field Goal,3,Above the Break 3,Left Side Center(LC),24+ ft.,26,26.46091457,-213,157,1,1,20100210,GSW,LAC
Shot Chart Detail,20900778,273,201939,Stephen Curry,1610612744,Golden State Warriors,3,8,53,1253,Made Shot,Pullup Jump shot,3PT Field Goal,3,Above the Break 3,Center(C),24+ ft.,26,26.53450584,62,258,1,1,20100210,GSW,LAC
Shot Chart Detail,20900778,371,201939,Stephen Curry,1610612744,Golden State Warriors,3,0,33,753,Made Shot,Pullup Jump shot,3PT Field Goal,3,Above the Break 3,Center(C),24+ ft.,26,26.60920893,7,266,1,1,20100210,GSW,LAC
Shot Chart Detail,20900858,328,201939,Stephen Curry,1610612744,Golden State Warriors,3,8,2,1202,Made Shot,Step Back Jump shot,3PT Field Goal,3,Above the Break 3,Left Side Center(LC),24+ ft.,26,26.82181948,-146,225,1,1,20100225,GSW,DEN
Shot Chart Detail,20900877,136,201939,Stephen Curry,1610612744,Golden State Warriors,2,10,54,2094,Made Shot,Jump Shot,3PT Field Goal,3,Above the Break 3,Left Side Center(LC),24+ ft.,26,26.29923953,-141,222,1,1,20100227,GSW,DET
Shot Chart Detail,20900896,388,201939,Stephen Curry,1610612744,Golden State Warriors,3,1,37,817,Made Shot,Jump Shot,3PT Field Goal,3,Above the Break 3,Right Side Center(RC),24+ ft.,26,26.16734606,152,213,1,1,20100302,MIA,GSW
Shot Chart Detail,20900919,160,201939,Stephen Curry,1610612744,Golden State Warriors,2,11,11,2111,Made Shot,Jump Shot,3PT Field Goal,3,Above the Break 3,Right Side Center(RC),24+ ft.,26,26.62423708,111,242,1,1,20100305,ATL,GSW
Shot Chart Detail,20900919,232,201939,Stephen Curry,1610612744,Golden State Warriors,2,3,43,1663,Made Shot,Jump Shot,3PT Field Goal,3,Above the Break 3,Left Side Center(LC),24+ ft.,26,26.26880279,-163,206,1,1,20100305,ATL,GSW
Shot Chart Detail,20900919,323,201939,Stephen Curry,1610612744,Golden State Warriors,3,7,44,1184,Made Shot,Jump Shot,3PT Field Goal,3,Above the Break 3,Left Side Center(LC),24+ ft.,26,26.03420827,-163,203,1,1,20100305,ATL,GSW
Shot Chart Detail,20900944,477,201939,Stephen Curry,1610612744,Golden State Warriors,4,0,30,30,Made Shot,Jump Shot,3PT Field Goal,3,Above the Break 3,Left Side Center(LC),24+ ft.,26,26.54241888,-171,203,1,1,20100308,NOH,GSW
Shot Chart Detail,20900963,534,201939,Stephen Curry,1610612744,Golden State Warriors,4,1,30,90,Made Shot,Step Back Jump shot,3PT Field Goal,3,Above the Break 3,Center(C),24+ ft.,26,26.90074348,2,269,1,1,20100311,GSW,POR
Shot Chart Detail,20900995,283,201939,Stephen Curry,1610612744,Golden State Warriors,3,9,57,1317,Made Shot,Step Back Jump shot,3PT Field Goal,3,Above the Break 3,Center(C),24+ ft.,26,26.0754674,67,252,1,1,20100315,GSW,LAL
Shot Chart Detail,20900995,479,201939,Stephen Curry,1610612744,Golden State Warriors,4,4,9,249,Made Shot,Pullup Jump shot,3PT Field Goal,3,Above the Break 3,Right Side Center(RC),24+ ft.,26,26.69569254,171,205,1,1,20100315,GSW,LAL
Shot Chart Detail,20901067,51,201939,Stephen Curry,1610612744,Golden State Warriors,1,6,54,2574,Made Shot,Pullup Jump shot,3PT Field Goal,3,Above the Break 3,Right Side Center(RC),24+ ft.,26,26.40700665,143,222,1,1,20100324,GSW,MEM
Shot Chart Detail,20901067,359,201939,Stephen Curry,1610612744,Golden State Warriors,3,6,40,1120,Made Shot,Pullup Jump shot,3PT Field Goal,3,Above the Break 3,Left Side Center(LC),24+ ft.,26,26.57310671,-98,247,1,1,20100324,GSW,MEM
Shot Chart Detail,20901067,439,201939,Stephen Curry,1610612744,Golden State Warriors,3,0,30,750,Made Shot,Pullup Jump shot,3PT Field Goal,3,Above the Break 3,Center(C),24+ ft.,26,26.02325883,-11,260,1,1,20100324,GSW,MEM
Shot Chart Detail,20901086,283,201939,Stephen Curry,1610612744,Golden State Warriors,3,7,21,1161,Made Shot,Pullup Jump shot,3PT Field Goal,3,Above the Break 3,Center(C),24+ ft.,26,26.10076627,-75,250,1,1,20100327,GSW,DAL
Shot Chart Detail,20901130,401,201939,Stephen Curry,1610612744,Golden State Warriors,4,10,20,620,Made Shot,Step Back Jump shot,3PT Field Goal,3,Above the Break 3,Right Side Center(RC),24+ ft.,26,26.32052431,146,219,1,1,20100402,GSW,NYK
Shot Chart Detail,20901152,368,201939,Stephen Curry,1610612744,Golden State Warriors,3,0,27,747,Made Shot,Jump Shot,3PT Field Goal,3,Above the Break 3,Left Side Center(LC),24+ ft.,26,26.04169733,-229,124,1,1,20100406,WAS,GSW
Shot Chart Detail,20901163,310,201939,Stephen Curry,1610612744,Golden State Warriors,3,3,39,939,Made Shot,Jump Shot,3PT Field Goal,3,Above the Break 3,Right Side Center(RC),24+ ft.,26,26.2606169,209,159,1,1,20100407,MIN,GSW
Shot Chart Detail,20901200,296,201939,Stephen Curry,1610612744,Golden State Warriors,2,0,39,1479,Made Shot,Pullup Jump shot,3PT Field Goal,3,Above the Break 3,Left Side Center(LC),24+ ft.,26,26.36228366,-139,224,1,1,20100411,GSW,OKC
Shot Chart Detail,20900069,21,201939,Stephen Curry,1610612744,Golden State Warriors,1,9,30,2730,Made Shot,Pullup Jump shot,3PT Field Goal,3,Above the Break 3,Right Side Center(RC),24+ ft.,25,25.05693517,127,216,1,1,20091104,GSW,MEM
Shot Chart Detail,20900150,371,201939,Stephen Curry,1610612744,Golden State Warriors,4,11,8,668,Made Shot,Jump Shot,3PT Field Goal,3,Left Corner 3,Left Side(L),24+ ft.,25,25.42597097,-242,78,1,1,20091117,CLE,GSW
Shot Chart Detail,20900163,137,201939,Stephen Curry,1610612744,Golden State Warriors,2,10,56,2096,Made Shot,Jump Shot,3PT Field Goal,3,Above the Break 3,Left Side Center(LC),24+ ft.,25,25.40806958,-234,99,1,1,20091118,BOS,GSW
Shot Chart Detail,20900204,226,201939,Stephen Curry,1610612744,Golden State Warriors,2,4,28,1708,Made Shot,Jump Shot,3PT Field Goal,3,Above the Break 3,Right Side Center(RC),24+ ft.,25,25.42833066,196,162,1,1,20091124,DAL,GSW
Shot Chart Detail,20900216,7,201939,Stephen Curry,1610612744,Golden State Warriors,1,11,2,2822,Made Shot,Jump Shot,3PT Field Goal,3,Above the Break 3,Right Side Center(RC),24+ ft.,25,25.03197955,176,178,1,1,20091125,SAS,GSW
Shot Chart Detail,20900256,288,201939,Stephen Curry,1610612744,Golden State Warriors,2,0,16,1456,Made Shot,Jump Shot,3PT Field Goal,3,Above the Break 3,Center(C),24+ ft.,25,25.12050955,-40,248,1,1,20091201,DEN,GSW
Shot Chart Detail,20900332,128,201939,Stephen Curry,1610612744,Golden State Warriors,2,9,56,2036,Made Shot,Jump Shot,3PT Field Goal,3,Above the Break 3,Center(C),24+ ft.,25,25.89845555,32,257,1,1,20091212,DET,GSW
Shot Chart Detail,20900383,62,201939,Stephen Curry,1610612744,Golden State Warriors,1,5,28,2488,Made Shot,Pullup Jump shot,3PT Field Goal,3,Above the Break 3,Left Side Center(LC),24+ ft.,25,25.02818411,-204,145,1,1,20091218,GSW,WAS
Shot Chart Detail,20900383,199,201939,Stephen Curry,1610612744,Golden State Warriors,2,5,39,1779,Made Shot,Pullup Jump shot,3PT Field Goal,3,Above the Break 3,Center(C),24+ ft.,25,25.92682009,-52,254,1,1,20091218,GSW,WAS
Shot Chart Detail,20900409,355,201939,Stephen Curry,1610612744,Golden State Warriors,3,5,3,1023,Made Shot,Jump Shot,3PT Field Goal,3,Above the Break 3,Left Side Center(LC),24+ ft.,25,25.06890504,-122,219,1,1,20091222,MEM,GSW
Shot Chart Detail,20900419,194,201939,Stephen Curry,1610612744,Golden State Warriors,2,5,5,1745,Made Shot,Jump Shot,3PT Field Goal,3,Above the Break 3,Right Side Center(RC),24+ ft.,25,25.48038461,154,203,1,1,20091223,NOH,GSW
Shot Chart Detail,20900438,9,201939,Stephen Curry,1610612744,Golden State Warriors,1,10,37,2797,Made Shot,Pullup Jump shot,3PT Field Goal,3,Above the Break 3,Left Side Center(LC),24+ ft.,25,25.04156545,-202,148,1,1,20091226,GSW,PHX
Shot Chart Detail,20900438,30,201939,Stephen Curry,1610612744,Golden State Warriors,1,7,51,2631,Made Shot,Step Back Jump shot,3PT Field Goal,3,Above the Break 3,Left Side Center(LC),24+ ft.,25,25.22003172,-202,151,1,1,20091226,GSW,PHX
Shot Chart Detail,20900503,23,201939,Stephen Curry,1610612744,Golden State Warriors,1,9,36,2736,Made Shot,Jump Shot,3PT Field Goal,3,Above the Break 3,Right Side Center(RC),24+ ft.,25,25.2491584,146,206,1,1,20100105,DEN,GSW
Shot Chart Detail,20900503,39,201939,Stephen Curry,1610612744,Golden State Warriors,1,8,5,2645,Made Shot,Jump Shot,3PT Field Goal,3,Above the Break 3,Right Side Center(RC),24+ ft.,25,25.03517525,174,180,1,1,20100105,DEN,GSW
Shot Chart Detail,20900503,514,201939,Stephen Curry,1610612744,Golden State Warriors,4,2,50,170,Made Shot,Jump Shot,3PT Field Goal,3,Above the Break 3,Left Side Center(LC),24+ ft.,25,25.60351538,-177,185,1,1,20100105,DEN,GSW
Shot Chart Detail,20900529,483,201939,Stephen Curry,1610612744,Golden State Warriors,4,5,3,303,Made Shot,Pullup Jump shot,3PT Field Goal,3,Above the Break 3,Center(C),24+ ft.,25,25.94089436,-27,258,1,1,20100108,GSW,SAC
Shot Chart Detail,20900568,277,201939,Stephen Curry,1610612744,Golden State Warriors,3,10,56,1376,Made Shot,Jump Shot,3PT Field Goal,3,Above the Break 3,Left Side Center(LC),24+ ft.,25,25.6727482,-185,178,1,1,20100113,GSW,MIA
Shot Chart Detail,20900644,55,201939,Stephen Curry,1610612744,Golden State Warriors,1,6,20,2540,Made Shot,Jump Shot,3PT Field Goal,3,Above the Break 3,Right Side Center(RC),24+ ft.,25,25.47508587,173,187,1,1,20100123,PHX,GSW
Shot Chart Detail,20900644,477,201939,Stephen Curry,1610612744,Golden State Warriors,4,5,30,330,Made Shot,Jump Shot,3PT Field Goal,3,Above the Break 3,Center(C),24+ ft.,25,25.1149358,24,250,1,1,20100123,PHX,GSW
Shot Chart Detail,20900644,538,201939,Stephen Curry,1610612744,Golden State Warriors,4,0,19,19,Made Shot,Jump Shot,3PT Field Goal,3,Above the Break 3,Right Side Center(RC),24+ ft.,25,25.14676918,160,194,1,1,20100123,PHX,GSW
Shot Chart Detail,20900662,190,201939,Stephen Curry,1610612744,Golden State Warriors,2,10,10,2050,Made Shot,Jump Shot,3PT Field Goal,3,Above the Break 3,Center(C),24+ ft.,25,25.22855525,12,252,1,1,20100126,SAC,GSW
Shot Chart Detail,20900717,538,201939,Stephen Curry,1610612744,Golden State Warriors,4,0,6,6,Made Shot,Jump Shot,3PT Field Goal,3,Above the Break 3,Left Side Center(LC),24+ ft.,25,25.23846271,-97,233,1,1,20100202,HOU,GSW
Shot Chart Detail,20900814,66,201939,Stephen Curry,1610612744,Golden State Warriors,1,5,25,2485,Made Shot,Pullup Jump shot,3PT Field Goal,3,Above the Break 3,Left Side Center(LC),24+ ft.,25,25.40551121,-212,140,1,1,20100219,GSW,UTA
Shot Chart Detail,20900829,432,201939,Stephen Curry,1610612744,Golden State Warriors,4,6,41,401,Made Shot,Step Back Jump shot,3PT Field Goal,3,Above the Break 3,Center(C),24+ ft.,25,25.72800031,12,257,1,1,20100221,GSW,ATL
Shot Chart Detail,20900877,246,201939,Stephen Curry,1610612744,Golden State Warriors,3,10,54,1374,Made Shot,Jump Shot,3PT Field Goal,3,Above the Break 3,Center(C),24+ ft.,25,25.14358765,-52,246,1,1,20100227,GSW,DET
Shot Chart Detail,20900877,445,201939,Stephen Curry,1610612744,Golden State Warriors,4,4,21,261,Made Shot,Jump Shot,3PT Field Goal,3,Above the Break 3,Center(C),24+ ft.,25,25.71575393,9,257,1,1,20100227,GSW,DET
Shot Chart Detail,20900896,130,201939,Stephen Curry,1610612744,Golden State Warriors,1,0,57,2217,Made Shot,Jump Shot,3PT Field Goal,3,Above the Break 3,Right Side Center(RC),24+ ft.,25,25.18590876,163,192,1,1,20100302,MIA,GSW
Shot Chart Detail,20900919,124,201939,Stephen Curry,1610612744,Golden State Warriors,1,2,2,2282,Made Shot,Jump Shot,3PT Field Goal,3,Above the Break 3,Left Side Center(LC),24+ ft.,25,25.55386468,-130,220,1,1,20100305,ATL,GSW
Shot Chart Detail,20900919,228,201939,Stephen Curry,1610612744,Golden State Warriors,2,4,20,1700,Made Shot,Jump Shot,3PT Field Goal,3,Above the Break 3,Left Side Center(LC),24+ ft.,25,25.05693517,-127,216,1,1,20100305,ATL,GSW
Shot Chart Detail,20900925,321,201939,Stephen Curry,1610612744,Golden State Warriors,3,4,59,1019,Made Shot,Jump Shot,3PT Field Goal,3,Above the Break 3,Right Side Center(RC),24+ ft.,25,25.72625118,130,222,1,1,20100306,CHA,GSW
Shot Chart Detail,20900944,475,201939,Stephen Curry,1610612744,Golden State Warriors,4,0,56,56,Made Shot,Jump Shot,3PT Field Goal,3,Above the Break 3,Center(C),24+ ft.,25,25.9023165,-23,258,1,1,20100308,NOH,GSW
Shot Chart Detail,20900982,444,201939,Stephen Curry,1610612744,Golden State Warriors,4,5,38,338,Made Shot,Jump Shot,3PT Field Goal,3,Above the Break 3,Left Side Center(LC),24+ ft.,25,25.36020505,-117,225,1,1,20100313,GSW,TOR
Shot Chart Detail,20901032,193,201939,Stephen Curry,1610612744,Golden State Warriors,2,6,20,1820,Made Shot,Jump Shot,3PT Field Goal,3,Above the Break 3,Left Side Center(LC),24+ ft.,25,25.15631134,-122,220,1,1,20100320,MEM,GSW
Shot Chart Detail,20901086,434,201939,Stephen Curry,1610612744,Golden State Warriors,4,5,41,341,Made Shot,Pullup Jump shot,3PT Field Goal,3,Above the Break 3,Center(C),24+ ft.,25,25.4,0,254,1,1,20100327,GSW,DAL
Shot Chart Detail,20901096,168,201939,Stephen Curry,1610612744,Golden State Warriors,2,10,26,2066,Made Shot,Jump Shot,3PT Field Goal,3,Above the Break 3,Center(C),24+ ft.,25,25.84956479,-16,258,1,1,20100328,LAC,GSW
Shot Chart Detail,20901145,62,201939,Stephen Curry,1610612744,Golden State Warriors,1,6,29,2549,Made Shot,Jump Shot,3PT Field Goal,3,Above the Break 3,Left Side Center(LC),24+ ft.,25,25.27152548,-117,224,1,1,20100404,TOR,GSW
Shot Chart Detail,20901152,126,201939,Stephen Curry,1610612744,Golden State Warriors,1,1,16,2236,Made Shot,Jump Shot,3PT Field Goal,3,Above the Break 3,Left Side Center(LC),24+ ft.,25,25.75266976,-188,176,1,1,20100406,WAS,GSW
Shot Chart Detail,20901152,298,201939,Stephen Curry,1610612744,Golden State Warriors,3,8,59,1259,Made Shot,Jump Shot,3PT Field Goal,3,Above the Break 3,Right Side Center(RC),24+ ft.,25,25.3938969,159,198,1,1,20100406,WAS,GSW
Shot Chart Detail,20901163,37,201939,Stephen Curry,1610612744,Golden State Warriors,1,6,51,2571,Made Shot,Jump Shot,3PT Field Goal,3,Above the Break 3,Center(C),24+ ft.,25,25.30474264,-23,252,1,1,20100407,MIN,GSW
Shot Chart Detail,20901194,186,201939,Stephen Curry,1610612744,Golden State Warriors,2,7,11,1871,Made Shot,Jump Shot,3PT Field Goal,3,Above the Break 3,Right Side Center(RC),24+ ft.,25,25.85207922,193,172,1,1,20100410,LAC,GSW
Shot Chart Detail,20901200,338,201939,Stephen Curry,1610612744,Golden State Warriors,3,7,25,1165,Made Shot,Pullup Jump shot,3PT Field Goal,3,Above the Break 3,Right Side Center(RC),24+ ft.,25,25.69065978,201,160,1,1,20100411,GSW,OKC
Shot Chart Detail,20901229,35,201939,Stephen Curry,1610612744,Golden State Warriors,1,8,22,2662,Made Shot,Jump Shot,3PT Field Goal,3,Above the Break 3,Right Side Center(RC),24+ ft.,25,25.87856256,163,201,1,1,20100414,POR,GSW
Shot Chart Detail,20901229,118,201939,Stephen Curry,1610612744,Golden State Warriors,1,1,0,2220,Made Shot,Jump Shot,3PT Field Goal,3,Above the Break 3,Right Side Center(RC),24+ ft.,25,25.27231687,187,170,1,1,20100414,POR,GSW
Shot Chart Detail,20901229,383,201939,Stephen Curry,1610612744,Golden State Warriors,4,9,0,540,Made Shot,Jump Shot,3PT Field Goal,3,Above the Break 3,Left Side Center(LC),24+ ft.,25,25.05693517,-127,216,1,1,20100414,POR,GSW
Shot Chart Detail,20900030,487,201939,Stephen Curry,1610612744,Golden State Warriors,4,7,23,443,Made Shot,Jump Shot,3PT Field Goal,3,Above the Break 3,Center(C),24+ ft.,24,24.70020243,1,247,1,1,20091030,PHX,GSW
Shot Chart Detail,20900096,278,201939,Stephen Curry,1610612744,Golden State Warriors,2,1,18,1518,Made Shot,Jump Shot,3PT Field Goal,3,Above the Break 3,Center(C),24+ ft.,24,24.90883377,-59,242,1,1,20091108,SAC,GSW
Shot Chart Detail,20900204,501,201939,Stephen Curry,1610612744,Golden State Warriors,4,2,21,141,Made Shot,Jump Shot,3PT Field Goal,3,Above the Break 3,Left Side Center(LC),24+ ft.,24,24.16712643,-182,159,1,1,20091124,DAL,GSW
Shot Chart Detail,20900256,329,201939,Stephen Curry,1610612744,Golden State Warriors,3,8,7,1207,Made Shot,Jump Shot,3PT Field Goal,3,Above the Break 3,Left Side Center(LC),24+ ft.,24,24.07093683,-154,185,1,1,20091201,DEN,GSW
Shot Chart Detail,20900298,311,201939,Stephen Curry,1610612744,Golden State Warriors,3,9,59,1319,Made Shot,Jump Shot,3PT Field Goal,3,Above the Break 3,Right Side Center(RC),24+ ft.,24,24.48611852,119,214,1,1,20091207,OKC,GSW
Shot Chart Detail,20900298,510,201939,Stephen Curry,1610612744,Golden State Warriors,4,3,55,235,Made Shot,Jump Shot,3PT Field Goal,3,Above the Break 3,Right Side Center(RC),24+ ft.,24,24.04682931,132,201,1,1,20091207,OKC,GSW
Shot Chart Detail,20900332,387,201939,Stephen Curry,1610612744,Golden State Warriors,4,10,3,603,Made Shot,Jump Shot,3PT Field Goal,3,Left Corner 3,Left Side(L),24+ ft.,24,24.12674864,-239,33,1,1,20091212,DET,GSW
Shot Chart Detail,20900409,480,201939,Stephen Curry,1610612744,Golden State Warriors,4,7,0,420,Made Shot,Jump Shot,3PT Field Goal,3,Above the Break 3,Left Side Center(LC),24+ ft.,24,24.12902816,-150,189,1,1,20091222,MEM,GSW
Shot Chart Detail,20900487,18,201939,Stephen Curry,1610612744,Golden State Warriors,1,9,36,2736,Made Shot,Jump Shot,3PT Field Goal,3,Above the Break 3,Right Side Center(RC),24+ ft.,24,24.4043029,209,126,1,1,20100102,POR,GSW
Shot Chart Detail,20900503,272,201939,Stephen Curry,1610612744,Golden State Warriors,2,1,8,1508,Made Shot,Jump Shot,3PT Field Goal,3,Right Corner 3,Right Side(R),24+ ft.,24,24.2330353,232,70,1,1,20100105,DEN,GSW
Shot Chart Detail,20900503,484,201939,Stephen Curry,1610612744,Golden State Warriors,4,5,9,309,Made Shot,Jump Shot,3PT Field Goal,3,Above the Break 3,Left Side Center(LC),24+ ft.,24,24.74126108,-162,187,1,1,20100105,DEN,GSW
Shot Chart Detail,20900581,440,201939,Stephen Curry,1610612744,Golden State Warriors,4,9,24,564,Made Shot,Pullup Jump shot,3PT Field Goal,3,Above the Break 3,Right Side Center(RC),24+ ft.,24,24.91284809,204,143,1,1,20100115,GSW,MIL
Shot Chart Detail,20900634,60,201939,Stephen Curry,1610612744,Golden State Warriors,1,4,10,2410,Made Shot,Pullup Jump shot,3PT Field Goal,3,Above the Break 3,Center(C),24+ ft.,24,24.6454864,64,238,1,1,20100122,GSW,NJN
Shot Chart Detail,20900662,333,201939,Stephen Curry,1610612744,Golden State Warriors,3,11,38,1418,Made Shot,Jump Shot,3PT Field Goal,3,Above the Break 3,Left Side Center(LC),24+ ft.,24,24.68400292,-87,231,1,1,20100126,SAC,GSW
Shot Chart Detail,20900703,210,201939,Stephen Curry,1610612744,Golden State Warriors,2,5,20,1760,Made Shot,Jump Shot,3PT Field Goal,3,Above the Break 3,Center(C),24+ ft.,24,24.20516474,-5,242,1,1,20100131,OKC,GSW
Shot Chart Detail,20900703,471,201939,Stephen Curry,1610612744,Golden State Warriors,4,8,28,508,Made Shot,Jump Shot,3PT Field Goal,3,Above the Break 3,Center(C),24+ ft.,24,24.2,0,242,1,1,20100131,OKC,GSW
Shot Chart Detail,20900896,441,201939,Stephen Curry,1610612744,Golden State Warriors,4,9,13,553,Made Shot,Jump Shot,3PT Field Goal,3,Above the Break 3,Right Side Center(RC),24+ ft.,24,24.20020661,214,113,1,1,20100302,MIA,GSW
Shot Chart Detail,20900925,167,201939,Stephen Curry,1610612744,Golden State Warriors,2,7,16,1876,Made Shot,Jump Shot,3PT Field Goal,3,Above the Break 3,Right Side Center(RC),24+ ft.,24,24.88091638,209,135,1,1,20100306,CHA,GSW
Shot Chart Detail,20900995,152,201939,Stephen Curry,1610612744,Golden State Warriors,2,8,47,1967,Made Shot,Pullup Jump shot,3PT Field Goal,3,Right Corner 3,Right Side(R),24+ ft.,24,24.12073797,241,-10,1,1,20100315,GSW,LAL
Shot Chart Detail,20901052,19,201939,Stephen Curry,1610612744,Golden State Warriors,1,9,2,2702,Made Shot,Jump Shot,3PT Field Goal,3,Above the Break 3,Center(C),24+ ft.,24,24.43460661,-13,244,1,1,20100322,GSW,PHX
Shot Chart Detail,20901119,564,201939,Stephen Curry,1610612744,Golden State Warriors,4,3,52,232,Made Shot,Jump Shot,3PT Field Goal,3,Above the Break 3,Left Side Center(LC),24+ ft.,24,24.15056935,-106,217,1,1,20100331,UTA,GSW
Shot Chart Detail,20901145,16,201939,Stephen Curry,1610612744,Golden State Warriors,1,10,7,2767,Made Shot,Pullup Jump shot,3PT Field Goal,3,Above the Break 3,Center(C),24+ ft.,24,24.9008032,2,249,1,1,20100404,TOR,GSW
Shot Chart Detail,20901145,408,201939,Stephen Curry,1610612744,Golden State Warriors,4,11,34,694,Made Shot,Jump Shot,3PT Field Goal,3,Above the Break 3,Center(C),24+ ft.,24,24.61747347,59,239,1,1,20100404,TOR,GSW
Shot Chart Detail,20901145,424,201939,Stephen Curry,1610612744,Golden State Warriors,4,9,33,573,Made Shot,Jump Shot,3PT Field Goal,3,Above the Break 3,Center(C),24+ ft.,24,24.86523678,72,238,1,1,20100404,TOR,GSW
Shot Chart Detail,20901194,358,201939,Stephen Curry,1610612744,Golden State Warriors,3,4,42,1002,Made Shot,Jump Shot,3PT Field Goal,3,Above the Break 3,Right Side Center(RC),24+ ft.,24,24.86543786,223,110,1,1,20100410,LAC,GSW
Shot Chart Detail,20901229,468,201939,Stephen Curry,1610612744,Golden State Warriors,4,2,46,166,Made Shot,Jump Shot,3PT Field Goal,3,Above the Break 3,Center(C),24+ ft.,24,24.69109151,-49,242,1,1,20100414,POR,GSW
Shot Chart Detail,20900150,341,201939,Stephen Curry,1610612744,Golden State Warriors,3,1,19,799,Made Shot,Jump Shot,3PT Field Goal,3,Right Corner 3,Right Side(R),24+ ft.,23,23.91024885,239,7,1,1,20091117,CLE,GSW
Shot Chart Detail,20900271,29,201939,Stephen Curry,1610612744,Golden State Warriors,1,8,47,2687,Made Shot,Pullup Jump shot,3PT Field Goal,3,Left Corner 3,Left Side(L),24+ ft.,23,23.10021645,-231,1,1,1,20091203,GSW,HOU
Shot Chart Detail,20900311,184,201939,Stephen Curry,1610612744,Golden State Warriors,2,7,49,1909,Made Shot,Jump Shot,3PT Field Goal,3,Above the Break 3,Right Side Center(RC),24+ ft.,23,23.78613041,147,187,1,1,20091209,NJN,GSW
Shot Chart Detail,20900332,29,201939,Stephen Curry,1610612744,Golden State Warriors,1,7,59,2639,Made Shot,Jump Shot,3PT Field Goal,3,Left Corner 3,Left Side(L),24+ ft.,23,23.67129063,-232,47,1,1,20091212,DET,GSW
Shot Chart Detail,20900383,36,201939,Stephen Curry,1610612744,Golden State Warriors,1,8,51,2691,Made Shot,Pullup Jump shot,3PT Field Goal,3,Right Corner 3,Right Side(R),24+ ft.,23,23.9,239,0,1,1,20091218,GSW,WAS
Shot Chart Detail,20900419,356,201939,Stephen Curry,1610612744,Golden State Warriors,3,3,4,904,Made Shot,Jump Shot,3PT Field Goal,3,Left Corner 3,Left Side(L),24+ ft.,23,23.83149177,-237,25,1,1,20091223,NOH,GSW
Shot Chart Detail,20900503,187,201939,Stephen Curry,1610612744,Golden State Warriors,2,8,19,1939,Made Shot,Jump Shot,3PT Field Goal,3,Right Corner 3,Right Side(R),24+ ft.,23,23.3040769,232,22,1,1,20100105,DEN,GSW
Shot Chart Detail,20900568,362,201939,Stephen Curry,1610612744,Golden State Warriors,3,2,20,860,Made Shot,Pullup Jump shot,3PT Field Goal,3,Right Corner 3,Right Side(R),24+ ft.,23,23.6,236,0,1,1,20100113,GSW,MIA
Shot Chart Detail,20900619,321,201939,Stephen Curry,1610612744,Golden State Warriors,3,8,27,1227,Made Shot,Pullup Jump shot,3PT Field Goal,3,Right Corner 3,Right Side(R),24+ ft.,23,23.30772404,233,-6,1,1,20100120,GSW,DEN
Shot Chart Detail,20900619,513,201939,Stephen Curry,1610612744,Golden State Warriors,4,2,43,163,Made Shot,Pullup Jump shot,3PT Field Goal,3,Left Corner 3,Left Side(L),24+ ft.,23,23.28196727,-229,42,1,1,20100120,GSW,DEN
Shot Chart Detail,20900673,449,201939,Stephen Curry,1610612744,Golden State Warriors,4,6,17,377,Made Shot,Step Back Jump shot,3PT Field Goal,3,Right Corner 3,Right Side(R),24+ ft.,23,23.40085469,234,-2,1,1,20100127,GSW,NOH
Shot Chart Detail,20900717,501,201939,Stephen Curry,1610612744,Golden State Warriors,4,3,8,188,Made Shot,Jump Shot,3PT Field Goal,3,Above the Break 3,Left Side Center(LC),24+ ft.,23,23.99083158,-210,116,1,1,20100202,HOU,GSW
Shot Chart Detail,20900751,20,201939,Stephen Curry,1610612744,Golden State Warriors,1,10,5,2765,Made Shot,Pullup Jump shot,3PT Field Goal,3,Left Corner 3,Left Side(L),24+ ft.,23,23.54400136,-234,26,1,1,20100206,GSW,OKC
Shot Chart Detail,20900778,20,201939,Stephen Curry,1610612744,Golden State Warriors,1,10,18,2778,Made Shot,Pullup Jump shot,3PT Field Goal,3,Left Corner 3,Left Side(L),24+ ft.,23,23.39764945,-229,48,1,1,20100210,GSW,LAC
Shot Chart Detail,20900778,107,201939,Stephen Curry,1610612744,Golden State Warriors,1,1,17,2237,Made Shot,Pullup Jump shot,3PT Field Goal,3,Left Corner 3,Left Side(L),24+ ft.,23,23.47871376,-231,42,1,1,20100210,GSW,LAC
Shot Chart Detail,20900800,207,201939,Stephen Curry,1610612744,Golden State Warriors,2,4,45,1725,Made Shot,Pullup Jump shot,3PT Field Goal,3,Right Corner 3,Right Side(R),24+ ft.,23,23.60021186,236,1,1,1,20100217,GSW,SAC
Shot Chart Detail,20900814,13,201939,Stephen Curry,1610612744,Golden State Warriors,1,10,52,2812,Made Shot,Step Back Jump shot,3PT Field Goal,3,Right Corner 3,Right Side(R),24+ ft.,23,23.10194797,231,3,1,1,20100219,GSW,UTA
Shot Chart Detail,20900814,94,201939,Stephen Curry,1610612744,Golden State Warriors,1,1,31,2251,Made Shot,Pullup Jump shot,3PT Field Goal,3,Left Corner 3,Left Side(L),24+ ft.,23,23.50085105,-235,-2,1,1,20100219,GSW,UTA
Shot Chart Detail,20900844,502,201939,Stephen Curry,1610612744,Golden State Warriors,4,5,9,309,Made Shot,Pullup Jump shot,3PT Field Goal,3,Left Corner 3,Left Side(L),24+ ft.,23,23.31887647,-229,44,1,1,20100223,GSW,PHI
Shot Chart Detail,20900900,312,201939,Stephen Curry,1610612744,Golden State Warriors,3,6,57,1137,Made Shot,Jump Shot,3PT Field Goal,3,Right Corner 3,Right Side(R),24+ ft.,23,23.62392855,225,72,1,1,20100303,ORL,GSW
Shot Chart Detail,20900925,137,201939,Stephen Curry,1610612744,Golden State Warriors,2,9,42,2022,Made Shot,Jump Shot,3PT Field Goal,3,Right Corner 3,Right Side(R),24+ ft.,23,23.94096907,239,14,1,1,20100306,CHA,GSW
Shot Chart Detail,20901052,376,201939,Stephen Curry,1610612744,Golden State Warriors,3,3,4,904,Made Shot,Pullup Jump shot,3PT Field Goal,3,Right Corner 3,Right Side(R),24+ ft.,23,23.73204585,236,25,1,1,20100322,GSW,PHX
Shot Chart Detail,20901067,249,201939,Stephen Curry,1610612744,Golden State Warriors,2,2,37,1597,Made Shot,Step Back Jump shot,3PT Field Goal,3,Left Corner 3,Left Side(L),24+ ft.,23,23.1,-231,0,1,1,20100324,GSW,MEM
Shot Chart Detail,20901086,256,201939,Stephen Curry,1610612744,Golden State Warriors,3,11,6,1386,Made Shot,Pullup Jump shot,3PT Field Goal,3,Left Corner 3,Left Side(L),24+ ft.,23,23.07054399,-229,28,1,1,20100327,GSW,DAL
Shot Chart Detail,20901096,220,201939,Stephen Curry,1610612744,Golden State Warriors,2,4,56,1736,Made Shot,Jump Shot,3PT Field Goal,3,Right Corner 3,Right Side(R),24+ ft.,23,23.46167087,234,17,1,1,20100328,LAC,GSW
Shot Chart Detail,20901119,337,201939,Stephen Curry,1610612744,Golden State Warriors,3,10,15,1335,Made Shot,Jump Shot,2PT Field Goal,2,Mid-Range,Left Side Center(LC),16-24 ft.,23,23.06729286,-169,157,1,1,20100331,UTA,GSW
Shot Chart Detail,20901145,445,201939,Stephen Curry,1610612744,Golden State Warriors,4,8,26,506,Made Shot,Jump Shot,3PT Field Goal,3,Left Corner 3,Left Side(L),24+ ft.,23,23.20193957,-232,3,1,1,20100404,TOR,GSW
Shot Chart Detail,20901163,322,201939,Stephen Curry,1610612744,Golden State Warriors,3,2,49,889,Made Shot,Jump Shot,3PT Field Goal,3,Right Corner 3,Right Side(R),24+ ft.,23,23.29399064,231,30,1,1,20100407,MIN,GSW
Shot Chart Detail,20901194,258,201939,Stephen Curry,1610612744,Golden State Warriors,2,1,3,1503,Made Shot,Jump Shot,3PT Field Goal,3,Right Corner 3,Right Side(R),24+ ft.,23,23.60338959,236,4,1,1,20100410,LAC,GSW
Shot Chart Detail,20901194,392,201939,Stephen Curry,1610612744,Golden State Warriors,3,1,54,834,Made Shot,Jump Shot,3PT Field Goal,3,Left Corner 3,Left Side(L),24+ ft.,23,23.70084387,-237,-2,1,1,20100410,LAC,GSW
Shot Chart Detail,20900030,18,201939,Stephen Curry,1610612744,Golden State Warriors,1,9,27,2727,Made Shot,Jump Shot,2PT Field Goal,2,Mid-Range,Left Side Center(LC),16-24 ft.,22,22.04223219,-81,205,1,1,20091030,PHX,GSW
Shot Chart Detail,20900109,457,201939,Stephen Curry,1610612744,Golden State Warriors,4,6,55,415,Made Shot,Jump Shot,2PT Field Goal,2,Mid-Range,Center(C),16-24 ft.,22,22.61725005,-23,225,1,1,20091111,IND,GSW
Shot Chart Detail,20900141,165,201939,Stephen Curry,1610612744,Golden State Warriors,2,9,12,1992,Made Shot,Jump Shot,3PT Field Goal,3,Right Corner 3,Right Side(R),24+ ft.,22,22.50088887,225,-2,1,1,20091114,MIL,GSW
Shot Chart Detail,20900289,28,201939,Stephen Curry,1610612744,Golden State Warriors,1,8,13,2653,Made Shot,Step Back Jump shot,2PT Field Goal,2,Mid-Range,Center(C),16-24 ft.,22,22.09072203,20,220,1,1,20091205,GSW,ORL
Shot Chart Detail,20900324,85,201939,Stephen Curry,1610612744,Golden State Warriors,1,1,36,2256,Made Shot,Jump Shot,2PT Field Goal,2,Mid-Range,Left Side Center(LC),16-24 ft.,22,22.44036542,-166,151,1,1,20091211,CHI,GSW
Shot Chart Detail,20900345,407,201939,Stephen Curry,1610612744,Golden State Warriors,3,0,53,773,Made Shot,Jump Shot,3PT Field Goal,3,Left Corner 3,Left Side(L),24+ ft.,22,22.70682717,-226,-22,1,1,20091214,PHI,GSW
Shot Chart Detail,20900383,20,201939,Stephen Curry,1610612744,Golden State Warriors,1,10,18,2778,Made Shot,Jump Shot,2PT Field Goal,2,Mid-Range,Left Side Center(LC),16-24 ft.,22,22.48399431,-117,192,1,1,20091218,GSW,WAS
Shot Chart Detail,20900503,279,201939,Stephen Curry,1610612744,Golden State Warriors,2,0,37,1477,Made Shot,Jump Shot,2PT Field Goal,2,Mid-Range,Right Side Center(RC),16-24 ft.,22,22.40892679,146,170,1,1,20100105,DEN,GSW
Shot Chart Detail,20900602,371,201939,Stephen Curry,1610612744,Golden State Warriors,3,6,52,1132,Made Shot,Pullup Jump shot,3PT Field Goal,3,Right Corner 3,Right Side(R),24+ ft.,22,22.6079632,226,6,1,1,20100118,GSW,CHI
Shot Chart Detail,20900662,596,201939,Stephen Curry,1610612744,Golden State Warriors,4,3,5,185,Made Shot,Jump Shot,3PT Field Goal,3,Left Corner 3,Left Side(L),24+ ft.,22,22.93403584,-226,39,1,1,20100126,SAC,GSW
Shot Chart Detail,20900829,376,201939,Stephen Curry,1610612744,Golden State Warriors,4,11,12,672,Made Shot,Step Back Jump shot,2PT Field Goal,2,Mid-Range,Right Side Center(RC),16-24 ft.,22,22.00954338,69,209,1,1,20100221,GSW,ATL
Shot Chart Detail,20900925,417,201939,Stephen Curry,1610612744,Golden State Warriors,4,7,54,474,Made Shot,Jump Shot,3PT Field Goal,3,Left Corner 3,Left Side(L),24+ ft.,22,22.8054818,-228,-5,1,1,20100306,CHA,GSW
Shot Chart Detail,20900944,367,201939,Stephen Curry,1610612744,Golden State Warriors,3,1,15,795,Made Shot,Jump Shot,2PT Field Goal,2,Mid-Range,Center(C),16-24 ft.,22,22.13052191,-24,220,1,1,20100308,NOH,GSW
Shot Chart Detail,20900982,241,201939,Stephen Curry,1610612744,Golden State Warriors,2,0,58,1498,Made Shot,Jump Shot,3PT Field Goal,3,Left Corner 3,Left Side(L),24+ ft.,22,22.91571513,-228,23,1,1,20100313,GSW,TOR
Shot Chart Detail,20900982,295,201939,Stephen Curry,1610612744,Golden State Warriors,3,9,35,1295,Made Shot,Jump Shot,3PT Field Goal,3,Left Corner 3,Left Side(L),24+ ft.,22,22.8875512,-228,20,1,1,20100313,GSW,TOR
Shot Chart Detail,20900982,328,201939,Stephen Curry,1610612744,Golden State Warriors,3,3,18,918,Made Shot,Jump Shot,3PT Field Goal,3,Left Corner 3,Left Side(L),24+ ft.,22,22.77279078,-226,28,1,1,20100313,GSW,TOR
Shot Chart Detail,20900982,434,201939,Stephen Curry,1610612744,Golden State Warriors,4,6,36,396,Made Shot,Jump Shot,2PT Field Goal,2,Mid-Range,Left Side Center(LC),16-24 ft.,22,22.09253268,-98,198,1,1,20100313,GSW,TOR
Shot Chart Detail,20901052,153,201939,Stephen Curry,1610612744,Golden State Warriors,2,9,59,2039,Made Shot,Pullup Jump shot,2PT Field Goal,2,Mid-Range,Left Side Center(LC),16-24 ft.,22,22.0730605,-71,209,1,1,20100322,GSW,PHX
Shot Chart Detail,20901067,28,201939,Stephen Curry,1610612744,Golden State Warriors,1,9,18,2718,Made Shot,Pullup Jump shot,2PT Field Goal,2,Mid-Range,Right Side Center(RC),16-24 ft.,22,22.6373585,146,173,1,1,20100324,GSW,MEM
Shot Chart Detail,20901163,188,201939,Stephen Curry,1610612744,Golden State Warriors,2,4,10,1690,Made Shot,Jump Shot,2PT Field Goal,2,Mid-Range,Center(C),16-24 ft.,22,22.53752427,13,225,1,1,20100407,MIN,GSW
Shot Chart Detail,20901194,4,201939,Stephen Curry,1610612744,Golden State Warriors,1,11,21,2841,Made Shot,Jump Shot,3PT Field Goal,3,Left Corner 3,Left Side(L),24+ ft.,22,22.45016704,-224,15,1,1,20100410,LAC,GSW
Shot Chart Detail,20901194,51,201939,Stephen Curry,1610612744,Golden State Warriors,1,5,25,2485,Made Shot,Jump Shot,2PT Field Goal,2,Mid-Range,Right Side Center(RC),16-24 ft.,22,22.31882613,103,198,1,1,20100410,LAC,GSW
Shot Chart Detail,20900109,539,201939,Stephen Curry,1610612744,Golden State Warriors,4,1,25,85,Made Shot,Jump Shot,2PT Field Goal,2,Mid-Range,Left Side(L),16-24 ft.,21,21.24617613,-212,-14,1,1,20091111,IND,GSW
Shot Chart Detail,20900298,442,201939,Stephen Curry,1610612744,Golden State Warriors,4,10,55,655,Made Shot,Jump Shot,2PT Field Goal,2,Mid-Range,Right Side Center(RC),16-24 ft.,21,21.39369066,88,195,1,1,20091207,OKC,GSW
Shot Chart Detail,20900383,318,201939,Stephen Curry,1610612744,Golden State Warriors,3,6,56,1136,Made Shot,Step Back Jump shot,2PT Field Goal,2,Mid-Range,Right Side(R),16-24 ft.,21,21.77200037,181,121,1,1,20091218,GSW,WAS
Shot Chart Detail,20900419,130,201939,Stephen Curry,1610612744,Golden State Warriors,2,9,51,2031,Made Shot,Jump Shot,2PT Field Goal,2,Mid-Range,Left Side Center(LC),16-24 ft.,21,21.47207489,-123,176,1,1,20091223,NOH,GSW
Shot Chart Detail,20900619,92,201939,Stephen Curry,1610612744,Golden State Warriors,1,4,49,2449,Made Shot,Pullup Jump shot,2PT Field Goal,2,Mid-Range,Right Side Center(RC),16-24 ft.,21,21.26029163,160,140,1,1,20100120,GSW,DEN
Shot Chart Detail,20900644,327,201939,Stephen Curry,1610612744,Golden State Warriors,3,7,11,1151,Made Shot,Jump Shot,2PT Field Goal,2,Mid-Range,Left Side(L),16-24 ft.,21,21.25299979,-180,113,1,1,20100123,PHX,GSW
Shot Chart Detail,20900756,444,201939,Stephen Curry,1610612744,Golden State Warriors,4,7,39,459,Made Shot,Pullup Jump shot,2PT Field Goal,2,Mid-Range,Left Side Center(LC),16-24 ft.,21,21.33283854,-122,175,1,1,20100208,GSW,DAL
Shot Chart Detail,20900829,15,201939,Stephen Curry,1610612744,Golden State Warriors,1,10,7,2767,Made Shot,Jump Shot,2PT Field Goal,2,Mid-Range,Right Side Center(RC),16-24 ft.,21,21.47673159,141,162,1,1,20100221,GSW,ATL
Shot Chart Detail,20900829,60,201939,Stephen Curry,1610612744,Golden State Warriors,1,4,54,2454,Made Shot,Step Back Jump shot,2PT Field Goal,2,Mid-Range,Left Side Center(LC),16-24 ft.,21,21.38457388,-73,201,1,1,20100221,GSW,ATL
Shot Chart Detail,20900858,224,201939,Stephen Curry,1610612744,Golden State Warriors,2,4,41,1721,Made Shot,Pullup Jump shot,2PT Field Goal,2,Mid-Range,Center(C),16-24 ft.,21,21.07747613,-49,205,1,1,20100225,GSW,DEN
Shot Chart Detail,20900877,255,201939,Stephen Curry,1610612744,Golden State Warriors,3,9,50,1310,Made Shot,Jump Shot,2PT Field Goal,2,Mid-Range,Left Side Center(LC),16-24 ft.,21,21.00904567,-73,197,1,1,20100227,GSW,DET
Shot Chart Detail,20900982,26,201939,Stephen Curry,1610612744,Golden State Warriors,1,8,14,2654,Made Shot,Jump Shot,2PT Field Goal,2,Mid-Range,Left Side Center(LC),16-24 ft.,21,21.45903073,-160,143,1,1,20100313,GSW,TOR
Shot Chart Detail,20900982,232,201939,Stephen Curry,1610612744,Golden State Warriors,2,1,25,1525,Made Shot,Step Back Jump shot,2PT Field Goal,2,Mid-Range,Right Side Center(RC),16-24 ft.,21,21.66748716,88,198,1,1,20100313,GSW,TOR
Shot Chart Detail,20901096,147,201939,Stephen Curry,1610612744,Golden State Warriors,1,0,1,2161,Made Shot,Jump Shot,2PT Field Goal,2,Mid-Range,Center(C),16-24 ft.,21,21.99204402,-62,211,1,1,20100328,LAC,GSW
Shot Chart Detail,20901163,263,201939,Stephen Curry,1610612744,Golden State Warriors,3,7,59,1199,Made Shot,Jump Shot,2PT Field Goal,2,Mid-Range,Left Side Center(LC),16-24 ft.,21,21.12060605,-128,168,1,1,20100407,MIN,GSW
Shot Chart Detail,20900015,487,201939,Stephen Curry,1610612744,Golden State Warriors,4,2,25,145,Made Shot,Pullup Jump shot,2PT Field Goal,2,Mid-Range,Right Side Center(RC),16-24 ft.,20,20.22003956,121,162,1,1,20091028,GSW,HOU
Shot Chart Detail,20900030,258,201939,Stephen Curry,1610612744,Golden State Warriors,2,1,28,1528,Made Shot,Jump Shot,2PT Field Goal,2,Mid-Range,Right Side Center(RC),16-24 ft.,20,20.46191584,125,162,1,1,20091030,PHX,GSW
Shot Chart Detail,20900216,501,201939,Stephen Curry,1610612744,Golden State Warriors,4,4,0,240,Made Shot,Jump Shot,2PT Field Goal,2,Mid-Range,Left Side(L),16-24 ft.,20,20.5,-205,0,1,1,20091125,SAS,GSW
Shot Chart Detail,20900252,581,201939,Stephen Curry,1610612744,Golden State Warriors,4,1,32,92,Made Shot,Pullup Jump shot,2PT Field Goal,2,Mid-Range,Right Side Center(RC),16-24 ft.,20,20.66518812,132,159,1,1,20091130,GSW,IND
Shot Chart Detail,20900256,30,201939,Stephen Curry,1610612744,Golden State Warriors,1,8,34,2674,Made Shot,Jump Shot,2PT Field Goal,2,Mid-Range,Right Side Center(RC),16-24 ft.,20,20.66712365,88,187,1,1,20091201,DEN,GSW
Shot Chart Detail,20900289,11,201939,Stephen Curry,1610612744,Golden State Warriors,1,10,46,2806,Made Shot,Step Back Jump shot,2PT Field Goal,2,Mid-Range,Right Side Center(RC),16-24 ft.,20,20.03821349,72,187,1,1,20091205,GSW,ORL
Shot Chart Detail,20900369,307,201939,Stephen Curry,1610612744,Golden State Warriors,3,6,52,1132,Made Shot,Pullup Jump shot,2PT Field Goal,2,Mid-Range,Center(C),16-24 ft.,20,20.52315765,54,198,1,1,20091216,GSW,SAS
Shot Chart Detail,20900383,32,201939,Stephen Curry,1610612744,Golden State Warriors,1,9,20,2720,Made Shot,Pullup Jump shot,2PT Field Goal,2,Mid-Range,Right Side Center(RC),16-24 ft.,20,20.80312477,106,179,1,1,20091218,GSW,WAS
Shot Chart Detail,20900409,34,201939,Stephen Curry,1610612744,Golden State Warriors,1,7,57,2637,Made Shot,Jump Shot,2PT Field Goal,2,Mid-Range,Left Side(L),16-24 ft.,20,20.44015656,-196,58,1,1,20091222,MEM,GSW
Shot Chart Detail,20900458,236,201939,Stephen Curry,1610612744,Golden State Warriors,2,1,10,1510,Made Shot,Turnaround Jump Shot,2PT Field Goal,2,Mid-Range,Right Side Center(RC),16-24 ft.,20,20.0124961,129,153,1,1,20091229,LAL,GSW
Shot Chart Detail,20900581,260,201939,Stephen Curry,1610612744,Golden State Warriors,2,0,39,1479,Made Shot,Pullup Jump shot,2PT Field Goal,2,Mid-Range,Right Side Center(RC),16-24 ft.,20,20.50097559,77,190,1,1,20100115,GSW,MIL
Shot Chart Detail,20900644,285,201939,Stephen Curry,1610612744,Golden State Warriors,3,10,59,1379,Made Shot,Jump Shot,2PT Field Goal,2,Mid-Range,Center(C),16-24 ft.,20,20.1,0,201,1,1,20100123,PHX,GSW
Shot Chart Detail,20900756,40,201939,Stephen Curry,1610612744,Golden State Warriors,1,8,16,2656,Made Shot,Jump Shot,2PT Field Goal,2,Mid-Range,Left Side Center(LC),16-24 ft.,20,20.58275978,-86,187,1,1,20100208,GSW,DAL
Shot Chart Detail,20900756,224,201939,Stephen Curry,1610612744,Golden State Warriors,2,4,48,1728,Made Shot,Step Back Jump shot,2PT Field Goal,2,Mid-Range,Right Side Center(RC),16-24 ft.,20,20.72124514,144,149,1,1,20100208,GSW,DAL
Shot Chart Detail,20900829,236,201939,Stephen Curry,1610612744,Golden State Warriors,3,11,24,1404,Made Shot,Pullup Jump shot,2PT Field Goal,2,Mid-Range,Right Side Center(RC),16-24 ft.,20,20.94421161,129,165,1,1,20100221,GSW,ATL
Shot Chart Detail,20900829,308,201939,Stephen Curry,1610612744,Golden State Warriors,3,5,22,1042,Made Shot,Fadeaway Jump Shot,2PT Field Goal,2,Mid-Range,Left Side Center(LC),16-24 ft.,20,20.03397115,-106,170,1,1,20100221,GSW,ATL
Shot Chart Detail,20900877,37,201939,Stephen Curry,1610612744,Golden State Warriors,1,8,44,2684,Made Shot,Pullup Jump shot,2PT Field Goal,2,Mid-Range,Right Side Center(RC),16-24 ft.,20,20.8540164,100,183,1,1,20100227,GSW,DET
Shot Chart Detail,20900877,52,201939,Stephen Curry,1610612744,Golden State Warriors,1,6,54,2574,Made Shot,Jump Shot,2PT Field Goal,2,Mid-Range,Center(C),16-24 ft.,20,20.05916249,-51,194,1,1,20100227,GSW,DET
Shot Chart Detail,20901067,515,201939,Stephen Curry,1610612744,Golden State Warriors,4,5,33,333,Made Shot,Step Back Jump shot,2PT Field Goal,2,Mid-Range,Right Side Center(RC),16-24 ft.,20,20.22770377,146,140,1,1,20100324,GSW,MEM
Shot Chart Detail,20901145,337,201939,Stephen Curry,1610612744,Golden State Warriors,3,5,6,1026,Made Shot,Fadeaway Jump Shot,2PT Field Goal,2,Mid-Range,Right Side(R),16-24 ft.,20,20.68284313,177,107,1,1,20100404,TOR,GSW
Shot Chart Detail,20901152,62,201939,Stephen Curry,1610612744,Golden State Warriors,1,5,30,2490,Made Shot,Jump Shot,2PT Field Goal,2,Mid-Range,Right Side(R),16-24 ft.,20,20.80024038,184,97,1,1,20100406,WAS,GSW
Shot Chart Detail,20901163,402,201939,Stephen Curry,1610612744,Golden State Warriors,4,6,40,400,Made Shot,Pullup Jump shot,2PT Field Goal,2,Mid-Range,Left Side Center(LC),16-24 ft.,20,20.14050645,-108,170,1,1,20100407,MIN,GSW
Shot Chart Detail,20901229,306,201939,Stephen Curry,1610612744,Golden State Warriors,3,5,2,1022,Made Shot,Jump Shot,2PT Field Goal,2,Mid-Range,Right Side Center(RC),16-24 ft.,20,20.71183237,97,183,1,1,20100414,POR,GSW
Shot Chart Detail,20900096,542,201939,Stephen Curry,1610612744,Golden State Warriors,4,1,48,108,Made Shot,Jump Shot,2PT Field Goal,2,Mid-Range,Left Side Center(LC),16-24 ft.,19,19.01420522,-123,145,1,1,20091108,SAC,GSW
Shot Chart Detail,20900181,307,201939,Stephen Curry,1610612744,Golden State Warriors,3,7,34,1174,Made Shot,Pullup Jump shot,2PT Field Goal,2,Mid-Range,Center(C),16-24 ft.,19,19.15254552,31,189,1,1,20091120,GSW,POR
Shot Chart Detail,20900204,487,201939,Stephen Curry,1610612744,Golden State Warriors,4,3,51,231,Made Shot,Jump Shot,2PT Field Goal,2,Mid-Range,Center(C),16-24 ft.,19,19.02524638,-40,186,1,1,20091124,DAL,GSW
Shot Chart Detail,20900289,19,201939,Stephen Curry,1610612744,Golden State Warriors,1,9,51,2751,Made Shot,Pullup Jump shot,2PT Field Goal,2,Mid-Range,Right Side Center(RC),16-24 ft.,19,19.69009903,147,131,1,1,20091205,GSW,ORL
Shot Chart Detail,20900487,236,201939,Stephen Curry,1610612744,Golden State Warriors,2,2,57,1617,Made Shot,Jump Shot,2PT Field Goal,2,Mid-Range,Right Side(R),16-24 ft.,19,19.30932417,193,6,1,1,20100102,POR,GSW
Shot Chart Detail,20900511,40,201939,Stephen Curry,1610612744,Golden State Warriors,1,7,36,2616,Made Shot,Pullup Jump shot,2PT Field Goal,2,Mid-Range,Right Side Center(RC),16-24 ft.,19,19.72029412,108,165,1,1,20100106,MIN,GSW
Shot Chart Detail,20900511,70,201939,Stephen Curry,1610612744,Golden State Warriors,1,4,36,2436,Made Shot,Jump Shot,2PT Field Goal,2,Mid-Range,Left Side(L),16-24 ft.,19,19.8022726,-198,-3,1,1,20100106,MIN,GSW
Shot Chart Detail,20900529,70,201939,Stephen Curry,1610612744,Golden State Warriors,1,6,12,2532,Made Shot,Pullup Jump shot,2PT Field Goal,2,Mid-Range,Right Side Center(RC),16-24 ft.,19,19.72663174,105,167,1,1,20100108,GSW,SAC
Shot Chart Detail,20900552,520,201939,Stephen Curry,1610612744,Golden State Warriors,4,4,50,290,Made Shot,Pullup Jump shot,2PT Field Goal,2,Mid-Range,Left Side Center(LC),16-24 ft.,19,19.250974,-78,176,1,1,20100111,GSW,CLE
Shot Chart Detail,20900602,341,201939,Stephen Curry,1610612744,Golden State Warriors,3,9,25,1285,Made Shot,Step Back Jump shot,2PT Field Goal,2,Mid-Range,Right Side(R),16-24 ft.,19,19.5064092,195,-5,1,1,20100118,GSW,CHI
Shot Chart Detail,20900634,27,201939,Stephen Curry,1610612744,Golden State Warriors,1,8,52,2692,Made Shot,Step Back Jump shot,2PT Field Goal,2,Mid-Range,Left Side Center(LC),16-24 ft.,19,19.94617758,-101,172,1,1,20100122,GSW,NJN
Shot Chart Detail,20900688,10,201939,Stephen Curry,1610612744,Golden State Warriors,1,11,10,2830,Made Shot,Step Back Jump shot,2PT Field Goal,2,Mid-Range,Left Side Center(LC),16-24 ft.,19,19.35355265,-60,184,1,1,20100129,GSW,CHA
Shot Chart Detail,20900751,337,201939,Stephen Curry,1610612744,Golden State Warriors,3,4,48,1008,Made Shot,Pullup Jump shot,2PT Field Goal,2,Mid-Range,Right Side Center(RC),16-24 ft.,19,19.04127097,116,151,1,1,20100206,GSW,OKC
Shot Chart Detail,20900756,142,201939,Stephen Curry,1610612744,Golden State Warriors,1,1,12,2232,Made Shot,Step Back Jump shot,2PT Field Goal,2,Mid-Range,Left Side Center(LC),16-24 ft.,19,19.27537289,-127,145,1,1,20100208,GSW,DAL
Shot Chart Detail,20900829,263,201939,Stephen Curry,1610612744,Golden State Warriors,3,9,2,1262,Made Shot,Step Back Jump shot,2PT Field Goal,2,Mid-Range,Right Side Center(RC),16-24 ft.,19,19.47434209,130,145,1,1,20100221,GSW,ATL
Shot Chart Detail,20900858,24,201939,Stephen Curry,1610612744,Golden State Warriors,1,9,40,2740,Made Shot,Pullup Jump shot,2PT Field Goal,2,Mid-Range,Center(C),16-24 ft.,19,19.4537914,-57,186,1,1,20100225,GSW,DEN
Shot Chart Detail,20900858,306,201939,Stephen Curry,1610612744,Golden State Warriors,3,10,56,1376,Made Shot,Jump Shot,2PT Field Goal,2,Mid-Range,Left Side(L),16-24 ft.,19,19.11282292,-191,7,1,1,20100225,GSW,DEN
Shot Chart Detail,20900896,371,201939,Stephen Curry,1610612744,Golden State Warriors,3,3,0,900,Made Shot,Jump Shot,2PT Field Goal,2,Mid-Range,Right Side Center(RC),16-24 ft.,19,19.88491891,135,146,1,1,20100302,MIA,GSW
Shot Chart Detail,20900919,234,201939,Stephen Curry,1610612744,Golden State Warriors,2,3,9,1629,Made Shot,Jump Shot,2PT Field Goal,2,Mid-Range,Left Side Center(LC),16-24 ft.,19,19.3,-95,168,1,1,20100305,ATL,GSW
Shot Chart Detail,20900982,354,201939,Stephen Curry,1610612744,Golden State Warriors,3,0,49,769,Made Shot,Jump Shot,2PT Field Goal,2,Mid-Range,Left Side Center(LC),16-24 ft.,19,19.77093827,-92,175,1,1,20100313,GSW,TOR
Shot Chart Detail,20901052,156,201939,Stephen Curry,1610612744,Golden State Warriors,2,9,35,2015,Made Shot,Pullup Jump shot,2PT Field Goal,2,Mid-Range,Left Side Center(LC),16-24 ft.,19,19.83456579,-125,154,1,1,20100322,GSW,PHX
Shot Chart Detail,20901067,161,201939,Stephen Curry,1610612744,Golden State Warriors,2,9,38,2018,Made Shot,Pullup Jump shot,2PT Field Goal,2,Mid-Range,Left Side Center(LC),16-24 ft.,19,19.053871,-73,176,1,1,20100324,GSW,MEM
Shot Chart Detail,20901119,14,201939,Stephen Curry,1610612744,Golden State Warriors,1,10,58,2818,Made Shot,Jump Shot,2PT Field Goal,2,Mid-Range,Left Side Center(LC),16-24 ft.,19,19.78004044,-106,167,1,1,20100331,UTA,GSW
Shot Chart Detail,20901119,29,201939,Stephen Curry,1610612744,Golden State Warriors,1,9,27,2727,Made Shot,Jump Shot,2PT Field Goal,2,Mid-Range,Left Side(L),16-24 ft.,19,19.82523644,-198,-10,1,1,20100331,UTA,GSW
Shot Chart Detail,20901145,331,201939,Stephen Curry,1610612744,Golden State Warriors,3,6,5,1085,Made Shot,Pullup Jump shot,2PT Field Goal,2,Mid-Range,Right Side Center(RC),16-24 ft.,19,19.81161276,135,145,1,1,20100404,TOR,GSW
Shot Chart Detail,20901152,265,201939,Stephen Curry,1610612744,Golden State Warriors,2,0,3,1443,Made Shot,Jump Shot,2PT Field Goal,2,Mid-Range,Right Side(R),16-24 ft.,19,19.50410213,195,4,1,1,20100406,WAS,GSW
Shot Chart Detail,20901194,49,201939,Stephen Curry,1610612744,Golden State Warriors,1,5,51,2511,Made Shot,Jump Shot,2PT Field Goal,2,Mid-Range,Right Side(R),16-24 ft.,19,19.4257561,170,94,1,1,20100410,LAC,GSW
Shot Chart Detail,20901214,406,201939,Stephen Curry,1610612744,Golden State Warriors,4,10,19,619,Made Shot,Pullup Jump shot,2PT Field Goal,2,Mid-Range,Right Side Center(RC),16-24 ft.,19,19.31320792,102,164,1,1,20100413,GSW,UTA
Shot Chart Detail,20901229,30,201939,Stephen Curry,1610612744,Golden State Warriors,1,9,5,2705,Made Shot,Jump Shot,2PT Field Goal,2,Mid-Range,Left Side Center(LC),16-24 ft.,19,19.44942159,-98,168,1,1,20100414,POR,GSW
Shot Chart Detail,20900015,17,201939,Stephen Curry,1610612744,Golden State Warriors,1,9,31,2731,Made Shot,Step Back Jump shot,2PT Field Goal,2,Mid-Range,Left Side Center(LC),16-24 ft.,18,18.94967018,-122,145,1,1,20091028,GSW,HOU
Shot Chart Detail,20900015,490,201939,Stephen Curry,1610612744,Golden State Warriors,4,1,47,107,Made Shot,Pullup Jump shot,2PT Field Goal,2,Mid-Range,Left Side Center(LC),16-24 ft.,18,18.32511937,-125,134,1,1,20091028,GSW,HOU
Shot Chart Detail,20900069,114,201939,Stephen Curry,1610612744,Golden State Warriors,1,1,49,2269,Made Shot,Pullup Jump shot,2PT Field Goal,2,Mid-Range,Right Side(R),16-24 ft.,18,18.80957203,154,108,1,1,20091104,GSW,MEM
Shot Chart Detail,20900216,305,201939,Stephen Curry,1610612744,Golden State Warriors,3,8,41,1241,Made Shot,Jump Shot,2PT Field Goal,2,Mid-Range,Center(C),16-24 ft.,18,18.67029727,-37,183,1,1,20091125,SAS,GSW
Shot Chart Detail,20900369,18,201939,Stephen Curry,1610612744,Golden State Warriors,1,9,54,2754,Made Shot,Pullup Jump shot,2PT Field Goal,2,Mid-Range,Center(C),16-24 ft.,18,18.96444041,-37,186,1,1,20091216,GSW,SAS
Shot Chart Detail,20900458,29,201939,Stephen Curry,1610612744,Golden State Warriors,1,8,33,2673,Made Shot,Jump Shot,2PT Field Goal,2,Mid-Range,Left Side Center(LC),16-24 ft.,18,18.60779407,-95,160,1,1,20091229,LAL,GSW
Shot Chart Detail,20900503,157,201939,Stephen Curry,1610612744,Golden State Warriors,2,10,38,2078,Made Shot,Jump Shot,2PT Field Goal,2,Mid-Range,Left Side(L),16-24 ft.,18,18.39619526,-161,89,1,1,20100105,DEN,GSW
Shot Chart Detail,20900503,173,201939,Stephen Curry,1610612744,Golden State Warriors,2,9,4,1984,Made Shot,Jump Shot,2PT Field Goal,2,Mid-Range,Left Side Center(LC),16-24 ft.,18,18.40434731,-136,124,1,1,20100105,DEN,GSW
Shot Chart Detail,20900511,208,201939,Stephen Curry,1610612744,Golden State Warriors,2,6,21,1821,Made Shot,Jump Shot,2PT Field Goal,2,Mid-Range,Right Side Center(RC),16-24 ft.,18,18.20027472,110,145,1,1,20100106,MIN,GSW
Shot Chart Detail,20900529,281,201939,Stephen Curry,1610612744,Golden State Warriors,3,11,3,1383,Made Shot,Pullup Jump shot,2PT Field Goal,2,Mid-Range,Right Side Center(RC),16-24 ft.,18,18.19697777,92,157,1,1,20100108,GSW,SAC
Shot Chart Detail,20900634,35,201939,Stephen Curry,1610612744,Golden State Warriors,1,7,33,2613,Made Shot,Jump Shot,2PT Field Goal,2,Mid-Range,Left Side(L),16-24 ft.,18,18.2,-182,0,1,1,20100122,GSW,NJN
Shot Chart Detail,20900662,277,201939,Stephen Curry,1610612744,Golden State Warriors,2,4,25,1705,Made Shot,Jump Shot,2PT Field Goal,2,Mid-Range,Right Side Center(RC),16-24 ft.,18,18.58520917,146,115,1,1,20100126,SAC,GSW
Shot Chart Detail,20900662,448,201939,Stephen Curry,1610612744,Golden State Warriors,3,2,12,852,Made Shot,Pullup Jump shot,2PT Field Goal,2,Mid-Range,Center(C),16-24 ft.,18,18.4,0,184,1,1,20100126,SAC,GSW
Shot Chart Detail,20900662,451,201939,Stephen Curry,1610612744,Golden State Warriors,3,1,42,822,Made Shot,Pullup Jump shot,2PT Field Goal,2,Mid-Range,Right Side Center(RC),16-24 ft.,18,18.12070639,144,110,1,1,20100126,SAC,GSW
Shot Chart Detail,20900703,10,201939,Stephen Curry,1610612744,Golden State Warriors,1,10,26,2786,Made Shot,Jump Shot,2PT Field Goal,2,Mid-Range,Right Side(R),16-24 ft.,18,18.07678069,159,86,1,1,20100131,OKC,GSW
Shot Chart Detail,20900717,43,201939,Stephen Curry,1610612744,Golden State Warriors,1,8,19,2659,Made Shot,Pullup Jump shot,2PT Field Goal,2,Mid-Range,Right Side Center(RC),16-24 ft.,18,18.45643519,92,160,1,1,20100202,HOU,GSW
Shot Chart Detail,20900724,236,201939,Stephen Curry,1610612744,Golden State Warriors,2,2,14,1574,Made Shot,Pullup Jump shot,2PT Field Goal,2,Mid-Range,Center(C),16-24 ft.,18,18.11767093,43,176,1,1,20100203,DAL,GSW
Shot Chart Detail,20900858,403,201939,Stephen Curry,1610612744,Golden State Warriors,3,2,29,869,Made Shot,Step Back Jump shot,2PT Field Goal,2,Mid-Range,Left Side(L),16-24 ft.,18,18.01776901,-180,-8,1,1,20100225,GSW,DEN
Shot Chart Detail,20900896,52,201939,Stephen Curry,1610612744,Golden State Warriors,1,7,4,2584,Made Shot,Jump Shot,2PT Field Goal,2,Mid-Range,Center(C),16-24 ft.,18,18.31338308,7,183,1,1,20100302,MIA,GSW
Shot Chart Detail,20900919,214,201939,Stephen Curry,1610612744,Golden State Warriors,2,5,43,1783,Made Shot,Jump Shot,2PT Field Goal,2,Mid-Range,Right Side Center(RC),16-24 ft.,18,18.89047379,138,129,1,1,20100305,ATL,GSW
Shot Chart Detail,20900925,58,201939,Stephen Curry,1610612744,Golden State Warriors,1,5,13,2473,Made Shot,Jump Shot,2PT Field Goal,2,Mid-Range,Right Side(R),16-24 ft.,18,18.49783771,184,19,1,1,20100306,CHA,GSW
Shot Chart Detail,20900982,118,201939,Stephen Curry,1610612744,Golden State Warriors,2,11,4,2104,Made Shot,Jump Shot,2PT Field Goal,2,Mid-Range,Right Side Center(RC),16-24 ft.,18,18.94967018,65,178,1,1,20100313,GSW,TOR
Shot Chart Detail,20901067,110,201939,Stephen Curry,1610612744,Golden State Warriors,1,0,58,2218,Made Shot,Pullup Jump shot,2PT Field Goal,2,Mid-Range,Right Side Center(RC),16-24 ft.,18,18.66976165,130,134,1,1,20100324,GSW,MEM
Shot Chart Detail,20901067,342,201939,Stephen Curry,1610612744,Golden State Warriors,3,8,31,1231,Made Shot,Pullup Jump shot,2PT Field Goal,2,Mid-Range,Right Side Center(RC),16-24 ft.,18,18.75446613,138,127,1,1,20100324,GSW,MEM
Shot Chart Detail,20901130,122,201939,Stephen Curry,1610612744,Golden State Warriors,1,1,27,2247,Made Shot,Jump Shot,2PT Field Goal,2,Mid-Range,Center(C),16-24 ft.,18,18.75419953,24,186,1,1,20100402,GSW,NYK
Shot Chart Detail,20901145,327,201939,Stephen Curry,1610612744,Golden State Warriors,3,6,31,1111,Made Shot,Pullup Jump shot,2PT Field Goal,2,Mid-Range,Center(C),16-24 ft.,18,18.210162,20,181,1,1,20100404,TOR,GSW
Shot Chart Detail,20901163,297,201939,Stephen Curry,1610612744,Golden State Warriors,3,4,43,1003,Made Shot,Jump Shot,2PT Field Goal,2,Mid-Range,Right Side Center(RC),16-24 ft.,18,18.79707424,122,143,1,1,20100407,MIN,GSW
Shot Chart Detail,20901200,515,201939,Stephen Curry,1610612744,Golden State Warriors,4,0,52,52,Made Shot,Pullup Jump shot,2PT Field Goal,2,Mid-Range,Left Side Center(LC),16-24 ft.,18,18.60779407,-95,160,1,1,20100411,GSW,OKC
Shot Chart Detail,20900015,453,201939,Stephen Curry,1610612744,Golden State Warriors,4,6,31,391,Made Shot,Pullup Jump shot,2PT Field Goal,2,Mid-Range,Right Side Center(RC),16-24 ft.,17,17.0449406,118,123,1,1,20091028,GSW,HOU
Shot Chart Detail,20900096,433,201939,Stephen Curry,1610612744,Golden State Warriors,3,0,12,732,Made Shot,Jump Shot,2PT Field Goal,2,Mid-Range,Right Side Center(RC),16-24 ft.,17,17.83619915,138,113,1,1,20091108,SAC,GSW
Shot Chart Detail,20900096,544,201939,Stephen Curry,1610612744,Golden State Warriors,4,1,20,80,Made Shot,Jump Shot,2PT Field Goal,2,Mid-Range,Left Side Center(LC),16-24 ft.,17,17.64114509,-65,164,1,1,20091108,SAC,GSW
Shot Chart Detail,20900150,3,201939,Stephen Curry,1610612744,Golden State Warriors,1,11,32,2852,Made Shot,Jump Shot,2PT Field Goal,2,Mid-Range,Left Side Center(LC),16-24 ft.,17,17.63235662,-111,137,1,1,20091117,CLE,GSW
Shot Chart Detail,20900163,174,201939,Stephen Curry,1610612744,Golden State Warriors,2,7,12,1872,Made Shot,Step Back Jump shot,2PT Field Goal,2,Mid-Range,Center(C),16-24 ft.,17,17.64086166,12,176,1,1,20091118,BOS,GSW
Shot Chart Detail,20900238,15,201939,Stephen Curry,1610612744,Golden State Warriors,1,9,37,2737,Made Shot,Pullup Jump shot,2PT Field Goal,2,Mid-Range,Left Side Center(LC),16-24 ft.,17,17.68191166,-136,113,1,1,20091128,GSW,LAL
Shot Chart Detail,20900238,518,201939,Stephen Curry,1610612744,Golden State Warriors,4,1,13,73,Made Shot,Pullup Jump shot,2PT Field Goal,2,Mid-Range,Right Side Center(RC),16-24 ft.,17,17.16799348,95,143,1,1,20091128,GSW,LAL
Shot Chart Detail,20900298,41,201939,Stephen Curry,1610612744,Golden State Warriors,1,7,14,2594,Made Shot,Jump Shot,2PT Field Goal,2,Mid-Range,Right Side Center(RC),16-24 ft.,17,17.55135322,86,153,1,1,20091207,OKC,GSW
Shot Chart Detail,20900298,110,201939,Stephen Curry,1610612744,Golden State Warriors,1,1,53,2273,Made Shot,Jump Shot,2PT Field Goal,2,Mid-Range,Center(C),16-24 ft.,17,17.54137965,29,173,1,1,20091207,OKC,GSW
Shot Chart Detail,20900345,285,201939,Stephen Curry,1610612744,Golden State Warriors,2,0,39,1479,Made Shot,Step Back Jump shot,2PT Field Goal,2,Mid-Range,Left Side Center(LC),16-24 ft.,17,17.74852107,-125,126,1,1,20091214,PHI,GSW
Shot Chart Detail,20900369,103,201939,Stephen Curry,1610612744,Golden State Warriors,1,1,3,2223,Made Shot,Jump Shot,2PT Field Goal,2,Mid-Range,Left Side Center(LC),16-24 ft.,17,17.05520448,-108,132,1,1,20091216,GSW,SAS
Shot Chart Detail,20900552,343,201939,Stephen Curry,1610612744,Golden State Warriors,3,6,53,1133,Made Shot,Pullup Jump shot,2PT Field Goal,2,Mid-Range,Center(C),16-24 ft.,17,17.8002809,1,178,1,1,20100111,GSW,CLE
Shot Chart Detail,20900602,487,201939,Stephen Curry,1610612744,Golden State Warriors,4,10,44,644,Made Shot,Pullup Jump shot,2PT Field Goal,2,Mid-Range,Left Side Center(LC),16-24 ft.,17,17.74852107,-125,126,1,1,20100118,GSW,CHI
Shot Chart Detail,20900673,427,201939,Stephen Curry,1610612744,Golden State Warriors,4,8,51,531,Made Shot,Pullup Jump shot,2PT Field Goal,2,Mid-Range,Center(C),16-24 ft.,17,17.3,0,173,1,1,20100127,GSW,NOH
Shot Chart Detail,20900673,445,201939,Stephen Curry,1610612744,Golden State Warriors,4,6,50,410,Made Shot,Pullup Jump shot,2PT Field Goal,2,Mid-Range,Center(C),16-24 ft.,17,17.50114282,2,175,1,1,20100127,GSW,NOH
Shot Chart Detail,20900717,421,201939,Stephen Curry,1610612744,Golden State Warriors,3,0,35,755,Made Shot,Pullup Jump shot,2PT Field Goal,2,Mid-Range,Left Side Center(LC),16-24 ft.,17,17.33118576,-119,126,1,1,20100202,HOU,GSW
Shot Chart Detail,20900778,255,201939,Stephen Curry,1610612744,Golden State Warriors,3,11,16,1396,Made Shot,Pullup Jump shot,2PT Field Goal,2,Mid-Range,Right Side Center(RC),16-24 ft.,17,17.59147521,61,165,1,1,20100210,GSW,LAC
Shot Chart Detail,20900778,346,201939,Stephen Curry,1610612744,Golden State Warriors,3,2,24,864,Made Shot,Pullup Jump shot,2PT Field Goal,2,Mid-Range,Left Side Center(LC),16-24 ft.,17,17.34041522,-138,105,1,1,20100210,GSW,LAC
Shot Chart Detail,20900790,175,201939,Stephen Curry,1610612744,Golden State Warriors,2,7,55,1915,Made Shot,Jump Shot,2PT Field Goal,2,Mid-Range,Center(C),16-24 ft.,17,17.4416169,39,170,1,1,20100216,LAL,GSW
Shot Chart Detail,20900790,315,201939,Stephen Curry,1610612744,Golden State Warriors,3,6,37,1117,Made Shot,Jump Shot,2PT Field Goal,2,Mid-Range,Right Side Center(RC),16-24 ft.,17,17.10467772,84,149,1,1,20100216,LAL,GSW
Shot Chart Detail,20900800,15,201939,Stephen Curry,1610612744,Golden State Warriors,1,9,59,2759,Made Shot,Pullup Jump shot,2PT Field Goal,2,Mid-Range,Right Side Center(RC),16-24 ft.,17,17.92874786,140,112,1,1,20100217,GSW,SAC
Shot Chart Detail,20900858,26,201939,Stephen Curry,1610612744,Golden State Warriors,1,9,11,2711,Made Shot,Pullup Jump shot,2PT Field Goal,2,Mid-Range,Right Side Center(RC),16-24 ft.,17,17.33580111,118,127,1,1,20100225,GSW,DEN
Shot Chart Detail,20900925,214,201939,Stephen Curry,1610612744,Golden State Warriors,2,3,42,1662,Made Shot,Jump Shot,2PT Field Goal,2,Mid-Range,Center(C),16-24 ft.,17,17.28033564,31,170,1,1,20100306,CHA,GSW
Shot Chart Detail,20900925,422,201939,Stephen Curry,1610612744,Golden State Warriors,4,7,17,437,Made Shot,Jump Shot,2PT Field Goal,2,Mid-Range,Right Side Center(RC),16-24 ft.,17,17.46224499,138,107,1,1,20100306,CHA,GSW
Shot Chart Detail,20901086,277,201939,Stephen Curry,1610612744,Golden State Warriors,3,8,1,1201,Made Shot,Step Back Jump shot,2PT Field Goal,2,Mid-Range,Left Side Center(LC),16-24 ft.,17,17.16799348,-95,143,1,1,20100327,GSW,DAL
Shot Chart Detail,20901096,32,201939,Stephen Curry,1610612744,Golden State Warriors,1,8,49,2689,Made Shot,Jump Shot,2PT Field Goal,2,Mid-Range,Left Side Center(LC),16-24 ft.,17,17.60255663,-139,108,1,1,20100328,LAC,GSW
Shot Chart Detail,20901130,499,201939,Stephen Curry,1610612744,Golden State Warriors,4,1,5,65,Made Shot,Step Back Jump shot,2PT Field Goal,2,Mid-Range,Left Side Center(LC),16-24 ft.,17,17.16420694,-106,135,1,1,20100402,GSW,NYK
Shot Chart Detail,20901145,232,201939,Stephen Curry,1610612744,Golden State Warriors,2,3,51,1671,Made Shot,Pullup Bank shot,2PT Field Goal,2,Mid-Range,Right Side(R),16-24 ft.,17,17.40028735,174,1,1,1,20100404,TOR,GSW
Shot Chart Detail,20901152,278,201939,Stephen Curry,1610612744,Golden State Warriors,3,11,42,1422,Made Shot,Jump Shot,2PT Field Goal,2,Mid-Range,Left Side(L),16-24 ft.,17,17.60823671,-171,42,1,1,20100406,WAS,GSW
Shot Chart Detail,20901163,33,201939,Stephen Curry,1610612744,Golden State Warriors,1,7,32,2612,Made Shot,Pullup Jump shot,2PT Field Goal,2,Mid-Range,Left Side Center(LC),16-24 ft.,17,17.17323499,-76,154,1,1,20100407,MIN,GSW
Shot Chart Detail,20901229,8,201939,Stephen Curry,1610612744,Golden State Warriors,1,11,30,2850,Made Shot,Jump Bank Shot,2PT Field Goal,2,Mid-Range,Right Side Center(RC),16-24 ft.,17,17.58010239,141,105,1,1,20100414,POR,GSW
Shot Chart Detail,20900015,413,201939,Stephen Curry,1610612744,Golden State Warriors,4,10,26,626,Made Shot,Pullup Jump shot,2PT Field Goal,2,Mid-Range,Left Side Center(LC),16-24 ft.,16,16.21634977,-64,149,1,1,20091028,GSW,HOU
Shot Chart Detail,20900101,258,201939,Stephen Curry,1610612744,Golden State Warriors,2,1,42,1542,Made Shot,Step Back Jump shot,2PT Field Goal,2,Mid-Range,Right Side(R),16-24 ft.,16,16.19413474,160,25,1,1,20091109,GSW,MIN
Shot Chart Detail,20900238,215,201939,Stephen Curry,1610612744,Golden State Warriors,2,4,53,1733,Made Shot,Pullup Jump shot,2PT Field Goal,2,Mid-Range,Center(C),16-24 ft.,16,16.03277892,-37,156,1,1,20091128,GSW,LAL
Shot Chart Detail,20900271,438,201939,Stephen Curry,1610612744,Golden State Warriors,4,7,17,437,Made Shot,Pullup Jump shot,2PT Field Goal,2,Mid-Range,Right Side(R),16-24 ft.,16,16.8629772,140,94,1,1,20091203,GSW,HOU
Shot Chart Detail,20900311,11,201939,Stephen Curry,1610612744,Golden State Warriors,1,10,30,2790,Made Shot,Jump Shot,2PT Field Goal,2,Mid-Range,Right Side Center(RC),16-24 ft.,16,16.74305826,103,132,1,1,20091209,NJN,GSW
Shot Chart Detail,20900619,446,201939,Stephen Curry,1610612744,Golden State Warriors,4,8,58,538,Made Shot,Pullup Jump shot,2PT Field Goal,2,Mid-Range,Left Side(L),16-24 ft.,16,16.63640586,-166,-11,1,1,20100120,GSW,DEN
Shot Chart Detail,20900844,239,201939,Stephen Curry,1610612744,Golden State Warriors,2,3,29,1649,Made Shot,Turnaround Jump Shot,2PT Field Goal,2,Mid-Range,Left Side Center(LC),16-24 ft.,16,16.84399003,-114,124,1,1,20100223,GSW,PHI
Shot Chart Detail,20900896,531,201939,Stephen Curry,1610612744,Golden State Warriors,4,1,1,61,Made Shot,Jump Shot,2PT Field Goal,2,Mid-Range,Center(C),16-24 ft.,16,16.80476123,4,168,1,1,20100302,MIA,GSW
Shot Chart Detail,20901163,25,201939,Stephen Curry,1610612744,Golden State Warriors,1,8,57,2697,Made Shot,Floating Jump shot,2PT Field Goal,2,Mid-Range,Center(C),16-24 ft.,16,16.07980099,-16,160,1,1,20100407,MIN,GSW
Shot Chart Detail,20901194,247,201939,Stephen Curry,1610612744,Golden State Warriors,2,2,1,1561,Made Shot,Pullup Jump shot,2PT Field Goal,2,Mid-Range,Left Side(L),16-24 ft.,16,16.01124605,-150,56,1,1,20100410,LAC,GSW
Shot Chart Detail,20900216,543,201939,Stephen Curry,1610612744,Golden State Warriors,4,1,48,108,Made Shot,Jump Shot,2PT Field Goal,2,Mid-Range,Left Side(L),8-16 ft.,15,15.76863976,-111,112,1,1,20091125,SAS,GSW
Shot Chart Detail,20900409,107,201939,Stephen Curry,1610612744,Golden State Warriors,1,2,9,2289,Made Shot,Jump Shot,2PT Field Goal,2,Mid-Range,Right Side(R),8-16 ft.,15,15.48063306,94,123,1,1,20091222,MEM,GSW
Shot Chart Detail,20900438,224,201939,Stephen Curry,1610612744,Golden State Warriors,2,4,11,1691,Made Shot,Fadeaway Jump Shot,2PT Field Goal,2,Mid-Range,Right Side(R),8-16 ft.,15,15.18189711,132,75,1,1,20091226,GSW,PHX
Shot Chart Detail,20900552,296,201939,Stephen Curry,1610612744,Golden State Warriors,3,11,13,1393,Made Shot,Pullup Jump shot,2PT Field Goal,2,Mid-Range,Center(C),8-16 ft.,15,15.40519393,4,154,1,1,20100111,GSW,CLE
Shot Chart Detail,20900662,39,201939,Stephen Curry,1610612744,Golden State Warriors,1,9,15,2715,Made Shot,Jump Shot,2PT Field Goal,2,Mid-Range,Center(C),8-16 ft.,15,15.51676513,-19,154,1,1,20100126,SAC,GSW
Shot Chart Detail,20900688,538,201939,Stephen Curry,1610612744,Golden State Warriors,4,0,6,6,Made Shot,Jump Shot,2PT Field Goal,2,Mid-Range,Left Side(L),8-16 ft.,15,15.54638222,-155,12,1,1,20100129,GSW,CHA
Shot Chart Detail,20900703,7,201939,Stephen Curry,1610612744,Golden State Warriors,1,11,6,2826,Made Shot,Jump Shot,2PT Field Goal,2,Mid-Range,Center(C),8-16 ft.,15,15.75436447,54,148,1,1,20100131,OKC,GSW
Shot Chart Detail,20900756,205,201939,Stephen Curry,1610612744,Golden State Warriors,2,7,0,1860,Made Shot,Step Back Jump shot,2PT Field Goal,2,Mid-Range,Left Side(L),8-16 ft.,15,15.00733154,-111,101,1,1,20100208,GSW,DAL
Shot Chart Detail,20900829,81,201939,Stephen Curry,1610612744,Golden State Warriors,1,2,12,2292,Made Shot,Floating Jump shot,2PT Field Goal,2,Mid-Range,Left Side(L),8-16 ft.,15,15.23220273,-81,129,1,1,20100221,GSW,ATL
Shot Chart Detail,20900919,306,201939,Stephen Curry,1610612744,Golden State Warriors,3,8,42,1242,Made Shot,Jump Shot,2PT Field Goal,2,Mid-Range,Right Side(R),8-16 ft.,15,15.36879956,88,126,1,1,20100305,ATL,GSW
Shot Chart Detail,20900944,44,201939,Stephen Curry,1610612744,Golden State Warriors,1,8,11,2651,Made Shot,Pullup Jump shot,2PT Field Goal,2,Mid-Range,Right Side(R),8-16 ft.,15,15.981239,114,112,1,1,20100308,NOH,GSW
Shot Chart Detail,20900982,436,201939,Stephen Curry,1610612744,Golden State Warriors,4,6,16,376,Made Shot,Pullup Jump shot,2PT Field Goal,2,Mid-Range,Center(C),8-16 ft.,15,15.63713529,56,146,1,1,20100313,GSW,TOR
Shot Chart Detail,20901086,349,201939,Stephen Curry,1610612744,Golden State Warriors,3,1,36,816,Made Shot,Turnaround Jump Shot,2PT Field Goal,2,Mid-Range,Left Side(L),8-16 ft.,15,15.31176019,-153,6,1,1,20100327,GSW,DAL
Shot Chart Detail,20901119,576,201939,Stephen Curry,1610612744,Golden State Warriors,4,2,2,122,Made Shot,Jump Shot,2PT Field Goal,2,In The Paint (Non-RA),Center(C),8-16 ft.,15,15.16377262,65,137,1,1,20100331,UTA,GSW
Shot Chart Detail,20901130,334,201939,Stephen Curry,1610612744,Golden State Warriors,3,6,21,1101,Made Shot,Pullup Jump shot,2PT Field Goal,2,Mid-Range,Center(C),8-16 ft.,15,15.92482339,-32,156,1,1,20100402,GSW,NYK
Shot Chart Detail,20901163,386,201939,Stephen Curry,1610612744,Golden State Warriors,4,7,32,452,Made Shot,Step Back Jump shot,2PT Field Goal,2,Mid-Range,Left Side(L),8-16 ft.,15,15.38083223,-101,116,1,1,20100407,MIN,GSW
Shot Chart Detail,20901229,210,201939,Stephen Curry,1610612744,Golden State Warriors,2,3,26,1646,Made Shot,Jump Shot,2PT Field Goal,2,Mid-Range,Right Side(R),8-16 ft.,15,15.92011306,132,89,1,1,20100414,POR,GSW
Shot Chart Detail,20900141,128,201939,Stephen Curry,1610612744,Golden State Warriors,1,0,22,2182,Made Shot,Jump Shot,2PT Field Goal,2,In The Paint (Non-RA),Center(C),8-16 ft.,14,14.0064271,-67,123,1,1,20091114,MIL,GSW
Shot Chart Detail,20900503,62,201939,Stephen Curry,1610612744,Golden State Warriors,1,6,19,2539,Made Shot,Jump Shot,2PT Field Goal,2,In The Paint (Non-RA),Left Side(L),8-16 ft.,14,14.58903698,-80,122,1,1,20100105,DEN,GSW
Shot Chart Detail,20900511,433,201939,Stephen Curry,1610612744,Golden State Warriors,4,11,13,673,Made Shot,Pullup Jump shot,2PT Field Goal,2,In The Paint (Non-RA),Center(C),8-16 ft.,14,14.2126704,-34,138,1,1,20100106,MIN,GSW
Shot Chart Detail,20900581,256,201939,Stephen Curry,1610612744,Golden State Warriors,2,1,11,1511,Made Shot,Jump Shot,2PT Field Goal,2,Mid-Range,Center(C),8-16 ft.,14,14.00571312,-4,140,1,1,20100115,GSW,MIL
Shot Chart Detail,20900619,330,201939,Stephen Curry,1610612744,Golden State Warriors,3,7,15,1155,Made Shot,Step Back Jump shot,2PT Field Goal,2,Mid-Range,Right Side(R),8-16 ft.,14,14.41700385,144,7,1,1,20100120,GSW,DEN
Shot Chart Detail,20900717,333,201939,Stephen Curry,1610612744,Golden State Warriors,3,7,33,1173,Made Shot,Pullup Jump shot,2PT Field Goal,2,Mid-Range,Left Side(L),8-16 ft.,14,14.5,-144,17,1,1,20100202,HOU,GSW
Shot Chart Detail,20900982,461,201939,Stephen Curry,1610612744,Golden State Warriors,4,3,6,186,Made Shot,Jump Bank Shot,2PT Field Goal,2,Mid-Range,Right Side(R),8-16 ft.,14,14.14390328,129,58,1,1,20100313,GSW,TOR
Shot Chart Detail,20901052,309,201939,Stephen Curry,1610612744,Golden State Warriors,3,9,3,1263,Made Shot,Pullup Jump shot,2PT Field Goal,2,Mid-Range,Center(C),8-16 ft.,14,14.61677119,7,146,1,1,20100322,GSW,PHX
Shot Chart Detail,20901119,302,201939,Stephen Curry,1610612744,Golden State Warriors,2,0,35,1475,Made Shot,Jump Shot,2PT Field Goal,2,Mid-Range,Center(C),8-16 ft.,14,14.80540442,4,148,1,1,20100331,UTA,GSW
Shot Chart Detail,20901163,219,201939,Stephen Curry,1610612744,Golden State Warriors,2,0,3,1443,Made Shot,Floating Jump shot,2PT Field Goal,2,Mid-Range,Left Side(L),8-16 ft.,14,14.22146265,-97,104,1,1,20100407,MIN,GSW
Shot Chart Detail,20901229,474,201939,Stephen Curry,1610612744,Golden State Warriors,4,1,49,109,Made Shot,Jump Shot,2PT Field Goal,2,Mid-Range,Right Side(R),8-16 ft.,14,14.3251527,136,45,1,1,20100414,POR,GSW
Shot Chart Detail,20900141,351,201939,Stephen Curry,1610612744,Golden State Warriors,3,2,26,866,Made Shot,Jump Shot,2PT Field Goal,2,In The Paint (Non-RA),Center(C),8-16 ft.,13,13.78187215,-15,137,1,1,20091114,MIL,GSW
Shot Chart Detail,20900529,2,201939,Stephen Curry,1610612744,Golden State Warriors,1,11,49,2869,Made Shot,Pullup Jump shot,2PT Field Goal,2,Mid-Range,Right Side(R),8-16 ft.,13,13.53587825,129,41,1,1,20100108,GSW,SAC
Shot Chart Detail,20900756,53,201939,Stephen Curry,1610612744,Golden State Warriors,1,6,15,2535,Made Shot,Pullup Jump shot,2PT Field Goal,2,Mid-Range,Right Side(R),8-16 ft.,13,13.61322886,136,6,1,1,20100208,GSW,DAL
Shot Chart Detail,20900800,27,201939,Stephen Curry,1610612744,Golden State Warriors,1,8,16,2656,Made Shot,Pullup Jump shot,2PT Field Goal,2,Mid-Range,Right Side(R),8-16 ft.,13,13.80036231,138,1,1,1,20100217,GSW,SAC
Shot Chart Detail,20900995,67,201939,Stephen Curry,1610612744,Golden State Warriors,1,4,0,2400,Made Shot,Pullup Jump shot,2PT Field Goal,2,In The Paint (Non-RA),Center(C),8-16 ft.,13,13.13087964,9,131,1,1,20100315,GSW,LAL
Shot Chart Detail,20900289,419,201939,Stephen Curry,1610612744,Golden State Warriors,3,2,27,867,Made Shot,Floating Jump shot,2PT Field Goal,2,Mid-Range,Left Side(L),8-16 ft.,12,12.3004065,-123,1,1,1,20091205,GSW,ORL
Shot Chart Detail,20900756,325,201939,Stephen Curry,1610612744,Golden State Warriors,3,7,57,1197,Made Shot,Floating Jump shot,2PT Field Goal,2,In The Paint (Non-RA),Center(C),8-16 ft.,12,12.30650235,51,112,1,1,20100208,GSW,DAL
Shot Chart Detail,20900963,20,201939,Stephen Curry,1610612744,Golden State Warriors,1,9,58,2758,Made Shot,Jump Shot,2PT Field Goal,2,Mid-Range,Right Side(R),8-16 ft.,12,12.97574661,129,14,1,1,20100311,GSW,POR
Shot Chart Detail,20901067,479,201939,Stephen Curry,1610612744,Golden State Warriors,4,8,53,533,Made Shot,Floating Jump shot,2PT Field Goal,2,In The Paint (Non-RA),Center(C),8-16 ft.,12,12.30162591,2,123,1,1,20100324,GSW,MEM
Shot Chart Detail,20901096,112,201939,Stephen Curry,1610612744,Golden State Warriors,1,2,47,2327,Made Shot,Turnaround Jump Shot,2PT Field Goal,2,Mid-Range,Right Side(R),8-16 ft.,12,12.50039999,125,1,1,1,20100328,LAC,GSW
Shot Chart Detail,20901152,155,201939,Stephen Curry,1610612744,Golden State Warriors,2,11,43,2143,Made Shot,Jump Shot,2PT Field Goal,2,In The Paint (Non-RA),Center(C),8-16 ft.,12,12.94681428,-11,129,1,1,20100406,WAS,GSW
Shot Chart Detail,20901229,465,201939,Stephen Curry,1610612744,Golden State Warriors,4,3,19,199,Made Shot,Jump Shot,2PT Field Goal,2,Mid-Range,Left Side(L),8-16 ft.,12,12.5876924,-122,31,1,1,20100414,POR,GSW
Shot Chart Detail,20900204,87,201939,Stephen Curry,1610612744,Golden State Warriors,1,4,43,2443,Made Shot,Running Jump Shot,2PT Field Goal,2,In The Paint (Non-RA),Left Side(L),8-16 ft.,11,11.51086443,-73,89,1,1,20091124,DAL,GSW
Shot Chart Detail,20900324,248,201939,Stephen Curry,1610612744,Golden State Warriors,3,11,43,1423,Made Shot,Running Jump Shot,2PT Field Goal,2,Mid-Range,Right Side(R),8-16 ft.,11,11,110,0,1,1,20091211,CHI,GSW
Shot Chart Detail,20900634,296,201939,Stephen Curry,1610612744,Golden State Warriors,3,9,7,1267,Made Shot,Turnaround Bank shot,2PT Field Goal,2,Mid-Range,Right Side(R),8-16 ft.,11,11.1,111,0,1,1,20100122,GSW,NJN
Shot Chart Detail,20900963,175,201939,Stephen Curry,1610612744,Golden State Warriors,2,9,25,2005,Made Shot,Floating Jump shot,2PT Field Goal,2,In The Paint (Non-RA),Right Side(R),8-16 ft.,11,11.43372205,73,88,1,1,20100311,GSW,POR
Shot Chart Detail,20900995,420,201939,Stephen Curry,1610612744,Golden State Warriors,4,8,4,484,Made Shot,Fadeaway Bank shot,2PT Field Goal,2,In The Paint (Non-RA),Left Side(L),8-16 ft.,11,11.37189518,-64,94,1,1,20100315,GSW,LAL
Shot Chart Detail,20901200,371,201939,Stephen Curry,1610612744,Golden State Warriors,3,3,37,937,Made Shot,Fadeaway Jump Shot,2PT Field Goal,2,Mid-Range,Right Side(R),8-16 ft.,11,11.96035117,119,12,1,1,20100411,GSW,OKC
Shot Chart Detail,20900030,476,201939,Stephen Curry,1610612744,Golden State Warriors,4,9,6,546,Made Shot,Jump Bank Shot,2PT Field Goal,2,Mid-Range,Right Side(R),8-16 ft.,10,10.64377752,95,48,1,1,20091030,PHX,GSW
Shot Chart Detail,20900369,496,201939,Stephen Curry,1610612744,Golden State Warriors,4,0,48,48,Made Shot,Jump Shot,2PT Field Goal,2,In The Paint (Non-RA),Right Side(R),8-16 ft.,10,10.37304198,58,86,1,1,20091216,GSW,SAS
Shot Chart Detail,20900487,430,201939,Stephen Curry,1610612744,Golden State Warriors,4,7,11,431,Made Shot,Running Jump Shot,2PT Field Goal,2,Mid-Range,Left Side(L),8-16 ft.,10,10.55746182,-105,11,1,1,20100102,POR,GSW
Shot Chart Detail,20901200,134,201939,Stephen Curry,1610612744,Golden State Warriors,1,1,59,2279,Made Shot,Floating Jump shot,2PT Field Goal,2,In The Paint (Non-RA),Center(C),8-16 ft.,10,10.25524256,-41,94,1,1,20100411,GSW,OKC
Shot Chart Detail,20900204,511,201939,Stephen Curry,1610612744,Golden State Warriors,4,1,8,68,Made Shot,Running Jump Shot,2PT Field Goal,2,In The Paint (Non-RA),Right Side(R),8-16 ft.,9,9.360021367,75,56,1,1,20091124,DAL,GSW
Shot Chart Detail,20900458,120,201939,Stephen Curry,1610612744,Golden State Warriors,1,0,44,2204,Made Shot,Floating Jump shot,2PT Field Goal,2,Mid-Range,Right Side(R),8-16 ft.,9,9.464142856,91,26,1,1,20091229,LAL,GSW
Shot Chart Detail,20900581,9,201939,Stephen Curry,1610612744,Golden State Warriors,1,11,21,2841,Made Shot,Running Jump Shot,2PT Field Goal,2,Mid-Range,Left Side(L),8-16 ft.,9,9.027181177,-90,7,1,1,20100115,GSW,MIL
Shot Chart Detail,20900644,269,201939,Stephen Curry,1610612744,Golden State Warriors,2,0,3,1443,Made Shot,Jump Shot,2PT Field Goal,2,In The Paint (Non-RA),Center(C),8-16 ft.,9,9.302150289,-2,93,1,1,20100123,PHX,GSW
Shot Chart Detail,20900751,389,201939,Stephen Curry,1610612744,Golden State Warriors,3,0,7,727,Made Shot,Floating Jump shot,2PT Field Goal,2,In The Paint (Non-RA),Right Side(R),8-16 ft.,9,9.823441352,61,77,1,1,20100206,GSW,OKC
Shot Chart Detail,20900800,312,201939,Stephen Curry,1610612744,Golden State Warriors,3,7,58,1198,Made Shot,Jump Bank Shot,2PT Field Goal,2,Mid-Range,Left Side(L),8-16 ft.,9,9.261209424,-84,39,1,1,20100217,GSW,SAC
Shot Chart Detail,20900858,36,201939,Stephen Curry,1610612744,Golden State Warriors,1,7,30,2610,Made Shot,Pullup Jump shot,2PT Field Goal,2,In The Paint (Non-RA),Right Side(R),8-16 ft.,9,9.761659695,77,60,1,1,20100225,GSW,DEN
Shot Chart Detail,20900919,135,201939,Stephen Curry,1610612744,Golden State Warriors,1,0,34,2194,Made Shot,Running Jump Shot,2PT Field Goal,2,In The Paint (Non-RA),Center(C),8-16 ft.,9,9.546203434,-37,88,1,1,20100305,ATL,GSW
Shot Chart Detail,20900163,433,201939,Stephen Curry,1610612744,Golden State Warriors,4,7,45,465,Made Shot,Running Jump Shot,2PT Field Goal,2,In The Paint (Non-RA),Right Side(R),8-16 ft.,8,8.904493248,75,48,1,1,20091118,BOS,GSW
Shot Chart Detail,20900602,451,201939,Stephen Curry,1610612744,Golden State Warriors,3,1,51,831,Made Shot,Floating Jump shot,2PT Field Goal,2,In The Paint (Non-RA),Left Side(L),8-16 ft.,8,8.570297544,-48,71,1,1,20100118,GSW,CHI
Shot Chart Detail,20900688,183,201939,Stephen Curry,1610612744,Golden State Warriors,2,6,1,1801,Made Shot,Floating Jump shot,2PT Field Goal,2,In The Paint (Non-RA),Center(C),8-16 ft.,8,8.002499609,2,80,1,1,20100129,GSW,CHA
Shot Chart Detail,20901096,191,201939,Stephen Curry,1610612744,Golden State Warriors,2,7,41,1901,Made Shot,Floating Jump shot,2PT Field Goal,2,Mid-Range,Left Side(L),8-16 ft.,8,8.967719889,-89,11,1,1,20100328,LAC,GSW
Shot Chart Detail,20901200,220,201939,Stephen Curry,1610612744,Golden State Warriors,2,5,26,1766,Made Shot,Floating Jump shot,2PT Field Goal,2,In The Paint (Non-RA),Center(C),8-16 ft.,8,8.918520057,-27,85,1,1,20100411,GSW,OKC
Shot Chart Detail,20900271,288,201939,Stephen Curry,1610612744,Golden State Warriors,3,9,52,1312,Made Shot,Floating Jump shot,2PT Field Goal,2,In The Paint (Non-RA),Center(C),Less Than 8 ft.,7,7.472616677,20,72,1,1,20091203,GSW,HOU
Shot Chart Detail,20900511,298,201939,Stephen Curry,1610612744,Golden State Warriors,3,11,7,1387,Made Shot,Pullup Jump shot,2PT Field Goal,2,In The Paint (Non-RA),Center(C),Less Than 8 ft.,7,7.993122043,58,55,1,1,20100106,MIN,GSW
Shot Chart Detail,20900673,344,201939,Stephen Curry,1610612744,Golden State Warriors,3,3,36,936,Made Shot,Floating Jump shot,2PT Field Goal,2,In The Paint (Non-RA),Center(C),Less Than 8 ft.,7,7.762087348,48,61,1,1,20100127,GSW,NOH
Shot Chart Detail,20900877,164,201939,Stephen Curry,1610612744,Golden State Warriors,2,8,5,1925,Made Shot,Fadeaway Jump Shot,2PT Field Goal,2,In The Paint (Non-RA),Center(C),Less Than 8 ft.,7,7.066116331,-32,63,1,1,20100227,GSW,DET
Shot Chart Detail,20900238,199,201939,Stephen Curry,1610612744,Golden State Warriors,2,6,26,1826,Made Shot,Floating Jump shot,2PT Field Goal,2,In The Paint (Non-RA),Center(C),Less Than 8 ft.,6,6.1,0,61,1,1,20091128,GSW,LAL
Shot Chart Detail,20900383,53,201939,Stephen Curry,1610612744,Golden State Warriors,1,6,25,2545,Made Shot,Running Hook Shot,2PT Field Goal,2,In The Paint (Non-RA),Center(C),Less Than 8 ft.,6,6.670832032,65,15,1,1,20091218,GSW,WAS
Shot Chart Detail,20900634,316,201939,Stephen Curry,1610612744,Golden State Warriors,3,6,23,1103,Made Shot,Running Bank shot,2PT Field Goal,2,In The Paint (Non-RA),Center(C),Less Than 8 ft.,6,6.463745044,53,37,1,1,20100122,GSW,NJN
Shot Chart Detail,20900844,225,201939,Stephen Curry,1610612744,Golden State Warriors,2,4,45,1725,Made Shot,Turnaround Jump Shot,2PT Field Goal,2,In The Paint (Non-RA),Center(C),Less Than 8 ft.,6,6.735725648,21,64,1,1,20100223,GSW,PHI
Shot Chart Detail,20901052,336,201939,Stephen Curry,1610612744,Golden State Warriors,3,5,39,1059,Made Shot,Floating Jump shot,2PT Field Goal,2,In The Paint (Non-RA),Center(C),Less Than 8 ft.,6,6.313477647,31,55,1,1,20100322,GSW,PHX
Shot Chart Detail,20901194,343,201939,Stephen Curry,1610612744,Golden State Warriors,3,5,48,1068,Made Shot,Floating Jump shot,2PT Field Goal,2,In The Paint (Non-RA),Center(C),Less Than 8 ft.,6,6.315061362,-62,12,1,1,20100410,LAC,GSW
Shot Chart Detail,20900634,52,201939,Stephen Curry,1610612744,Golden State Warriors,1,5,19,2479,Made Shot,Running Bank shot,2PT Field Goal,2,In The Paint (Non-RA),Center(C),Less Than 8 ft.,5,5.586591089,-40,39,1,1,20100122,GSW,NJN
Shot Chart Detail,20900858,414,201939,Stephen Curry,1610612744,Golden State Warriors,3,1,2,782,Made Shot,Running Hook Shot,2PT Field Goal,2,In The Paint (Non-RA),Center(C),Less Than 8 ft.,5,5.798275606,-49,31,1,1,20100225,GSW,DEN
Shot Chart Detail,20901067,462,201939,Stephen Curry,1610612744,Golden State Warriors,4,10,23,623,Made Shot,Floating Jump shot,2PT Field Goal,2,In The Paint (Non-RA),Center(C),Less Than 8 ft.,5,5.3,0,53,1,1,20100324,GSW,MEM
Shot Chart Detail,20900271,407,201939,Stephen Curry,1610612744,Golden State Warriors,4,10,2,602,Made Shot,Floating Jump shot,2PT Field Goal,2,In The Paint (Non-RA),Center(C),Less Than 8 ft.,4,4.53431362,-34,30,1,1,20091203,GSW,HOU
Shot Chart Detail,20900662,282,201939,Stephen Curry,1610612744,Golden State Warriors,2,3,49,1669,Made Shot,Jump Shot,2PT Field Goal,2,In The Paint (Non-RA),Center(C),Less Than 8 ft.,4,4.7,47,0,1,1,20100126,SAC,GSW
Shot Chart Detail,20900552,283,201939,Stephen Curry,1610612744,Golden State Warriors,2,0,37,1477,Made Shot,Floating Jump shot,2PT Field Goal,2,Restricted Area,Center(C),Less Than 8 ft.,3,3.252691193,23,23,1,1,20100111,GSW,CLE
Shot Chart Detail,20900634,383,201939,Stephen Curry,1610612744,Golden State Warriors,3,1,18,798,Made Shot,Running Layup Shot,2PT Field Goal,2,Restricted Area,Center(C),Less Than 8 ft.,3,3.101612484,1,31,1,1,20100122,GSW,NJN
Shot Chart Detail,20900800,223,201939,Stephen Curry,1610612744,Golden State Warriors,2,3,11,1631,Made Shot,Driving Bank Hook Shot,2PT Field Goal,2,Restricted Area,Center(C),Less Than 8 ft.,3,3.962322551,-7,39,1,1,20100217,GSW,SAC
Shot Chart Detail,20901130,49,201939,Stephen Curry,1610612744,Golden State Warriors,1,7,39,2619,Made Shot,Running Jump Shot,2PT Field Goal,2,Restricted Area,Center(C),Less Than 8 ft.,3,3.765634077,-7,37,1,1,20100402,GSW,NYK
Shot Chart Detail,20900082,286,201939,Stephen Curry,1610612744,Golden State Warriors,3,10,21,1341,Made Shot,Driving Layup Shot,2PT Field Goal,2,Restricted Area,Center(C),Less Than 8 ft.,2,2.404163056,-7,23,1,1,20091106,GSW,LAC
Shot Chart Detail,20900289,63,201939,Stephen Curry,1610612744,Golden State Warriors,1,4,46,2446,Made Shot,Driving Layup Shot,2PT Field Goal,2,Restricted Area,Center(C),Less Than 8 ft.,2,2.5,20,15,1,1,20091205,GSW,ORL
Shot Chart Detail,20900529,29,201939,Stephen Curry,1610612744,Golden State Warriors,1,9,55,2755,Made Shot,Driving Layup Shot,2PT Field Goal,2,Restricted Area,Center(C),Less Than 8 ft.,2,2.828427125,20,20,1,1,20100108,GSW,SAC
Shot Chart Detail,20900552,33,201939,Stephen Curry,1610612744,Golden State Warriors,1,8,16,2656,Made Shot,Driving Layup Shot,2PT Field Goal,2,Restricted Area,Center(C),Less Than 8 ft.,2,2.701851217,21,17,1,1,20100111,GSW,CLE
Shot Chart Detail,20900552,72,201939,Stephen Curry,1610612744,Golden State Warriors,1,4,32,2432,Made Shot,Driving Finger Roll Layup Shot,2PT Field Goal,2,Restricted Area,Center(C),Less Than 8 ft.,2,2.617250466,18,19,1,1,20100111,GSW,CLE
Shot Chart Detail,20900552,565,201939,Stephen Curry,1610612744,Golden State Warriors,4,0,30,30,Made Shot,Driving Finger Roll Layup Shot,2PT Field Goal,2,Restricted Area,Center(C),Less Than 8 ft.,2,2.640075756,24,11,1,1,20100111,GSW,CLE
Shot Chart Detail,20900581,157,201939,Stephen Curry,1610612744,Golden State Warriors,2,8,21,1941,Made Shot,Layup Shot,2PT Field Goal,2,Restricted Area,Center(C),Less Than 8 ft.,2,2.343074903,18,15,1,1,20100115,GSW,MIL
Shot Chart Detail,20900602,5,201939,Stephen Curry,1610612744,Golden State Warriors,1,11,21,2841,Made Shot,Driving Reverse Layup Shot,2PT Field Goal,2,Restricted Area,Center(C),Less Than 8 ft.,2,2.247220505,-19,12,1,1,20100118,GSW,CHI
Shot Chart Detail,20900673,456,201939,Stephen Curry,1610612744,Golden State Warriors,4,5,22,322,Made Shot,Driving Layup Shot,2PT Field Goal,2,Restricted Area,Center(C),Less Than 8 ft.,2,2.376972865,23,6,1,1,20100127,GSW,NOH
Shot Chart Detail,20900688,476,201939,Stephen Curry,1610612744,Golden State Warriors,4,5,13,313,Made Shot,Running Hook Shot,2PT Field Goal,2,Restricted Area,Center(C),Less Than 8 ft.,2,2.683281573,24,12,1,1,20100129,GSW,CHA
Shot Chart Detail,20900751,341,201939,Stephen Curry,1610612744,Golden State Warriors,3,3,56,956,Made Shot,Driving Finger Roll Layup Shot,2PT Field Goal,2,Restricted Area,Center(C),Less Than 8 ft.,2,2.061552813,-5,20,1,1,20100206,GSW,OKC
Shot Chart Detail,20900751,551,201939,Stephen Curry,1610612744,Golden State Warriors,4,0,34,34,Made Shot,Driving Finger Roll Layup Shot,2PT Field Goal,2,Restricted Area,Center(C),Less Than 8 ft.,2,2.62488095,20,17,1,1,20100206,GSW,OKC
Shot Chart Detail,20900800,185,201939,Stephen Curry,1610612744,Golden State Warriors,2,6,35,1835,Made Shot,Driving Layup Shot,2PT Field Goal,2,Restricted Area,Center(C),Less Than 8 ft.,2,2.308679276,7,22,1,1,20100217,GSW,SAC
Shot Chart Detail,20900829,149,201939,Stephen Curry,1610612744,Golden State Warriors,2,7,19,1879,Made Shot,Driving Finger Roll Layup Shot,2PT Field Goal,2,Restricted Area,Center(C),Less Than 8 ft.,2,2.11896201,20,7,1,1,20100221,GSW,ATL
Shot Chart Detail,20900829,338,201939,Stephen Curry,1610612744,Golden State Warriors,3,3,23,923,Made Shot,Layup Shot,2PT Field Goal,2,Restricted Area,Center(C),Less Than 8 ft.,2,2.404163056,17,17,1,1,20100221,GSW,ATL
Shot Chart Detail,20900844,227,201939,Stephen Curry,1610612744,Golden State Warriors,2,4,16,1696,Made Shot,Driving Reverse Layup Shot,2PT Field Goal,2,Restricted Area,Center(C),Less Than 8 ft.,2,2.842534081,18,22,1,1,20100223,GSW,PHI
Shot Chart Detail,20900844,489,201939,Stephen Curry,1610612744,Golden State Warriors,4,6,50,410,Made Shot,Running Layup Shot,2PT Field Goal,2,Restricted Area,Center(C),Less Than 8 ft.,2,2.729468813,-27,4,1,1,20100223,GSW,PHI
Shot Chart Detail,20900844,508,201939,Stephen Curry,1610612744,Golden State Warriors,4,3,55,235,Made Shot,Driving Finger Roll Layup Shot,2PT Field Goal,2,Restricted Area,Center(C),Less Than 8 ft.,2,2.690724809,18,20,1,1,20100223,GSW,PHI
Shot Chart Detail,20900858,407,201939,Stephen Curry,1610612744,Golden State Warriors,3,1,41,821,Made Shot,Running Reverse Layup Shot,2PT Field Goal,2,Restricted Area,Center(C),Less Than 8 ft.,2,2.6,0,26,1,1,20100225,GSW,DEN
Shot Chart Detail,20900877,310,201939,Stephen Curry,1610612744,Golden State Warriors,3,4,10,970,Made Shot,Running Hook Shot,2PT Field Goal,2,Restricted Area,Center(C),Less Than 8 ft.,2,2.158703314,21,-5,1,1,20100227,GSW,DET
Shot Chart Detail,20900995,273,201939,Stephen Curry,1610612744,Golden State Warriors,3,11,14,1394,Made Shot,Driving Layup Shot,2PT Field Goal,2,Restricted Area,Center(C),Less Than 8 ft.,2,2.817800561,13,25,1,1,20100315,GSW,LAL
Shot Chart Detail,20900995,505,201939,Stephen Curry,1610612744,Golden State Warriors,4,1,16,76,Made Shot,Driving Finger Roll Layup Shot,2PT Field Goal,2,Restricted Area,Center(C),Less Than 8 ft.,2,2.668332813,6,26,1,1,20100315,GSW,LAL
Shot Chart Detail,20901130,52,201939,Stephen Curry,1610612744,Golden State Warriors,1,7,3,2583,Made Shot,Driving Finger Roll Layup Shot,2PT Field Goal,2,Restricted Area,Center(C),Less Than 8 ft.,2,2.102379604,9,19,1,1,20100402,GSW,NYK
Shot Chart Detail,20901200,194,201939,Stephen Curry,1610612744,Golden State Warriors,2,8,24,1944,Made Shot,Driving Layup Shot,2PT Field Goal,2,Restricted Area,Center(C),Less Than 8 ft.,2,2.692582404,10,25,1,1,20100411,GSW,OKC
Shot Chart Detail,20901200,199,201939,Stephen Curry,1610612744,Golden State Warriors,2,7,48,1908,Made Shot,Driving Reverse Layup Shot,2PT Field Goal,2,Restricted Area,Center(C),Less Than 8 ft.,2,2.507987241,-10,23,1,1,20100411,GSW,OKC
Shot Chart Detail,20901214,154,201939,Stephen Curry,1610612744,Golden State Warriors,2,8,56,1976,Made Shot,Driving Finger Roll Layup Shot,2PT Field Goal,2,Restricted Area,Center(C),Less Than 8 ft.,2,2.687005769,-19,19,1,1,20100413,GSW,UTA
Shot Chart Detail,20901214,445,201939,Stephen Curry,1610612744,Golden State Warriors,4,5,36,336,Made Shot,Running Hook Shot,2PT Field Goal,2,Restricted Area,Center(C),Less Than 8 ft.,2,2.641968963,-13,23,1,1,20100413,GSW,UTA
Shot Chart Detail,20900015,520,201939,Stephen Curry,1610612744,Golden State Warriors,4,0,0,0,Made Shot,Layup Shot,2PT Field Goal,2,Restricted Area,Center(C),Less Than 8 ft.,1,1.58113883,-5,15,1,1,20091028,GSW,HOU
Shot Chart Detail,20900069,327,201939,Stephen Curry,1610612744,Golden State Warriors,3,4,54,1014,Made Shot,Layup Shot,2PT Field Goal,2,Restricted Area,Center(C),Less Than 8 ft.,1,1.55241747,-4,15,1,1,20091104,GSW,MEM
Shot Chart Detail,20900150,245,201939,Stephen Curry,1610612744,Golden State Warriors,2,0,37,1477,Made Shot,Layup Shot,2PT Field Goal,2,Restricted Area,Center(C),Less Than 8 ft.,1,1.104536102,-11,1,1,1,20091117,CLE,GSW
Shot Chart Detail,20900150,333,201939,Stephen Curry,1610612744,Golden State Warriors,3,2,10,850,Made Shot,Driving Layup Shot,2PT Field Goal,2,Restricted Area,Center(C),Less Than 8 ft.,1,1.303840481,-7,11,1,1,20091117,CLE,GSW
Shot Chart Detail,20900216,271,201939,Stephen Curry,1610612744,Golden State Warriors,3,11,9,1389,Made Shot,Layup Shot,2PT Field Goal,2,Restricted Area,Center(C),Less Than 8 ft.,1,1.523154621,6,14,1,1,20091125,SAS,GSW
Shot Chart Detail,20900289,450,201939,Stephen Curry,1610612744,Golden State Warriors,4,11,41,701,Made Shot,Driving Layup Shot,2PT Field Goal,2,Restricted Area,Center(C),Less Than 8 ft.,1,1.878829423,-8,17,1,1,20091205,GSW,ORL
Shot Chart Detail,20900581,12,201939,Stephen Curry,1610612744,Golden State Warriors,1,10,57,2817,Made Shot,Layup Shot,2PT Field Goal,2,Restricted Area,Center(C),Less Than 8 ft.,1,1.824828759,-18,3,1,1,20100115,GSW,MIL
Shot Chart Detail,20900634,429,201939,Stephen Curry,1610612744,Golden State Warriors,4,8,41,521,Made Shot,Driving Finger Roll Layup Shot,2PT Field Goal,2,Restricted Area,Center(C),Less Than 8 ft.,1,1.063014581,-7,-8,1,1,20100122,GSW,NJN
Shot Chart Detail,20900634,524,201939,Stephen Curry,1610612744,Golden State Warriors,4,1,51,111,Made Shot,Driving Layup Shot,2PT Field Goal,2,Restricted Area,Center(C),Less Than 8 ft.,1,1.655294536,7,15,1,1,20100122,GSW,NJN
Shot Chart Detail,20900673,148,201939,Stephen Curry,1610612744,Golden State Warriors,2,8,31,1951,Made Shot,Driving Layup Shot,2PT Field Goal,2,Restricted Area,Center(C),Less Than 8 ft.,1,1.923538406,9,17,1,1,20100127,GSW,NOH
Shot Chart Detail,20900673,394,201939,Stephen Curry,1610612744,Golden State Warriors,3,0,23,743,Made Shot,Driving Layup Shot,2PT Field Goal,2,Restricted Area,Center(C),Less Than 8 ft.,1,1.843908891,18,4,1,1,20100127,GSW,NOH
Shot Chart Detail,20900688,488,201939,Stephen Curry,1610612744,Golden State Warriors,4,4,29,269,Made Shot,Driving Reverse Layup Shot,2PT Field Goal,2,Restricted Area,Center(C),Less Than 8 ft.,1,1.565247584,-7,14,1,1,20100129,GSW,CHA
Shot Chart Detail,20900688,525,201939,Stephen Curry,1610612744,Golden State Warriors,4,1,58,118,Made Shot,Driving Layup Shot,2PT Field Goal,2,Restricted Area,Center(C),Less Than 8 ft.,1,1.044030651,10,3,1,1,20100129,GSW,CHA
Shot Chart Detail,20900751,34,201939,Stephen Curry,1610612744,Golden State Warriors,1,8,58,2698,Made Shot,Driving Layup Shot,2PT Field Goal,2,Restricted Area,Center(C),Less Than 8 ft.,1,1.58113883,-13,9,1,1,20100206,GSW,OKC
Shot Chart Detail,20900751,93,201939,Stephen Curry,1610612744,Golden State Warriors,1,3,22,2362,Made Shot,Driving Finger Roll Layup Shot,2PT Field Goal,2,Restricted Area,Center(C),Less Than 8 ft.,1,1.8,18,0,1,1,20100206,GSW,OKC
Shot Chart Detail,20900756,420,201939,Stephen Curry,1610612744,Golden State Warriors,4,9,58,598,Made Shot,Driving Layup Shot,2PT Field Goal,2,Restricted Area,Center(C),Less Than 8 ft.,1,1.081665383,9,6,1,1,20100208,GSW,DAL
Shot Chart Detail,20900778,143,201939,Stephen Curry,1610612744,Golden State Warriors,2,9,51,2031,Made Shot,Driving Finger Roll Layup Shot,2PT Field Goal,2,Restricted Area,Center(C),Less Than 8 ft.,1,1.615549442,15,6,1,1,20100210,GSW,LAC
Shot Chart Detail,20900800,180,201939,Stephen Curry,1610612744,Golden State Warriors,2,7,12,1872,Made Shot,Driving Layup Shot,2PT Field Goal,2,Restricted Area,Center(C),Less Than 8 ft.,1,1.360147051,-13,4,1,1,20100217,GSW,SAC
Shot Chart Detail,20900800,322,201939,Stephen Curry,1610612744,Golden State Warriors,3,7,10,1150,Made Shot,Driving Reverse Layup Shot,2PT Field Goal,2,Restricted Area,Center(C),Less Than 8 ft.,1,1.562049935,10,12,1,1,20100217,GSW,SAC
Shot Chart Detail,20900800,459,201939,Stephen Curry,1610612744,Golden State Warriors,4,5,36,336,Made Shot,Driving Reverse Layup Shot,2PT Field Goal,2,Restricted Area,Center(C),Less Than 8 ft.,1,1.140175425,-11,3,1,1,20100217,GSW,SAC
Shot Chart Detail,20900814,506,201939,Stephen Curry,1610612744,Golden State Warriors,4,1,37,97,Made Shot,Driving Layup Shot,2PT Field Goal,2,Restricted Area,Center(C),Less Than 8 ft.,1,1.118033989,-2,11,1,1,20100219,GSW,UTA
Shot Chart Detail,20900829,117,201939,Stephen Curry,1610612744,Golden State Warriors,2,11,33,2133,Made Shot,Driving Reverse Layup Shot,2PT Field Goal,2,Restricted Area,Center(C),Less Than 8 ft.,1,1.562049935,-10,12,1,1,20100221,GSW,ATL
Shot Chart Detail,20900844,34,201939,Stephen Curry,1610612744,Golden State Warriors,1,8,35,2675,Made Shot,Driving Layup Shot,2PT Field Goal,2,Restricted Area,Center(C),Less Than 8 ft.,1,1.077032961,-10,4,1,1,20100223,GSW,PHI
Shot Chart Detail,20900844,510,201939,Stephen Curry,1610612744,Golden State Warriors,4,3,21,201,Made Shot,Driving Layup Shot,2PT Field Goal,2,Restricted Area,Center(C),Less Than 8 ft.,1,1.264911064,-4,12,1,1,20100223,GSW,PHI
Shot Chart Detail,20900858,542,201939,Stephen Curry,1610612744,Golden State Warriors,4,2,32,152,Made Shot,Driving Layup Shot,2PT Field Goal,2,Restricted Area,Center(C),Less Than 8 ft.,1,1.55241747,15,4,1,1,20100225,GSW,DEN
Shot Chart Detail,20900877,292,201939,Stephen Curry,1610612744,Golden State Warriors,3,6,21,1101,Made Shot,Layup Shot,2PT Field Goal,2,Restricted Area,Center(C),Less Than 8 ft.,1,1.697056275,12,12,1,1,20100227,GSW,DET
Shot Chart Detail,20900877,317,201939,Stephen Curry,1610612744,Golden State Warriors,3,3,7,907,Made Shot,Driving Finger Roll Layup Shot,2PT Field Goal,2,Restricted Area,Center(C),Less Than 8 ft.,1,1.476482306,-7,-13,1,1,20100227,GSW,DET
Shot Chart Detail,20900963,270,201939,Stephen Curry,1610612744,Golden State Warriors,2,0,6,1446,Made Shot,Driving Layup Shot,2PT Field Goal,2,Restricted Area,Center(C),Less Than 8 ft.,1,1.431782106,13,6,1,1,20100311,GSW,POR
Shot Chart Detail,20900982,267,201939,Stephen Curry,1610612744,Golden State Warriors,3,10,40,1360,Made Shot,Driving Layup Shot,2PT Field Goal,2,Restricted Area,Center(C),Less Than 8 ft.,1,1.708800749,-16,6,1,1,20100313,GSW,TOR
Shot Chart Detail,20900995,293,201939,Stephen Curry,1610612744,Golden State Warriors,3,8,53,1253,Made Shot,Layup Shot,2PT Field Goal,2,Restricted Area,Center(C),Less Than 8 ft.,1,1.96468827,-5,19,1,1,20100315,GSW,LAL
Shot Chart Detail,20901067,77,201939,Stephen Curry,1610612744,Golden State Warriors,1,4,48,2448,Made Shot,Driving Layup Shot,2PT Field Goal,2,Restricted Area,Center(C),Less Than 8 ft.,1,1.603121954,-16,1,1,1,20100324,GSW,MEM
Shot Chart Detail,20901086,467,201939,Stephen Curry,1610612744,Golden State Warriors,4,2,54,174,Made Shot,Driving Finger Roll Layup Shot,2PT Field Goal,2,Restricted Area,Center(C),Less Than 8 ft.,1,1.341640786,6,12,1,1,20100327,GSW,DAL
Shot Chart Detail,20901130,129,201939,Stephen Curry,1610612744,Golden State Warriors,1,0,39,2199,Made Shot,Driving Layup Shot,2PT Field Goal,2,Restricted Area,Center(C),Less Than 8 ft.,1,1.780449381,-11,14,1,1,20100402,GSW,NYK
Shot Chart Detail,20901152,66,201939,Stephen Curry,1610612744,Golden State Warriors,1,4,44,2444,Made Shot,Layup Shot,2PT Field Goal,2,Restricted Area,Center(C),Less Than 8 ft.,1,1.3,-13,0,1,1,20100406,WAS,GSW
Shot Chart Detail,20901152,322,201939,Stephen Curry,1610612744,Golden State Warriors,3,6,15,1095,Made Shot,Layup Shot,2PT Field Goal,2,Restricted Area,Center(C),Less Than 8 ft.,1,1.360147051,-8,-11,1,1,20100406,WAS,GSW
Shot Chart Detail,20900015,508,201939,Stephen Curry,1610612744,Golden State Warriors,4,0,29,29,Made Shot,Layup Shot,2PT Field Goal,2,Restricted Area,Center(C),Less Than 8 ft.,0,0.7071067812,-7,1,1,1,20091028,GSW,HOU
Shot Chart Detail,20900109,215,201939,Stephen Curry,1610612744,Golden State Warriors,2,4,58,1738,Made Shot,Reverse Layup Shot,2PT Field Goal,2,Restricted Area,Center(C),Less Than 8 ft.,0,0.7280109889,7,-2,1,1,20091111,IND,GSW
Shot Chart Detail,20900141,138,201939,Stephen Curry,1610612744,Golden State Warriors,2,11,48,2148,Made Shot,Layup Shot,2PT Field Goal,2,Restricted Area,Center(C),Less Than 8 ft.,0,0,0,0,1,1,20091114,MIL,GSW
Shot Chart Detail,20900141,344,201939,Stephen Curry,1610612744,Golden State Warriors,3,3,19,919,Made Shot,Driving Layup Shot,2PT Field Goal,2,Restricted Area,Center(C),Less Than 8 ft.,0,0,0,0,1,1,20091114,MIL,GSW
Shot Chart Detail,20900150,41,201939,Stephen Curry,1610612744,Golden State Warriors,1,6,10,2530,Made Shot,Driving Layup Shot,2PT Field Goal,2,Restricted Area,Center(C),Less Than 8 ft.,0,0.9055385138,9,1,1,1,20091117,CLE,GSW
Shot Chart Detail,20900163,170,201939,Stephen Curry,1610612744,Golden State Warriors,2,7,45,1905,Made Shot,Reverse Layup Shot,2PT Field Goal,2,Restricted Area,Center(C),Less Than 8 ft.,0,0.8602325267,-5,7,1,1,20091118,BOS,GSW
Shot Chart Detail,20900204,171,201939,Stephen Curry,1610612744,Golden State Warriors,2,10,2,2042,Made Shot,Driving Layup Shot,2PT Field Goal,2,Restricted Area,Center(C),Less Than 8 ft.,0,0,0,0,1,1,20091124,DAL,GSW
Shot Chart Detail,20900256,296,201939,Stephen Curry,1610612744,Golden State Warriors,3,11,13,1393,Made Shot,Driving Finger Roll Layup Shot,2PT Field Goal,2,Restricted Area,Center(C),Less Than 8 ft.,0,0,0,0,1,1,20091201,DEN,GSW
Shot Chart Detail,20900298,227,201939,Stephen Curry,1610612744,Golden State Warriors,2,5,1,1741,Made Shot,Driving Layup Shot,2PT Field Goal,2,Restricted Area,Center(C),Less Than 8 ft.,0,0,0,0,1,1,20091207,OKC,GSW
Shot Chart Detail,20900298,238,201939,Stephen Curry,1610612744,Golden State Warriors,2,4,24,1704,Made Shot,Layup Shot,2PT Field Goal,2,Restricted Area,Center(C),Less Than 8 ft.,0,0,0,0,1,1,20091207,OKC,GSW
Shot Chart Detail,20900298,462,201939,Stephen Curry,1610612744,Golden State Warriors,4,8,37,517,Made Shot,Reverse Layup Shot,2PT Field Goal,2,Restricted Area,Center(C),Less Than 8 ft.,0,0,0,0,1,1,20091207,OKC,GSW
Shot Chart Detail,20900298,534,201939,Stephen Curry,1610612744,Golden State Warriors,4,0,48,48,Made Shot,Layup Shot,2PT Field Goal,2,Restricted Area,Center(C),Less Than 8 ft.,0,0,0,0,1,1,20091207,OKC,GSW
Shot Chart Detail,20900311,3,201939,Stephen Curry,1610612744,Golden State Warriors,1,11,37,2857,Made Shot,Layup Shot,2PT Field Goal,2,Restricted Area,Center(C),Less Than 8 ft.,0,0,0,0,1,1,20091209,NJN,GSW
Shot Chart Detail,20900311,92,201939,Stephen Curry,1610612744,Golden State Warriors,1,3,18,2358,Made Shot,Driving Finger Roll Layup Shot,2PT Field Goal,2,Restricted Area,Center(C),Less Than 8 ft.,0,0,0,0,1,1,20091209,NJN,GSW
Shot Chart Detail,20900311,165,201939,Stephen Curry,1610612744,Golden State Warriors,2,9,33,2013,Made Shot,Driving Layup Shot,2PT Field Goal,2,Restricted Area,Center(C),Less Than 8 ft.,0,0,0,0,1,1,20091209,NJN,GSW
Shot Chart Detail,20900311,294,201939,Stephen Curry,1610612744,Golden State Warriors,3,9,7,1267,Made Shot,Layup Shot,2PT Field Goal,2,Restricted Area,Center(C),Less Than 8 ft.,0,0,0,0,1,1,20091209,NJN,GSW
Shot Chart Detail,20900324,346,201939,Stephen Curry,1610612744,Golden State Warriors,3,0,1,721,Made Shot,Layup Shot,2PT Field Goal,2,Restricted Area,Center(C),Less Than 8 ft.,0,0,0,0,1,1,20091211,CHI,GSW
Shot Chart Detail,20900332,86,201939,Stephen Curry,1610612744,Golden State Warriors,1,1,7,2227,Made Shot,Driving Layup Shot,2PT Field Goal,2,Restricted Area,Center(C),Less Than 8 ft.,0,0,0,0,1,1,20091212,DET,GSW
Shot Chart Detail,20900332,481,201939,Stephen Curry,1610612744,Golden State Warriors,4,1,2,62,Made Shot,Driving Layup Shot,2PT Field Goal,2,Restricted Area,Center(C),Less Than 8 ft.,0,0,0,0,1,1,20091212,DET,GSW
Shot Chart Detail,20900345,281,201939,Stephen Curry,1610612744,Golden State Warriors,2,1,25,1525,Made Shot,Driving Layup Shot,2PT Field Goal,2,Restricted Area,Center(C),Less Than 8 ft.,0,0,0,0,1,1,20091214,PHI,GSW
Shot Chart Detail,20900345,492,201939,Stephen Curry,1610612744,Golden State Warriors,4,4,54,294,Made Shot,Driving Layup Shot,2PT Field Goal,2,Restricted Area,Center(C),Less Than 8 ft.,0,0,0,0,1,1,20091214,PHI,GSW
Shot Chart Detail,20900345,532,201939,Stephen Curry,1610612744,Golden State Warriors,4,1,17,77,Made Shot,Layup Shot,2PT Field Goal,2,Restricted Area,Center(C),Less Than 8 ft.,0,0,0,0,1,1,20091214,PHI,GSW
Shot Chart Detail,20900409,15,201939,Stephen Curry,1610612744,Golden State Warriors,1,9,55,2755,Made Shot,Layup Shot,2PT Field Goal,2,Restricted Area,Center(C),Less Than 8 ft.,0,0,0,0,1,1,20091222,MEM,GSW
Shot Chart Detail,20900409,72,201939,Stephen Curry,1610612744,Golden State Warriors,1,4,38,2438,Made Shot,Driving Layup Shot,2PT Field Goal,2,Restricted Area,Center(C),Less Than 8 ft.,0,0,0,0,1,1,20091222,MEM,GSW
Shot Chart Detail,20900419,148,201939,Stephen Curry,1610612744,Golden State Warriors,2,8,43,1963,Made Shot,Layup Shot,2PT Field Goal,2,Restricted Area,Center(C),Less Than 8 ft.,0,0,0,0,1,1,20091223,NOH,GSW
Shot Chart Detail,20900419,209,201939,Stephen Curry,1610612744,Golden State Warriors,2,3,27,1647,Made Shot,Driving Reverse Layup Shot,2PT Field Goal,2,Restricted Area,Center(C),Less Than 8 ft.,0,0,0,0,1,1,20091223,NOH,GSW
Shot Chart Detail,20900458,13,201939,Stephen Curry,1610612744,Golden State Warriors,1,10,4,2764,Made Shot,Driving Layup Shot,2PT Field Goal,2,Restricted Area,Center(C),Less Than 8 ft.,0,0,0,0,1,1,20091229,LAL,GSW
Shot Chart Detail,20900458,226,201939,Stephen Curry,1610612744,Golden State Warriors,2,2,26,1586,Made Shot,Driving Layup Shot,2PT Field Goal,2,Restricted Area,Center(C),Less Than 8 ft.,0,0,0,0,1,1,20091229,LAL,GSW
Shot Chart Detail,20900458,316,201939,Stephen Curry,1610612744,Golden State Warriors,3,6,53,1133,Made Shot,Driving Layup Shot,2PT Field Goal,2,Restricted Area,Center(C),Less Than 8 ft.,0,0,0,0,1,1,20091229,LAL,GSW
Shot Chart Detail,20900487,57,201939,Stephen Curry,1610612744,Golden State Warriors,1,4,58,2458,Made Shot,Driving Layup Shot,2PT Field Goal,2,Restricted Area,Center(C),Less Than 8 ft.,0,0,0,0,1,1,20100102,POR,GSW
Shot Chart Detail,20900511,191,201939,Stephen Curry,1610612744,Golden State Warriors,2,8,38,1958,Made Shot,Driving Layup Shot,2PT Field Goal,2,Restricted Area,Center(C),Less Than 8 ft.,0,0,0,0,1,1,20100106,MIN,GSW
Shot Chart Detail,20900511,203,201939,Stephen Curry,1610612744,Golden State Warriors,2,7,4,1864,Made Shot,Driving Layup Shot,2PT Field Goal,2,Restricted Area,Center(C),Less Than 8 ft.,0,0,0,0,1,1,20100106,MIN,GSW
Shot Chart Detail,20900581,394,201939,Stephen Curry,1610612744,Golden State Warriors,3,2,38,878,Made Shot,Driving Layup Shot,2PT Field Goal,2,Restricted Area,Center(C),Less Than 8 ft.,0,0,0,0,1,1,20100115,GSW,MIL
Shot Chart Detail,20900644,91,201939,Stephen Curry,1610612744,Golden State Warriors,1,2,56,2336,Made Shot,Driving Layup Shot,2PT Field Goal,2,Restricted Area,Center(C),Less Than 8 ft.,0,0,0,0,1,1,20100123,PHX,GSW
Shot Chart Detail,20900644,246,201939,Stephen Curry,1610612744,Golden State Warriors,2,1,27,1527,Made Shot,Layup Shot,2PT Field Goal,2,Restricted Area,Center(C),Less Than 8 ft.,0,0,0,0,1,1,20100123,PHX,GSW
Shot Chart Detail,20900644,544,201939,Stephen Curry,1610612744,Golden State Warriors,4,0,11,11,Made Shot,Layup Shot,2PT Field Goal,2,Restricted Area,Center(C),Less Than 8 ft.,0,0,0,0,1,1,20100123,PHX,GSW
Shot Chart Detail,20900662,80,201939,Stephen Curry,1610612744,Golden State Warriors,1,6,9,2529,Made Shot,Layup Shot,2PT Field Goal,2,Restricted Area,Center(C),Less Than 8 ft.,0,0,0,0,1,1,20100126,SAC,GSW
Shot Chart Detail,20900662,437,201939,Stephen Curry,1610612744,Golden State Warriors,3,3,12,912,Made Shot,Layup Shot,2PT Field Goal,2,Restricted Area,Center(C),Less Than 8 ft.,0,0,0,0,1,1,20100126,SAC,GSW
Shot Chart Detail,20900717,490,201939,Stephen Curry,1610612744,Golden State Warriors,4,4,24,264,Made Shot,Driving Layup Shot,2PT Field Goal,2,Restricted Area,Center(C),Less Than 8 ft.,0,0,0,0,1,1,20100202,HOU,GSW
Shot Chart Detail,20900778,258,201939,Stephen Curry,1610612744,Golden State Warriors,3,10,46,1366,Made Shot,Driving Finger Roll Layup Shot,2PT Field Goal,2,Restricted Area,Center(C),Less Than 8 ft.,0,0.7,7,0,1,1,20100210,GSW,LAC
Shot Chart Detail,20900790,411,201939,Stephen Curry,1610612744,Golden State Warriors,4,11,47,707,Made Shot,Driving Layup Shot,2PT Field Goal,2,Restricted Area,Center(C),Less Than 8 ft.,0,0,0,0,1,1,20100216,LAL,GSW
Shot Chart Detail,20900790,536,201939,Stephen Curry,1610612744,Golden State Warriors,4,1,31,91,Made Shot,Driving Layup Shot,2PT Field Goal,2,Restricted Area,Center(C),Less Than 8 ft.,0,0,0,0,1,1,20100216,LAL,GSW
Shot Chart Detail,20900800,471,201939,Stephen Curry,1610612744,Golden State Warriors,4,4,54,294,Made Shot,Driving Layup Shot,2PT Field Goal,2,Restricted Area,Center(C),Less Than 8 ft.,0,0.9219544457,7,6,1,1,20100217,GSW,SAC
Shot Chart Detail,20900829,45,201939,Stephen Curry,1610612744,Golden State Warriors,1,6,29,2549,Made Shot,Layup Shot,2PT Field Goal,2,Restricted Area,Center(C),Less Than 8 ft.,0,0,0,0,1,1,20100221,GSW,ATL
Shot Chart Detail,20900829,448,201939,Stephen Curry,1610612744,Golden State Warriors,4,5,15,315,Made Shot,Driving Layup Shot,2PT Field Goal,2,Restricted Area,Center(C),Less Than 8 ft.,0,0.632455532,2,6,1,1,20100221,GSW,ATL
Shot Chart Detail,20900877,160,201939,Stephen Curry,1610612744,Golden State Warriors,2,8,44,1964,Made Shot,Tip Shot,2PT Field Goal,2,Restricted Area,Center(C),Less Than 8 ft.,0,0,0,0,1,1,20100227,GSW,DET
Shot Chart Detail,20900896,42,201939,Stephen Curry,1610612744,Golden State Warriors,1,8,1,2641,Made Shot,Layup Shot,2PT Field Goal,2,Restricted Area,Center(C),Less Than 8 ft.,0,0,0,0,1,1,20100302,MIA,GSW
Shot Chart Detail,20900900,27,201939,Stephen Curry,1610612744,Golden State Warriors,1,9,0,2700,Made Shot,Driving Layup Shot,2PT Field Goal,2,Restricted Area,Center(C),Less Than 8 ft.,0,0,0,0,1,1,20100303,ORL,GSW
Shot Chart Detail,20900900,420,201939,Stephen Curry,1610612744,Golden State Warriors,4,8,15,495,Made Shot,Layup Shot,2PT Field Goal,2,Restricted Area,Center(C),Less Than 8 ft.,0,0,0,0,1,1,20100303,ORL,GSW
Shot Chart Detail,20900919,90,201939,Stephen Curry,1610612744,Golden State Warriors,1,3,47,2387,Made Shot,Tip Shot,2PT Field Goal,2,Restricted Area,Center(C),Less Than 8 ft.,0,0,0,0,1,1,20100305,ATL,GSW
Shot Chart Detail,20900919,543,201939,Stephen Curry,1610612744,Golden State Warriors,4,0,49,49,Made Shot,Running Layup Shot,2PT Field Goal,2,Restricted Area,Center(C),Less Than 8 ft.,0,0.8602325267,7,-5,1,1,20100305,ATL,GSW
Shot Chart Detail,20900925,127,201939,Stephen Curry,1610612744,Golden State Warriors,2,10,30,2070,Made Shot,Layup Shot,2PT Field Goal,2,Restricted Area,Center(C),Less Than 8 ft.,0,0,0,0,1,1,20100306,CHA,GSW
Shot Chart Detail,20900944,347,201939,Stephen Curry,1610612744,Golden State Warriors,3,3,44,944,Made Shot,Driving Layup Shot,2PT Field Goal,2,Restricted Area,Center(C),Less Than 8 ft.,0,0,0,0,1,1,20100308,NOH,GSW
Shot Chart Detail,20900963,59,201939,Stephen Curry,1610612744,Golden State Warriors,1,6,48,2568,Made Shot,Driving Layup Shot,2PT Field Goal,2,Restricted Area,Center(C),Less Than 8 ft.,0,0.3,0,3,1,1,20100311,GSW,POR
Shot Chart Detail,20900995,407,201939,Stephen Curry,1610612744,Golden State Warriors,4,9,11,551,Made Shot,Driving Layup Shot,2PT Field Goal,2,Restricted Area,Center(C),Less Than 8 ft.,0,0.9219544457,2,9,1,1,20100315,GSW,LAL
Shot Chart Detail,20901032,50,201939,Stephen Curry,1610612744,Golden State Warriors,1,6,47,2567,Made Shot,Layup Shot,2PT Field Goal,2,Restricted Area,Center(C),Less Than 8 ft.,0,0,0,0,1,1,20100320,MEM,GSW
Shot Chart Detail,20901032,87,201939,Stephen Curry,1610612744,Golden State Warriors,1,3,33,2373,Made Shot,Driving Layup Shot,2PT Field Goal,2,Restricted Area,Center(C),Less Than 8 ft.,0,0,0,0,1,1,20100320,MEM,GSW
Shot Chart Detail,20901032,265,201939,Stephen Curry,1610612744,Golden State Warriors,2,0,37,1477,Made Shot,Reverse Layup Shot,2PT Field Goal,2,Restricted Area,Center(C),Less Than 8 ft.,0,0,0,0,1,1,20100320,MEM,GSW
Shot Chart Detail,20901096,11,201939,Stephen Curry,1610612744,Golden State Warriors,1,10,56,2816,Made Shot,Driving Layup Shot,2PT Field Goal,2,Restricted Area,Center(C),Less Than 8 ft.,0,0,0,0,1,1,20100328,LAC,GSW
Shot Chart Detail,20901096,343,201939,Stephen Curry,1610612744,Golden State Warriors,3,6,21,1101,Made Shot,Driving Finger Roll Layup Shot,2PT Field Goal,2,Restricted Area,Center(C),Less Than 8 ft.,0,0,0,0,1,1,20100328,LAC,GSW
Shot Chart Detail,20901145,456,201939,Stephen Curry,1610612744,Golden State Warriors,4,6,55,415,Made Shot,Tip Shot,2PT Field Goal,2,Restricted Area,Center(C),Less Than 8 ft.,0,0,0,0,1,1,20100404,TOR,GSW
Shot Chart Detail,20901152,341,201939,Stephen Curry,1610612744,Golden State Warriors,3,3,12,912,Made Shot,Driving Layup Shot,2PT Field Goal,2,Restricted Area,Center(C),Less Than 8 ft.,0,0.2,0,-2,1,1,20100406,WAS,GSW
Shot Chart Detail,20901163,35,201939,Stephen Curry,1610612744,Golden State Warriors,1,7,13,2593,Made Shot,Layup Shot,2PT Field Goal,2,Restricted Area,Center(C),Less Than 8 ft.,0,0,0,0,1,1,20100407,MIN,GSW
Shot Chart Detail,20901194,47,201939,Stephen Curry,1610612744,Golden State Warriors,1,6,23,2543,Made Shot,Layup Shot,2PT Field Goal,2,Restricted Area,Center(C),Less Than 8 ft.,0,0,0,0,1,1,20100410,LAC,GSW
Shot Chart Detail,20901214,348,201939,Stephen Curry,1610612744,Golden State Warriors,3,3,31,931,Made Shot,Reverse Layup Shot,2PT Field Goal,2,Restricted Area,Center(C),Less Than 8 ft.,0,0.6,0,6,1,1,20100413,GSW,UTA
Shot Chart Detail,20901229,149,201939,Stephen Curry,1610612744,Golden State Warriors,2,9,18,1998,Made Shot,Layup Shot,2PT Field Goal,2,Restricted Area,Center(C),Less Than 8 ft.,0,0,0,0,1,1,20100414,POR,GSW
Shot Chart Detail,20901229,334,201939,Stephen Curry,1610612744,Golden State Warriors,3,2,29,869,Made Shot,Layup Shot,2PT Field Goal,2,Restricted Area,Center(C),Less Than 8 ft.,0,0,0,0,1,1,20100414,POR,GSW
Shot Chart Detail,20901229,412,201939,Stephen Curry,1610612744,Golden State Warriors,4,5,57,357,Made Shot,Layup Shot,2PT Field Goal,2,Restricted Area,Center(C),Less Than 8 ft.,0,0,0,0,1,1,20100414,POR,GSW